Trade number,Type,Date and time,Signal,Price USD,Size (qty),Size (value),Net PnL USD,Return %,Commission USD,Favorable excursion USD,Favorable excursion %,Adverse excursion USD,Adverse excursion %,Cumulative PnL USD,Cumulative PnL %,Duration (bars)
1,Exit short,2024-01-16 23:00,MR TP1 | IN:MR | OUT:TREND,2033.54,0.2,410.095,3.39,0.83,0,3.9,0.95,-0.22,-0.05,3.39,0.00,14
1,Entry short,2024-01-16 09:00,MR-S | IN:MR,2050.475,0.2,410.095,3.39,0.83,0,3.9,0.95,-0.22,-0.05,3.39,0.00,14
2,Exit short,2024-01-18 13:00,RUN EXIT | IN:MR | OUT:MR,2012.664,0.8,1640.38,30.25,1.84,0,39.1,2.38,-0.9,-0.05,33.64,0.03,50
2,Entry short,2024-01-16 09:00,MR-S | IN:MR,2050.475,0.8,1640.38,30.25,1.84,0,39.1,2.38,-0.9,-0.05,33.64,0.03,50
3,Exit short,2024-01-23 08:00,MR TP1 | IN:MR | OUT:HYBRID,2021.68,0.2,404.178,-0.16,-0.04,0,0.89,0.22,-1.85,-0.46,33.48,0.03,18
3,Entry short,2024-01-22 13:00,MR-S | IN:MR,2020.89,0.2,404.178,-0.16,-0.04,0,0.89,0.22,-1.85,-0.46,33.48,0.03,18
4,Exit short,2024-01-23 13:00,RUN EXIT | IN:MR | OUT:MR,2034.6,0.8,1616.712,-10.97,-0.68,0,3.55,0.22,-12,-0.74,22.51,0.02,23
4,Entry short,2024-01-22 13:00,MR-S | IN:MR,2020.89,0.8,1616.712,-10.97,-0.68,0,3.55,0.22,-12,-0.74,22.51,0.02,23
5,Exit short,2024-01-24 02:00,MR FAIL | IN:MR | OUT:MR,2029.91,1,2024.3,-5.61,-0.28,0,1.8,0.09,-6.38,-0.32,16.9,0.02,2
5,Entry short,2024-01-24 00:00,MR-S | IN:MR,2024.3,1,2024.3,-5.61,-0.28,0,1.8,0.09,-6.38,-0.32,16.9,0.02,2
6,Exit short,2024-01-24 15:00,MR FAIL | IN:MR | OUT:MR,2030.875,1,2024.45,-6.42,-0.32,0,2.05,0.10,-7.79,-0.38,10.47,0.01,4
6,Entry short,2024-01-24 11:00,MR-S | IN:MR,2024.45,1,2024.45,-6.42,-0.32,0,2.05,0.10,-7.79,-0.38,10.47,0.01,4
7,Exit short,2024-01-25 01:00,MR TP1 | IN:HYBRID | OUT:MR,2015.07,0.2,403.058,0.04,0.01,0,0.76,0.19,-0.91,-0.23,10.52,0.01,3
7,Entry short,2024-01-24 22:00,MR-S | IN:HYBRID,2015.29,0.2,403.058,0.04,0.01,0,0.76,0.19,-0.91,-0.23,10.52,0.01,3
8,Exit short,2024-01-25 22:00,RUN EXIT | IN:HYBRID | OUT:MR,2020.264,0.8,1612.232,-3.98,-0.25,0,5.03,0.31,-7.94,-0.49,6.54,0.01,23
8,Entry short,2024-01-24 22:00,MR-S | IN:HYBRID,2015.29,0.8,1612.232,-3.98,-0.25,0,5.03,0.31,-7.94,-0.49,6.54,0.01,23
9,Exit long,2024-01-29 09:00,MR TP1 | IN:MR | OUT:MR,2025.373,0.2,404.3668,0.71,0.18,0,0.74,0.18,-0.59,-0.15,7.25,0.01,3
9,Entry long,2024-01-29 06:00,MR-L | IN:MR,2021.834,0.2,404.3668,0.71,0.18,0,0.74,0.18,-0.59,-0.15,7.25,0.01,3
10,Exit long,2024-01-31 08:00,RUN EXIT | IN:MR | OUT:MR,2034.61,0.8,1617.4672,10.22,0.63,0,21.43,1.32,-2.35,-0.15,17.47,0.02,48
10,Entry long,2024-01-29 06:00,MR-L | IN:MR,2021.834,0.8,1617.4672,10.22,0.63,0,21.43,1.32,-2.35,-0.15,17.47,0.02,48
11,Exit short,2024-02-02 00:00,MR FAIL | IN:MR | OUT:MR,2054.434,1,2041.013,-13.42,-0.66,0,11.21,0.55,-24.59,-1.20,4.05,0.00,8
11,Entry short,2024-02-01 16:00,MR-S | IN:MR,2041.013,1,2041.013,-13.42,-0.66,0,11.21,0.55,-24.59,-1.20,4.05,0.00,8
12,Exit short,2024-02-05 06:00,MR TP1 | IN:TREND | OUT:TREND,2039.32,0.2,406.3408,-1.52,-0.37,0,0.82,0.20,-2.1,-0.52,2.52,0.00,9
12,Entry short,2024-02-02 20:00,MR-S | IN:TREND,2031.704,0.2,406.3408,-1.52,-0.37,0,0.82,0.20,-2.1,-0.52,2.52,0.00,9
13,Exit short,2024-02-06 09:00,RUN EXIT | IN:TREND | OUT:MR,2025.952,0.8,1625.3632,4.6,0.28,0,13.76,0.85,-8.41,-0.52,7.13,0.01,35
13,Entry short,2024-02-02 20:00,MR-S | IN:TREND,2031.704,0.8,1625.3632,4.6,0.28,0,13.76,0.85,-8.41,-0.52,7.13,0.01,35
14,Exit short,2024-02-08 20:00,MR TP1 | IN:MR | OUT:MR,2021.026,0.2,406.69,2.48,0.61,0,2.59,0.64,-1.01,-0.25,9.61,0.01,8
14,Entry short,2024-02-08 12:00,MR-S | IN:MR,2033.45,0.2,406.69,2.48,0.61,0,2.59,0.64,-1.01,-0.25,9.61,0.01,8
15,Exit short,2024-02-09 13:00,RUN EXIT | IN:MR | OUT:MR,2033.793,0.8,1626.76,-0.27,-0.02,0,10.84,0.67,-4.04,-0.25,9.34,0.01,24
15,Entry short,2024-02-08 12:00,MR-S | IN:MR,2033.45,0.8,1626.76,-0.27,-0.02,0,10.84,0.67,-4.04,-0.25,9.34,0.01,24
16,Exit long,2024-02-13 21:00,MR FAIL | IN:MR | OUT:TREND,1995.67,1,2018.914,-23.24,-1.15,0,13.93,0.69,-26.51,-1.31,-13.91,-0.01,12
16,Entry long,2024-02-13 09:00,MR-L | IN:MR,2018.914,1,2018.914,-23.24,-1.15,0,13.93,0.69,-26.51,-1.31,-13.91,-0.01,12
17,Exit long,2024-02-16 07:00,MR TP1 | IN:TREND | OUT:TREND,2002.428,0.2,398.0448,2.44,0.61,0,3.61,0.91,-1.23,-0.31,-11.47,-0.01,34
17,Entry long,2024-02-14 19:00,MR-L | IN:TREND,1990.224,0.2,398.0448,2.44,0.61,0,3.61,0.91,-1.23,-0.31,-11.47,-0.01,34
18,Exit long,2024-02-20 02:00,RUN EXIT | IN:TREND | OUT:MR,2017.77,0.8,1592.1792,22.04,1.38,0,26.2,1.65,-4.91,-0.31,10.57,0.01,76
18,Entry long,2024-02-14 19:00,MR-L | IN:TREND,1990.224,0.8,1592.1792,22.04,1.38,0,26.2,1.65,-4.91,-0.31,10.57,0.01,76
19,Exit short,2024-02-23 09:00,MR TP1 | IN:MR | OUT:MR,2024.35,0.2,404.805,-0.06,-0.02,0,0.89,0.22,-2.17,-0.54,10.5,0.01,33
19,Entry short,2024-02-21 22:00,MR-S | IN:MR,2024.025,0.2,404.805,-0.06,-0.02,0,0.89,0.22,-2.17,-0.54,10.5,0.01,33
20,Exit short,2024-02-23 23:00,RUN EXIT | IN:MR | OUT:MR,2038.3,0.8,1619.22,-11.42,-0.71,0,6.46,0.40,-11.64,-0.72,-0.92,0.00,47
20,Entry short,2024-02-21 22:00,MR-S | IN:MR,2024.025,0.8,1619.22,-11.42,-0.71,0,6.46,0.40,-11.64,-0.72,-0.92,0.00,47
21,Exit short,2024-02-27 14:00,MR FAIL | IN:MR | OUT:MR,2035.326,1,2027.405,-7.92,-0.39,0,2.43,0.12,-8.85,-0.44,-8.84,-0.01,16
21,Entry short,2024-02-26 21:00,MR-S | IN:MR,2027.405,1,2027.405,-7.92,-0.39,0,2.43,0.12,-8.85,-0.44,-8.84,-0.01,16
22,Exit short,2024-02-28 14:00,MR TP1 | IN:MR | OUT:HYBRID,2028.053,0.2,406.442,0.83,0.20,0,0.96,0.24,-0.31,-0.08,-8.01,-0.01,12
22,Entry short,2024-02-28 01:00,MR-S | IN:MR,2032.21,0.2,406.442,0.83,0.20,0,0.96,0.24,-0.31,-0.08,-8.01,-0.01,12
23,Exit short,2024-02-29 03:00,RUN EXIT | IN:MR | OUT:MR,2033.645,0.8,1625.768,-1.15,-0.07,0,6.49,0.40,-4.54,-0.28,-9.15,-0.01,25
23,Entry short,2024-02-28 01:00,MR-S | IN:MR,2032.21,0.8,1625.768,-1.15,-0.07,0,6.49,0.40,-4.54,-0.28,-9.15,-0.01,25
24,Exit short,2024-03-05 01:00,MR FAIL | IN:TREND | OUT:TREND,2115.275,1,2087.295,-27.98,-1.34,0,6.28,0.30,-32.59,-1.56,-37.13,-0.04,11
24,Entry short,2024-03-04 14:00,MR-S | IN:TREND,2087.295,1,2087.295,-27.98,-1.34,0,6.28,0.30,-32.59,-1.56,-37.13,-0.04,11
25,Exit short,2024-03-06 21:00,MR FAIL | IN:TREND | OUT:MR,2144.875,1,2112.875,-32,-1.51,0,0.57,0.03,-36.33,-1.72,-69.13,-0.07,34
25,Entry short,2024-03-05 10:00,MR-S | IN:TREND,2112.875,1,2112.875,-32,-1.51,0,0.57,0.03,-36.33,-1.72,-69.13,-0.07,34
26,Exit short,2024-03-08 20:00,MR FAIL | IN:HYBRID | OUT:HYBRID,2171.13,1,2153.85,-17.28,-0.80,0,4.75,0.22,-31.51,-1.46,-86.41,-0.09,22
26,Entry short,2024-03-07 21:00,MR-S | IN:HYBRID,2153.85,1,2153.85,-17.28,-0.80,0,4.75,0.22,-31.51,-1.46,-86.41,-0.09,22
27,Exit long,2024-03-11 18:00,TF EXIT | IN:HYBRID | OUT:MR,2178.93,1,2171.13,7.8,0.36,0,24.02,1.11,-7.43,-0.34,-78.61,-0.08,22
27,Entry long,2024-03-08 20:00,TF-L | IN:HYBRID,2171.13,1,2171.13,7.8,0.36,0,24.02,1.11,-7.43,-0.34,-78.61,-0.08,22
28,Exit short,2024-03-13 00:00,MR TP1 | IN:MR | OUT:TREND,2154.923,0.2,435.786,4.8,1.10,0,5.28,1.21,-1.35,-0.31,-73.81,-0.07,29
28,Entry short,2024-03-11 18:00,MR-S | IN:MR,2178.93,0.2,435.786,4.8,1.10,0,5.28,1.21,-1.35,-0.31,-73.81,-0.07,29
29,Exit short,2024-03-13 21:00,RUN EXIT | IN:MR | OUT:MR,2168.755,0.8,1743.144,8.14,0.47,0,22.78,1.31,-5.41,-0.31,-65.67,-0.07,49
29,Entry short,2024-03-11 18:00,MR-S | IN:MR,2178.93,0.8,1743.144,8.14,0.47,0,22.78,1.31,-5.41,-0.31,-65.67,-0.07,49
30,Exit short,2024-03-14 21:00,MR TP1 | IN:MR | OUT:MR,2161.943,0.2,432.51,0.12,0.03,0,1.05,0.24,-0.25,-0.06,-65.55,-0.07,1
30,Entry short,2024-03-14 20:00,MR-S | IN:MR,2162.55,0.2,432.51,0.12,0.03,0,1.05,0.24,-0.25,-0.06,-65.55,-0.07,1
31,Exit short,2024-03-15 14:00,RUN EXIT | IN:MR | OUT:MR,2166.972,0.8,1730.04,-3.54,-0.20,0,8.12,0.47,-6.02,-0.35,-69.09,-0.07,17
31,Entry short,2024-03-14 20:00,MR-S | IN:MR,2162.55,0.8,1730.04,-3.54,-0.20,0,8.12,0.47,-6.02,-0.35,-69.09,-0.07,17
32,Exit long,2024-03-19 20:00,MR FAIL | IN:MR | OUT:MR,2151.3,1,2158.45,-7.15,-0.33,0,4.39,0.20,-11.55,-0.54,-76.24,-0.08,22
32,Entry long,2024-03-18 21:00,MR-L | IN:MR,2158.45,1,2158.45,-7.15,-0.33,0,4.39,0.20,-11.55,-0.54,-76.24,-0.08,22
33,Exit long,2024-03-21 01:00,MR TP1 | IN:MR | OUT:MR,2181.725,0.2,431.7266,4.62,1.07,0,5.01,1.16,-1.89,-0.44,-71.62,-0.07,20
33,Entry long,2024-03-20 05:00,MR-L | IN:MR,2158.633,0.2,431.7266,4.62,1.07,0,5.01,1.16,-1.89,-0.44,-71.62,-0.07,20
34,Exit long,2024-03-21 22:00,RUN EXIT | IN:MR | OUT:TREND,2174.633,0.8,1726.9064,12.8,0.74,0,51.42,2.98,-7.55,-0.44,-58.82,-0.06,40
34,Entry long,2024-03-20 05:00,MR-L | IN:MR,2158.633,0.8,1726.9064,12.8,0.74,0,51.42,2.98,-7.55,-0.44,-58.82,-0.06,40
35,Exit long,2024-03-26 16:00,MR TP1 | IN:MR | OUT:MR,2190.852,0.2,435.405,2.77,0.64,0,3.64,0.84,-1.96,-0.45,-56.05,-0.06,19
35,Entry long,2024-03-25 20:00,MR-L | IN:MR,2177.025,0.2,435.405,2.77,0.64,0,3.64,0.84,-1.96,-0.45,-56.05,-0.06,19
36,Exit long,2024-03-27 13:00,RUN EXIT | IN:MR | OUT:MR,2177.7,0.8,1741.62,0.54,0.03,0,18.47,1.06,-7.86,-0.45,-55.51,-0.06,39
36,Entry long,2024-03-25 20:00,MR-L | IN:MR,2177.025,0.8,1741.62,0.54,0.03,0,18.47,1.06,-7.86,-0.45,-55.51,-0.06,39
37,Exit short,2024-04-03 02:00,MR FAIL | IN:TREND | OUT:HYBRID,2277.45,1,2246.734,-30.72,-1.37,0,18.73,0.83,-32.61,-1.45,-86.23,-0.09,31
37,Entry short,2024-04-01 18:00,MR-S | IN:TREND,2246.734,1,2246.734,-30.72,-1.37,0,18.73,0.83,-32.61,-1.45,-86.23,-0.09,31
38,Exit long,2024-04-03 19:00,TF EXIT | IN:HYBRID | OUT:MR,2274.92,1,2277.45,-2.53,-0.11,0,10.88,0.48,-12.15,-0.53,-88.76,-0.09,16
38,Entry long,2024-04-03 02:00,TF-L | IN:HYBRID,2277.45,1,2277.45,-2.53,-0.11,0,10.88,0.48,-12.15,-0.53,-88.76,-0.09,16
39,Exit short,2024-04-03 23:00,MR FAIL | IN:MR | OUT:HYBRID,2293.808,1,2274.92,-18.89,-0.83,0,3.39,0.15,-20.26,-0.89,-107.65,-0.11,4
39,Entry short,2024-04-03 19:00,MR-S | IN:MR,2274.92,1,2274.92,-18.89,-0.83,0,3.39,0.15,-20.26,-0.89,-107.65,-0.11,4
40,Exit short,2024-04-05 23:00,MR FAIL | IN:MR | OUT:MR,2327.075,1,2287.502,-39.57,-1.73,0,20.2,0.88,-41.98,-1.84,-147.22,-0.15,26
40,Entry short,2024-04-04 20:00,MR-S | IN:MR,2287.502,1,2287.502,-39.57,-1.73,0,20.2,0.88,-41.98,-1.84,-147.22,-0.15,26
41,Exit short,2024-04-09 15:00,MR FAIL | IN:MR | OUT:MR,2357.473,1,2338.835,-18.64,-0.80,0,2.44,0.10,-20.45,-0.87,-165.86,-0.17,13
41,Entry short,2024-04-09 01:00,MR-S | IN:MR,2338.835,1,2338.835,-18.64,-0.80,0,2.44,0.10,-20.45,-0.87,-165.86,-0.17,13
42,Exit short,2024-04-11 07:00,MR TP1 | IN:TREND | OUT:MR,2335.21,0.2,468.108,1.07,0.23,0,4.26,0.91,-3.91,-0.83,-164.79,-0.16,31
42,Entry short,2024-04-09 22:00,MR-S | IN:TREND,2340.54,0.2,468.108,1.07,0.23,0,4.26,0.91,-3.91,-0.83,-164.79,-0.16,31
43,Exit short,2024-04-12 00:00,RUN EXIT | IN:TREND | OUT:HYBRID,2356.201,0.8,1872.432,-12.53,-0.67,0,17.02,0.91,-15.62,-0.83,-177.32,-0.18,48
43,Entry short,2024-04-09 22:00,MR-S | IN:TREND,2340.54,0.8,1872.432,-12.53,-0.67,0,17.02,0.91,-15.62,-0.83,-177.32,-0.18,48
44,Exit short,2024-04-15 16:00,MR TP1 | IN:MR | OUT:MR,2349.67,0.2,467.7462,-2.19,-0.47,0,1,0.21,-6.81,-1.46,-179.51,-0.18,14
44,Entry short,2024-04-13 01:00,MR-S | IN:MR,2338.731,0.2,467.7462,-2.19,-0.47,0,1,0.21,-6.81,-1.46,-179.51,-0.18,14
45,Exit short,2024-04-16 05:00,RUN EXIT | IN:MR | OUT:MR,2384.35,0.8,1870.9848,-36.5,-1.95,0,11.9,0.64,-42.74,-2.28,-216,-0.22,26
45,Entry short,2024-04-13 01:00,MR-S | IN:MR,2338.731,0.8,1870.9848,-36.5,-1.95,0,11.9,0.64,-42.74,-2.28,-216,-0.22,26
46,Exit short,2024-04-18 07:00,MR TP1 | IN:MR | OUT:MR,2369.76,0.2,474.472,0.52,0.11,0,3.61,0.76,-1.35,-0.28,-215.48,-0.22,7
46,Entry short,2024-04-17 23:00,MR-S | IN:MR,2372.36,0.2,474.472,0.52,0.11,0,3.61,0.76,-1.35,-0.28,-215.48,-0.22,7
47,Exit short,2024-04-18 19:00,RUN EXIT | IN:MR | OUT:MR,2385.35,0.8,1897.888,-10.39,-0.55,0,14.44,0.76,-12.12,-0.64,-225.88,-0.23,19
47,Entry short,2024-04-17 23:00,MR-S | IN:MR,2372.36,0.8,1897.888,-10.39,-0.55,0,14.44,0.76,-12.12,-0.64,-225.88,-0.23,19
48,Exit short,2024-04-19 22:00,MR FAIL | IN:MR | OUT:MR,2394.765,1,2376.751,-18.01,-0.76,0,3.76,0.16,-19.26,-0.81,-243.89,-0.24,4
48,Entry short,2024-04-19 18:00,MR-S | IN:MR,2376.751,1,2376.751,-18.01,-0.76,0,3.76,0.16,-19.26,-0.81,-243.89,-0.24,4
49,Exit short,2024-04-22 12:00,MR TP1 | IN:MR | OUT:MR,2365.425,0.2,475.606,2.52,0.53,0,3.46,0.73,-0.01,0.00,-241.37,-0.24,4
49,Entry short,2024-04-22 08:00,MR-S | IN:MR,2378.03,0.2,475.606,2.52,0.53,0,3.46,0.73,-0.01,0.00,-241.37,-0.24,4
50,Exit short,2024-04-23 18:00,RUN EXIT | IN:MR | OUT:HYBRID,2302.14,0.8,1902.424,60.71,3.19,0,69.41,3.65,-0.06,0.00,-180.66,-0.18,33
50,Entry short,2024-04-22 08:00,MR-S | IN:MR,2378.03,0.8,1902.424,60.71,3.19,0,69.41,3.65,-0.06,0.00,-180.66,-0.18,33
51,Exit short,2024-04-29 23:00,MR FAIL | IN:MR | OUT:MR,2342.681,1,2332.06,-10.62,-0.46,0,12.2,0.52,-14.7,-0.63,-191.28,-0.19,16
51,Entry short,2024-04-29 07:00,MR-S | IN:MR,2332.06,1,2332.06,-10.62,-0.46,0,12.2,0.52,-14.7,-0.63,-191.28,-0.19,16
52,Exit short,2024-04-30 12:00,MR TP1 | IN:MR | OUT:MR,2323.001,0.2,466.6182,2.02,0.43,0,2.36,0.51,-0.62,-0.13,-189.26,-0.19,6
52,Entry short,2024-04-30 06:00,MR-S | IN:MR,2333.091,0.2,466.6182,2.02,0.43,0,2.36,0.51,-0.62,-0.13,-189.26,-0.19,6
53,Exit short,2024-05-01 16:00,RUN EXIT | IN:MR | OUT:TREND,2291.93,0.8,1866.4728,32.93,1.76,0,41.43,2.22,-2.47,-0.13,-156.33,-0.16,33
53,Entry short,2024-04-30 06:00,MR-S | IN:MR,2333.091,0.8,1866.4728,32.93,1.76,0,41.43,2.22,-2.47,-0.13,-156.33,-0.16,33
54,Exit long,2024-05-03 18:00,MR FAIL | IN:MR | OUT:MR,2298.215,1,2307.42,-9.2,-0.40,0,1.34,0.06,-11.22,-0.49,-165.54,-0.17,7
54,Entry long,2024-05-03 11:00,MR-L | IN:MR,2307.42,1,2307.42,-9.2,-0.40,0,1.34,0.06,-11.22,-0.49,-165.54,-0.17,7
55,Exit long,2024-05-03 20:00,MR FAIL | IN:MR | OUT:MR,2289.7,1,2304.685,-14.98,-0.65,0,4.26,0.19,-27.6,-1.20,-180.52,-0.18,1
55,Entry long,2024-05-03 19:00,MR-L | IN:MR,2304.685,1,2304.685,-14.98,-0.65,0,4.26,0.19,-27.6,-1.20,-180.52,-0.18,1
56,Exit long,2024-05-06 13:00,MR TP1 | IN:MR | OUT:MR,2314.122,0.2,462.2002,0.62,0.14,0,0.77,0.17,-0.62,-0.13,-179.9,-0.18,4
56,Entry long,2024-05-06 09:00,MR-L | IN:MR,2311.001,0.2,462.2002,0.62,0.14,0,0.77,0.17,-0.62,-0.13,-179.9,-0.18,4
57,Exit long,2024-05-07 14:00,RUN EXIT | IN:MR | OUT:MR,2319.302,0.8,1848.8008,6.64,0.36,0,16.96,0.92,-2.48,-0.13,-173.26,-0.17,28
57,Entry long,2024-05-06 09:00,MR-L | IN:MR,2311.001,0.8,1848.8008,6.64,0.36,0,16.96,0.92,-2.48,-0.13,-173.26,-0.17,28
58,Exit long,2024-05-09 21:00,MR TP1 | IN:MR | OUT:MR,2333.311,0.2,465.319,1.34,0.29,0,2.44,0.52,-2.93,-0.63,-171.91,-0.17,2
58,Entry long,2024-05-09 19:00,MR-L | IN:MR,2326.595,0.2,465.319,1.34,0.29,0,2.44,0.52,-2.93,-0.63,-171.91,-0.17,2
59,Exit long,2024-05-11 01:00,RUN EXIT | IN:MR | OUT:HYBRID,2367.271,0.8,1861.276,32.54,1.75,0,41.48,2.23,-11.7,-0.63,-139.37,-0.14,29
59,Entry long,2024-05-09 19:00,MR-L | IN:MR,2326.595,0.8,1861.276,32.54,1.75,0,41.48,2.23,-11.7,-0.63,-139.37,-0.14,29
60,Exit long,2024-05-15 02:00,MR TP1 | IN:HYBRID | OUT:HYBRID,2356.505,0.2,470.602,0.7,0.15,0,1.34,0.29,-1.38,-0.29,-138.67,-0.14,5
60,Entry long,2024-05-14 21:00,MR-L | IN:HYBRID,2353.01,0.2,470.602,0.7,0.15,0,1.34,0.29,-1.38,-0.29,-138.67,-0.14,5
61,Exit long,2024-05-16 19:00,RUN EXIT | IN:HYBRID | OUT:MR,2379.065,0.8,1882.408,20.84,1.11,0,35.5,1.89,-5.53,-0.29,-117.83,-0.12,44
61,Entry long,2024-05-14 21:00,MR-L | IN:HYBRID,2353.01,0.8,1882.408,20.84,1.11,0,35.5,1.89,-5.53,-0.29,-117.83,-0.12,44
62,Exit short,2024-05-22 17:00,MR TP1 | IN:MR | OUT:MR,2414.676,0.2,484.5846,1.65,0.34,0,3.36,0.69,-2.89,-0.60,-116.18,-0.12,42
62,Entry short,2024-05-20 21:00,MR-S | IN:MR,2422.923,0.2,484.5846,1.65,0.34,0,3.36,0.69,-2.89,-0.60,-116.18,-0.12,42
63,Exit short,2024-05-24 15:00,RUN EXIT | IN:MR | OUT:HYBRID,2340.18,0.8,1938.3384,66.19,3.42,0,78.18,4.03,-11.56,-0.60,-49.99,-0.05,86
63,Entry short,2024-05-20 21:00,MR-S | IN:MR,2422.923,0.8,1938.3384,66.19,3.42,0,78.18,4.03,-11.56,-0.60,-49.99,-0.05,86
64,Exit short,2024-05-29 22:00,MR TP1 | IN:MR | OUT:HYBRID,2339.041,0.2,469.125,1.32,0.28,0,2.24,0.48,-0.35,-0.08,-48.67,-0.05,6
64,Entry short,2024-05-29 16:00,MR-S | IN:MR,2345.625,0.2,469.125,1.32,0.28,0,2.24,0.48,-0.35,-0.08,-48.67,-0.05,6
65,Exit short,2024-05-30 22:00,RUN EXIT | IN:MR | OUT:MR,2343.811,0.8,1876.5,1.45,0.08,0,18.53,0.99,-4.96,-0.26,-47.22,-0.05,29
65,Entry short,2024-05-29 16:00,MR-S | IN:MR,2345.625,0.8,1876.5,1.45,0.08,0,18.53,0.99,-4.96,-0.26,-47.22,-0.05,29
66,Exit long,2024-06-04 05:00,MR TP1 | IN:MR | OUT:TREND,2350.74,0.2,468.3248,1.82,0.39,0,2.63,0.56,-1.3,-0.28,-45.39,-0.05,7
66,Entry long,2024-06-03 21:00,MR-L | IN:MR,2341.624,0.2,468.3248,1.82,0.39,0,2.63,0.56,-1.3,-0.28,-45.39,-0.05,7
67,Exit long,2024-06-04 18:00,RUN EXIT | IN:MR | OUT:MR,2327.951,0.8,1873.2992,-10.94,-0.58,0,10.52,0.56,-13.38,-0.71,-56.33,-0.06,20
67,Entry long,2024-06-03 21:00,MR-L | IN:MR,2341.624,0.8,1873.2992,-10.94,-0.58,0,10.52,0.56,-13.38,-0.71,-56.33,-0.06,20
68,Exit long,2024-06-05 22:00,MR TP1 | IN:MR | OUT:TREND,2353.96,0.2,466.3042,4.49,0.96,0,5.16,1.11,-0.43,-0.09,-51.85,-0.05,8
68,Entry long,2024-06-05 14:00,MR-L | IN:MR,2331.521,0.2,466.3042,4.49,0.96,0,5.16,1.11,-0.43,-0.09,-51.85,-0.05,8
69,Exit long,2024-06-07 14:00,RUN EXIT | IN:MR | OUT:MR,2373.501,0.8,1865.2168,33.58,1.80,0,44.95,2.41,-1.74,-0.09,-18.26,-0.02,46
69,Entry long,2024-06-05 14:00,MR-L | IN:MR,2331.521,0.8,1865.2168,33.58,1.80,0,44.95,2.41,-1.74,-0.09,-18.26,-0.02,46
70,Exit long,2024-06-12 14:00,MR TP1 | IN:MR | OUT:MR,2314.5,0.2,461.11,1.79,0.39,0,2.88,0.62,-1.67,-0.36,-16.47,-0.02,40
70,Entry long,2024-06-10 20:00,MR-L | IN:MR,2305.55,0.2,461.11,1.79,0.39,0,2.88,0.62,-1.67,-0.36,-16.47,-0.02,40
71,Exit long,2024-06-13 11:00,RUN EXIT | IN:MR | OUT:MR,2311.79,0.8,1844.44,4.99,0.27,0,28.91,1.57,-6.68,-0.36,-11.48,-0.01,60
71,Entry long,2024-06-10 20:00,MR-L | IN:MR,2305.55,0.8,1844.44,4.99,0.27,0,28.91,1.57,-6.68,-0.36,-11.48,-0.01,60
72,Exit long,2024-06-14 19:00,MR TP1 | IN:MR | OUT:MR,2330.36,0.2,464.516,1.56,0.33,0,2.81,0.61,-0.42,-0.09,-9.92,-0.01,3
72,Entry long,2024-06-14 16:00,MR-L | IN:MR,2322.58,0.2,464.516,1.56,0.33,0,2.81,0.61,-0.42,-0.09,-9.92,-0.01,3
73,Exit long,2024-06-17 14:00,RUN EXIT | IN:MR | OUT:MR,2317.03,0.8,1858.064,-4.44,-0.24,0,11.25,0.61,-5.82,-0.31,-14.36,-0.01,21
73,Entry long,2024-06-14 16:00,MR-L | IN:MR,2322.58,0.8,1858.064,-4.44,-0.24,0,11.25,0.61,-5.82,-0.31,-14.36,-0.01,21
74,Exit short,2024-06-24 06:00,MR TP1 | IN:HYBRID | OUT:TREND,2319.071,0.2,473.055,9.24,1.95,0,9.74,2.06,-0.69,-0.15,-5.12,-0.01,14
74,Entry short,2024-06-21 15:00,MR-S | IN:HYBRID,2365.275,0.2,473.055,9.24,1.95,0,9.74,2.06,-0.69,-0.15,-5.12,-0.01,14
75,Exit short,2024-06-25 01:00,RUN EXIT | IN:HYBRID | OUT:HYBRID,2333.718,0.8,1892.22,25.25,1.33,0,38.95,2.06,-2.77,-0.15,20.12,0.02,33
75,Entry short,2024-06-21 15:00,MR-S | IN:HYBRID,2365.275,0.8,1892.22,25.25,1.33,0,38.95,2.06,-2.77,-0.15,20.12,0.02,33
76,Exit long,2024-06-28 03:00,MR TP1 | IN:MR | OUT:TREND,2327.621,0.2,462.4996,3.02,0.65,0,3.69,0.80,-0.12,-0.03,23.15,0.02,11
76,Entry long,2024-06-27 16:00,MR-L | IN:MR,2312.498,0.2,462.4996,3.02,0.65,0,3.69,0.80,-0.12,-0.03,23.15,0.02,11
77,Exit long,2024-07-01 05:00,RUN EXIT | IN:MR | OUT:MR,2324.46,0.8,1849.9984,9.57,0.52,0,21.83,1.18,-0.48,-0.03,32.72,0.03,35
77,Entry long,2024-06-27 16:00,MR-L | IN:MR,2312.498,0.8,1849.9984,9.57,0.52,0,21.83,1.18,-0.48,-0.03,32.72,0.03,35
78,Exit short,2024-07-03 11:00,MR FAIL | IN:MR | OUT:MR,2334.42,1,2324.461,-9.96,-0.43,0,5.52,0.24,-12.34,-0.53,22.76,0.02,17
78,Entry short,2024-07-02 17:00,MR-S | IN:MR,2324.461,1,2324.461,-9.96,-0.43,0,5.52,0.24,-12.34,-0.53,22.76,0.02,17
79,Exit short,2024-07-05 20:00,MR FAIL | IN:HYBRID | OUT:HYBRID,2383.065,1,2357.445,-25.62,-1.09,0,9.65,0.41,-27.76,-1.18,-2.86,0.00,27
79,Entry short,2024-07-04 14:00,MR-S | IN:HYBRID,2357.445,1,2357.445,-25.62,-1.09,0,9.65,0.41,-27.76,-1.18,-2.86,0.00,27
80,Exit long,2024-07-08 16:00,TF EXIT | IN:HYBRID | OUT:MR,2370.15,1,2383.065,-12.91,-0.54,0,9.85,0.41,-15.16,-0.64,-15.78,-0.02,19
80,Entry long,2024-07-05 20:00,TF-L | IN:HYBRID,2383.065,1,2383.065,-12.91,-0.54,0,9.85,0.41,-15.16,-0.64,-15.78,-0.02,19
81,Exit short,2024-07-09 08:00,MR TP1 | IN:MR | OUT:HYBRID,2363.275,0.2,474.03,1.38,0.29,0,3.89,0.82,-1.88,-0.40,-14.4,-0.01,15
81,Entry short,2024-07-08 16:00,MR-S | IN:MR,2370.15,0.2,474.03,1.38,0.29,0,3.89,0.82,-1.88,-0.40,-14.4,-0.01,15
82,Exit short,2024-07-10 08:00,RUN EXIT | IN:MR | OUT:MR,2368.151,0.8,1896.12,1.6,0.08,0,16.84,0.89,-7.5,-0.40,-12.8,-0.01,38
82,Entry short,2024-07-08 16:00,MR-S | IN:MR,2370.15,0.8,1896.12,1.6,0.08,0,16.84,0.89,-7.5,-0.40,-12.8,-0.01,38
83,Exit short,2024-07-15 21:00,MR FAIL | IN:HYBRID | OUT:MR,2431.483,1,2404.13,-27.35,-1.14,0,13.03,0.54,-27.92,-1.16,-40.16,-0.04,31
83,Entry short,2024-07-12 13:00,MR-S | IN:HYBRID,2404.13,1,2404.13,-27.35,-1.14,0,13.03,0.54,-27.92,-1.16,-40.16,-0.04,31
84,Exit short,2024-07-19 07:00,MR TP1 | IN:HYBRID | OUT:MR,2434.38,0.2,493.566,6.69,1.36,0,8.35,1.69,-3.19,-0.65,-33.47,-0.03,36
84,Entry short,2024-07-17 17:00,MR-S | IN:HYBRID,2467.83,0.2,493.566,6.69,1.36,0,8.35,1.69,-3.19,-0.65,-33.47,-0.03,36
85,Exit short,2024-07-22 11:00,RUN EXIT | IN:HYBRID | OUT:HYBRID,2405.541,0.8,1974.264,49.83,2.52,0,59.38,3.01,-12.74,-0.65,16.37,0.02,63
85,Entry short,2024-07-17 17:00,MR-S | IN:HYBRID,2467.83,0.8,1974.264,49.83,2.52,0,59.38,3.01,-12.74,-0.65,16.37,0.02,63
86,Exit long,2024-07-24 11:00,MR TP1 | IN:MR | OUT:TREND,2417.83,0.2,479.209,4.36,0.91,0,4.47,0.93,-1.63,-0.34,20.72,0.02,30
86,Entry long,2024-07-23 03:00,MR-L | IN:MR,2396.045,0.2,479.209,4.36,0.91,0,4.47,0.93,-1.63,-0.34,20.72,0.02,30
87,Exit long,2024-07-25 05:00,RUN EXIT | IN:MR | OUT:MR,2397.65,0.8,1916.836,1.28,0.07,0,28.77,1.50,-6.52,-0.34,22.01,0.02,47
87,Entry long,2024-07-23 03:00,MR-L | IN:MR,2396.045,0.8,1916.836,1.28,0.07,0,28.77,1.50,-6.52,-0.34,22.01,0.02,47
88,Exit long,2024-07-29 09:00,MR TP1 | IN:MR | OUT:TREND,2393.063,0.2,474.852,3.76,0.79,0,5.77,1.22,-1.89,-0.40,25.77,0.03,20
88,Entry long,2024-07-26 12:00,MR-L | IN:MR,2374.26,0.2,474.852,3.76,0.79,0,5.77,1.22,-1.89,-0.40,25.77,0.03,20
89,Exit long,2024-07-30 01:00,RUN EXIT | IN:MR | OUT:MR,2379.498,0.8,1899.408,4.19,0.22,0,23.08,1.22,-7.57,-0.40,29.96,0.03,36
89,Entry long,2024-07-26 12:00,MR-L | IN:MR,2374.26,0.8,1899.408,4.19,0.22,0,23.08,1.22,-7.57,-0.40,29.96,0.03,36
90,Exit short,2024-08-02 12:00,MR FAIL | IN:HYBRID | OUT:MR,2466.65,1,2433.781,-32.87,-1.35,0,3.78,0.16,-33.08,-1.36,-2.91,0.00,20
90,Entry short,2024-08-01 15:00,MR-S | IN:HYBRID,2433.781,1,2433.781,-32.87,-1.35,0,3.78,0.16,-33.08,-1.36,-2.91,0.00,20
91,Exit short,2024-08-05 15:00,MR TP1 | IN:MR | OUT:MR,2424.961,0.2,486.615,1.62,0.33,0,3.84,0.79,-5.15,-1.06,-1.29,0.00,16
91,Entry short,2024-08-02 22:00,MR-S | IN:MR,2433.075,0.2,486.615,1.62,0.33,0,3.84,0.79,-5.15,-1.06,-1.29,0.00,16
92,Exit short,2024-08-06 15:00,RUN EXIT | IN:MR | OUT:MR,2411.12,0.8,1946.46,17.56,0.90,0,55.13,2.83,-20.62,-1.06,16.28,0.02,39
92,Entry short,2024-08-02 22:00,MR-S | IN:MR,2433.075,0.8,1946.46,17.56,0.90,0,55.13,2.83,-20.62,-1.06,16.28,0.02,39
93,Exit long,2024-08-08 05:00,MR FAIL | IN:HYBRID | OUT:MR,2383.495,1,2393.175,-9.68,-0.40,0,13.91,0.58,-12.47,-0.52,6.6,0.01,13
93,Entry long,2024-08-07 15:00,MR-L | IN:HYBRID,2393.175,1,2393.175,-9.68,-0.40,0,13.91,0.58,-12.47,-0.52,6.6,0.01,13
94,Exit long,2024-08-08 22:00,MR TP1 | IN:MR | OUT:MR,2418.578,0.2,478.864,4.85,1.01,0,6.01,1.25,-0.44,-0.09,11.45,0.01,11
94,Entry long,2024-08-08 11:00,MR-L | IN:MR,2394.32,0.2,478.864,4.85,1.01,0,6.01,1.25,-0.44,-0.09,11.45,0.01,11
95,Exit long,2024-08-12 05:00,RUN EXIT | IN:MR | OUT:MR,2430.44,0.8,1915.456,28.9,1.51,0,34.2,1.79,-1.78,-0.09,40.34,0.04,40
95,Entry long,2024-08-08 11:00,MR-L | IN:MR,2394.32,0.8,1915.456,28.9,1.51,0,34.2,1.79,-1.78,-0.09,40.34,0.04,40
96,Exit short,2024-08-15 07:00,MR TP1 | IN:MR | OUT:HYBRID,2450.17,0.2,493.1056,3.07,0.62,0,5.51,1.12,-2.88,-0.58,43.41,0.04,23
96,Entry short,2024-08-14 07:00,MR-S | IN:MR,2465.528,0.2,493.1056,3.07,0.62,0,5.51,1.12,-2.88,-0.58,43.41,0.04,23
97,Exit short,2024-08-16 03:00,RUN EXIT | IN:MR | OUT:MR,2456.545,0.8,1972.4224,7.19,0.36,0,27.06,1.37,-11.53,-0.58,50.6,0.05,43
97,Entry short,2024-08-14 07:00,MR-S | IN:MR,2465.528,0.8,1972.4224,7.19,0.36,0,27.06,1.37,-11.53,-0.58,50.6,0.05,43
98,Exit short,2024-08-20 17:00,MR FAIL | IN:MR | OUT:TREND,2522.752,1,2494.365,-28.39,-1.14,0,8.85,0.35,-30.86,-1.24,22.21,0.02,22
98,Entry short,2024-08-19 18:00,MR-S | IN:MR,2494.365,1,2494.365,-28.39,-1.14,0,8.85,0.35,-30.86,-1.24,22.21,0.02,22
99,Exit short,2024-08-22 15:00,MR TP1 | IN:MR | OUT:MR,2503.68,0.2,502.723,1.99,0.40,0,3.98,0.79,-1.25,-0.25,24.2,0.02,34
99,Entry short,2024-08-21 03:00,MR-S | IN:MR,2513.615,0.2,502.723,1.99,0.40,0,3.98,0.79,-1.25,-0.25,24.2,0.02,34
100,Exit short,2024-08-23 15:00,RUN EXIT | IN:MR | OUT:MR,2498.99,0.8,2010.892,11.7,0.58,0,34.41,1.71,-5.02,-0.25,35.9,0.04,57
100,Entry short,2024-08-21 03:00,MR-S | IN:MR,2513.615,0.8,2010.892,11.7,0.58,0,34.41,1.71,-5.02,-0.25,35.9,0.04,57
101,Exit short,2024-08-28 03:00,MR FAIL | IN:MR | OUT:MR,2524.355,1,2513.065,-11.29,-0.45,0,9.97,0.40,-12.88,-0.51,24.61,0.02,20
101,Entry short,2024-08-27 07:00,MR-S | IN:MR,2513.065,1,2513.065,-11.29,-0.45,0,9.97,0.40,-12.88,-0.51,24.61,0.02,20
102,Exit short,2024-08-28 18:00,MR TP1 | IN:MR | OUT:MR,2501.38,0.2,501.15,0.87,0.17,0,1.05,0.21,-1.13,-0.23,25.48,0.03,6
102,Entry short,2024-08-28 12:00,MR-S | IN:MR,2505.75,0.2,501.15,0.87,0.17,0,1.05,0.21,-1.13,-0.23,25.48,0.03,6
103,Exit short,2024-08-29 10:00,RUN EXIT | IN:MR | OUT:MR,2516.622,0.8,2004.6,-8.7,-0.43,0,9.8,0.49,-8.89,-0.44,16.79,0.02,21
103,Entry short,2024-08-28 12:00,MR-S | IN:MR,2505.75,0.8,2004.6,-8.7,-0.43,0,9.8,0.49,-8.89,-0.44,16.79,0.02,21
104,Exit short,2024-08-30 16:00,MR FAIL | IN:MR | OUT:MR,2524.085,1,2513.809,-10.28,-0.41,0,1.11,0.04,-13.05,-0.52,6.51,0.01,4
104,Entry short,2024-08-30 12:00,MR-S | IN:MR,2513.809,1,2513.809,-10.28,-0.41,0,1.11,0.04,-13.05,-0.52,6.51,0.01,4
105,Exit short,2024-08-31 00:00,MR TP1 | IN:MR | OUT:HYBRID,2499.53,0.2,502.992,3.09,0.61,0,4.18,0.83,-1.96,-0.39,9.6,0.01,7
105,Entry short,2024-08-30 17:00,MR-S | IN:MR,2514.96,0.2,502.992,3.09,0.61,0,4.18,0.83,-1.96,-0.39,9.6,0.01,7
106,Exit short,2024-09-03 00:00,RUN EXIT | IN:MR | OUT:MR,2499.36,0.8,2011.968,12.48,0.62,0,20.04,1.00,-7.85,-0.39,22.08,0.02,30
106,Entry short,2024-08-30 17:00,MR-S | IN:MR,2514.96,0.8,2011.968,12.48,0.62,0,20.04,1.00,-7.85,-0.39,22.08,0.02,30
107,Exit long,2024-09-04 14:00,MR FAIL | IN:MR | OUT:MR,2482.16,1,2492.29,-10.13,-0.41,0,4.61,0.18,-10.4,-0.42,11.95,0.01,7
107,Entry long,2024-09-04 07:00,MR-L | IN:MR,2492.29,1,2492.29,-10.13,-0.41,0,4.61,0.18,-10.4,-0.42,11.95,0.01,7
108,Exit long,2024-09-05 13:00,MR TP1 | IN:MR | OUT:MR,2504.39,0.2,498.796,2.08,0.42,0,2.6,0.52,-0.56,-0.11,14.03,0.01,14
108,Entry long,2024-09-04 22:00,MR-L | IN:MR,2493.98,0.2,498.796,2.08,0.42,0,2.6,0.52,-0.56,-0.11,14.03,0.01,14
109,Exit long,2024-09-06 16:00,RUN EXIT | IN:MR | OUT:MR,2519.18,0.8,1995.184,20.16,1.01,0,23.62,1.18,-2.22,-0.11,34.19,0.03,40
109,Entry long,2024-09-04 22:00,MR-L | IN:MR,2493.98,0.8,1995.184,20.16,1.01,0,23.62,1.18,-2.22,-0.11,34.19,0.03,40
110,Exit long,2024-09-10 19:00,MR TP1 | IN:MR | OUT:MR,2513.8,0.2,501.19,1.57,0.31,0,1.62,0.32,-1.23,-0.25,35.76,0.04,16
110,Entry long,2024-09-10 02:00,MR-L | IN:MR,2505.95,0.2,501.19,1.57,0.31,0,1.62,0.32,-1.23,-0.25,35.76,0.04,16
111,Exit long,2024-09-11 23:00,RUN EXIT | IN:MR | OUT:MR,2515.3,0.8,2004.76,7.48,0.37,0,18.46,0.92,-4.92,-0.25,43.24,0.04,43
111,Entry long,2024-09-10 02:00,MR-L | IN:MR,2505.95,0.8,2004.76,7.48,0.37,0,18.46,0.92,-4.92,-0.25,43.24,0.04,43
112,Exit short,2024-09-18 05:00,MR TP1 | IN:TREND | OUT:MR,2570.584,0.2,515.54,1.42,0.28,0,3.4,0.66,-2.4,-0.46,44.66,0.04,54
112,Entry short,2024-09-13 20:00,MR-S | IN:TREND,2577.7,0.2,515.54,1.42,0.28,0,3.4,0.66,-2.4,-0.46,44.66,0.04,54
113,Exit short,2024-09-19 14:00,RUN EXIT | IN:TREND | OUT:MR,2584.324,0.8,2062.16,-5.3,-0.26,0,24.84,1.20,-17.95,-0.87,39.36,0.04,86
113,Entry short,2024-09-13 20:00,MR-S | IN:TREND,2577.7,0.8,2062.16,-5.3,-0.26,0,24.84,1.20,-17.95,-0.87,39.36,0.04,86
114,Exit short,2024-09-24 11:00,MR FAIL | IN:HYBRID | OUT:MR,2637.935,1,2629.915,-8.02,-0.30,0,16.23,0.62,-8.35,-0.32,31.34,0.03,22
114,Entry short,2024-09-23 12:00,MR-S | IN:HYBRID,2629.915,1,2629.915,-8.02,-0.30,0,16.23,0.62,-8.35,-0.32,31.34,0.03,22
115,Exit short,2024-09-26 18:00,MR FAIL | IN:MR | OUT:MR,2682.788,1,2657.719,-25.07,-0.94,0,8.09,0.30,-27.86,-1.05,6.27,0.01,19
115,Entry short,2024-09-25 22:00,MR-S | IN:MR,2657.719,1,2657.719,-25.07,-0.94,0,8.09,0.30,-27.86,-1.05,6.27,0.01,19
116,Exit short,2024-09-28 02:00,MR TP1 | IN:MR | OUT:HYBRID,2651.988,0.2,533.1616,2.76,0.52,0,4.56,0.85,-2.41,-0.45,9.04,0.01,28
116,Entry short,2024-09-26 21:00,MR-S | IN:MR,2665.808,0.2,533.1616,2.76,0.52,0,4.56,0.85,-2.41,-0.45,9.04,0.01,28
117,Exit short,2024-10-01 13:00,RUN EXIT | IN:MR | OUT:MR,2645.125,0.8,2132.6464,16.55,0.78,0,33.02,1.55,-9.64,-0.45,25.58,0.03,61
117,Entry short,2024-09-26 21:00,MR-S | IN:MR,2665.808,0.8,2132.6464,16.55,0.78,0,33.02,1.55,-9.64,-0.45,25.58,0.03,61
118,Exit short,2024-10-03 05:00,MR FAIL | IN:MR | OUT:MR,2659.37,1,2649.61,-9.76,-0.37,0,8.66,0.33,-13.75,-0.52,15.82,0.02,9
118,Entry short,2024-10-02 19:00,MR-S | IN:MR,2649.61,1,2649.61,-9.76,-0.37,0,8.66,0.33,-13.75,-0.52,15.82,0.02,9
119,Exit short,2024-10-03 19:00,MR TP1 | IN:MR | OUT:MR,2642.39,0.2,529.058,0.58,0.11,0,0.88,0.17,-1.79,-0.34,16.4,0.02,5
119,Entry short,2024-10-03 14:00,MR-S | IN:MR,2645.29,0.2,529.058,0.58,0.11,0,0.88,0.17,-1.79,-0.34,16.4,0.02,5
120,Exit short,2024-10-04 05:00,RUN EXIT | IN:MR | OUT:MR,2655.948,0.8,2116.232,-8.53,-0.40,0,6.42,0.30,-13.45,-0.64,7.88,0.01,14
120,Entry short,2024-10-03 14:00,MR-S | IN:MR,2645.29,0.8,2116.232,-8.53,-0.40,0,6.42,0.30,-13.45,-0.64,7.88,0.01,14
121,Exit short,2024-10-05 02:00,MR TP1 | IN:MR | OUT:MR,2651.61,0.2,530.364,0.04,0.01,0,2.01,0.38,-3.66,-0.69,7.92,0.01,6
121,Entry short,2024-10-04 20:00,MR-S | IN:MR,2651.82,0.2,530.364,0.04,0.01,0,2.01,0.38,-3.66,-0.69,7.92,0.01,6
122,Exit short,2024-10-08 18:00,RUN EXIT | IN:MR | OUT:MR,2650.74,0.8,2121.456,0.86,0.04,0,18.72,0.88,-14.66,-0.69,8.78,0.01,44
122,Entry short,2024-10-04 20:00,MR-S | IN:MR,2651.82,0.8,2121.456,0.86,0.04,0,18.72,0.88,-14.66,-0.69,8.78,0.01,44
123,Exit long,2024-10-09 21:00,MR FAIL | IN:MR | OUT:MR,2609.85,1,2618.86,-9.01,-0.34,0,1.84,0.07,-13.67,-0.52,-0.23,0.00,2
123,Entry long,2024-10-09 19:00,MR-L | IN:MR,2618.86,1,2618.86,-9.01,-0.34,0,1.84,0.07,-13.67,-0.52,-0.23,0.00,2
124,Exit long,2024-10-09 23:00,MR FAIL | IN:MR | OUT:MR,2608.585,1,2614.74,-6.15,-0.24,0,1.11,0.04,-7.07,-0.27,-6.38,-0.01,1
124,Entry long,2024-10-09 22:00,MR-L | IN:MR,2614.74,1,2614.74,-6.15,-0.24,0,1.11,0.04,-7.07,-0.27,-6.38,-0.01,1
125,Exit long,2024-10-11 07:00,MR TP1 | IN:MR | OUT:HYBRID,2633.82,0.2,523.05,3.71,0.71,0,4.14,0.79,-2.69,-0.51,-2.67,0.00,21
125,Entry long,2024-10-10 09:00,MR-L | IN:MR,2615.25,0.2,523.05,3.71,0.71,0,4.14,0.79,-2.69,-0.51,-2.67,0.00,21
126,Exit long,2024-10-14 17:00,RUN EXIT | IN:MR | OUT:HYBRID,2655.85,0.8,2092.2,32.48,1.55,0,41.3,1.97,-10.75,-0.51,29.81,0.03,54
126,Entry long,2024-10-10 09:00,MR-L | IN:MR,2615.25,0.8,2092.2,32.48,1.55,0,41.3,1.97,-10.75,-0.51,29.81,0.03,54
127,Exit short,2024-10-23 01:00,MR FAIL | IN:TREND | OUT:HYBRID,2744.538,1,2725.168,-19.37,-0.71,0,11.01,0.40,-23.17,-0.85,10.44,0.01,27
127,Entry short,2024-10-21 21:00,MR-S | IN:TREND,2725.168,1,2725.168,-19.37,-0.71,0,11.01,0.40,-23.17,-0.85,10.44,0.01,27
128,Exit long,2024-10-23 09:00,TF EXIT | IN:HYBRID | OUT:MR,2738.95,1,2744.538,-5.59,-0.20,0,4.46,0.16,-6.77,-0.25,4.86,0.00,7
128,Entry long,2024-10-23 01:00,TF-L | IN:HYBRID,2744.538,1,2744.538,-5.59,-0.20,0,4.46,0.16,-6.77,-0.25,4.86,0.00,7
129,Exit short,2024-10-23 12:00,MR FAIL | IN:MR | OUT:MR,2751.508,1,2738.95,-12.56,-0.46,0,0.81,0.03,-14.28,-0.52,-7.7,-0.01,3
129,Entry short,2024-10-23 09:00,MR-S | IN:MR,2738.95,1,2738.95,-12.56,-0.46,0,0.81,0.03,-14.28,-0.52,-7.7,-0.01,3
130,Exit short,2024-10-24 07:00,MR TP1 | IN:MR | OUT:HYBRID,2721.21,0.2,548.644,4.4,0.80,0,6.92,1.26,-0.19,-0.03,-3.3,0.00,11
130,Entry short,2024-10-23 19:00,MR-S | IN:MR,2743.22,0.2,548.644,4.4,0.80,0,6.92,1.26,-0.19,-0.03,-3.3,0.00,11
131,Exit short,2024-10-24 22:00,RUN EXIT | IN:MR | OUT:TREND,2731.12,0.8,2194.576,9.68,0.44,0,27.67,1.26,-0.74,-0.03,6.38,0.01,26
131,Entry short,2024-10-23 19:00,MR-S | IN:MR,2743.22,0.8,2194.576,9.68,0.44,0,27.67,1.26,-0.74,-0.03,6.38,0.01,26
132,Exit long,2024-10-26 02:00,MR TP1 | IN:MR | OUT:MR,2742.518,0.2,547.819,0.68,0.12,0,1.19,0.22,-0.07,-0.01,7.06,0.01,3
132,Entry long,2024-10-25 23:00,MR-L | IN:MR,2739.095,0.2,547.819,0.68,0.12,0,1.19,0.22,-0.07,-0.01,7.06,0.01,3
133,Exit long,2024-10-30 18:00,RUN EXIT | IN:MR | OUT:TREND,2778.6,0.8,2191.276,31.6,1.44,0,40.56,1.85,-11.62,-0.53,38.67,0.04,64
133,Entry long,2024-10-25 23:00,MR-L | IN:MR,2739.095,0.8,2191.276,31.6,1.44,0,40.56,1.85,-11.62,-0.53,38.67,0.04,64
134,Exit long,2024-11-04 14:00,MR FAIL | IN:MR | OUT:HYBRID,2735.695,1,2741.308,-5.61,-0.20,0,3.5,0.13,-6.3,-0.23,33.05,0.03,1
134,Entry long,2024-11-04 13:00,MR-L | IN:MR,2741.308,1,2741.308,-5.61,-0.20,0,3.5,0.13,-6.3,-0.23,33.05,0.03,1
135,Exit short,2024-11-04 16:00,TF EXIT | IN:HYBRID | OUT:HYBRID,2743.195,1,2735.695,-7.5,-0.27,0,3.93,0.14,-8.44,-0.31,25.55,0.03,2
135,Entry short,2024-11-04 14:00,TF-S | IN:HYBRID,2735.695,1,2735.695,-7.5,-0.27,0,3.93,0.14,-8.44,-0.31,25.55,0.03,2
136,Exit long,2024-11-05 08:00,MR FAIL | IN:HYBRID | OUT:MR,2734.22,1,2743.195,-8.97,-0.33,0,4.99,0.18,-11.56,-0.42,16.58,0.02,15
136,Entry long,2024-11-04 16:00,MR-L | IN:HYBRID,2743.195,1,2743.195,-8.97,-0.33,0,4.99,0.18,-11.56,-0.42,16.58,0.02,15
137,Exit long,2024-11-06 13:00,MR FAIL | IN:MR | OUT:MR,2706.825,1,2741.595,-34.77,-1.27,0,8.37,0.31,-40.35,-1.47,-18.19,-0.02,18
137,Entry long,2024-11-05 18:00,MR-L | IN:MR,2741.595,1,2741.595,-34.77,-1.27,0,8.37,0.31,-40.35,-1.47,-18.19,-0.02,18
138,Exit long,2024-11-11 09:00,MR FAIL | IN:TREND | OUT:HYBRID,2672,1,2657.6,14.4,0.54,0,53.01,1.99,-0.26,-0.01,-3.79,0.00,40
138,Entry long,2024-11-07 15:00,MR-L | IN:TREND,2657.6,1,2657.6,14.4,0.54,0,53.01,1.99,-0.26,-0.01,-3.79,0.00,40
139,Exit short,2024-11-13 03:00,TF EXIT | IN:HYBRID | OUT:HYBRID,2599.558,1,2672,72.44,2.71,0,82.49,3.09,-3.34,-0.12,68.65,0.07,41
139,Entry short,2024-11-11 09:00,TF-S | IN:HYBRID,2672,1,2672,72.44,2.71,0,82.49,3.09,-3.34,-0.12,68.65,0.07,41
140,Exit long,2024-11-14 03:00,MR FAIL | IN:HYBRID | OUT:MR,2573.749,1,2599.558,-25.81,-0.99,0,19.28,0.74,-26.68,-1.03,42.84,0.04,23
140,Entry long,2024-11-13 03:00,MR-L | IN:HYBRID,2599.558,1,2599.558,-25.81,-0.99,0,19.28,0.74,-26.68,-1.03,42.84,0.04,23
141,Exit long,2024-11-18 13:00,MR TP1 | IN:MR | OUT:HYBRID,2585.909,0.2,515.21,1.97,0.38,0,4.24,0.82,-4.34,-0.84,44.81,0.04,33
141,Entry long,2024-11-15 02:00,MR-L | IN:MR,2576.05,0.2,515.21,1.97,0.38,0,4.24,0.82,-4.34,-0.84,44.81,0.04,33
142,Exit long,2024-11-20 14:00,RUN EXIT | IN:MR | OUT:MR,2621.425,0.8,2060.84,36.3,1.76,0,52.7,2.56,-17.37,-0.84,81.11,0.08,80
142,Entry long,2024-11-15 02:00,MR-L | IN:MR,2576.05,0.8,2060.84,36.3,1.76,0,52.7,2.56,-17.37,-0.84,81.11,0.08,80
143,Exit short,2024-11-26 00:00,MR TP1 | IN:HYBRID | OUT:TREND,2627.675,0.2,540.248,14.71,2.72,0,15.38,2.85,-0.65,-0.12,95.83,0.10,16
143,Entry short,2024-11-25 08:00,MR-S | IN:HYBRID,2701.24,0.2,540.248,14.71,2.72,0,15.38,2.85,-0.65,-0.12,95.83,0.10,16
144,Exit short,2024-11-26 23:00,RUN EXIT | IN:HYBRID | OUT:MR,2628.69,0.8,2160.992,58.04,2.69,0,76.92,3.56,-2.58,-0.12,153.87,0.15,38
144,Entry short,2024-11-25 08:00,MR-S | IN:HYBRID,2701.24,0.8,2160.992,58.04,2.69,0,76.92,3.56,-2.58,-0.12,153.87,0.15,38
145,Exit long,2024-11-28 20:00,MR TP1 | IN:MR | OUT:MR,2647.03,0.2,528.816,0.59,0.11,0,1.11,0.21,-0.29,-0.06,154.46,0.15,5
145,Entry long,2024-11-28 15:00,MR-L | IN:MR,2644.08,0.2,528.816,0.59,0.11,0,1.11,0.21,-0.29,-0.06,154.46,0.15,5
146,Exit long,2024-12-02 07:00,RUN EXIT | IN:MR | OUT:MR,2637.359,0.8,2115.264,-5.38,-0.25,0,17.81,0.84,-11.39,-0.54,149.08,0.15,34
146,Entry long,2024-11-28 15:00,MR-L | IN:MR,2644.08,0.8,2115.264,-5.38,-0.25,0,17.81,0.84,-11.39,-0.54,149.08,0.15,34
147,Exit long,2024-12-04 00:00,MR TP1 | IN:HYBRID | OUT:MR,2646.942,0.2,528.096,1.29,0.24,0,3.03,0.57,-1.07,-0.20,150.37,0.15,14
147,Entry long,2024-12-03 10:00,MR-L | IN:HYBRID,2640.48,0.2,528.096,1.29,0.24,0,3.03,0.57,-1.07,-0.20,150.37,0.15,14
148,Exit long,2024-12-04 19:00,RUN EXIT | IN:HYBRID | OUT:MR,2636.945,0.8,2112.384,-2.83,-0.13,0,12.11,0.57,-4.29,-0.20,147.55,0.15,32
148,Entry long,2024-12-03 10:00,MR-L | IN:HYBRID,2640.48,0.8,2112.384,-2.83,-0.13,0,12.11,0.57,-4.29,-0.20,147.55,0.15,32
149,Exit short,2024-12-05 17:00,MR FAIL | IN:MR | OUT:MR,2648.675,1,2644.84,-3.83,-0.14,0,0.39,0.01,-5.53,-0.21,143.71,0.14,1
149,Entry short,2024-12-05 16:00,MR-S | IN:MR,2644.84,1,2644.84,-3.83,-0.14,0,0.39,0.01,-5.53,-0.21,143.71,0.14,1
150,Exit short,2024-12-06 00:00,MR TP1 | IN:MR | OUT:MR,2628.03,0.2,528.066,2.46,0.47,0,3.33,0.63,-0.62,-0.12,146.17,0.15,3
150,Entry short,2024-12-05 21:00,MR-S | IN:MR,2640.33,0.2,528.066,2.46,0.47,0,3.33,0.63,-0.62,-0.12,146.17,0.15,3
151,Exit short,2024-12-06 19:00,RUN EXIT | IN:MR | OUT:MR,2638.56,0.8,2112.264,1.42,0.07,0,22.2,1.05,-4.29,-0.20,147.59,0.15,21
151,Entry short,2024-12-05 21:00,MR-S | IN:MR,2640.33,0.8,2112.264,1.42,0.07,0,22.2,1.05,-4.29,-0.20,147.59,0.15,21
152,Exit short,2024-12-11 22:00,MR FAIL | IN:TREND | OUT:MR,2713.078,1,2691.23,-21.85,-0.81,0,5.51,0.20,-24.82,-0.92,125.74,0.13,7
152,Entry short,2024-12-11 15:00,MR-S | IN:TREND,2691.23,1,2691.23,-21.85,-0.81,0,5.51,0.20,-24.82,-0.92,125.74,0.13,7
153,Exit short,2024-12-13 09:00,MR TP1 | IN:MR | OUT:HYBRID,2686.61,0.2,539.4976,2.18,0.40,0,4.49,0.83,-0.43,-0.08,127.91,0.13,12
153,Entry short,2024-12-12 20:00,MR-S | IN:MR,2697.488,0.2,539.4976,2.18,0.40,0,4.49,0.83,-0.43,-0.08,127.91,0.13,12
154,Exit short,2024-12-16 16:00,RUN EXIT | IN:MR | OUT:HYBRID,2658.07,0.8,2157.9904,31.53,1.46,0,43.29,2.01,-1.71,-0.08,159.45,0.16,42
154,Entry short,2024-12-12 20:00,MR-S | IN:MR,2697.488,0.8,2157.9904,31.53,1.46,0,43.29,2.01,-1.71,-0.08,159.45,0.16,42
155,Exit long,2024-12-19 02:00,MR FAIL | IN:MR | OUT:MR,2604.49,1,2647.294,-42.8,-1.62,0,2.39,0.09,-43.32,-1.64,116.64,0.12,17
155,Entry long,2024-12-18 09:00,MR-L | IN:MR,2647.294,1,2647.294,-42.8,-1.62,0,2.39,0.09,-43.32,-1.64,116.64,0.12,17
156,Exit long,2024-12-23 08:00,MR TP1 | IN:HYBRID | OUT:TREND,2620.77,0.2,520.774,3.38,0.65,0,5.6,1.08,-1.69,-0.32,120.02,0.12,23
156,Entry long,2024-12-20 08:00,MR-L | IN:HYBRID,2603.87,0.2,520.774,3.38,0.65,0,5.6,1.08,-1.69,-0.32,120.02,0.12,23
157,Exit long,2024-12-24 01:00,RUN EXIT | IN:HYBRID | OUT:MR,2610.315,0.8,2083.096,5.16,0.25,0,23.54,1.13,-6.76,-0.32,125.18,0.13,40
157,Entry long,2024-12-20 08:00,MR-L | IN:HYBRID,2603.87,0.8,2083.096,5.16,0.25,0,23.54,1.13,-6.76,-0.32,125.18,0.13,40
158,Exit short,2024-12-28 03:00,MR TP1 | IN:MR | OUT:HYBRID,2615.39,0.2,524.806,1.73,0.33,0,2.55,0.49,-1.52,-0.29,126.91,0.13,11
158,Entry short,2024-12-27 16:00,MR-S | IN:MR,2624.03,0.2,524.806,1.73,0.33,0,2.55,0.49,-1.52,-0.29,126.91,0.13,11
159,Exit short,2024-12-31 14:00,RUN EXIT | IN:MR | OUT:MR,2613.649,0.8,2099.224,8.3,0.40,0,22.5,1.07,-6.06,-0.29,135.21,0.14,44
159,Entry short,2024-12-27 16:00,MR-S | IN:MR,2624.03,0.8,2099.224,8.3,0.40,0,22.5,1.07,-6.06,-0.29,135.21,0.14,44
160,Exit short,2025-01-06 14:00,MR TP1 | IN:TREND | OUT:HYBRID,2626.705,0.2,530.8198,5.48,1.03,0,5.81,1.10,-1.04,-0.20,140.69,0.14,23
160,Entry short,2025-01-03 14:00,MR-S | IN:TREND,2654.099,0.2,530.8198,5.48,1.03,0,5.81,1.10,-1.04,-0.20,140.69,0.14,23
161,Exit short,2025-01-07 12:00,RUN EXIT | IN:TREND | OUT:MR,2644.405,0.8,2123.2792,7.76,0.37,0,31.79,1.50,-4.17,-0.20,148.45,0.15,44
161,Entry short,2025-01-03 14:00,MR-S | IN:TREND,2654.099,0.8,2123.2792,7.76,0.37,0,31.79,1.50,-4.17,-0.20,148.45,0.15,44
162,Exit short,2025-01-14 04:00,MR TP1 | IN:MR | OUT:TREND,2662.475,0.2,537.9722,5.48,1.02,0,6.65,1.24,-0.12,-0.02,153.92,0.15,15
162,Entry short,2025-01-13 13:00,MR-S | IN:MR,2689.861,0.2,537.9722,5.48,1.02,0,6.65,1.24,-0.12,-0.02,153.92,0.15,15
163,Exit short,2025-01-15 02:00,RUN EXIT | IN:MR | OUT:MR,2674.29,0.8,2151.8888,12.46,0.58,0,26.6,1.24,-0.46,-0.02,166.38,0.17,36
163,Entry short,2025-01-13 13:00,MR-S | IN:MR,2689.861,0.8,2151.8888,12.46,0.58,0,26.6,1.24,-0.46,-0.02,166.38,0.17,36
164,Exit short,2025-01-21 08:00,MR FAIL | IN:HYBRID | OUT:MR,2717.79,1,2711.488,-6.3,-0.23,0,22.21,0.82,-7.83,-0.29,160.08,0.16,40
164,Entry short,2025-01-17 12:00,MR-S | IN:HYBRID,2711.488,1,2711.488,-6.3,-0.23,0,22.21,0.82,-7.83,-0.29,160.08,0.16,40
165,Exit short,2025-01-24 09:00,MR FAIL | IN:HYBRID | OUT:MR,2774.145,1,2756.57,-17.57,-0.64,0,20.91,0.76,-18.73,-0.68,142.5,0.14,31
165,Entry short,2025-01-23 00:00,MR-S | IN:HYBRID,2756.57,1,2756.57,-17.57,-0.64,0,20.91,0.76,-18.73,-0.68,142.5,0.14,31
166,Exit short,2025-01-27 22:00,MR TP1 | IN:MR | OUT:MR,2741.925,0.2,553.498,5.11,0.92,0,5.64,1.02,-1.02,-0.18,147.62,0.15,16
166,Entry short,2025-01-27 06:00,MR-S | IN:MR,2767.49,0.2,553.498,5.11,0.92,0,5.64,1.02,-1.02,-0.18,147.62,0.15,16
167,Exit short,2025-01-28 21:00,RUN EXIT | IN:MR | OUT:HYBRID,2753.295,0.8,2213.992,11.36,0.51,0,29.68,1.34,-4.09,-0.18,158.97,0.16,38
167,Entry short,2025-01-27 06:00,MR-S | IN:MR,2767.49,0.8,2213.992,11.36,0.51,0,29.68,1.34,-4.09,-0.18,158.97,0.16,38
168,Exit short,2025-01-30 07:00,MR FAIL | IN:HYBRID | OUT:MR,2761.98,1,2750.71,-11.27,-0.41,0,5.93,0.22,-11.9,-0.43,147.7,0.15,5
168,Entry short,2025-01-30 01:00,MR-S | IN:HYBRID,2750.71,1,2750.71,-11.27,-0.41,0,5.93,0.22,-11.9,-0.43,147.7,0.15,5
169,Exit short,2025-02-03 22:00,MR FAIL | IN:MR | OUT:MR,2817.46,1,2793.58,-23.88,-0.85,0,21.7,0.78,-36.99,-1.32,123.82,0.12,16
169,Entry short,2025-02-03 06:00,MR-S | IN:MR,2793.58,1,2793.58,-23.88,-0.85,0,21.7,0.78,-36.99,-1.32,123.82,0.12,16
170,Exit short,2025-02-10 12:00,MR FAIL | IN:HYBRID | OUT:MR,2879.131,1,2863.59,-15.54,-0.54,0,29.64,1.03,-23.24,-0.81,108.28,0.11,55
170,Entry short,2025-02-06 02:00,MR-S | IN:HYBRID,2863.59,1,2863.59,-15.54,-0.54,0,29.64,1.03,-23.24,-0.81,108.28,0.11,55
171,Exit short,2025-02-12 18:00,MR TP1 | IN:MR | OUT:MR,2879.74,0.2,580.548,4.6,0.79,0,4.73,0.81,-1.19,-0.20,112.88,0.11,24
171,Entry short,2025-02-11 17:00,MR-S | IN:MR,2902.74,0.2,580.548,4.6,0.79,0,4.73,0.81,-1.19,-0.20,112.88,0.11,24
172,Exit short,2025-02-13 07:00,RUN EXIT | IN:MR | OUT:MR,2906.23,0.8,2322.192,-2.79,-0.12,0,31.24,1.35,-5.16,-0.22,110.09,0.11,36
172,Entry short,2025-02-11 17:00,MR-S | IN:MR,2902.74,0.8,2322.192,-2.79,-0.12,0,31.24,1.35,-5.16,-0.22,110.09,0.11,36
173,Exit short,2025-02-15 04:00,MR TP1 | IN:MR | OUT:TREND,2882.085,0.2,580.376,3.96,0.68,0,5.01,0.86,-0.4,-0.07,114.05,0.11,6
173,Entry short,2025-02-14 22:00,MR-S | IN:MR,2901.88,0.2,580.376,3.96,0.68,0,5.01,0.86,-0.4,-0.07,114.05,0.11,6
174,Exit short,2025-02-18 02:00,RUN EXIT | IN:MR | OUT:HYBRID,2898.62,0.8,2321.504,2.61,0.11,0,20.06,0.86,-3.65,-0.16,116.66,0.12,27
174,Entry short,2025-02-14 22:00,MR-S | IN:MR,2901.88,0.8,2321.504,2.61,0.11,0,20.06,0.86,-3.65,-0.16,116.66,0.12,27
175,Exit short,2025-02-20 12:00,MR FAIL | IN:MR | OUT:MR,2946.786,1,2923.83,-22.96,-0.79,0,5.47,0.19,-22.98,-0.79,93.7,0.09,11
175,Entry short,2025-02-20 00:00,MR-S | IN:MR,2923.83,1,2923.83,-22.96,-0.79,0,5.47,0.19,-22.98,-0.79,93.7,0.09,11
176,Exit short,2025-02-21 17:00,MR TP1 | IN:MR | OUT:HYBRID,2930.58,0.2,588.096,1.98,0.34,0,4.77,0.81,-1.87,-0.32,95.68,0.10,16
176,Entry short,2025-02-21 00:00,MR-S | IN:MR,2940.48,0.2,588.096,1.98,0.34,0,4.77,0.81,-1.87,-0.32,95.68,0.10,16
177,Exit short,2025-02-24 10:00,RUN EXIT | IN:MR | OUT:MR,2940.935,0.8,2352.384,-0.36,-0.02,0,19.09,0.81,-7.46,-0.32,95.32,0.10,32
177,Entry short,2025-02-21 00:00,MR-S | IN:MR,2940.48,0.8,2352.384,-0.36,-0.02,0,19.09,0.81,-7.46,-0.32,95.32,0.10,32
178,Exit short,2025-02-25 21:00,MR TP1 | IN:MR | OUT:MR,2932.53,0.2,587.1532,0.65,0.11,0,2.39,0.41,-1.83,-0.31,95.96,0.10,8
178,Entry short,2025-02-25 13:00,MR-S | IN:MR,2935.766,0.2,587.1532,0.65,0.11,0,2.39,0.41,-1.83,-0.31,95.96,0.10,8
179,Exit short,2025-02-26 23:00,RUN EXIT | IN:MR | OUT:MR,2912.949,0.8,2348.6128,18.25,0.78,0,38.14,1.62,-7.33,-0.31,114.22,0.11,33
179,Entry short,2025-02-25 13:00,MR-S | IN:MR,2935.766,0.8,2348.6128,18.25,0.78,0,38.14,1.62,-7.33,-0.31,114.22,0.11,33
180,Exit long,2025-03-04 04:00,MR TP1 | IN:MR | OUT:TREND,2891.43,0.2,573.178,5.11,0.89,0,5.88,1.03,-1.43,-0.25,119.33,0.12,21
180,Entry long,2025-03-03 07:00,MR-L | IN:MR,2865.89,0.2,573.178,5.11,0.89,0,5.88,1.03,-1.43,-0.25,119.33,0.12,21
181,Exit long,2025-03-05 10:00,RUN EXIT | IN:MR | OUT:MR,2908.71,0.8,2292.712,34.26,1.49,0,49.5,2.16,-5.72,-0.25,153.58,0.15,49
181,Entry long,2025-03-03 07:00,MR-L | IN:MR,2865.89,0.8,2292.712,34.26,1.49,0,49.5,2.16,-5.72,-0.25,153.58,0.15,49
182,Exit short,2025-03-07 11:00,MR TP1 | IN:MR | OUT:MR,2906.61,0.2,580.954,-0.37,-0.06,0,2.79,0.48,-3.61,-0.62,153.21,0.15,19
182,Entry short,2025-03-06 15:00,MR-S | IN:MR,2904.77,0.2,580.954,-0.37,-0.06,0,2.79,0.48,-3.61,-0.62,153.21,0.15,19
183,Exit short,2025-03-07 18:00,RUN EXIT | IN:MR | OUT:HYBRID,2918.79,0.8,2323.816,-11.22,-0.48,0,11.16,0.48,-14.61,-0.63,142,0.14,26
183,Entry short,2025-03-06 15:00,MR-S | IN:MR,2904.77,0.8,2323.816,-11.22,-0.48,0,11.16,0.48,-14.61,-0.63,142,0.14,26
184,Exit short,2025-03-10 10:00,MR TP1 | IN:MR | OUT:MR,2910.837,0.2,581.312,-0.86,-0.15,0,0.45,0.08,-2.35,-0.40,141.14,0.14,9
184,Entry short,2025-03-08 01:00,MR-S | IN:MR,2906.56,0.2,581.312,-0.86,-0.15,0,0.45,0.08,-2.35,-0.40,141.14,0.14,9
185,Exit short,2025-03-11 16:00,RUN EXIT | IN:MR | OUT:MR,2911.68,0.8,2325.248,-4.1,-0.18,0,21.25,0.91,-9.41,-0.40,137.05,0.14,38
185,Entry short,2025-03-08 01:00,MR-S | IN:MR,2906.56,0.8,2325.248,-4.1,-0.18,0,21.25,0.91,-9.41,-0.40,137.05,0.14,38
186,Exit short,2025-03-18 09:00,MR FAIL | IN:TREND | OUT:MR,3010.85,1,2985.356,-25.49,-0.85,0,7.27,0.24,-26.82,-0.90,111.55,0.11,34
186,Entry short,2025-03-14 21:00,MR-S | IN:TREND,2985.356,1,2985.356,-25.49,-0.85,0,7.27,0.24,-26.82,-0.90,111.55,0.11,34
187,Exit short,2025-03-20 01:00,MR FAIL | IN:MR | OUT:MR,3046.796,1,3030.82,-15.98,-0.53,0,1.86,0.06,-17.91,-0.59,95.58,0.10,1
187,Entry short,2025-03-20 00:00,MR-S | IN:MR,3030.82,1,3030.82,-15.98,-0.53,0,1.86,0.06,-17.91,-0.59,95.58,0.10,1
188,Exit short,2025-03-21 19:00,MR TP1 | IN:MR | OUT:MR,3034.068,0.2,608.386,1.57,0.26,0,4.13,0.68,-1.12,-0.18,97.15,0.10,27
188,Entry short,2025-03-20 15:00,MR-S | IN:MR,3041.93,0.2,608.386,1.57,0.26,0,4.13,0.68,-1.12,-0.18,97.15,0.10,27
189,Exit short,2025-03-24 17:00,RUN EXIT | IN:MR | OUT:MR,3027.868,0.8,2433.544,11.25,0.46,0,34.13,1.40,-4.46,-0.18,108.4,0.11,48
189,Entry short,2025-03-20 15:00,MR-S | IN:MR,3041.93,0.8,2433.544,11.25,0.46,0,34.13,1.40,-4.46,-0.18,108.4,0.11,48
190,Exit long,2025-03-26 13:00,MR TP1 | IN:MR | OUT:MR,3026.068,0.2,604.28,0.93,0.15,0,2.94,0.49,-1.67,-0.28,109.33,0.11,21
190,Entry long,2025-03-25 15:00,MR-L | IN:MR,3021.4,0.2,604.28,0.93,0.15,0,2.94,0.49,-1.67,-0.28,109.33,0.11,21
191,Exit long,2025-03-27 01:00,RUN EXIT | IN:MR | OUT:MR,3018.37,0.8,2417.12,-2.42,-0.10,0,11.77,0.49,-7.42,-0.31,106.91,0.11,33
191,Entry long,2025-03-25 15:00,MR-L | IN:MR,3021.4,0.8,2417.12,-2.42,-0.10,0,11.77,0.49,-7.42,-0.31,106.91,0.11,33
192,Exit short,2025-03-31 10:00,MR FAIL | IN:HYBRID | OUT:MR,3107.04,1,3077.51,-29.53,-0.96,0,4.14,0.13,-34.26,-1.11,77.38,0.08,9
192,Entry short,2025-03-29 00:00,MR-S | IN:HYBRID,3077.51,1,3077.51,-29.53,-0.96,0,4.14,0.13,-34.26,-1.11,77.38,0.08,9
193,Exit short,2025-04-03 08:00,MR FAIL | IN:MR | OUT:MR,3153.42,1,3113.6,-39.82,-1.28,0,12.94,0.42,-54.14,-1.74,37.56,0.04,32
193,Entry short,2025-04-01 22:00,MR-S | IN:MR,3113.6,1,3113.6,-39.82,-1.28,0,12.94,0.42,-54.14,-1.74,37.56,0.04,32
194,Exit short,2025-04-03 20:00,MR TP1 | IN:MR | OUT:MR,3085.595,0.2,625.809,8.69,1.39,0,15.02,2.40,-0.61,-0.10,46.25,0.05,6
194,Entry short,2025-04-03 14:00,MR-S | IN:MR,3129.045,0.2,625.809,8.69,1.39,0,15.02,2.40,-0.61,-0.10,46.25,0.05,6
195,Exit short,2025-04-07 16:00,RUN EXIT | IN:MR | OUT:MR,3024.905,0.8,2503.236,83.31,3.33,0,127.3,5.09,-6.23,-0.25,129.56,0.13,48
195,Entry short,2025-04-03 14:00,MR-S | IN:MR,3129.045,0.8,2503.236,83.31,3.33,0,127.3,5.09,-6.23,-0.25,129.56,0.13,48
196,Exit long,2025-04-08 06:00,MR FAIL | IN:MR | OUT:MR,2981.22,1,2986.365,-5.14,-0.17,0,1.07,0.04,-8,-0.27,124.42,0.12,1
196,Entry long,2025-04-08 05:00,MR-L | IN:MR,2986.365,1,2986.365,-5.14,-0.17,0,1.07,0.04,-8,-0.27,124.42,0.12,1
197,Exit long,2025-04-09 19:00,MR TP1 | IN:MR | OUT:HYBRID,3047.365,0.2,599.94,9.53,1.59,0,14.67,2.44,-6.02,-1.00,133.95,0.13,34
197,Entry long,2025-04-08 08:00,MR-L | IN:MR,2999.7,0.2,599.94,9.53,1.59,0,14.67,2.44,-6.02,-1.00,133.95,0.13,34
198,Exit long,2025-04-14 19:00,RUN EXIT | IN:MR | OUT:MR,3206.57,0.8,2399.76,165.5,6.90,0,196.82,8.20,-24.08,-1.00,299.44,0.30,103
198,Entry long,2025-04-08 08:00,MR-L | IN:MR,2999.7,0.8,2399.76,165.5,6.90,0,196.82,8.20,-24.08,-1.00,299.44,0.30,103
199,Exit short,2025-04-21 10:00,MR FAIL | IN:MR | OUT:MR,3382.326,1,3327.6,-54.73,-1.64,0,44.26,1.33,-57.68,-1.73,244.72,0.24,16
199,Entry short,2025-04-17 17:00,MR-S | IN:MR,3327.6,1,3327.6,-54.73,-1.64,0,44.26,1.33,-57.68,-1.73,244.72,0.24,16
200,Exit short,2025-04-23 12:00,MR TP1 | IN:MR | OUT:HYBRID,3318.725,0.2,683.734,19.99,2.92,0,21.21,3.10,-4.07,-0.60,264.71,0.26,15
200,Entry short,2025-04-22 20:00,MR-S | IN:MR,3418.67,0.2,683.734,19.99,2.92,0,21.21,3.10,-4.07,-0.60,264.71,0.26,15
201,Exit short,2025-04-24 10:00,RUN EXIT | IN:MR | OUT:MR,3326.953,0.8,2734.936,73.37,2.68,0,127.35,4.66,-16.28,-0.60,338.08,0.34,36
201,Entry short,2025-04-22 20:00,MR-S | IN:MR,3418.67,0.8,2734.936,73.37,2.68,0,127.35,4.66,-16.28,-0.60,338.08,0.34,36
202,Exit long,2025-04-29 03:00,MR TP1 | IN:MR | OUT:MR,3343.505,0.2,658.6228,10.08,1.53,0,11.99,1.82,-0.02,0.00,348.16,0.35,7
202,Entry long,2025-04-28 20:00,MR-L | IN:MR,3293.114,0.2,658.6228,10.08,1.53,0,11.99,1.82,-0.02,0.00,348.16,0.35,7
203,Exit long,2025-04-29 20:00,RUN EXIT | IN:MR | OUT:MR,3306.095,0.8,2634.4912,10.38,0.39,0,47.94,1.82,-0.07,0.00,358.54,0.36,23
203,Entry long,2025-04-28 20:00,MR-L | IN:MR,3293.114,0.8,2634.4912,10.38,0.39,0,47.94,1.82,-0.07,0.00,358.54,0.36,23
204,Exit long,2025-05-05 16:00,MR TP1 | IN:TREND | OUT:MR,3308.646,0.2,647.574,14.16,2.19,0,14.24,2.20,-3.09,-0.48,372.7,0.37,34
204,Entry long,2025-05-02 05:00,MR-L | IN:TREND,3237.87,0.2,647.574,14.16,2.19,0,14.24,2.20,-3.09,-0.48,372.7,0.37,34
205,Exit long,2025-05-07 08:00,RUN EXIT | IN:TREND | OUT:MR,3374.513,0.8,2590.296,109.31,4.22,0,160.72,6.20,-12.38,-0.48,482.01,0.48,72
205,Entry long,2025-05-02 05:00,MR-L | IN:TREND,3237.87,0.8,2590.296,109.31,4.22,0,160.72,6.20,-12.38,-0.48,482.01,0.48,72
206,Exit long,2025-05-12 06:00,MR FAIL | IN:MR | OUT:MR,3287.55,1,3333.67,-46.12,-1.38,0,13.92,0.42,-68.18,-2.05,435.89,0.44,10
206,Entry long,2025-05-09 19:00,MR-L | IN:MR,3333.67,1,3333.67,-46.12,-1.38,0,13.92,0.42,-68.18,-2.05,435.89,0.44,10
207,Exit long,2025-05-14 20:00,MR FAIL | IN:MR | OUT:MR,3191.49,1,3261.88,-70.39,-2.16,0,3.11,0.10,-87.37,-2.68,365.5,0.37,30
207,Entry long,2025-05-13 13:00,MR-L | IN:MR,3261.88,1,3261.88,-70.39,-2.16,0,3.11,0.10,-87.37,-2.68,365.5,0.37,30
208,Exit long,2025-05-16 09:00,MR TP1 | IN:MR | OUT:TREND,3215.36,0.2,638.439,4.63,0.73,0,11.97,1.88,-0.41,-0.06,370.14,0.37,12
208,Entry long,2025-05-15 20:00,MR-L | IN:MR,3192.195,0.2,638.439,4.63,0.73,0,11.97,1.88,-0.41,-0.06,370.14,0.37,12
209,Exit long,2025-05-16 21:00,RUN EXIT | IN:MR | OUT:HYBRID,3173.135,0.8,2553.756,-15.25,-0.60,0,47.88,1.88,-30.98,-1.21,354.89,0.35,24
209,Entry long,2025-05-15 20:00,MR-L | IN:MR,3192.195,0.8,2553.756,-15.25,-0.60,0,47.88,1.88,-30.98,-1.21,354.89,0.35,24
210,Exit long,2025-05-19 08:00,MR TP1 | IN:HYBRID | OUT:MR,3218.38,0.2,646.954,-3.28,-0.51,0,3.01,0.47,-4.08,-0.63,351.61,0.35,2
210,Entry long,2025-05-19 06:00,MR-L | IN:HYBRID,3234.77,0.2,646.954,-3.28,-0.51,0,3.01,0.47,-4.08,-0.63,351.61,0.35,2
211,Exit long,2025-05-20 08:00,RUN EXIT | IN:HYBRID | OUT:MR,3221.12,0.8,2587.816,-10.92,-0.42,0,12.05,0.47,-22.77,-0.88,340.69,0.34,25
211,Entry long,2025-05-19 06:00,MR-L | IN:HYBRID,3234.77,0.8,2587.816,-10.92,-0.42,0,12.05,0.47,-22.77,-0.88,340.69,0.34,25
212,Exit short,2025-05-22 08:00,MR FAIL | IN:MR | OUT:MR,3337.99,1,3304.38,-33.61,-1.02,0,1.93,0.06,-38.58,-1.17,307.08,0.31,10
212,Entry short,2025-05-21 21:00,MR-S | IN:MR,3304.38,1,3304.38,-33.61,-1.02,0,1.93,0.06,-38.58,-1.17,307.08,0.31,10
213,Exit short,2025-05-23 18:00,MR FAIL | IN:MR | OUT:MR,3347.648,1,3311.077,-36.57,-1.10,0,32.29,0.98,-38.73,-1.17,270.51,0.27,26
213,Entry short,2025-05-22 15:00,MR-S | IN:MR,3311.077,1,3311.077,-36.57,-1.10,0,32.29,0.98,-38.73,-1.17,270.51,0.27,26
214,Exit short,2025-05-27 15:00,MR TP1 | IN:MR | OUT:MR,3298.53,0.2,667.4786,7.77,1.16,0,9.03,1.35,-2.53,-0.38,278.28,0.28,22
214,Entry short,2025-05-26 14:00,MR-S | IN:MR,3337.393,0.2,667.4786,7.77,1.16,0,9.03,1.35,-2.53,-0.38,278.28,0.28,22
215,Exit short,2025-05-28 13:00,RUN EXIT | IN:MR | OUT:MR,3308.22,0.8,2669.9144,23.34,0.87,0,42.4,1.59,-10.11,-0.38,301.62,0.30,43
215,Entry short,2025-05-26 14:00,MR-S | IN:MR,3337.393,0.8,2669.9144,23.34,0.87,0,42.4,1.59,-10.11,-0.38,301.62,0.30,43
216,Exit long,2025-05-30 03:00,MR TP1 | IN:MR | OUT:MR,3317.775,0.2,663.312,0.24,0.04,0,2.91,0.44,-2.41,-0.36,301.86,0.30,8
216,Entry long,2025-05-29 19:00,MR-L | IN:MR,3316.56,0.2,663.312,0.24,0.04,0,2.91,0.44,-2.41,-0.36,301.86,0.30,8
217,Exit long,2025-05-30 18:00,RUN EXIT | IN:MR | OUT:MR,3293.89,0.8,2653.248,-18.14,-0.68,0,11.64,0.44,-23.53,-0.89,283.73,0.28,22
217,Entry long,2025-05-29 19:00,MR-L | IN:MR,3316.56,0.8,2653.248,-18.14,-0.68,0,11.64,0.44,-23.53,-0.89,283.73,0.28,22
218,Exit long,2025-06-02 10:00,MR TP1 | IN:MR | OUT:MR,3308.61,0.2,662.25,-0.53,-0.08,0,0.51,0.08,-2.01,-0.30,283.2,0.28,3
218,Entry long,2025-06-02 07:00,MR-L | IN:MR,3311.25,0.2,662.25,-0.53,-0.08,0,0.51,0.08,-2.01,-0.30,283.2,0.28,3
219,Exit long,2025-06-03 13:00,RUN EXIT | IN:MR | OUT:MR,3358.81,0.8,2649,38.05,1.44,0,64.68,2.44,-8.04,-0.30,321.25,0.32,29
219,Entry long,2025-06-02 07:00,MR-L | IN:MR,3311.25,0.8,2649,38.05,1.44,0,64.68,2.44,-8.04,-0.30,321.25,0.32,29
220,Exit short,2025-06-05 16:00,MR FAIL | IN:MR | OUT:MR,3389.53,1,3365.953,-23.58,-0.70,0,0.89,0.03,-25.39,-0.75,297.67,0.30,3
220,Entry short,2025-06-05 13:00,MR-S | IN:MR,3365.953,1,3365.953,-23.58,-0.70,0,0.89,0.03,-25.39,-0.75,297.67,0.30,3
221,Exit short,2025-06-06 13:00,MR TP1 | IN:MR | OUT:MR,3360.68,0.2,668.9446,-3.19,-0.48,0,1.03,0.15,-6.18,-0.92,294.48,0.29,14
221,Entry short,2025-06-05 22:00,MR-S | IN:MR,3344.723,0.2,668.9446,-3.19,-0.48,0,1.03,0.15,-6.18,-0.92,294.48,0.29,14
222,Exit short,2025-06-09 18:00,RUN EXIT | IN:MR | OUT:HYBRID,3317.51,0.8,2675.7784,21.77,0.81,0,41.22,1.54,-24.73,-0.92,316.25,0.32,42
222,Entry short,2025-06-05 22:00,MR-S | IN:MR,3344.723,0.8,2675.7784,21.77,0.81,0,41.22,1.54,-24.73,-0.92,316.25,0.32,42
223,Exit short,2025-06-17 07:00,MR TP1 | IN:MR | OUT:HYBRID,3394.2,0.2,687.69,8.85,1.29,0,11.19,1.63,-0.26,-0.04,325.1,0.33,21
223,Entry short,2025-06-16 09:00,MR-S | IN:MR,3438.45,0.2,687.69,8.85,1.29,0,11.19,1.63,-0.26,-0.04,325.1,0.33,21
224,Exit short,2025-06-18 11:00,RUN EXIT | IN:MR | OUT:MR,3395.15,0.8,2750.76,34.64,1.26,0,58.09,2.11,-1.04,-0.04,359.74,0.36,48
224,Entry short,2025-06-16 09:00,MR-S | IN:MR,3438.45,0.8,2750.76,34.64,1.26,0,58.09,2.11,-1.04,-0.04,359.74,0.36,48
225,Exit long,2025-06-23 22:00,MR TP1 | IN:MR | OUT:MR,3387.162,0.2,673.9472,3.49,0.52,0,5.72,0.85,-4.61,-0.68,363.22,0.36,23
225,Entry long,2025-06-20 22:00,MR-L | IN:MR,3369.736,0.2,673.9472,3.49,0.52,0,5.72,0.85,-4.61,-0.68,363.22,0.36,23
226,Exit long,2025-06-24 09:00,RUN EXIT | IN:MR | OUT:MR,3351.82,0.8,2695.7888,-14.33,-0.53,0,22.89,0.85,-29.5,-1.09,348.89,0.35,33
226,Entry long,2025-06-20 22:00,MR-L | IN:MR,3369.736,0.8,2695.7888,-14.33,-0.53,0,22.89,0.85,-29.5,-1.09,348.89,0.35,33
227,Exit long,2025-06-26 17:00,MR TP1 | IN:MR | OUT:MR,3343.048,0.2,665.876,2.73,0.41,0,4.19,0.63,-3.53,-0.53,351.63,0.35,31
227,Entry long,2025-06-25 09:00,MR-L | IN:MR,3329.38,0.2,665.876,2.73,0.41,0,4.19,0.63,-3.53,-0.53,351.63,0.35,31
228,Exit long,2025-06-27 06:00,RUN EXIT | IN:MR | OUT:MR,3318.594,0.8,2663.504,-8.63,-0.32,0,16.77,0.63,-15.75,-0.59,343,0.34,43
228,Entry long,2025-06-25 09:00,MR-L | IN:MR,3329.38,0.8,2663.504,-8.63,-0.32,0,16.77,0.63,-15.75,-0.59,343,0.34,43
229,Exit long,2025-07-01 10:00,MR TP1 | IN:MR | OUT:HYBRID,3321.07,0.2,657.804,6.41,0.97,0,6.72,1.02,-2.92,-0.44,349.41,0.35,21
229,Entry long,2025-06-30 12:00,MR-L | IN:MR,3289.02,0.2,657.804,6.41,0.97,0,6.72,1.02,-2.92,-0.44,349.41,0.35,21
230,Exit long,2025-07-02 10:00,RUN EXIT | IN:MR | OUT:MR,3339.85,0.8,2631.216,40.66,1.55,0,55.2,2.10,-11.69,-0.44,390.07,0.39,44
230,Entry long,2025-06-30 12:00,MR-L | IN:MR,3289.02,0.8,2631.216,40.66,1.55,0,55.2,2.10,-11.69,-0.44,390.07,0.39,44
231,Exit short,2025-07-04 05:00,MR TP1 | IN:MR | OUT:MR,3329.1,0.2,664.844,-0.98,-0.15,0,0.49,0.07,-2.85,-0.43,389.09,0.39,9
231,Entry short,2025-07-03 19:00,MR-S | IN:MR,3324.22,0.2,664.844,-0.98,-0.15,0,0.49,0.07,-2.85,-0.43,389.09,0.39,9
232,Exit short,2025-07-08 01:00,RUN EXIT | IN:MR | OUT:MR,3334.155,0.8,2659.376,-7.95,-0.30,0,22.42,0.84,-16.7,-0.63,381.15,0.38,48
232,Entry short,2025-07-03 19:00,MR-S | IN:MR,3324.22,0.8,2659.376,-7.95,-0.30,0,22.42,0.84,-16.7,-0.63,381.15,0.38,48
233,Exit long,2025-07-10 13:00,MR TP1 | IN:MR | OUT:HYBRID,3325.23,0.2,661.895,3.15,0.48,0,3.81,0.58,-0.38,-0.06,384.3,0.38,14
233,Entry long,2025-07-09 22:00,MR-L | IN:MR,3309.475,0.2,661.895,3.15,0.48,0,3.81,0.58,-0.38,-0.06,384.3,0.38,14
234,Exit long,2025-07-14 20:00,RUN EXIT | IN:MR | OUT:MR,3355.115,0.8,2647.58,36.51,1.38,0,52.39,1.98,-1.52,-0.06,420.81,0.42,67
234,Entry long,2025-07-09 22:00,MR-L | IN:MR,3309.475,0.8,2647.58,36.51,1.38,0,52.39,1.98,-1.52,-0.06,420.81,0.42,67
235,Exit long,2025-07-17 15:00,MR FAIL | IN:MR | OUT:MR,3328.653,1,3343.448,-14.79,-0.44,0,14.03,0.42,-18.49,-0.55,406.01,0.41,16
235,Entry long,2025-07-16 22:00,MR-L | IN:MR,3343.448,1,3343.448,-14.79,-0.44,0,14.03,0.42,-18.49,-0.55,406.01,0.41,16
236,Exit long,2025-07-18 16:00,MR TP1 | IN:MR | OUT:MR,3352.3,0.2,668.65,1.81,0.27,0,2.33,0.35,-2.32,-0.35,407.82,0.41,11
236,Entry long,2025-07-18 05:00,MR-L | IN:MR,3343.25,0.2,668.65,1.81,0.27,0,2.33,0.35,-2.32,-0.35,407.82,0.41,11
237,Exit long,2025-07-22 12:00,RUN EXIT | IN:MR | OUT:HYBRID,3385.45,0.8,2674.6,33.76,1.26,0,47.57,1.78,-9.28,-0.35,441.58,0.44,53
237,Entry long,2025-07-18 05:00,MR-L | IN:MR,3343.25,0.8,2674.6,33.76,1.26,0,47.57,1.78,-9.28,-0.35,441.58,0.44,53
238,Exit short,2025-07-24 11:00,MR TP1 | IN:TREND | OUT:HYBRID,3382.56,0.2,685.6172,9.11,1.33,0,10.75,1.57,-0.38,-0.06,450.69,0.45,16
238,Entry short,2025-07-23 18:00,MR-S | IN:TREND,3428.086,0.2,685.6172,9.11,1.33,0,10.75,1.57,-0.38,-0.06,450.69,0.45,16
239,Exit short,2025-07-29 19:00,RUN EXIT | IN:TREND | OUT:MR,3322.998,0.8,2742.4688,84.07,3.07,0,101.3,3.69,-1.52,-0.06,534.76,0.53,93
239,Entry short,2025-07-23 18:00,MR-S | IN:TREND,3428.086,0.8,2742.4688,84.07,3.07,0,101.3,3.69,-1.52,-0.06,534.76,0.53,93
240,Exit long,2025-08-01 07:00,MR FAIL | IN:MR | OUT:MR,3290.32,1,3296.287,-5.97,-0.18,0,14.83,0.45,-10.07,-0.31,528.79,0.53,13
240,Entry long,2025-07-31 17:00,MR-L | IN:MR,3296.287,1,3296.287,-5.97,-0.18,0,14.83,0.45,-10.07,-0.31,528.79,0.53,13
241,Exit long,2025-08-01 22:00,MR TP1 | IN:MR | OUT:TREND,3348.55,0.2,658.8654,10.84,1.65,0,12.18,1.85,-0.25,-0.04,539.64,0.54,6
241,Entry long,2025-08-01 16:00,MR-L | IN:MR,3294.327,0.2,658.8654,10.84,1.65,0,12.18,1.85,-0.25,-0.04,539.64,0.54,6
242,Exit long,2025-08-05 00:00,RUN EXIT | IN:MR | OUT:HYBRID,3373.95,0.8,2635.4616,63.7,2.42,0,72.9,2.77,-1,-0.04,603.34,0.60,31
242,Entry long,2025-08-01 16:00,MR-L | IN:MR,3294.327,0.8,2635.4616,63.7,2.42,0,72.9,2.77,-1,-0.04,603.34,0.60,31
243,Exit short,2025-08-07 20:00,MR FAIL | IN:MR | OUT:MR,3384.675,1,3372.94,-11.73,-0.35,0,1.29,0.04,-20.9,-0.62,591.6,0.59,3
243,Entry short,2025-08-07 17:00,MR-S | IN:MR,3372.94,1,3372.94,-11.73,-0.35,0,1.29,0.04,-20.9,-0.62,591.6,0.59,3
244,Exit short,2025-08-09 01:00,MR FAIL | IN:MR | OUT:MR,3395.442,1,3380.973,-14.47,-0.43,0,6.68,0.20,-23.55,-0.70,577.13,0.58,1
244,Entry short,2025-08-09 00:00,MR-S | IN:MR,3380.973,1,3380.973,-14.47,-0.43,0,6.68,0.20,-23.55,-0.70,577.13,0.58,1
245,Exit short,2025-08-11 14:00,MR TP1 | IN:MR | OUT:MR,3360.17,0.2,676.3206,4.29,0.63,0,4.96,0.73,-0.48,-0.07,581.42,0.58,7
245,Entry short,2025-08-11 07:00,MR-S | IN:MR,3381.603,0.2,676.3206,4.29,0.63,0,4.96,0.73,-0.48,-0.07,581.42,0.58,7
246,Exit short,2025-08-12 13:00,RUN EXIT | IN:MR | OUT:MR,3345.245,0.8,2705.2824,29.09,1.08,0,32.64,1.21,-1.91,-0.07,610.51,0.61,29
246,Entry short,2025-08-11 07:00,MR-S | IN:MR,3381.603,0.8,2705.2824,29.09,1.08,0,32.64,1.21,-1.91,-0.07,610.51,0.61,29
247,Exit short,2025-08-14 21:00,MR TP1 | IN:MR | OUT:MR,3340.565,0.2,670.104,1.99,0.30,0,3.31,0.49,-1.11,-0.17,612.5,0.61,2
247,Entry short,2025-08-14 19:00,MR-S | IN:MR,3350.52,0.2,670.104,1.99,0.30,0,3.31,0.49,-1.11,-0.17,612.5,0.61,2
248,Exit short,2025-08-18 10:00,RUN EXIT | IN:MR | OUT:MR,3346.895,0.8,2680.416,2.9,0.11,0,21.75,0.81,-4.42,-0.17,615.4,0.62,37
248,Entry short,2025-08-14 19:00,MR-S | IN:MR,3350.52,0.8,2680.416,2.9,0.11,0,21.75,0.81,-4.42,-0.17,615.4,0.62,37
249,Exit long,2025-08-19 21:00,MR FAIL | IN:MR | OUT:MR,3325.19,1,3343.483,-18.29,-0.55,0,1.37,0.04,-22.7,-0.68,597.1,0.60,4
249,Entry long,2025-08-19 17:00,MR-L | IN:MR,3343.483,1,3343.483,-18.29,-0.55,0,1.37,0.04,-22.7,-0.68,597.1,0.60,4
250,Exit long,2025-08-21 02:00,MR TP1 | IN:HYBRID | OUT:TREND,3348.79,0.2,665.32,4.44,0.67,0,4.74,0.71,-0.21,-0.03,601.54,0.60,9
250,Entry long,2025-08-20 17:00,MR-L | IN:HYBRID,3326.6,0.2,665.32,4.44,0.67,0,4.74,0.71,-0.21,-0.03,601.54,0.60,9
251,Exit long,2025-08-22 00:00,RUN EXIT | IN:HYBRID | OUT:MR,3337.12,0.8,2661.28,8.42,0.32,0,20.42,0.77,-1.32,-0.05,609.96,0.61,30
251,Entry long,2025-08-20 17:00,MR-L | IN:HYBRID,3326.6,0.8,2661.28,8.42,0.32,0,20.42,0.77,-1.32,-0.05,609.96,0.61,30
252,Exit short,2025-08-27 02:00,MR FAIL | IN:MR | OUT:MR,3389.653,1,3365.605,-24.05,-0.71,0,14.45,0.43,-25.36,-0.75,585.91,0.59,22
252,Entry short,2025-08-26 03:00,MR-S | IN:MR,3365.605,1,3365.605,-24.05,-0.71,0,14.45,0.43,-25.36,-0.75,585.91,0.59,22
253,Exit short,2025-08-27 23:00,MR FAIL | IN:MR | OUT:MR,3395.44,1,3374.96,-20.48,-0.61,0,1.34,0.04,-23.86,-0.71,565.43,0.57,12
253,Entry short,2025-08-27 11:00,MR-S | IN:MR,3374.96,1,3374.96,-20.48,-0.61,0,1.34,0.04,-23.86,-0.71,565.43,0.57,12
254,Exit short,2025-08-29 22:00,MR FAIL | IN:MR | OUT:MR,3445.43,1,3410.193,-35.24,-1.03,0,6.01,0.18,-37.57,-1.10,530.19,0.53,9
254,Entry short,2025-08-29 13:00,MR-S | IN:MR,3410.193,1,3410.193,-35.24,-1.03,0,6.01,0.18,-37.57,-1.10,530.19,0.53,9
255,Exit short,2025-09-02 23:00,MR FAIL | IN:TREND | OUT:HYBRID,3527.6,1,3470.51,-57.09,-1.65,0,3.53,0.10,-58.42,-1.68,473.1,0.47,27
255,Entry short,2025-09-01 17:00,MR-S | IN:TREND,3470.51,1,3470.51,-57.09,-1.65,0,3.53,0.10,-58.42,-1.68,473.1,0.47,27
256,Exit long,2025-09-04 10:00,TF EXIT | IN:HYBRID | OUT:MR,3528.92,1,3527.6,1.32,0.04,0,50.78,1.44,-17.17,-0.49,474.42,0.47,33
256,Entry long,2025-09-02 23:00,TF-L | IN:HYBRID,3527.6,1,3527.6,1.32,0.04,0,50.78,1.44,-17.17,-0.49,474.42,0.47,33
257,Exit short,2025-09-05 22:00,MR FAIL | IN:MR | OUT:MR,3591.87,1,3528.92,-62.95,-1.78,0,5.01,0.14,-69.08,-1.96,411.47,0.41,35
257,Entry short,2025-09-04 10:00,MR-S | IN:MR,3528.92,1,3528.92,-62.95,-1.78,0,5.01,0.14,-69.08,-1.96,411.47,0.41,35
258,Exit short,2025-09-11 17:00,MR TP1 | IN:HYBRID | OUT:HYBRID,3621.76,0.2,729.588,5.24,0.72,0,6.8,0.93,-5.37,-0.74,416.71,0.42,45
258,Entry short,2025-09-09 18:00,MR-S | IN:HYBRID,3647.94,0.2,729.588,5.24,0.72,0,6.8,0.93,-5.37,-0.74,416.71,0.42,45
259,Exit short,2025-09-12 09:00,RUN EXIT | IN:HYBRID | OUT:MR,3648.93,0.8,2918.352,-0.79,-0.03,0,28.18,0.97,-21.47,-0.74,415.92,0.42,60
259,Entry short,2025-09-09 18:00,MR-S | IN:HYBRID,3647.94,0.8,2918.352,-0.79,-0.03,0,28.18,0.97,-21.47,-0.74,415.92,0.42,60
260,Exit short,2025-09-15 20:00,MR FAIL | IN:MR | OUT:MR,3657.144,1,3633.27,-23.87,-0.66,0,7.12,0.20,-31.01,-0.85,392.04,0.39,13
260,Entry short,2025-09-15 07:00,MR-S | IN:MR,3633.27,1,3633.27,-23.87,-0.66,0,7.12,0.20,-31.01,-0.85,392.04,0.39,13
261,Exit short,2025-09-18 05:00,MR TP1 | IN:MR | OUT:HYBRID,3662.75,0.2,737.9382,5.39,0.73,0,8.79,1.19,-3.56,-0.48,397.43,0.40,28
261,Entry short,2025-09-16 23:00,MR-S | IN:MR,3689.691,0.2,737.9382,5.39,0.73,0,8.79,1.19,-3.56,-0.48,397.43,0.40,28
262,Exit short,2025-09-19 13:00,RUN EXIT | IN:MR | OUT:MR,3646.93,0.8,2951.7528,34.21,1.16,0,49.78,1.69,-14.22,-0.48,431.64,0.43,59
262,Entry short,2025-09-16 23:00,MR-S | IN:MR,3689.691,0.8,2951.7528,34.21,1.16,0,49.78,1.69,-14.22,-0.48,431.64,0.43,59
263,Exit short,2025-09-23 18:00,MR FAIL | IN:TREND | OUT:TREND,3783.235,1,3744.66,-38.58,-1.03,0,1.55,0.04,-46.42,-1.24,393.06,0.39,7
263,Entry short,2025-09-23 11:00,MR-S | IN:TREND,3744.66,1,3744.66,-38.58,-1.03,0,1.55,0.04,-46.42,-1.24,393.06,0.39,7
264,Exit short,2025-09-25 10:00,MR TP1 | IN:TREND | OUT:HYBRID,3736.49,0.2,754.77,7.47,0.99,0,11.3,1.50,-2.38,-0.32,400.54,0.40,35
264,Entry short,2025-09-23 21:00,MR-S | IN:TREND,3773.85,0.2,754.77,7.47,0.99,0,11.3,1.50,-2.38,-0.32,400.54,0.40,35
265,Exit short,2025-09-26 15:00,RUN EXIT | IN:TREND | OUT:MR,3752.85,0.8,3019.08,16.8,0.56,0,45.2,1.50,-9.53,-0.32,417.34,0.42,63
265,Entry short,2025-09-23 21:00,MR-S | IN:TREND,3773.85,0.8,3019.08,16.8,0.56,0,45.2,1.50,-9.53,-0.32,417.34,0.42,63
266,Exit short,2025-10-01 09:00,MR FAIL | IN:HYBRID | OUT:MR,3863.339,1,3816.23,-47.11,-1.23,0,23.36,0.61,-59.23,-1.55,370.23,0.37,17
266,Entry short,2025-09-30 15:00,MR-S | IN:HYBRID,3816.23,1,3816.23,-47.11,-1.23,0,23.36,0.61,-59.23,-1.55,370.23,0.37,17
267,Exit short,2025-10-03 10:00,MR TP1 | IN:MR | OUT:MR,3842.659,0.2,773.083,4.55,0.59,0,9.26,1.20,-6.32,-0.82,374.78,0.37,29
267,Entry short,2025-10-02 03:00,MR-S | IN:MR,3865.415,0.2,773.083,4.55,0.59,0,9.26,1.20,-6.32,-0.82,374.78,0.37,29
268,Exit short,2025-10-03 21:00,RUN EXIT | IN:MR | OUT:MR,3879.59,0.8,3092.332,-11.34,-0.37,0,37.06,1.20,-25.27,-0.82,363.44,0.36,40
268,Entry short,2025-10-02 03:00,MR-S | IN:MR,3865.415,0.8,3092.332,-11.34,-0.37,0,37.06,1.20,-25.27,-0.82,363.44,0.36,40
269,Exit short,2025-10-08 09:00,MR FAIL | IN:HYBRID | OUT:MR,4011.67,1,3975.908,-35.76,-0.90,0,35.22,0.89,-35.85,-0.90,327.68,0.33,21
269,Entry short,2025-10-07 11:00,MR-S | IN:HYBRID,3975.908,1,3975.908,-35.76,-0.90,0,35.22,0.89,-35.85,-0.90,327.68,0.33,21
270,Exit short,2025-10-10 09:00,MR TP1 | IN:MR | OUT:MR,3978.46,0.2,807.95,12.26,1.52,0,19.19,2.38,-3.65,-0.45,339.93,0.34,20
270,Entry short,2025-10-09 12:00,MR-S | IN:MR,4039.75,0.2,807.95,12.26,1.52,0,19.19,2.38,-3.65,-0.45,339.93,0.34,20
271,Exit short,2025-10-11 03:00,RUN EXIT | IN:MR | OUT:MR,4017.845,0.8,3231.8,17.52,0.54,0,76.77,2.38,-14.61,-0.45,357.46,0.36,38
271,Entry short,2025-10-09 12:00,MR-S | IN:MR,4039.75,0.8,3231.8,17.52,0.54,0,76.77,2.38,-14.61,-0.45,357.46,0.36,38
272,Exit short,2025-10-15 11:00,MR FAIL | IN:MR | OUT:MR,4179.7,1,4106.541,-73.16,-1.78,0,8.94,0.22,-84.3,-2.05,284.3,0.28,15
272,Entry short,2025-10-14 19:00,MR-S | IN:MR,4106.541,1,4106.541,-73.16,-1.78,0,8.94,0.22,-84.3,-2.05,284.3,0.28,15
273,Exit short,2025-10-20 14:00,MR TP1 | IN:TREND | OUT:HYBRID,4254.99,0.2,869.554,18.56,2.13,0,32.47,3.73,-0.11,-0.01,302.86,0.30,22
273,Entry short,2025-10-17 15:00,MR-S | IN:TREND,4347.77,0.2,869.554,18.56,2.13,0,32.47,3.73,-0.11,-0.01,302.86,0.30,22
274,Exit short,2025-10-21 00:00,RUN EXIT | IN:TREND | OUT:HYBRID,4347.359,0.8,3478.216,0.33,0.01,0,129.88,3.73,-6.21,-0.18,303.18,0.30,32
274,Entry short,2025-10-17 15:00,MR-S | IN:TREND,4347.77,0.8,3478.216,0.33,0.01,0,129.88,3.73,-6.21,-0.18,303.18,0.30,32
275,Exit short,2025-10-21 21:00,MR TP1 | IN:MR | OUT:TREND,4138.955,0.2,852.996,25.21,2.95,0,36.82,4.32,-1.49,-0.18,328.39,0.33,5
275,Entry short,2025-10-21 16:00,MR-S | IN:MR,4264.98,0.2,852.996,25.21,2.95,0,36.82,4.32,-1.49,-0.18,328.39,0.33,5
276,Exit short,2025-10-23 03:00,RUN EXIT | IN:MR | OUT:MR,4098.055,0.8,3411.984,133.54,3.91,0,209.67,6.15,-5.98,-0.18,461.93,0.46,34
276,Entry short,2025-10-21 16:00,MR-S | IN:MR,4264.98,0.8,3411.984,133.54,3.91,0,209.67,6.15,-5.98,-0.18,461.93,0.46,34
277,Exit long,2025-10-27 10:00,MR FAIL | IN:MR | OUT:MR,4069.47,1,4130.37,-60.9,-1.47,0,8.64,0.21,-72.53,-1.76,401.03,0.40,11
277,Entry long,2025-10-24 22:00,MR-L | IN:MR,4130.37,1,4130.37,-60.9,-1.47,0,8.64,0.21,-72.53,-1.76,401.03,0.40,11
278,Exit long,2025-10-30 10:00,MR FAIL | IN:MR | OUT:MR,3937.862,1,3956.312,-18.45,-0.47,0,73.92,1.87,-41.59,-1.05,382.58,0.38,31
278,Entry long,2025-10-29 01:00,MR-L | IN:MR,3956.312,1,3956.312,-18.45,-0.47,0,73.92,1.87,-41.59,-1.05,382.58,0.38,31
279,Exit long,2025-10-30 14:00,MR FAIL | IN:MR | OUT:MR,3961.25,1,3976.94,-15.69,-0.39,0,0.52,0.01,-21.29,-0.54,366.89,0.37,1
279,Entry long,2025-10-30 13:00,MR-L | IN:MR,3976.94,1,3976.94,-15.69,-0.39,0,0.52,0.01,-21.29,-0.54,366.89,0.37,1
280,Exit long,2025-10-31 00:00,MR TP1 | IN:MR | OUT:MR,4004.488,0.2,795.306,5.59,0.70,0,8.3,1.04,-3.31,-0.42,372.48,0.37,9
280,Entry long,2025-10-30 15:00,MR-L | IN:MR,3976.53,0.2,795.306,5.59,0.70,0,8.3,1.04,-3.31,-0.42,372.48,0.37,9
281,Exit long,2025-11-01 00:00,RUN EXIT | IN:MR | OUT:MR,3997.482,0.8,3181.224,16.76,0.53,0,55.78,1.75,-13.26,-0.42,389.24,0.39,32
281,Entry long,2025-10-30 15:00,MR-L | IN:MR,3976.53,0.8,3181.224,16.76,0.53,0,55.78,1.75,-13.26,-0.42,389.24,0.39,32
282,Exit short,2025-11-04 11:00,MR TP1 | IN:MR | OUT:MR,3985.61,0.2,800.946,3.82,0.48,0,5.86,0.73,-2.06,-0.26,393.07,0.39,8
282,Entry short,2025-11-04 02:00,MR-S | IN:MR,4004.73,0.2,800.946,3.82,0.48,0,5.86,0.73,-2.06,-0.26,393.07,0.39,8
283,Exit short,2025-11-05 15:00,RUN EXIT | IN:MR | OUT:MR,3979.85,0.8,3203.784,19.9,0.62,0,61.05,1.91,-8.22,-0.26,412.97,0.41,35
283,Entry short,2025-11-04 02:00,MR-S | IN:MR,4004.73,0.8,3203.784,19.9,0.62,0,61.05,1.91,-8.22,-0.26,412.97,0.41,35
284,Exit short,2025-11-07 08:00,MR FAIL | IN:MR | OUT:MR,4001.66,1,3988.5,-13.16,-0.33,0,1.54,0.04,-14.28,-0.36,399.81,0.40,1
284,Entry short,2025-11-07 07:00,MR-S | IN:MR,3988.5,1,3988.5,-13.16,-0.33,0,1.54,0.04,-14.28,-0.36,399.81,0.40,1
285,Exit short,2025-11-07 14:00,MR FAIL | IN:MR | OUT:MR,4007.69,1,3990.39,-17.3,-0.43,0,5.21,0.13,-19.45,-0.49,382.51,0.38,4
285,Entry short,2025-11-07 10:00,MR-S | IN:MR,3990.39,1,3990.39,-17.3,-0.43,0,5.21,0.13,-19.45,-0.49,382.51,0.38,4
286,Exit short,2025-11-07 23:00,MR FAIL | IN:MR | OUT:MR,4007.585,1,3990.775,-16.81,-0.42,0,1,0.02,-36.6,-0.92,365.7,0.37,1
286,Entry short,2025-11-07 22:00,MR-S | IN:MR,3990.775,1,3990.775,-16.81,-0.42,0,1,0.02,-36.6,-0.92,365.7,0.37,1
287,Exit short,2025-11-12 23:00,MR FAIL | IN:TREND | OUT:MR,4196.4,1,4129.6,-66.8,-1.62,0,32.96,0.80,-68.15,-1.65,298.9,0.30,32
287,Entry short,2025-11-11 14:00,MR-S | IN:TREND,4129.6,1,4129.6,-66.8,-1.62,0,32.96,0.80,-68.15,-1.65,298.9,0.30,32
288,Exit short,2025-11-14 20:00,MR TP1 | IN:MR | OUT:HYBRID,4055.83,0.2,831.574,20.41,2.45,0,23.4,2.81,-10.69,-1.29,319.31,0.32,18
288,Entry short,2025-11-14 01:00,MR-S | IN:MR,4157.87,0.2,831.574,20.41,2.45,0,23.4,2.81,-10.69,-1.29,319.31,0.32,18
289,Exit short,2025-11-17 22:00,RUN EXIT | IN:MR | OUT:MR,4064.35,0.8,3326.296,74.82,2.25,0,100.84,3.03,-42.75,-1.29,394.12,0.39,43
289,Entry short,2025-11-14 01:00,MR-S | IN:MR,4157.87,0.8,3326.296,74.82,2.25,0,100.84,3.03,-42.75,-1.29,394.12,0.39,43
290,Exit long,2025-11-19 16:00,MR TP1 | IN:MR | OUT:HYBRID,4113.18,0.2,807.8694,14.77,1.83,0,15.39,1.91,-2.07,-0.26,408.89,0.41,21
290,Entry long,2025-11-18 18:00,MR-L | IN:MR,4039.347,0.2,807.8694,14.77,1.83,0,15.39,1.91,-2.07,-0.26,408.89,0.41,21
291,Exit long,2025-11-20 11:00,RUN EXIT | IN:MR | OUT:MR,4075.57,0.8,3231.4776,28.98,0.90,0,74.77,2.31,-8.29,-0.26,437.87,0.44,39
291,Entry long,2025-11-18 18:00,MR-L | IN:MR,4039.347,0.8,3231.4776,28.98,0.90,0,74.77,2.31,-8.29,-0.26,437.87,0.44,39
292,Exit long,2025-11-24 09:00,MR FAIL | IN:MR | OUT:MR,4043.32,1,4099.76,-56.44,-1.38,0,1.41,0.03,-59.38,-1.45,381.43,0.38,9
292,Entry long,2025-11-21 23:00,MR-L | IN:MR,4099.76,1,4099.76,-56.44,-1.38,0,1.41,0.03,-59.38,-1.45,381.43,0.38,9
293,Exit long,2025-11-24 23:00,MR TP1 | IN:MR | OUT:MR,4097.33,0.2,816.064,3.4,0.42,0,3.73,0.46,-2.45,-0.30,384.83,0.38,4
293,Entry long,2025-11-24 19:00,MR-L | IN:MR,4080.32,0.2,816.064,3.4,0.42,0,3.73,0.46,-2.45,-0.30,384.83,0.38,4
294,Exit long,2025-11-25 22:00,RUN EXIT | IN:MR | OUT:MR,4123.22,0.8,3264.256,34.32,1.05,0,60.48,1.85,-9.8,-0.30,419.15,0.42,26
294,Entry long,2025-11-24 19:00,MR-L | IN:MR,4080.32,0.8,3264.256,34.32,1.05,0,60.48,1.85,-9.8,-0.30,419.15,0.42,26
295,Exit short,2025-11-27 00:00,MR FAIL | IN:MR | OUT:MR,4167.116,1,4153.24,-13.88,-0.33,0,16.9,0.41,-16.67,-0.40,405.28,0.41,4
295,Entry short,2025-11-26 20:00,MR-S | IN:MR,4153.24,1,4153.24,-13.88,-0.33,0,16.9,0.41,-16.67,-0.40,405.28,0.41,4
296,Exit short,2025-11-28 08:00,MR FAIL | IN:MR | OUT:MR,4191.06,1,4164.6,-26.46,-0.64,0,22.18,0.53,-28.6,-0.69,378.82,0.38,27
296,Entry short,2025-11-27 01:00,MR-S | IN:MR,4164.6,1,4164.6,-26.46,-0.64,0,22.18,0.53,-28.6,-0.69,378.82,0.38,27
297,Exit short,2025-12-03 00:00,MR TP1 | IN:TREND | OUT:MR,4193.69,0.2,845.244,6.51,0.77,0,12.55,1.49,-3.69,-0.44,385.32,0.39,24
297,Entry short,2025-12-01 23:00,MR-S | IN:TREND,4226.22,0.2,845.244,6.51,0.77,0,12.55,1.49,-3.69,-0.44,385.32,0.39,24
298,Exit short,2025-12-03 20:00,RUN EXIT | IN:TREND | OUT:MR,4237.16,0.8,3380.976,-8.75,-0.26,0,50.21,1.49,-14.75,-0.44,376.57,0.38,43
298,Entry short,2025-12-01 23:00,MR-S | IN:TREND,4226.22,0.8,3380.976,-8.75,-0.26,0,50.21,1.49,-14.75,-0.44,376.57,0.38,43
299,Exit long,2025-12-05 12:00,MR TP1 | IN:MR | OUT:MR,4220.226,0.2,843.281,0.76,0.09,0,0.98,0.12,-4.39,-0.52,377.33,0.38,11
299,Entry long,2025-12-05 00:00,MR-L | IN:MR,4216.405,0.2,843.281,0.76,0.09,0,0.98,0.12,-4.39,-0.52,377.33,0.38,11
300,Exit long,2025-12-06 04:00,RUN EXIT | IN:MR | OUT:MR,4197.405,0.8,3373.124,-15.2,-0.45,0,34.56,1.02,-19.69,-0.58,362.13,0.36,27
300,Entry long,2025-12-05 00:00,MR-L | IN:MR,4216.405,0.8,3373.124,-15.2,-0.45,0,34.56,1.02,-19.69,-0.58,362.13,0.36,27
301,Exit long,2025-12-10 07:00,MR TP1 | IN:MR | OUT:MR,4208.366,0.2,840.862,0.81,0.10,0,3.42,0.41,-3.02,-0.36,362.94,0.36,11
301,Entry long,2025-12-09 19:00,MR-L | IN:MR,4204.31,0.2,840.862,0.81,0.10,0,3.42,0.41,-3.02,-0.36,362.94,0.36,11
302,Exit long,2025-12-10 19:00,RUN EXIT | IN:MR | OUT:MR,4196.266,0.8,3363.448,-6.44,-0.19,0,13.67,0.41,-13.43,-0.40,356.51,0.36,23
302,Entry long,2025-12-09 19:00,MR-L | IN:MR,4204.31,0.8,3363.448,-6.44,-0.19,0,13.67,0.41,-13.43,-0.40,356.51,0.36,23
303,Exit short,2025-12-16 18:00,MR TP1 | IN:MR | OUT:TREND,4278.43,0.2,858.864,3.18,0.37,0,4.64,0.54,-11.22,-1.31,359.69,0.36,40
303,Entry short,2025-12-13 00:00,MR-S | IN:MR,4294.32,0.2,858.864,3.18,0.37,0,4.64,0.54,-11.22,-1.31,359.69,0.36,40
304,Exit short,2025-12-17 10:00,RUN EXIT | IN:MR | OUT:MR,4323.53,0.8,3435.456,-23.37,-0.68,0,18.56,0.54,-44.88,-1.31,336.32,0.34,55
304,Entry short,2025-12-13 00:00,MR-S | IN:MR,4294.32,0.8,3435.456,-23.37,-0.68,0,18.56,0.54,-44.88,-1.31,336.32,0.34,55
305,Exit short,2025-12-18 22:00,MR FAIL | IN:MR | OUT:MR,4338.05,1,4325.06,-12.99,-0.30,0,16.77,0.39,-17.93,-0.41,323.33,0.32,5
305,Entry short,2025-12-18 17:00,MR-S | IN:MR,4325.06,1,4325.06,-12.99,-0.30,0,16.77,0.39,-17.93,-0.41,323.33,0.32,5
306,Exit short,2025-12-19 23:00,MR FAIL | IN:MR | OUT:MR,4349.74,1,4323.35,-26.39,-0.61,0,10.87,0.25,-31.57,-0.73,296.94,0.30,15
306,Entry short,2025-12-19 08:00,MR-S | IN:MR,4323.35,1,4323.35,-26.39,-0.61,0,10.87,0.25,-31.57,-0.73,296.94,0.30,15
307,Exit short,2025-12-26 15:00,MR FAIL | IN:TREND | OUT:MR,4518.505,1,4460.078,-58.43,-1.31,0,30.1,0.67,-71.21,-1.60,238.51,0.24,52
307,Entry short,2025-12-23 06:00,MR-S | IN:TREND,4460.078,1,4460.078,-58.43,-1.31,0,30.1,0.67,-71.21,-1.60,238.51,0.24,52
308,Exit short,2025-12-26 20:00,MR FAIL | IN:MR | OUT:MR,4525.01,1,4508.882,-16.13,-0.36,0,5.68,0.13,-19.88,-0.44,222.38,0.22,1
308,Entry short,2025-12-26 19:00,MR-S | IN:MR,4508.882,1,4508.882,-16.13,-0.36,0,5.68,0.13,-19.88,-0.44,222.38,0.22,1
309,Exit short,2025-12-29 19:00,MR TP1 | IN:MR | OUT:HYBRID,4464.09,0.2,899.514,6.7,0.74,0,12.79,1.42,-4.65,-0.52,229.08,0.23,12
309,Entry short,2025-12-29 07:00,MR-S | IN:MR,4497.57,0.2,899.514,6.7,0.74,0,12.79,1.42,-4.65,-0.52,229.08,0.23,12
310,Exit short,2025-12-30 17:00,RUN EXIT | IN:MR | OUT:HYBRID,4384.6,0.8,3598.056,90.38,2.51,0,156.63,4.35,-18.58,-0.52,319.46,0.32,33
310,Entry short,2025-12-29 07:00,MR-S | IN:MR,4497.57,0.8,3598.056,90.38,2.51,0,156.63,4.35,-18.58,-0.52,319.46,0.32,33
311,Exit long,2026-01-02 18:00,MR TP1 | IN:MR | OUT:TREND,4392.6,0.2,869.2,9.32,1.07,0,10.66,1.23,-8.38,-0.96,328.78,0.33,20
311,Entry long,2025-12-31 21:00,MR-L | IN:MR,4346,0.2,869.2,9.32,1.07,0,10.66,1.23,-8.38,-0.96,328.78,0.33,20
312,Exit long,2026-01-03 04:00,RUN EXIT | IN:MR | OUT:MR,4331.575,0.8,3476.8,-11.54,-0.33,0,45.08,1.30,-33.52,-0.96,317.24,0.32,30
312,Entry long,2025-12-31 21:00,MR-L | IN:MR,4346,0.8,3476.8,-11.54,-0.33,0,45.08,1.30,-33.52,-0.96,317.24,0.32,30
313,Exit long,2026-01-05 08:00,MR TP1 | IN:MR | OUT:MR,4401.395,0.2,874.477,5.8,0.66,0,9.84,1.12,-0.49,-0.06,323.04,0.32,2
313,Entry long,2026-01-05 06:00,MR-L | IN:MR,4372.385,0.2,874.477,5.8,0.66,0,9.84,1.12,-0.49,-0.06,323.04,0.32,2
314,Exit long,2026-01-07 13:00,RUN EXIT | IN:MR | OUT:MR,4443.72,0.8,3497.908,57.07,1.63,0,102.6,2.93,-1.98,-0.06,380.11,0.38,53
314,Entry long,2026-01-05 06:00,MR-L | IN:MR,4372.385,0.8,3497.908,57.07,1.63,0,102.6,2.93,-1.98,-0.06,380.11,0.38,53
315,Exit long,2026-01-09 09:00,MR TP1 | IN:MR | OUT:HYBRID,4469.42,0.2,895.173,-1.29,-0.14,0,1.63,0.18,-4.66,-0.52,378.82,0.38,5
315,Entry long,2026-01-09 03:00,MR-L | IN:MR,4475.865,0.2,895.173,-1.29,-0.14,0,1.63,0.18,-4.66,-0.52,378.82,0.38,5
316,Exit long,2026-01-13 03:00,RUN EXIT | IN:MR | OUT:TREND,4593.45,0.8,3580.692,94.07,2.63,0,123.5,3.45,-18.63,-0.52,472.89,0.47,46
316,Entry long,2026-01-09 03:00,MR-L | IN:MR,4475.865,0.8,3580.692,94.07,2.63,0,123.5,3.45,-18.63,-0.52,472.89,0.47,46
317,Exit short,2026-01-16 08:00,MR TP1 | IN:MR | OUT:MR,4600.22,0.2,923.416,3.37,0.37,0,7.25,0.79,-5.18,-0.56,476.26,0.48,31
317,Entry short,2026-01-14 23:00,MR-S | IN:MR,4617.08,0.2,923.416,3.37,0.37,0,7.25,0.79,-5.18,-0.56,476.26,0.48,31
318,Exit short,2026-01-19 06:00,RUN EXIT | IN:MR | OUT:MR,4672.16,0.8,3693.664,-44.06,-1.19,0,64.58,1.75,-59.04,-1.60,432.19,0.43,52
318,Entry short,2026-01-14 23:00,MR-S | IN:MR,4617.08,0.8,3693.664,-44.06,-1.19,0,64.58,1.75,-59.04,-1.60,432.19,0.43,52
319,Exit short,2026-01-23 01:00,MR FAIL | IN:TREND | OUT:HYBRID,4915.95,1,4833.374,-82.58,-1.71,0,78.03,1.61,-86.5,-1.79,349.62,0.35,25
319,Entry short,2026-01-21 23:00,MR-S | IN:TREND,4833.374,1,4833.374,-82.58,-1.71,0,78.03,1.61,-86.5,-1.79,349.62,0.35,25
320,Exit long,2026-01-27 01:00,TF EXIT | IN:HYBRID | OUT:TREND,5068.95,1,4915.95,153,3.11,0,195.22,3.97,-16.59,-0.34,502.62,0.50,46
320,Entry long,2026-01-23 01:00,TF-L | IN:HYBRID,4915.95,1,4915.95,153,3.11,0,195.22,3.97,-16.59,-0.34,502.62,0.50,46
321,Exit short,2026-01-28 04:00,MR FAIL | IN:TREND | OUT:MR,5180.23,1,5068.95,-111.28,-2.20,0,79.36,1.57,-121.45,-2.40,391.34,0.39,26
321,Entry short,2026-01-27 01:00,MR-S | IN:TREND,5068.95,1,5068.95,-111.28,-2.20,0,79.36,1.57,-121.45,-2.40,391.34,0.39,26
322,Exit short,2026-01-30 15:00,MR TP1 | IN:TREND | OUT:HYBRID,5117.14,0.2,1102.78,79.35,7.20,0,92.52,8.39,-7.23,-0.66,470.69,0.47,22
322,Entry short,2026-01-29 16:00,MR-S | IN:TREND,5513.9,0.2,1102.78,79.35,7.20,0,92.52,8.39,-7.23,-0.66,470.69,0.47,22
323,Exit short,2026-02-02 20:00,RUN EXIT | IN:TREND | OUT:MR,4706.062,0.8,4411.12,646.27,14.65,0,889.47,20.16,-28.91,-0.66,1116.96,1.12,50
323,Entry short,2026-01-29 16:00,MR-S | IN:TREND,5513.9,0.8,4411.12,646.27,14.65,0,889.47,20.16,-28.91,-0.66,1116.96,1.12,50
324,Exit short,2026-02-05 18:00,MR TP1 | IN:MR | OUT:MR,4868.389,0.2,985.466,11.79,1.20,0,27.72,2.81,-19.28,-1.96,1128.75,1.13,16
324,Entry short,2026-02-05 01:00,MR-S | IN:MR,4927.33,0.2,985.466,11.79,1.20,0,27.72,2.81,-19.28,-1.96,1128.75,1.13,16
325,Exit short,2026-02-06 19:00,RUN EXIT | IN:MR | OUT:MR,4900.15,0.8,3941.864,21.74,0.55,0,218.38,5.54,-77.11,-1.96,1150.49,1.15,40
325,Entry short,2026-02-05 01:00,MR-S | IN:MR,4927.33,0.8,3941.864,21.74,0.55,0,218.38,5.54,-77.11,-1.96,1150.49,1.15,40
326,Exit short,2026-02-11 14:00,MR FAIL | IN:MR | OUT:MR,5054.88,1,5039.32,-15.56,-0.31,0,40.76,0.81,-39.35,-0.78,1134.93,1.13,25
326,Entry short,2026-02-10 12:00,MR-S | IN:MR,5039.32,1,5039.32,-15.56,-0.31,0,40.76,0.81,-39.35,-0.78,1134.93,1.13,25
327,Exit short,2026-02-13 00:00,MR TP1 | IN:MR | OUT:MR,4941.317,0.2,1011.3802,23.12,2.29,0,35.83,3.54,-5.37,-0.53,1158.05,1.16,14
327,Entry short,2026-02-12 10:00,MR-S | IN:MR,5056.901,0.2,1011.3802,23.12,2.29,0,35.83,3.54,-5.37,-0.53,1158.05,1.16,14
328,Exit short,2026-02-13 22:00,RUN EXIT | IN:MR | OUT:MR,4976.39,0.8,4045.5208,64.41,1.59,0,143.32,3.54,-21.47,-0.53,1222.46,1.22,35
328,Entry short,2026-02-12 10:00,MR-S | IN:MR,5056.901,0.8,4045.5208,64.41,1.59,0,143.32,3.54,-21.47,-0.53,1222.46,1.22,35
329,Exit long,2026-02-19 02:00,MR TP1 | IN:MR | OUT:TREND,4980.47,0.2,986.604,9.49,0.96,0,15.58,1.58,-5.4,-0.55,1231.95,1.23,14
329,Entry long,2026-02-18 12:00,MR-L | IN:MR,4933.02,0.2,986.604,9.49,0.96,0,15.58,1.58,-5.4,-0.55,1231.95,1.23,14
330,Exit long,2026-02-20 07:00,RUN EXIT | IN:MR | OUT:MR,5006.29,0.8,3946.416,58.62,1.49,0,71.41,1.81,-21.61,-0.55,1290.56,1.29,41
330,Entry long,2026-02-18 12:00,MR-L | IN:MR,4933.02,0.8,3946.416,58.62,1.49,0,71.41,1.81,-21.61,-0.55,1290.56,1.29,41
331,Exit short,2026-02-27 12:00,MR FAIL | IN:MR | OUT:MR,5197.904,1,5171.99,-25.91,-0.50,0,79.45,1.54,-45.71,-0.88,1264.65,1.26,71
331,Entry short,2026-02-24 10:00,MR-S | IN:MR,5171.99,1,5171.99,-25.91,-0.50,0,79.45,1.54,-45.71,-0.88,1264.65,1.26,71
332,Exit short,2026-02-27 20:00,MR FAIL | IN:MR | OUT:MR,5223,1,5178.56,-44.44,-0.86,0,10.43,0.20,-61.98,-1.20,1220.21,1.22,5
332,Entry short,2026-02-27 15:00,MR-S | IN:MR,5178.56,1,5178.56,-44.44,-0.86,0,10.43,0.20,-61.98,-1.20,1220.21,1.22,5
333,Exit short,2026-03-03 21:00,MR TP1 | IN:TREND | OUT:HYBRID,5037.948,0.2,1063.113,55.52,5.22,0,59.98,5.64,-12.86,-1.21,1275.73,1.28,22
333,Entry short,2026-03-02 22:00,MR-S | IN:TREND,5315.565,0.2,1063.113,55.52,5.22,0,59.98,5.64,-12.86,-1.21,1275.73,1.28,22
334,Exit short,2026-03-04 18:00,RUN EXIT | IN:TREND | OUT:MR,5192,0.8,4252.452,98.85,2.32,0,256.07,6.02,-51.44,-1.21,1374.59,1.37,42
334,Entry short,2026-03-02 22:00,MR-S | IN:TREND,5315.565,0.8,4252.452,98.85,2.32,0,256.07,6.02,-51.44,-1.21,1374.59,1.37,42
335,Exit long,2026-03-09 09:00,MR FAIL | IN:MR | OUT:MR,5094.8,1,5141.89,-47.09,-0.92,0,55.98,1.09,-127.93,-2.49,1327.5,1.33,11
335,Entry long,2026-03-06 22:00,MR-L | IN:MR,5141.89,1,5141.89,-47.09,-0.92,0,55.98,1.09,-127.93,-2.49,1327.5,1.33,11
336,Exit long,2026-03-10 08:00,MR TP1 | IN:MR | OUT:HYBRID,5184.08,0.2,1024.664,12.15,1.19,0,12.59,1.23,-1.28,-0.12,1339.65,1.34,6
336,Entry long,2026-03-10 01:00,MR-L | IN:MR,5123.32,0.2,1024.664,12.15,1.19,0,12.59,1.23,-1.28,-0.12,1339.65,1.34,6
337,Exit long,2026-03-11 14:00,RUN EXIT | IN:MR | OUT:MR,5195.7,0.8,4098.656,57.9,1.41,0,92.24,2.25,-5.1,-0.12,1397.55,1.40,35
337,Entry long,2026-03-10 01:00,MR-L | IN:MR,5123.32,0.8,4098.656,57.9,1.41,0,92.24,2.25,-5.1,-0.12,1397.55,1.40,35
338,Exit long,2026-03-18 18:00,MR FAIL | IN:MR | OUT:MR,4930.186,1,5012.84,-82.65,-1.65,0,31.69,0.63,-88.26,-1.76,1314.9,1.31,38
338,Entry long,2026-03-17 02:00,MR-L | IN:MR,5012.84,1,5012.84,-82.65,-1.65,0,31.69,0.63,-88.26,-1.76,1314.9,1.31,38
339,Exit long,2026-03-21 03:00,MR FAIL | IN:TREND | OUT:HYBRID,4491.67,1,4649.41,-157.74,-3.39,0,87.07,1.87,-172.3,-3.71,1157.16,1.16,23
339,Entry long,2026-03-20 03:00,MR-L | IN:TREND,4649.41,1,4649.41,-157.74,-3.39,0,87.07,1.87,-172.3,-3.71,1157.16,1.16,23
340,Exit short,2026-03-23 23:00,TF EXIT | IN:HYBRID | OUT:MR,4375,1,4491.67,116.67,2.60,0,393.4,8.76,-44.7,-1.00,1273.83,1.27,19
340,Entry short,2026-03-21 03:00,TF-S | IN:HYBRID,4491.67,1,4491.67,116.67,2.60,0,393.4,8.76,-44.7,-1.00,1273.83,1.27,19
341,Exit long,2026-03-25 10:00,MR TP1 | IN:MR | OUT:TREND,4569.738,0.2,875,38.95,4.45,0,45.53,5.20,-13.94,-1.59,1312.77,1.31,33
341,Entry long,2026-03-23 23:00,MR-L | IN:MR,4375,0.2,875,38.95,4.45,0,45.53,5.20,-13.94,-1.59,1312.77,1.31,33
342,Exit long,2026-03-26 08:00,RUN EXIT | IN:MR | OUT:MR,4535.675,0.8,3500,128.54,3.67,0,182.1,5.20,-55.74,-1.59,1441.31,1.44,54
342,Entry long,2026-03-23 23:00,MR-L | IN:MR,4375,0.8,3500,128.54,3.67,0,182.1,5.20,-55.74,-1.59,1441.31,1.44,54
343,Exit long,2026-03-28 03:00,MR TP1 | IN:MR | OUT:HYBRID,4493.118,0.2,901.952,-3.33,-0.37,0,9.15,1.01,-4.78,-0.53,1437.99,1.44,6
343,Entry long,2026-03-27 21:00,MR-L | IN:MR,4509.76,0.2,901.952,-3.33,-0.37,0,9.15,1.01,-4.78,-0.53,1437.99,1.44,6
344,Exit long,2026-04-02 09:00,RUN EXIT | IN:MR | OUT:HYBRID,4686.755,0.8,3607.808,141.6,3.92,0,232.56,6.45,-73.68,-2.04,1579.58,1.58,80
344,Entry long,2026-03-27 21:00,MR-L | IN:MR,4509.76,0.8,3607.808,141.6,3.92,0,232.56,6.45,-73.68,-2.04,1579.58,1.58,80
345,Exit long,2026-04-07 02:00,MR FAIL | IN:MR | OUT:MR,4655.502,1,4679.4,-23.9,-0.51,0,18.42,0.39,-34.5,-0.74,1555.68,1.56,6
345,Entry long,2026-04-06 20:00,MR-L | IN:MR,4679.4,1,4679.4,-23.9,-0.51,0,18.42,0.39,-34.5,-0.74,1555.68,1.56,6
346,Exit long,2026-04-08 03:00,MR TP1 | IN:MR | OUT:MR,4701.4,0.2,935.1704,5.11,0.55,0,8.58,0.92,-3.76,-0.40,1560.79,1.56,3
346,Entry long,2026-04-08 00:00,MR-L | IN:MR,4675.852,0.2,935.1704,5.11,0.55,0,8.58,0.92,-3.76,-0.40,1560.79,1.56,3
347,Exit long,2026-04-09 00:00,RUN EXIT | IN:MR | OUT:MR,4733.745,0.8,3740.6816,46.31,1.24,0,145.36,3.89,-15.03,-0.40,1607.11,1.61,23
347,Entry long,2026-04-08 00:00,MR-L | IN:MR,4675.852,0.8,3740.6816,46.31,1.24,0,145.36,3.89,-15.03,-0.40,1607.11,1.61,23
348,Exit short,2026-04-13 06:00,MR TP1 | IN:MR | OUT:MR,4671.379,0.2,953.18,18.9,1.98,0,25.58,2.68,-5.84,-0.61,1626.01,1.63,17
348,Entry short,2026-04-10 12:00,MR-S | IN:MR,4765.9,0.2,953.18,18.9,1.98,0,25.58,2.68,-5.84,-0.61,1626.01,1.63,17
349,Exit short,2026-04-14 03:00,RUN EXIT | IN:MR | OUT:MR,4742.6,0.8,3812.72,18.64,0.49,0,102.31,2.68,-23.36,-0.61,1644.65,1.64,38
349,Entry short,2026-04-10 12:00,MR-S | IN:MR,4765.9,0.8,3812.72,18.64,0.49,0,102.31,2.68,-23.36,-0.61,1644.65,1.64,38
350,Exit short,2026-04-17 06:00,MR TP1 | IN:MR | OUT:MR,4791.689,0.2,959.59,1.25,0.13,0,5.12,0.53,-8.09,-0.84,1645.9,1.65,36
350,Entry short,2026-04-15 16:00,MR-S | IN:MR,4797.95,0.2,959.59,1.25,0.13,0,5.12,0.53,-8.09,-0.84,1645.9,1.65,36
351,Exit short,2026-04-17 20:00,RUN EXIT | IN:MR | OUT:MR,4880.281,0.8,3838.36,-65.86,-1.72,0,24.72,0.64,-74.41,-1.94,1580.04,1.58,50
351,Entry short,2026-04-15 16:00,MR-S | IN:MR,4797.95,0.8,3838.36,-65.86,-1.72,0,24.72,0.64,-74.41,-1.94,1580.04,1.58,50
352,Exit short,2026-04-20 14:00,MR TP1 | IN:MR | OUT:MR,4789.59,0.2,959.406,1.49,0.16,0,3.58,0.37,-1.76,-0.18,1581.53,1.58,5
352,Entry short,2026-04-20 09:00,MR-S | IN:MR,4797.03,0.2,959.406,1.49,0.16,0,3.58,0.37,-1.76,-0.18,1581.53,1.58,5
353,Exit short,2026-04-21 03:00,RUN EXIT | IN:MR | OUT:MR,4822.293,0.8,3837.624,-20.21,-0.53,0,14.3,0.37,-24.48,-0.64,1561.32,1.56,18
353,Entry short,2026-04-20 09:00,MR-S | IN:MR,4797.03,0.8,3837.624,-20.21,-0.53,0,14.3,0.37,-24.48,-0.64,1561.32,1.56,18
354,Exit long,2026-04-23 06:00,MR FAIL | IN:MR | OUT:MR,4727.7,1,4767.55,-39.85,-0.84,0,4.76,0.10,-44.59,-0.94,1521.47,1.52,16
354,Entry long,2026-04-22 13:00,MR-L | IN:MR,4767.55,1,4767.55,-39.85,-0.84,0,4.76,0.10,-44.59,-0.94,1521.47,1.52,16
355,Exit long,2026-04-23 08:00,MR FAIL | IN:MR | OUT:MR,4723.16,1,4747.825,-24.66,-0.52,0,2.11,0.04,-25.77,-0.54,1496.8,1.50,1
355,Entry long,2026-04-23 07:00,MR-L | IN:MR,4747.825,1,4747.825,-24.66,-0.52,0,2.11,0.04,-25.77,-0.54,1496.8,1.50,1
356,Exit long,2026-04-24 03:00,MR FAIL | IN:MR | OUT:MR,4692.42,1,4733.22,-40.8,-0.86,0,7.92,0.17,-69.64,-1.47,1456,1.46,6
356,Entry long,2026-04-23 21:00,MR-L | IN:MR,4733.22,1,4733.22,-40.8,-0.86,0,7.92,0.17,-69.64,-1.47,1456,1.46,6
357,Exit long,2026-04-27 22:00,MR FAIL | IN:MR | OUT:MR,4669.962,1,4726.27,-56.31,-1.19,0,7.25,0.15,-59.65,-1.26,1399.69,1.40,24
357,Entry long,2026-04-24 21:00,MR-L | IN:MR,4726.27,1,4726.27,-56.31,-1.19,0,7.25,0.15,-59.65,-1.26,1399.69,1.40,24
358,Exit long,2026-05-01 01:00,MR TP1 | IN:HYBRID | OUT:HYBRID,4622.35,0.2,919.078,5.39,0.59,0,10.31,1.12,-17.1,-1.86,1405.09,1.41,38
358,Entry long,2026-04-29 10:00,MR-L | IN:HYBRID,4595.39,0.2,919.078,5.39,0.59,0,10.31,1.12,-17.1,-1.86,1405.09,1.41,38
359,Exit long,2026-05-01 16:00,RUN EXIT | IN:HYBRID | OUT:MR,4562.681,0.8,3676.312,-26.17,-0.71,0,41.25,1.12,-68.41,-1.86,1378.92,1.38,52
359,Entry long,2026-04-29 10:00,MR-L | IN:HYBRID,4595.39,0.8,3676.312,-26.17,-0.71,0,41.25,1.12,-68.41,-1.86,1378.92,1.38,52
360,Exit short,2026-05-04 18:00,MR TP1 | IN:MR | OUT:MR,4559.823,0.2,917.658,5.69,0.62,0,12.52,1.36,-1.03,-0.11,1384.61,1.38,5
360,Entry short,2026-05-04 13:00,MR-S | IN:MR,4588.29,0.2,917.658,5.69,0.62,0,12.52,1.36,-1.03,-0.11,1384.61,1.38,5
361,Exit short,2026-05-05 18:00,RUN EXIT | IN:MR | OUT:MR,4562.71,0.8,3670.632,20.46,0.56,0,70.7,1.93,-4.13,-0.11,1405.08,1.41,28
361,Entry short,2026-05-04 13:00,MR-S | IN:MR,4588.29,0.8,3670.632,20.46,0.56,0,70.7,1.93,-4.13,-0.11,1405.08,1.41,28
362,Exit short,2026-05-11 12:00,MR TP1 | IN:HYBRID | OUT:HYBRID,4652.213,0.2,939.778,9.34,0.99,0,10.24,1.09,-13.17,-1.40,1414.41,1.41,48
362,Entry short,2026-05-07 10:00,MR-S | IN:HYBRID,4698.89,0.2,939.778,9.34,0.99,0,10.24,1.09,-13.17,-1.40,1414.41,1.41,48
363,Exit short,2026-05-12 01:00,RUN EXIT | IN:HYBRID | OUT:MR,4724.902,0.8,3759.112,-20.81,-0.55,0,40.94,1.09,-52.67,-1.40,1393.6,1.39,61
363,Entry short,2026-05-07 10:00,MR-S | IN:HYBRID,4698.89,0.8,3759.112,-20.81,-0.55,0,40.94,1.09,-52.67,-1.40,1393.6,1.39,61
364,Exit short,2026-05-12 21:00,MR TP1 | IN:MR | OUT:MR,4672.76,0.2,938.8,4.25,0.45,0,4.99,0.53,-3.52,-0.38,1397.85,1.40,4
364,Entry short,2026-05-12 17:00,MR-S | IN:MR,4694,0.2,938.8,4.25,0.45,0,4.99,0.53,-3.52,-0.38,1397.85,1.40,4
365,Exit short,2026-05-13 15:00,RUN EXIT | IN:MR | OUT:MR,4700.39,0.8,3755.2,-5.11,-0.14,0,44.83,1.19,-26.47,-0.70,1392.74,1.39,21
365,Entry short,2026-05-12 17:00,MR-S | IN:MR,4694,0.8,3755.2,-5.11,-0.14,0,44.83,1.19,-26.47,-0.70,1392.74,1.39,21
366,Exit long,2026-05-14 22:00,MR FAIL | IN:MR | OUT:MR,4685.9,1,4693.12,-7.22,-0.15,0,17.06,0.36,-27.14,-0.58,1385.52,1.39,8
366,Entry long,2026-05-14 14:00,MR-L | IN:MR,4693.12,1,4693.12,-7.22,-0.15,0,17.06,0.36,-27.14,-0.58,1385.52,1.39,8
367,Exit long,2026-05-19 22:00,MR FAIL | IN:HYBRID | OUT:MR,4508.324,1,4539.39,-31.07,-0.68,0,49.98,1.10,-74.99,-1.65,1354.45,1.35,41
367,Entry long,2026-05-16 03:00,MR-L | IN:HYBRID,4539.39,1,4539.39,-31.07,-0.68,0,49.98,1.10,-74.99,-1.65,1354.45,1.35,41
368,Exit long,2026-05-21 10:00,MR TP1 | IN:MR | OUT:TREND,4528.271,0.2,906.213,-0.56,-0.06,0,7.97,0.88,-1.64,-0.18,1353.89,1.35,12
368,Entry long,2026-05-20 21:00,MR-L | IN:MR,4531.065,0.2,906.213,-0.56,-0.06,0,7.97,0.88,-1.64,-0.18,1353.89,1.35,12
369,Exit long,2026-05-22 17:00,RUN EXIT | IN:MR | OUT:MR,4514.55,0.8,3624.852,-13.21,-0.36,0,31.86,0.88,-34.28,-0.95,1340.68,1.34,42
369,Entry long,2026-05-20 21:00,MR-L | IN:MR,4531.065,0.8,3624.852,-13.21,-0.36,0,31.86,0.88,-34.28,-0.95,1340.68,1.34,42
370,Exit short,2026-05-26 19:00,MR TP1 | IN:MR | OUT:HYBRID,4520.3,0.2,906.446,2.39,0.26,0,6.4,0.71,-2.65,-0.29,1343.07,1.34,10
370,Entry short,2026-05-26 09:00,MR-S | IN:MR,4532.23,0.2,906.446,2.39,0.26,0,6.4,0.71,-2.65,-0.29,1343.07,1.34,10
371,Exit short,2026-05-28 20:00,RUN EXIT | IN:MR | OUT:MR,4429.77,0.8,3625.784,81.97,2.26,0,133.1,3.67,-10.58,-0.29,1425.04,1.43,57
371,Entry short,2026-05-26 09:00,MR-S | IN:MR,4532.23,0.8,3625.784,81.97,2.26,0,133.1,3.67,-10.58,-0.29,1425.04,1.43,57
372,Exit short,2026-06-02 02:00,MR TP1 | IN:MR | OUT:HYBRID,4480.91,0.2,903.225,7.04,0.78,0,13.78,1.53,-1.82,-0.20,1432.08,1.43,16
372,Entry short,2026-06-01 10:00,MR-S | IN:MR,4516.125,0.2,903.225,7.04,0.78,0,13.78,1.53,-1.82,-0.20,1432.08,1.43,16
373,Exit short,2026-06-02 14:00,RUN EXIT | IN:MR | OUT:MR,4534.939,0.8,3612.9,-15.05,-0.42,0,55.12,1.53,-20.33,-0.56,1417.03,1.42,27
373,Entry short,2026-06-01 10:00,MR-S | IN:MR,4516.125,0.8,3612.9,-15.05,-0.42,0,55.12,1.53,-20.33,-0.56,1417.03,1.42,27
374,Exit short,2026-06-03 02:00,MR TP1 | IN:MR | OUT:MR,4488.064,0.2,896.9108,-0.7,-0.08,0,1.21,0.14,-1.29,-0.14,1416.33,1.42,2
374,Entry short,2026-06-03 00:00,MR-S | IN:MR,4484.554,0.2,896.9108,-0.7,-0.08,0,1.21,0.14,-1.29,-0.14,1416.33,1.42,2
375,Exit short,2026-06-04 11:00,RUN EXIT | IN:MR | OUT:MR,4480.66,0.8,3587.6432,3.12,0.09,0,49,1.37,-9.74,-0.27,1419.44,1.42,33
375,Entry short,2026-06-03 00:00,MR-S | IN:MR,4484.554,0.8,3587.6432,3.12,0.09,0,49,1.37,-9.74,-0.27,1419.44,1.42,33
376,Exit long,2026-06-10 01:00,MR FAIL | IN:TREND | OUT:HYBRID,4269.75,1,4332.995,-63.24,-1.46,0,30.55,0.70,-96.71,-2.23,1356.2,1.36,29
376,Entry long,2026-06-08 19:00,MR-L | IN:TREND,4332.995,1,4332.995,-63.24,-1.46,0,30.55,0.70,-96.71,-2.23,1356.2,1.36,29
377,Exit short,2026-06-11 13:00,TF EXIT | IN:HYBRID | OUT:HYBRID,4094.797,1,4269.75,174.95,4.10,0,246.65,5.78,-2.02,-0.05,1531.15,1.53,34
377,Entry short,2026-06-10 01:00,TF-S | IN:HYBRID,4269.75,1,4269.75,174.95,4.10,0,246.65,5.78,-2.02,-0.05,1531.15,1.53,34
378,Exit long,2026-06-12 15:00,MR TP1 | IN:HYBRID | OUT:HYBRID,4219.586,0.2,818.9594,24.96,3.05,0,30.35,3.71,-8.45,-1.03,1556.11,1.56,25
378,Entry long,2026-06-11 13:00,MR-L | IN:HYBRID,4094.797,0.2,818.9594,24.96,3.05,0,30.35,3.71,-8.45,-1.03,1556.11,1.56,25
379,Exit long,2026-06-16 03:00,RUN EXIT | IN:HYBRID | OUT:MR,4309.68,0.8,3275.8376,171.91,5.25,0,219.72,6.71,-33.79,-1.03,1728.01,1.73,60
379,Entry long,2026-06-11 13:00,MR-L | IN:HYBRID,4094.797,0.8,3275.8376,171.91,5.25,0,219.72,6.71,-33.79,-1.03,1728.01,1.73,60
380,Exit short,2026-06-18 07:00,MR TP1 | IN:MR | OUT:HYBRID,4308.19,0.2,866.454,4.82,0.56,0,22.77,2.63,-10.04,-1.16,1732.83,1.73,20
380,Entry short,2026-06-17 10:00,MR-S | IN:MR,4332.27,0.2,866.454,4.82,0.56,0,22.77,2.63,-10.04,-1.16,1732.83,1.73,20
381,Exit short,2026-06-22 07:00,RUN EXIT | IN:MR | OUT:HYBRID,4200.01,0.8,3465.816,105.81,3.05,0,168.67,4.87,-40.14,-1.16,1838.64,1.84,62
381,Entry short,2026-06-17 10:00,MR-S | IN:MR,4332.27,0.8,3465.816,105.81,3.05,0,168.67,4.87,-40.14,-1.16,1838.64,1.84,62
382,Exit long,2026-06-26 23:00,MR TP1 | IN:HYBRID | OUT:HYBRID,4085.017,0.2,797.8226,19.18,2.40,0,21.52,2.70,-3.15,-0.40,1857.82,1.86,31
382,Entry long,2026-06-25 15:00,MR-L | IN:HYBRID,3989.113,0.2,797.8226,19.18,2.40,0,21.52,2.70,-3.15,-0.40,1857.82,1.86,31
383,Exit long,2026-06-29 18:00,RUN EXIT | IN:HYBRID | OUT:MR,4039.188,0.8,3191.2904,40.06,1.26,0,86.09,2.70,-12.62,-0.40,1897.88,1.90,49
383,Entry long,2026-06-25 15:00,MR-L | IN:HYBRID,3989.113,0.8,3191.2904,40.06,1.26,0,86.09,2.70,-12.62,-0.40,1897.88,1.90,49
384,Exit long,2026-07-01 07:00,MR FAIL | IN:MR | OUT:MR,3996.76,1,4029.32,-32.56,-0.81,0,4.6,0.11,-36.52,-0.91,1865.32,1.87,8
384,Entry long,2026-06-30 22:00,MR-L | IN:MR,4029.32,1,4029.32,-32.56,-0.81,0,4.6,0.11,-36.52,-0.91,1865.32,1.87,8
385,Exit long,2026-07-02 00:00,MR TP1 | IN:MR | OUT:HYBRID,4068.13,0.2,817.9214,-4.3,-0.53,0,5.21,0.64,-4.53,-0.55,1861.02,1.86,4
385,Entry long,2026-07-01 20:00,MR-L | IN:MR,4089.607,0.2,817.9214,-4.3,-0.53,0,5.21,0.64,-4.53,-0.55,1861.02,1.86,4
386,Exit long,2026-07-03 22:00,RUN EXIT | IN:MR | OUT:HYBRID,4164.87,0.8,3271.6856,60.21,1.84,0,84.83,2.59,-49.25,-1.51,1921.23,1.92,48
386,Entry long,2026-07-01 20:00,MR-L | IN:MR,4089.607,0.8,3271.6856,60.21,1.84,0,84.83,2.59,-49.25,-1.51,1921.23,1.92,48
387,Exit long,2026-07-10 02:00,MR TP1 | IN:HYBRID | OUT:TREND,4122.437,0.2,821.561,2.93,0.36,0,6.06,0.74,-2.87,-0.35,1924.16,1.92,13
387,Entry long,2026-07-09 13:00,MR-L | IN:HYBRID,4107.805,0.2,821.561,2.93,0.36,0,6.06,0.74,-2.87,-0.35,1924.16,1.92,13
388,Exit long,2026-07-10 19:00,RUN EXIT | IN:HYBRID | OUT:MR,4100.658,0.8,3286.244,-5.72,-0.17,0,24.23,0.74,-11.47,-0.35,1918.44,1.92,29
388,Entry long,2026-07-09 13:00,MR-L | IN:HYBRID,4107.805,0.8,3286.244,-5.72,-0.17,0,24.23,0.74,-11.47,-0.35,1918.44,1.92,29
389,Exit long,2026-07-16 03:00,MR TP1 | IN:HYBRID | OUT:MR,4059.888,0.2,804.306,7.67,0.95,0,16.45,2.05,-1.32,-0.16,1926.11,1.93,34
389,Entry long,2026-07-14 16:00,MR-L | IN:HYBRID,4021.53,0.2,804.306,7.67,0.95,0,16.45,2.05,-1.32,-0.16,1926.11,1.93,34
390,Exit long,2026-07-16 14:00,RUN EXIT | IN:HYBRID | OUT:MR,4030.687,0.8,3217.224,7.33,0.23,0,65.8,2.05,-5.27,-0.16,1933.44,1.93,44
390,Entry long,2026-07-14 16:00,MR-L | IN:HYBRID,4021.53,0.8,3217.224,7.33,0.23,0,65.8,2.05,-5.27,-0.16,1933.44,1.93,44
391,Exit long,2026-07-20 18:00,MR TP1 | IN:MR | OUT:MR,4025.22,0.2,803.8074,1.24,0.15,0,4.35,0.54,-7.34,-0.91,1934.68,1.93,19
391,Entry long,2026-07-17 22:00,MR-L | IN:MR,4019.037,0.2,803.8074,1.24,0.15,0,4.35,0.54,-7.34,-0.91,1934.68,1.93,19
392,Exit long,2026-07-23 06:00,RUN EXIT | IN:MR | OUT:MR,4133.337,0.8,3215.2296,91.44,2.84,0,117.63,3.66,-29.37,-0.91,2026.12,2.03,76
392,Entry long,2026-07-17 22:00,MR-L | IN:MR,4019.037,0.8,3215.2296,91.44,2.84,0,117.63,3.66,-29.37,-0.91,2026.12,2.03,76
393,Exit long,2026-07-27 13:00,MR TP1 | IN:MR | OUT:HYBRID,4096.01,0.2,812.6576,6.54,0.81,0,10.63,1.31,-2.86,-0.35,2032.66,2.03,15
393,Entry long,2026-07-24 21:00,MR-L | IN:MR,4063.288,0.2,812.6576,6.54,0.81,0,10.63,1.31,-2.86,-0.35,2032.66,2.03,15
394,Exit long,2026-07-28 07:00,RUN EXIT | IN:MR | OUT:MR,4057.85,0.8,3250.6304,-4.35,-0.13,0,42.51,1.31,-11.44,-0.35,2028.31,2.03,32
394,Entry long,2026-07-24 21:00,MR-L | IN:MR,4063.288,0.8,3250.6304,-4.35,-0.13,0,42.51,1.31,-11.44,-0.35,2028.31,2.03,32
395,Exit long,2026-07-29 20:00,MR FAIL | IN:MR | OUT:MR,4007.192,1,4043.801,-36.61,-0.91,0,0.61,0.02,-41.45,-1.03,1991.7,1.99,6
395,Entry long,2026-07-29 14:00,MR-L | IN:MR,4043.801,1,4043.801,-36.61,-0.91,0,0.61,0.02,-41.45,-1.03,1991.7,1.99,6
396,Exit long,2026-07-30 08:00,MR TP1 | IN:MR | OUT:MR,4084.37,0.2,808.846,8.03,0.99,0,14.45,1.79,-0.46,-0.06,1999.73,2.00,7
396,Entry long,2026-07-30 00:00,MR-L | IN:MR,4044.23,0.2,808.846,8.03,0.99,0,14.45,1.79,-0.46,-0.06,1999.73,2.00,7
397,Exit long,2026-07-31 13:00,RUN EXIT | IN:MR | OUT:MR,4077.566,0.8,3235.384,26.67,0.82,0,60.84,1.88,-12.89,-0.40,2026.4,2.03,35
397,Entry long,2026-07-30 00:00,MR-L | IN:MR,4044.23,0.8,3235.384,26.67,0.82,0,60.84,1.88,-12.89,-0.40,2026.4,2.03,35
398,Exit long,2026-08-04 20:00,MR TP1 | IN:MR | OUT:HYBRID,4083.84,0.2,812.7602,4.01,0.49,0,6.02,0.74,-3.69,-0.45,2030.4,2.03,9
398,Entry long,2026-08-04 11:00,MR-L | IN:MR,4063.801,0.2,812.7602,4.01,0.49,0,6.02,0.74,-3.69,-0.45,2030.4,2.03,9
399,Exit long,2026-08-06 10:00,RUN EXIT | IN:MR | OUT:TREND,4265.52,0.8,3251.0408,161.38,4.96,0,192.28,5.91,-14.78,-0.45,2191.78,2.19,45
399,Entry long,2026-08-04 11:00,MR-L | IN:MR,4063.801,0.8,3251.0408,161.38,4.96,0,192.28,5.91,-14.78,-0.45,2191.78,2.19,45
400,Exit short,2026-08-11 05:00,MR FAIL | IN:MR | OUT:MR,4399.545,1,4334.963,-64.58,-1.49,0,18.5,0.43,-66.04,-1.52,2127.2,2.13,10
400,Entry short,2026-08-10 18:00,MR-S | IN:MR,4334.963,1,4334.963,-64.58,-1.49,0,18.5,0.43,-66.04,-1.52,2127.2,2.13,10
401,Exit short,2026-08-12 21:00,MR FAIL | IN:MR | OUT:HYBRID,4422.017,1,4383.353,-38.66,-0.88,0,23.24,0.53,-58.04,-1.32,2088.53,2.09,21
401,Entry short,2026-08-11 23:00,MR-S | IN:MR,4383.353,1,4383.353,-38.66,-0.88,0,23.24,0.53,-58.04,-1.32,2088.53,2.09,21
402,Exit long,2026-08-13 00:00,TF EXIT | IN:HYBRID | OUT:HYBRID,4399.15,1,4422.017,-22.87,-0.52,0,8,0.18,-25.62,-0.58,2065.67,2.07,3
402,Entry long,2026-08-12 21:00,TF-L | IN:HYBRID,4422.017,1,4422.017,-22.87,-0.52,0,8,0.18,-25.62,-0.58,2065.67,2.07,3
403,Exit short,2026-08-13 23:00,MR TP1 | IN:HYBRID | OUT:MR,4367.09,0.2,879.83,6.41,0.73,0,9.62,1.09,-10.12,-1.15,2072.08,2.07,22
403,Entry short,2026-08-13 00:00,MR-S | IN:HYBRID,4399.15,0.2,879.83,6.41,0.73,0,9.62,1.09,-10.12,-1.15,2072.08,2.07,22
404,Exit short,2026-08-14 21:00,RUN EXIT | IN:HYBRID | OUT:MR,4381.37,0.8,3519.32,14.22,0.40,0,70.83,2.01,-40.46,-1.15,2086.3,2.09,43
404,Entry short,2026-08-13 00:00,MR-S | IN:HYBRID,4399.15,0.8,3519.32,14.22,0.40,0,70.83,2.01,-40.46,-1.15,2086.3,2.09,43
405,Exit short,2026-08-19 01:00,MR TP1 | IN:MR | OUT:TREND,4354.18,0.2,879.76,8.92,1.01,0,9.48,1.08,-1.6,-0.18,2095.23,2.10,12
405,Entry short,2026-08-18 13:00,MR-S | IN:MR,4398.8,0.2,879.76,8.92,1.01,0,9.48,1.08,-1.6,-0.18,2095.23,2.10,12
406,Exit short,2026-08-19 19:00,RUN EXIT | IN:MR | OUT:MR,4438.64,0.8,3519.04,-31.87,-0.91,0,59.66,1.70,-34.8,-0.99,2063.36,2.06,29
406,Entry short,2026-08-18 13:00,MR-S | IN:MR,4398.8,0.8,3519.04,-31.87,-0.91,0,59.66,1.70,-34.8,-0.99,2063.36,2.06,29
407,Exit short,2026-08-21 14:00,MR FAIL | IN:MR | OUT:HYBRID,4564.251,1,4481.43,-82.82,-1.85,0,1.28,0.03,-86.67,-1.93,1980.53,1.98,17
407,Entry short,2026-08-20 20:00,MR-S | IN:MR,4481.43,1,4481.43,-82.82,-1.85,0,1.28,0.03,-86.67,-1.93,1980.53,1.98,17
408,Exit long,2026-08-25 11:00,TF EXIT | IN:HYBRID | OUT:MR,4625.71,1,4564.251,61.46,1.35,0,132.82,2.91,-5.34,-0.12,2041.99,2.04,43
408,Entry long,2026-08-21 14:00,TF-L | IN:HYBRID,4564.251,1,4564.251,61.46,1.35,0,132.82,2.91,-5.34,-0.12,2041.99,2.04,43
409,Exit short,2026-08-26 22:00,MR TP1 | IN:MR | OUT:MR,4596.04,0.2,925.142,5.93,0.64,0,8.59,0.93,-9.59,-1.04,2047.93,2.05,34
409,Entry short,2026-08-25 11:00,MR-S | IN:MR,4625.71,0.2,925.142,5.93,0.64,0,8.59,0.93,-9.59,-1.04,2047.93,2.05,34
410,Exit short,2026-08-28 16:00,RUN EXIT | IN:MR | OUT:MR,4605.15,0.8,3700.568,16.45,0.44,0,49.15,1.33,-38.35,-1.04,2064.38,2.06,74
410,Entry short,2026-08-25 11:00,MR-S | IN:MR,4625.71,0.8,3700.568,16.45,0.44,0,49.15,1.33,-38.35,-1.04,2064.38,2.06,74