observation_id,asset,timestamp,scored_at,data_source,position_state,open,high,low,close,volume,er_10,er_20,er_40,atr,natr,vol_ratio,cross_count,osc,signal,osc_minus_signal,osc_slope_1,osc_slope_3,osc_abs,price_direction_12,price_direction_24,p_mr_win,p_mr_fail,pred_mr_return_pct,p_runner_win,pred_runner_return_pct,mr_fail_threshold,mr_eligible,runner_model_positive,asset_policy,decision,runner_exit_policy_a,runner_exit_policy_b,model_version,config_version,future_return_1h,future_return_3h,future_return_6h,future_return_12h,future_return_24h,mr_outcome,mr_failure_realized,runner_return_osc_cross,runner_return_hybrid,resolved_at
GOLD_2026-08-28T20:00:00,GOLD,2026-08-28 20:00:00,2026-08-30T11:04:05.224116+00:00,yahoo,FLAT,4507.89990234375,4529.89990234375,4502.7001953125,4529.89990234375,3151.0,0.6357085628190334,0.37512651342976056,0.30685352463966764,28.096453559187584,0.6202444681978647,1.4471299329653529,2.0,-2.179714818721679,-1.31422077975141,-0.865494038970269,-0.15054443454108357,-0.6393016768427389,2.179714818721679,0.16666666666666666,0.25,0.3921236854508544,0.7741403441177115,-0.3966946144309968,0.7077530443930828,1.41975110146103,0.45,False,True,ACTIVE,MR_BLOCK,FIXED_2ATR,OSC_CROSS,H1.0,phase_h_2026-08-30,-0.419435316664933,-0.5342216727289973,-1.2781717828641832,-0.7483587512874256,-0.7836817758739537,,,,,2026-08-31T23:05:45.627300+00:00
USDJPY_2026-08-28T20:00:00,USDJPY,2026-08-28 20:00:00,2026-08-30T11:04:08.482044+00:00,yahoo,FLAT,160.08099365234375,160.13999938964844,160.00399780273438,160.03799438476562,0.0,0.46819544893279236,0.46886574440469786,0.3081410692706235,0.13319947414193314,0.08322990715672997,1.0731292529293939,2.0,3.3336906483571696,2.4866857868494874,0.8470048615076822,0.04298837229670749,0.27285639714729637,3.3336906483571696,0.0,0.16666666666666666,0.2919092541216987,0.5314009956183523,-0.10997899579217518,0.6794387674688485,0.2880009537658353,0.45,False,True,ACTIVE,MR_BLOCK,FIXED_2ATR,OSC_CROSS,H1.0,phase_h_2026-08-30,0.045612947822563345,-0.13746811908564346,-0.1568326460563011,-0.19807880246943008,-0.17682644864491218,,,,,2026-08-31T22:05:29.326454+00:00
US500_2026-08-28T19:30:00,US500,2026-08-28 19:30:00,2026-08-30T11:04:08.961284+00:00,yahoo,FLAT,7712.7001953125,7716.14013671875,7707.740234375,7709.89990234375,380458000.0,0.17139825591034186,0.15845851034730762,0.07553533846050774,20.502717999169683,0.2659271619458641,1.1923713786747059,1.0,0.37599780225162255,0.027975330679322993,0.34802247157229954,0.027864734686403325,0.09473470997961086,0.37599780225162255,0.3333333333333333,0.4166666666666667,0.36714152215575,0.21416013150036836,-0.22765676881543614,0.1603444350966664,-0.2266277428763379,0.45,False,False,RESEARCH_ONLY,RESEARCH_ONLY,FIXED_2ATR,OSC_CROSS,H1.0,phase_h_2026-08-30,-0.5562995273870122,-0.430871048694179,-0.34111732993453087,-1.0586404262225002,0.455906079053824,,,,,2026-09-03T16:05:30.530419+00:00
BTCUSD_2026-08-30T11:00:00,BTCUSD,2026-08-30 11:00:00,2026-08-30T11:04:09.257501+00:00,yahoo,FLAT,78144.953125,78145.0703125,78144.9375,78145.0703125,0.0,0.10143815469754572,0.2136141168060784,0.17028095498149523,196.04432195618588,0.25087228301441156,0.4503980992151909,1.0,-0.4328839359907632,-0.6654363161825407,0.23255238019177754,0.02680746088175473,0.07479861011552286,0.4328839359907632,0.0,0.3333333333333333,0.20693372853635503,0.7552493184999015,-0.328248505678165,0.572202522646,-0.24296968603929997,0.45,False,False,ACTIVE,MR_BLOCK,FIXED_2ATR,OSC_CROSS,H1.0,phase_h_2026-08-30,0.7464030682516475,0.7868032075431717,1.0853364486018675,-0.6139781683324477,0.2174331098831814,,,,,2026-08-31T11:43:28.550458+00:00
ETHUSD_2026-08-30T11:00:00,ETHUSD,2026-08-30 11:00:00,2026-08-30T11:04:09.787915+00:00,yahoo,FLAT,2459.300048828125,2459.800048828125,2459.139892578125,2459.139892578125,0.0,0.0853605141946444,0.2947146216599728,0.19260773702144718,7.3523121750000895,0.2989790128324923,0.43434737958383063,1.0,-0.329100572820464,-0.5887537697486146,0.2596531969281506,0.033850835325738016,0.09490398227856506,0.329100572820464,0.16666666666666666,0.0,0.5661168859532694,0.40209733538975395,-0.14731446295078357,0.5902301785308013,0.02536542436372171,0.45,False,True,ACTIVE,MR_BLOCK,FIXED_2ATR,OSC_CROSS,H1.0,phase_h_2026-08-30,0.36544527049430636,0.6918678974347574,1.8487721711784033,-1.7154381894525526,-0.5495920535924204,,,,,2026-08-31T11:43:28.582179+00:00
EURCAD_2026-08-28T22:00:00,EURCAD,2026-08-28 22:00:00,2026-08-30T11:04:10.309840+00:00,yahoo,FLAT,1.610129952430725,1.610129952430725,1.610129952430725,1.610129952430725,0.0,0.7131641057751877,0.41830456463370247,0.4745670652135576,0.0012266963368690045,0.07618616963290001,0.9602645371765144,0.0,-1.5104406064192546,-1.2667402008140243,-0.24370040560523032,-0.028895710943960484,-0.10643885134569286,1.5104406064192546,0.16666666666666666,0.16666666666666666,0.1562389920598923,0.7168215964830587,-0.14186722565617646,0.928448381115757,0.3025668015000815,0.45,False,True,ACTIVE,MR_BLOCK,FIXED_2ATR,OSC_CROSS,H1.0,phase_h_2026-08-30,0.03602643389612112,-0.008691950964662184,-0.01676939432279374,0.07453310933667309,-0.03788476412791857,,,,,2026-08-31T22:05:29.380742+00:00
BTCUSD_2026-08-30T12:00:00,BTCUSD,2026-08-30 12:00:00,2026-08-30T12:00:14.777110+00:00,yahoo,FLAT,78171.8203125,78171.8203125,78171.8203125,78171.8203125,0.0,0.10940056693784425,0.12594510085347413,0.22154697619346622,190.88271381900935,0.24418353449610847,0.4415917683051076,1.0,-0.40387790878786217,-0.6303923607394346,0.22651445195157244,0.027539190554496662,0.08485593633919408,0.40387790878786217,0.16666666666666666,0.3333333333333333,0.20983312715905414,0.6949466019110196,-0.2514532825343338,0.2815923269106053,-0.14360339864601523,0.45,False,False,ACTIVE,MR_BLOCK,FIXED_2ATR,OSC_CROSS,H1.0,phase_h_2026-08-30,0.13073940584704163,0.09507328321689179,0.3571275149700985,-1.0480383483737885,-0.31864381825734434,,,,,2026-08-31T12:06:40.115722+00:00
ETHUSD_2026-08-30T12:00:00,ETHUSD,2026-08-30 12:00:00,2026-08-30T12:00:15.390767+00:00,yahoo,FLAT,2460.280029296875,2460.280029296875,2460.280029296875,2460.280029296875,0.0,0.1928882621978777,0.21720763535452267,0.2840785923728687,7.123674492936945,0.28954730388852623,0.4233733727930878,1.0,-0.2916485715972393,-0.548874850735723,0.25722627913848367,0.035159661478633863,0.10852772062379723,0.2916485715972393,0.0,0.16666666666666666,0.24054197901129074,0.5635016306466571,-0.18022933010807787,0.7877310539804587,0.326561186410467,0.45,False,True,ACTIVE,MR_BLOCK,FIXED_2ATR,OSC_CROSS,H1.0,phase_h_2026-08-30,0.2600211371000405,0.4868375670818145,1.68691382518226,-1.6460061797539491,-0.5451584016808424,,,,,2026-08-31T12:06:40.144216+00:00
BTCUSD_2026-08-30T13:00:00,BTCUSD,2026-08-30 13:00:00,2026-08-30T13:11:08.939111+00:00,yahoo,FLAT,78764.796875,78807.2265625,78670.7734375,78678.5625,199284736.0,0.42332572645671684,0.3262493323175804,0.3208474993652727,231.19892781918213,0.2938525062899848,0.5345058929971785,1.0,-0.2918358397151909,-0.5798500049483772,0.28801416523318635,0.06529843744726349,0.16785555715732703,0.2918358397151909,0.16666666666666666,0.25,0.5468972407517221,0.3141562237141778,-0.2644387279065308,0.3173399989213201,0.22288300587832496,0.45,False,True,ACTIVE,MR_BLOCK,FIXED_2ATR,OSC_CROSS,H1.0,phase_h_2026-08-30,-0.09052023473038276,0.6111701137378427,0.008035454287033759,-1.5441646303081682,-1.0932874628781333,,,,,2026-08-31T13:05:44.291729+00:00
ETHUSD_2026-08-30T13:00:00,ETHUSD,2026-08-30 13:00:00,2026-08-30T13:11:09.591790+00:00,yahoo,FLAT,2469.25,2470.2099609375,2464.070068359375,2464.840087890625,124236288.0,0.19914833399328793,0.25271858464026853,0.31991733564000296,7.983951330813897,0.32391356218351874,0.47629569032675695,1.0,-0.22373956633746492,-0.5028145790879155,0.27907501275045055,0.04446659799789218,0.1392118418087371,0.22373956633746492,0.0,0.08333333333333333,0.1351095200632632,0.613960277998676,-0.34401467901529215,0.3875660626497559,0.3335050903759084,0.45,False,True,ACTIVE,MR_BLOCK,FIXED_2ATR,OSC_CROSS,H1.0,phase_h_2026-08-30,0.06504380964403925,2.1685280669709606,1.1379954474264546,-2.539361613993838,-0.8907500700244199,,,,,2026-08-31T13:05:44.330217+00:00
BTCUSD_2026-08-30T15:00:00,BTCUSD,2026-08-30 15:00:00,2026-08-30T15:12:33.560641+00:00,yahoo,FLAT,78778.390625,78860.65625,78677.0,78709.4375,66791424.0,0.4045130430931396,0.27793001553246033,0.22986528736770032,230.2252553644989,0.2925001914344756,0.539457364984412,1.0,-0.15797582864391768,-0.48209834468894774,0.32412251604503006,0.06272424287223402,0.1991584485185367,0.15797582864391768,0.0,0.25,0.8382419084323055,0.20504160988269782,0.1508596063120182,0.3930987481943156,0.2867717607112414,0.45,False,True,ACTIVE,MR_BLOCK,FIXED_2ATR,OSC_CROSS,H1.0,phase_h_2026-08-30,0.6470201332596438,0.26180532483524915,-0.22191108570214257,-1.3661968033861238,-0.4609692605223657,,,,,2026-08-31T15:05:51.655601+00:00
ETHUSD_2026-08-30T15:00:00,ETHUSD,2026-08-30 15:00:00,2026-08-30T15:12:34.210903+00:00,yahoo,FLAT,2477.489990234375,2481.6298828125,2474.659912109375,2475.679931640625,30798336.0,0.39127076468805305,0.33283489005678607,0.27310064931774,8.366915614563386,0.3379643510305736,0.5033753482347498,1.0,-0.07631096247770407,-0.40479412431835177,0.3284831618406477,0.07036923873153834,0.19189520185765302,0.07631096247770407,0.0,0.08333333333333333,0.7706327814527623,0.09365181696824691,0.1984864506757266,0.362748790925502,0.445579085638286,0.45,False,True,ACTIVE,MR_BLOCK,FIXED_2ATR,OSC_CROSS,H1.0,phase_h_2026-08-30,1.9379157663582245,1.194262141346933,0.027808780292726282,-2.426822857675922,-0.6694870372312924,,,,,2026-08-31T15:05:51.697343+00:00
BTCUSD_2026-08-30T16:00:00,BTCUSD,2026-08-30 16:00:00,2026-08-30T16:05:12.616907+00:00,yahoo,FLAT,78827.1171875,78975.2265625,78794.890625,78949.078125,0.0,0.489669656033602,0.4402879846054312,0.3208410807999719,232.70418323387142,0.29475224886784757,0.5473676897016818,0.0,-0.06765750402240395,-0.42572662398209665,0.3580691199596927,0.08068709619669859,0.22417833569278695,0.06765750402240395,0.3333333333333333,0.3333333333333333,0.5738221317535321,0.13387046544048323,-0.07703797167320092,0.544359973267974,0.44187980317154835,0.45,False,True,ACTIVE,MR_BLOCK,FIXED_2ATR,OSC_CROSS,H1.0,phase_h_2026-08-30,-0.4032909693331646,-0.5994708726366901,-1.1416860875349786,-2.1779209223931764,-0.9473871320518925,,,,,2026-08-31T17:05:31.226252+00:00
ETHUSD_2026-08-30T16:00:00,ETHUSD,2026-08-30 16:00:00,2026-08-30T16:05:13.225716+00:00,yahoo,FLAT,2481.219970703125,2488.330078125,2479.139892578125,2486.5,0.0,0.47746029991525735,0.4531761495214291,0.34304988217558313,8.718894886275057,0.35064930168007474,0.5256049806292534,0.0,0.03639943095874827,-0.3442091885657581,0.38060861952450636,0.09748716705104585,0.2601389972962132,0.03639943095874827,0.3333333333333333,0.16666666666666666,0.7165575607479814,0.040158970674437404,-0.019372350112260295,0.622482786469538,0.8262794007518954,0.45,False,True,ACTIVE,MR_BLOCK,FIXED_2ATR,OSC_CROSS,H1.0,phase_h_2026-08-30,-0.9335378794913968,-1.0086595540154957,-2.309919092161031,-4.426087589439874,-2.366062456210396,,,,,2026-08-31T17:05:31.260591+00:00
BTCUSD_2026-08-30T20:00:00,BTCUSD,2026-08-30 20:00:00,2026-08-30T20:19:26.961792+00:00,yahoo,FLAT,78864.90625,78910.421875,78819.4921875,78842.6796875,34593792.0,0.5790429139193071,0.33745339232688437,0.33751510592239886,256.86106389180554,0.325789362956583,0.6220706188174637,0.0,0.21402752474793352,-0.18267319198550427,0.39670071673343776,0.057327234536847876,0.19895114221814225,0.21402752474793352,0.3333333333333333,0.25,0.8359565479357165,0.037638951311555896,0.07382497730332481,0.29973822646392445,0.2349091517654803,0.45,False,True,ACTIVE,MR_BLOCK,FIXED_2ATR,OSC_CROSS,H1.0,phase_h_2026-08-30,0.08204973010977544,-1.143765085448834,-1.4363524545425803,-0.15588752794393299,0.363313381453003,,,,,2026-08-31T20:05:31.905410+00:00
ETHUSD_2026-08-30T20:00:00,ETHUSD,2026-08-30 20:00:00,2026-08-30T20:19:27.503861+00:00,yahoo,FLAT,2503.550048828125,2507.2900390625,2503.550048828125,2503.8798828125,11417600.0,0.6651791731478884,0.4620225295836028,0.4375355491831916,11.54539020508086,0.46110000261324124,0.7058010886600723,0.0,0.5646812137014565,-0.017679897024074867,0.5823611107255314,0.11268712546047904,0.3830382122831846,0.5646812137014565,0.5,0.25,0.8805891265741057,0.05462727558886115,0.04793974807237831,0.8448957786896478,0.6039891705183846,0.45,False,True,ACTIVE,MR_BLOCK,FIXED_2ATR,OSC_CROSS,H1.0,phase_h_2026-08-30,-0.3573480432707261,-2.9229805424456057,-3.3389471921834537,-1.7867108090259716,-0.47579095663899335,,,,,2026-08-31T20:05:31.939399+00:00
GOLD_2026-08-31T00:00:00,GOLD,2026-08-31 00:00:00,2026-08-31T00:35:09.747932+00:00,yahoo,FLAT,4507.7998046875,4514.60009765625,4502.39990234375,4506.7001953125,2130.0,0.7631584149608089,0.4298506206606354,0.3047064160072577,27.155677647823932,0.60256232877592,1.3905372327200676,2.0,-2.6338656822073734,-1.7306728587175715,-0.9031928234898019,-0.13374604765088804,-0.45415086348569433,2.6338656822073734,0.3333333333333333,0.3333333333333333,,,,,,0.45,False,False,ACTIVE,MR_BLOCK,FIXED_2ATR,OSC_CROSS,H1.0,phase_h_2026-08-30,-0.35732731780511534,-0.7479457986920648,-0.3617704743362195,-0.4172557461392763,-0.2796479372808359,,,,,2026-09-01T03:06:21.236368+00:00
USDJPY_2026-08-31T00:00:00,USDJPY,2026-08-31 00:00:00,2026-08-31T00:36:00.320373+00:00,yahoo,FLAT,160.11399841308594,160.11700439453125,159.9499969482422,160.00399780273438,0.0,0.4482692644972018,0.36766916554495527,0.27532813980011983,0.1375915344094108,0.08599256037280054,1.1139557694674247,2.0,3.3614614008132575,2.7063926595626437,0.6550687412506138,-0.017177383788040235,0.07075912475279544,3.3614614008132575,0.0,0.25,,,,,,0.45,False,False,ACTIVE,MR_BLOCK,FIXED_2ATR,OSC_CROSS,H1.0,phase_h_2026-08-30,-0.0881516326367278,-0.10189760197224611,-0.0993983348203337,-0.052513227752968995,-0.09127094698281697,,,,,2026-09-01T00:05:29.450328+00:00
BTCUSD_2026-08-31T00:00:00,BTCUSD,2026-08-31 00:00:00,2026-08-31T00:37:45.109822+00:00,yahoo,FLAT,77657.453125,77962.46875,77428.2734375,77943.6015625,916328448.0,0.08046410931793548,0.038954931178784485,0.060398841204608235,371.67819055516713,0.47685529421825934,0.9089051955674263,0.0,0.21540498839644953,-0.11074077698818337,0.3261457653846329,-0.03190574333298776,0.08107942334187299,0.21540498839644953,0.16666666666666666,0.08333333333333333,,,,,,0.45,False,False,ACTIVE,MR_BLOCK,FIXED_2ATR,OSC_CROSS,H1.0,phase_h_2026-08-30,-0.37129704314888123,-0.22676059797743223,0.20790147940310538,-0.010397079192757536,0.9072930447350124,,,,,2026-09-01T00:05:29.483401+00:00
ETHUSD_2026-08-31T00:00:00,ETHUSD,2026-08-31 00:00:00,2026-08-31T00:39:42.331585+00:00,yahoo,FLAT,2416.010009765625,2432.22998046875,2408.159912109375,2432.22998046875,923748352.0,0.15707389528406981,0.11948976473092653,0.02680975211591346,19.599001925719914,0.8058038130893654,1.2228500093858388,0.0,0.5590170305333488,0.11296821380002933,0.44604881673331953,-0.09811086161523763,0.11225344712724294,0.5590170305333488,0.5,0.25,0.5588460254165799,0.10090421046015395,0.4245348007913535,0.4738461578300053,-0.23246941392385911,0.45,False,False,ACTIVE,MR_BLOCK,FIXED_2ATR,OSC_CROSS,H1.0,phase_h_2026-08-30,-0.6506468616345163,-0.31091141734084426,0.410976133162782,0.92490240096001,1.601900073422347,,,,,2026-09-01T00:05:29.517405+00:00
EURCAD_2026-08-31T00:00:00,EURCAD,2026-08-31 00:00:00,2026-08-31T00:39:43.218236+00:00,yahoo,FLAT,1.6107100248336792,1.611240029335022,1.6104899644851685,1.6110800504684448,0.0,0.3083322985222613,0.24817264183781362,0.342686011688425,0.0011683279307217467,0.07251830412660368,0.9178454979383565,0.0,-1.5057956752099577,-1.3273574779014126,-0.17843819730854515,0.009683876095771815,-0.024250779734663608,1.5057956752099577,0.16666666666666666,0.08333333333333333,0.2178219801548195,0.7476999974857065,-0.14918578325375553,0.8859469145330686,0.2112930797468766,0.45,False,True,ACTIVE,MR_BLOCK,FIXED_2ATR,OSC_CROSS,H1.0,phase_h_2026-08-30,-0.06703843648015652,-0.06517379122706607,-0.040348851448832046,-0.10552264267588433,-0.13593411882747852,,,,,2026-09-01T00:05:29.551274+00:00
GOLD_2026-08-30T22:00:00,GOLD,2026-08-30 22:00:00,2026-08-31T00:49:38.451144+00:00,yahoo,FLAT,4506.2998046875,4515.89990234375,4502.2001953125,4510.89990234375,4311.0,0.6561145809054022,0.38892501013898456,0.32491507193072255,28.068114521477757,0.622228715536212,1.445846576225282,2.0,-2.347312516531387,-1.451966344655407,-0.8953461718759801,-0.167597697809708,-0.5415513925389195,2.347312516531387,0.3333333333333333,0.25,0.16650817524727937,0.7237569382838066,-0.5671936862841531,0.9096039559216749,1.6773594993649206,0.45,False,True,ACTIVE,MR_BLOCK,FIXED_2ATR,OSC_CROSS,H1.0,phase_h_2026-08-30,-0.06872459427971937,-0.47218526565914615,-0.8047131497783742,-0.14187639899579177,-0.25936525492776125,,,,,2026-09-01T00:05:29.579633+00:00
GOLD_2026-08-30T23:00:00,GOLD,2026-08-30 23:00:00,2026-08-31T00:49:41.129987+00:00,yahoo,FLAT,4510.7998046875,4516.60009765625,4485.2001953125,4507.7998046875,5649.0,0.7318677560790923,0.44215811723012416,0.3129341687169424,28.306099365925775,0.6279360351471526,1.4531315444174546,2.0,-2.5001196345564853,-1.5917201166422175,-0.9083995179142679,-0.15280711802509828,-0.47094925037588986,2.5001196345564853,0.3333333333333333,0.3333333333333333,0.23087479194982374,0.7427009739940991,-0.6781887331082317,0.8285707895286166,1.6302258970980172,0.45,False,True,ACTIVE,MR_BLOCK,FIXED_2ATR,OSC_CROSS,H1.0,phase_h_2026-08-30,-0.046577254225369354,-0.78752388167471,-0.3349662813175167,-0.03548536856797907,-0.11312856816971105,,,,,2026-09-01T03:06:21.268892+00:00
USDJPY_2026-08-30T23:00:00,USDJPY,2026-08-30 23:00:00,2026-08-31T00:49:41.822011+00:00,yahoo,FLAT,160.10400390625,160.2010040283203,160.1020050048828,160.11099243164062,0.0,0.5016118100213255,0.4714258710856279,0.33097071382939375,0.1353287719571299,0.08452184943823172,1.092712134649774,2.0,3.3786387846012977,2.6056128532163956,0.7730259313849022,0.04494813624412819,0.17395211666759147,3.3786387846012977,0.0,0.25,0.22614627992669786,0.591529771309478,-0.1806953317840534,0.8786032497207645,0.20799934797394273,0.45,False,True,ACTIVE,MR_BLOCK,FIXED_2ATR,OSC_CROSS,H1.0,phase_h_2026-08-30,-0.09492964570590355,-0.21359885043734728,-0.17674582966184996,-0.25231977710164666,-0.18299759631008533,,,,,2026-08-31T23:05:45.991437+00:00
BTCUSD_2026-08-30T14:00:00,BTCUSD,2026-08-30 14:00:00,2026-08-31T00:49:42.558653+00:00,yahoo,FLAT,78852.3984375,78946.28125,78701.2109375,78778.3984375,0.0,0.48307460849346917,0.34102711568364324,0.2697562304291106,248.31796964587323,0.3152107361548864,0.5768978413372786,1.0,-0.207340616126408,-0.528553192245265,0.321212576118857,0.07039902383719834,0.22407648321595083,0.207340616126408,0.16666666666666666,0.25,0.5610404268202518,0.2622005144171311,0.01580154427598151,0.4886908737763613,0.3814986364242293,0.45,False,True,ACTIVE,MR_BLOCK,FIXED_2ATR,OSC_CROSS,H1.0,phase_h_2026-08-30,0.05495042214439535,0.2962027086462372,-0.24892808991995446,-1.6817050597329237,-1.097937400550496,,,,,2026-08-31T14:05:29.247931+00:00
BTCUSD_2026-08-30T17:00:00,BTCUSD,2026-08-30 17:00:00,2026-08-31T00:49:42.715437+00:00,yahoo,FLAT,79331.65625,79331.65625,78778.578125,79011.7421875,675948544.0,0.47499571215054026,0.33262199328519526,0.27490042646701485,298.81168900309166,0.37818643245961103,0.7048098015712935,0.0,0.056859382168658934,-0.35274900815313537,0.4096083903217943,0.07993572729532336,0.2641999982950669,0.056859382168658934,0.16666666666666666,0.25,0.4939791440875374,0.11268055217516676,-0.1886911387301868,0.29680934214493004,0.3050099776483933,0.45,False,True,ACTIVE,MR_BLOCK,FIXED_2ATR,OSC_CROSS,H1.0,phase_h_2026-08-30,0.020635777732008385,-0.5435208750123474,-1.681069358460664,-1.265120502757551,-0.4110049702857655,,,,,2026-08-31T17:05:31.610026+00:00
BTCUSD_2026-08-30T18:00:00,BTCUSD,2026-08-30 18:00:00,2026-08-31T00:49:42.925721+00:00,yahoo,FLAT,79019.9921875,79169.84375,78787.578125,79028.046875,173987840.0,0.5090119112520857,0.3216166854706502,0.3141313449211757,304.77268443144226,0.38565129277901344,0.7231873304741097,0.0,0.13432556505457655,-0.28780573172544044,0.422131296780017,0.07746618288591761,0.27007552520393185,0.13432556505457655,0.16666666666666666,0.25,0.6403794060244463,0.0884094784933852,-0.08863694315263665,0.7178706981299942,0.3199876904144534,0.45,False,True,ACTIVE,MR_BLOCK,FIXED_2ATR,OSC_CROSS,H1.0,phase_h_2026-08-30,-0.21756516426624647,-0.4824533220504192,-1.4001654871342155,-1.195174972492954,-0.303116278931827,,,,,2026-08-31T18:05:39.048013+00:00
BTCUSD_2026-08-30T19:00:00,BTCUSD,2026-08-30 19:00:00,2026-08-31T00:49:43.111091+00:00,yahoo,FLAT,79028.046875,79038.9765625,78704.5,78856.109375,10842112.0,0.43405290839155347,0.23332854794809518,0.31264848495773023,306.8943900077678,0.3891827690208915,0.7342613761566367,0.0,0.19282733761180754,-0.22372132248047405,0.4165486600922816,0.05850177255723099,0.21590368273847196,0.19282733761180754,0.16666666666666666,0.16666666666666666,0.5857617004281612,0.09484094028796149,-0.19845278414984732,0.4125833126643844,0.3224437078595208,0.45,False,True,ACTIVE,MR_BLOCK,FIXED_2ATR,OSC_CROSS,H1.0,phase_h_2026-08-30,-0.3472305470941832,-0.5454852400267814,-1.5520753682884827,-0.8586941682348248,0.2394789084786749,,,,,2026-08-31T19:05:33.346077+00:00
ETHUSD_2026-08-30T14:00:00,ETHUSD,2026-08-30 14:00:00,2026-08-31T00:49:43.732181+00:00,yahoo,FLAT,2475.340087890625,2479.68994140625,2470.830078125,2477.030029296875,76673536.0,0.5179969459728047,0.4220921112784099,0.31248478254670525,8.740969495481528,0.3528810467413963,0.5219227697069372,1.0,-0.11918519283564896,-0.44830728567797656,0.32912209284232763,0.07550593389918991,0.20762304024022418,0.11918519283564896,0.3333333333333333,0.16666666666666666,0.5539704213093637,0.304872630023607,-0.07489661992420195,0.7258337650506217,0.8090489300338084,0.45,False,True,ACTIVE,MR_BLOCK,FIXED_2ATR,OSC_CROSS,H1.0,phase_h_2026-08-30,0.1610796069156897,1.148955022785032,0.5482403509195574,-2.809012297067342,-1.3580835242558214,,,,,2026-08-31T14:05:29.361705+00:00
ETHUSD_2026-08-30T17:00:00,ETHUSD,2026-08-30 17:00:00,2026-08-31T00:49:43.946052+00:00,yahoo,FLAT,2528.260009765625,2528.260009765625,2494.300048828125,2505.489990234375,577390592.0,0.47893959309967776,0.4124099221235178,0.3343748226983107,13.824414070020197,0.551764889259326,0.8278665172048387,0.0,0.3089858956751316,-0.23384473396335076,0.5428306296384824,0.13316814215344994,0.42817108851078056,0.3089858956751316,0.5,0.25,0.4922995130783108,0.11481070663210301,-0.06263955471350935,0.4618898305189129,0.19813385201602557,0.45,False,True,ACTIVE,MR_BLOCK,FIXED_2ATR,OSC_CROSS,H1.0,phase_h_2026-08-30,0.20594423164677333,-0.5938911298986298,-3.499512350173988,-2.7826880560238467,-1.4468227828205775,,,,,2026-08-31T17:05:31.709418+00:00
ETHUSD_2026-08-30T18:00:00,ETHUSD,2026-08-30 18:00:00,2026-08-31T00:49:44.146506+00:00,yahoo,FLAT,2505.6201171875,2517.75,2496.360107421875,2510.64990234375,107034624.0,0.49543123879211687,0.4309978002306239,0.38774945699348917,14.364805392027684,0.5721548583344019,0.8615855920879414,0.0,0.4467635834061059,-0.1430969583140899,0.5898605417201958,0.13777768773097426,0.4819927177820206,0.4467635834061059,0.5,0.25,0.5943856673006829,0.08103006696809016,-0.2663330560697415,0.7626334057827993,0.46244941746386964,0.45,False,True,ACTIVE,MR_BLOCK,FIXED_2ATR,OSC_CROSS,H1.0,phase_h_2026-08-30,-0.281194699688495,-1.1526872535766095,-3.277629224411399,-2.8801233650945166,-1.5820593172327806,,,,,2026-08-31T18:05:39.150357+00:00
ETHUSD_2026-08-30T19:00:00,ETHUSD,2026-08-30 19:00:00,2026-08-31T00:49:44.393352+00:00,yahoo,FLAT,2510.64990234375,2513.10009765625,2496.659912109375,2503.590087890625,123336704.0,0.45085165117382076,0.3361029367284994,0.3628247383208034,14.513046831659636,0.5796894188811659,0.876079835222959,0.0,0.5556633056603515,-0.049928923117497706,0.6055922287778492,0.1088997222542456,0.3798455521386698,0.5556633056603515,0.5,0.16666666666666666,0.6852505550073632,0.0761044117928774,0.14221576317338347,0.6341455326320631,0.4146410403878473,0.45,False,True,ACTIVE,MR_BLOCK,FIXED_2ATR,OSC_CROSS,H1.0,phase_h_2026-08-30,-0.518454699574488,-1.3145185551412741,-3.6359797770876883,-2.5215839948589456,-0.9422504109089437,,,,,2026-08-31T19:05:33.385078+00:00
EURCAD_2026-08-30T23:00:00,EURCAD,2026-08-30 23:00:00,2026-08-31T00:49:45.040874+00:00,yahoo,FLAT,1.610569953918457,1.61080002784729,1.6099400520324707,1.6107100248336792,0.0,0.46251086551591397,0.28734256738566233,0.41492354825039773,0.0012005020138654567,0.07453247296883371,0.9413546510068358,0.0,-1.5154795513057295,-1.2999054475462517,-0.21557410375947783,-0.005038944886474939,-0.06329654836285736,1.5154795513057295,0.16666666666666666,0.16666666666666666,0.13770316035364163,0.7780528760273726,-0.2061624678306718,0.9257451517594684,0.30353259913246267,0.45,False,True,ACTIVE,MR_BLOCK,FIXED_2ATR,OSC_CROSS,H1.0,phase_h_2026-08-30,0.02235114011167429,-0.034770084849220464,-0.02980398716215641,-0.02235114011167429,-0.10182350518424332,,,,,2026-08-31T23:05:46.027808+00:00
GOLD_2026-08-31T01:00:00,GOLD,2026-08-31 01:00:00,2026-08-31T02:05:13.830627+00:00,yahoo,FLAT,4505.7998046875,4512.39990234375,4485.0,4494.0,9715.0,0.7425750551935669,0.4781724723108076,0.3212414277659201,27.69709538359799,0.6163127588695592,1.4174300553192818,2.0,-2.7684659337141935,-1.8692509658804193,-0.8992149678337742,-0.13282017990135575,-0.4211534171828064,2.7684659337141935,0.5,0.3333333333333333,0.18477081959616048,0.7986436698846974,-0.8799104307887855,0.9045796251140016,1.7170966732065978,0.45,False,True,ACTIVE,MR_BLOCK,FIXED_2ATR,OSC_CROSS,H1.0,phase_h_2026-08-30,-0.38534151355220797,-0.3341054809721382,0.08240615980878552,-0.45661082399525554,-0.02673278880955455,,,,,2026-09-01T03:06:21.306762+00:00
USDJPY_2026-08-31T01:00:00,USDJPY,2026-08-31 01:00:00,2026-08-31T02:05:24.154754+00:00,yahoo,FLAT,159.9600067138672,159.9810028076172,159.7480010986328,159.8179931640625,0.0,0.1477162714754288,0.21642766318168974,0.18244983062796102,0.14869208677860468,0.09303838937957604,1.2060984874302874,1.0,3.274512881475772,2.7836668799207955,0.4908460015549765,-0.10014440099865052,-0.05917776688139753,3.274512881475772,0.16666666666666666,0.25,0.49441500994109355,0.41786272714754,0.12975797696994631,0.794563654954743,0.10348944965594552,0.45,False,True,ACTIVE,MR_BLOCK,FIXED_2ATR,OSC_CROSS,H1.0,phase_h_2026-08-30,-0.03065735635247921,-0.019391183666111887,-0.1514154513839825,0.0037617559647701053,-0.04004265105646147,,,,,2026-09-01T03:06:21.343743+00:00
BTCUSD_2026-08-30T21:00:00,BTCUSD,2026-08-30 21:00:00,2026-08-31T02:05:24.791500+00:00,yahoo,FLAT,78582.3125,78723.4921875,78260.2890625,78646.7734375,700779520.0,0.236000228863502,0.20809642678838886,0.22887633973246016,313.90865930516713,0.3991373651897213,0.7619019393721888,0.0,0.28288817657893006,-0.1015006667187491,0.3843888432976792,0.033480169266866006,0.14856261152435352,0.28288817657893006,0.3333333333333333,0.16666666666666666,0.5529370509576659,0.05763201915241077,-0.21401948716026964,0.35703675601505713,0.14141077285979053,0.45,False,True,ACTIVE,MR_BLOCK,FIXED_2ATR,OSC_CROSS,H1.0,phase_h_2026-08-30,-0.28076485575785004,-0.9221611622457095,-1.1468306620573177,-0.19512680659678208,0.21613648922938372,,,,,2026-08-31T21:05:29.373758+00:00
BTCUSD_2026-08-30T22:00:00,BTCUSD,2026-08-30 22:00:00,2026-08-31T02:05:25.029097+00:00,yahoo,FLAT,78601.8671875,78795.8984375,78284.6875,78425.9609375,440715264.0,0.19035744743965294,0.11172614015217981,0.21638980476160474,328.0016791762266,0.41823099807169845,0.8023301364228781,0.0,0.2931685547237713,-0.048878103859746384,0.3420466585835177,0.010280378144841229,0.10034121711196375,0.2931685547237713,0.16666666666666666,0.08333333333333333,0.355254608838366,0.16743318059960574,-0.35572287592088936,0.33140121718754295,0.15748815722493364,0.45,False,True,ACTIVE,MR_BLOCK,FIXED_2ATR,OSC_CROSS,H1.0,phase_h_2026-08-30,-0.9467030159715726,-1.0121110446227997,-1.0482020113915165,0.3183336831523921,0.6135663583178521,,,,,2026-08-31T22:05:29.773517+00:00
BTCUSD_2026-08-30T23:00:00,BTCUSD,2026-08-30 23:00:00,2026-08-31T02:05:25.282340+00:00,yahoo,FLAT,78415.8828125,78437.8671875,77049.703125,77683.5,2666158080.0,0.50160781427981,0.12394532296971321,0.01277852415475387,403.72756369935325,0.5197082568362049,0.9996054014303326,0.0,0.2273678600138994,-0.012045308676593616,0.239413168690493,-0.0658006947098719,-0.02204014729816467,0.2273678600138994,0.0,0.0,0.5202477927076655,0.415261898264988,-0.0579609756707914,0.3532236456080518,0.05595338675975503,0.45,False,True,ACTIVE,MR_BLOCK,FIXED_2ATR,OSC_CROSS,H1.0,phase_h_2026-08-30,0.3064015363622906,-0.29597260035914963,0.42306080119974,0.7768300218193053,0.9621070594141613,,,,,2026-08-31T23:05:46.131827+00:00
BTCUSD_2026-08-31T01:00:00,BTCUSD,2026-08-31 01:00:00,2026-08-31T02:05:25.464105+00:00,yahoo,FLAT,77897.7109375,77985.7109375,77540.15625,77632.203125,730013696.0,0.41875649777494184,0.11965001015265907,0.0018045104470930248,427.86346691423824,0.5511417294512576,1.0636332457386974,0.0,0.11832330406647343,0.028784073360057186,0.08953923070641624,-0.07253725556287213,-0.17484525065729786,0.11832330406647343,0.16666666666666666,0.08333333333333333,0.6978807064311483,0.17419940731120082,0.7837504400373878,0.44814794288025545,0.06836923125781622,0.45,False,True,ACTIVE,MR_BLOCK,FIXED_2ATR,OSC_CROSS,H1.0,phase_h_2026-08-30,-0.23009137034586766,-0.03645998227620183,0.70431266341831,0.2643172604152473,0.9596130471789958,,,,,2026-09-01T03:06:21.380614+00:00
ETHUSD_2026-08-30T21:00:00,ETHUSD,2026-08-30 21:00:00,2026-08-31T02:05:26.068275+00:00,yahoo,FLAT,2490.6201171875,2490.6201171875,2461.31005859375,2481.7099609375,567452672.0,0.16620697006019378,0.15692781121059912,0.20584408473640273,15.916140597594916,0.6413376602470651,0.9757042829025184,0.0,0.6962909926519352,0.1317446546877687,0.5645463379641664,0.035067702957819136,0.24952740924582928,0.6962909926519352,0.5,0.25,0.6109920026253858,0.13310701162523905,-0.012687206157755527,0.3960062468656728,0.41592696896890424,0.45,False,True,ACTIVE,MR_BLOCK,FIXED_2ATR,OSC_CROSS,H1.0,phase_h_2026-08-30,-0.44445279547124256,-2.149721536978937,-2.4539492246202785,-1.4332886968764842,-0.4190619575794947,,,,,2026-08-31T21:05:29.506376+00:00
ETHUSD_2026-08-30T22:00:00,ETHUSD,2026-08-30 22:00:00,2026-08-31T02:05:26.224281+00:00,yahoo,FLAT,2479.800048828125,2488.64990234375,2462.1298828125,2470.679931640625,413177856.0,0.012669181722942431,0.09273365434820445,0.16385708944240698,16.673560521427422,0.6748571641311527,1.0286414200120308,0.0,0.6977061835756964,0.2072061918728257,0.4904999917028706,0.0014151909237611893,0.14204287791534487,0.6977061835756964,0.3333333333333333,0.16666666666666666,0.22827363712119764,0.6557954520302103,-0.11111783270271547,0.15725080344676892,0.23404232692727428,0.45,False,True,ACTIVE,MR_BLOCK,FIXED_2ATR,OSC_CROSS,H1.0,phase_h_2026-08-30,-2.1398916294174697,-2.3523837427327625,-2.1662061056897275,-0.6475950120085119,0.19671133276448743,,,,,2026-08-31T22:05:29.874763+00:00
ETHUSD_2026-08-30T23:00:00,ETHUSD,2026-08-30 23:00:00,2026-08-31T02:05:26.434097+00:00,yahoo,FLAT,2469.679931640625,2469.679931640625,2388.530029296875,2417.81005859375,1892742144.0,0.3217532874822059,0.18061416578193726,0.0693646325184969,21.350442080164747,0.8830487740042996,1.3439714497922037,0.0,0.5505491882234197,0.25298525805290495,0.29756393017051475,-0.14715699535227666,-0.11067410147069634,0.5505491882234197,0.16666666666666666,0.08333333333333333,0.5406143788989102,0.25144213456315734,0.04961863887959569,0.550230187147765,0.20387813525635357,0.45,False,True,ACTIVE,MR_BLOCK,FIXED_2ATR,OSC_CROSS,H1.0,phase_h_2026-08-30,0.43634729662185023,-0.4284913690821793,0.7428193490081639,1.1555887654177626,1.8508484502718778,,,,,2026-08-31T23:05:46.207883+00:00
ETHUSD_2026-08-31T01:00:00,ETHUSD,2026-08-31 01:00:00,2026-08-31T02:05:26.611442+00:00,yahoo,FLAT,2427.0,2430.409912109375,2410.77001953125,2412.56005859375,742072320.0,0.34022489796116456,0.1775292520524921,0.07801457611034261,21.89880547784295,0.9076999098877346,1.3763979685005046,0.0,0.281150982529065,0.27805537175774686,0.003095610771318147,-0.15628826972786408,-0.41655520104663135,0.281150982529065,0.0,0.08333333333333333,0.5246290383362879,0.23261821334333696,0.6432119649567041,0.4742382818096221,0.23557889985286634,0.45,False,True,ACTIVE,MR_BLOCK,FIXED_2ATR,OSC_CROSS,H1.0,phase_h_2026-08-30,-0.21181265119897635,0.1906627567359378,1.1564438466254179,1.1112701007483825,2.061295025241235,,,,,2026-09-01T03:06:21.416770+00:00
EURCAD_2026-08-31T01:00:00,EURCAD,2026-08-31 01:00:00,2026-08-31T02:05:27.209291+00:00,yahoo,FLAT,1.6110800504684448,1.6113100051879885,1.609660029411316,1.6099900007247925,0.0,0.3475509010955163,0.3242154541248361,0.3639698727882086,0.0012060442717599712,0.07491004734296665,0.9500606208468863,0.0,-1.529138822999041,-1.3547021518671722,-0.17443667113186878,-0.019531175121120015,-0.01869821657978643,1.529138822999041,0.16666666666666666,0.16666666666666666,0.5623559848235128,0.5173861078561164,-0.06703134857292511,0.6996832034939768,0.20680703192302702,0.45,False,True,ACTIVE,MR_BLOCK,FIXED_2ATR,OSC_CROSS,H1.0,phase_h_2026-08-30,0.009936637277568708,-0.008078145506577839,0.11179827589716201,-0.03043187720626482,-0.048446659990425155,,,,,2026-09-01T03:06:21.453565+00:00
GOLD_2026-08-31T02:00:00,GOLD,2026-08-31 02:00:00,2026-08-31T03:06:09.838948+00:00,yahoo,FLAT,4489.10009765625,4490.7001953125,4445.60009765625,4467.5,13030.0,0.6980657762096775,0.504147425231053,0.354294369409007,28.940166974501707,0.6477933290319353,1.4843283472591782,2.0,-2.9292870582097423,-2.011446082174478,-0.9178409760352642,-0.1534050323307965,-0.429167423653257,2.9292870582097423,0.6666666666666666,0.3333333333333333,0.15667681919363802,0.914485619829801,-0.8099418492317798,0.9565037366378704,2.241246939508283,0.45,False,True,ACTIVE,MR_BLOCK,FIXED_2ATR,OSC_CROSS,H1.0,phase_h_2026-08-30,-0.006703591006706866,0.4561498896746138,0.2973926961428149,0.21019142355231368,0.3912975597400229,,,,,2026-09-01T04:05:59.689929+00:00
USDJPY_2026-08-31T02:00:00,USDJPY,2026-08-31 02:00:00,2026-08-31T03:06:24.898883+00:00,yahoo,FLAT,159.8179931640625,159.843994140625,159.81700134277344,159.8260040283203,0.0,0.048940105278133444,0.19739150883667084,0.2009488227234592,0.13601985051994478,0.08510495607200615,1.1053599340770612,1.0,3.1479425722327363,2.8262093233719003,0.321733248860836,-0.09997186359139842,-0.23069621236856142,3.1479425722327363,0.0,0.25,0.3413485871794212,0.5267183982735393,0.09619828111431397,0.8158831239171593,0.18916662148724467,0.45,False,True,ACTIVE,MR_BLOCK,FIXED_2ATR,OSC_CROSS,H1.0,phase_h_2026-08-30,0.016904441484416256,0.03693190690408907,-0.02127858510015786,-0.041306050519830675,0.006885933508623796,,,,,2026-09-01T03:06:21.520038+00:00
BTCUSD_2026-08-31T02:00:00,BTCUSD,2026-08-31 02:00:00,2026-08-31T03:06:27.561155+00:00,yahoo,FLAT,77621.078125,77643.109375,77508.5234375,77643.1015625,9039872.0,0.7191607163058741,0.15364876646033282,0.002587711546109319,418.1293742286673,0.5385273975590577,1.038507904158551,0.0,0.02396991530806712,0.015976433335550527,0.007993481972516592,-0.069497262312507,-0.18139078160165914,0.02396991530806712,0.0,0.08333333333333333,0.706387260689624,0.24420066740479324,0.6919670072830398,0.4879181918519033,0.1236654209803869,0.45,False,True,ACTIVE,MR_BLOCK,FIXED_2ATR,OSC_CROSS,H1.0,phase_h_2026-08-30,0.3760316915636362,0.7211678608295412,1.2991249395555282,1.4136794438765639,1.2509206623564235,,,,,2026-09-01T03:06:21.557080+00:00
ETHUSD_2026-08-31T02:00:00,ETHUSD,2026-08-31 02:00:00,2026-08-31T03:06:30.129780+00:00,yahoo,FLAT,2412.340087890625,2414.60009765625,2408.179931640625,2413.679931640625,15475712.0,0.7742171622469216,0.2009985839278392,0.0738378586035095,20.92176005644196,0.8667992711950435,1.3116608754978758,1.0,0.1000750670960523,0.23701063824788487,-0.13693557115183258,-0.14756470656758544,-0.4171048072100272,0.1000750670960523,0.16666666666666666,0.08333333333333333,0.7630855117142996,0.0270390554760993,0.7855490447034117,0.8762247198738768,0.3989890832327149,0.45,False,True,ACTIVE,MR_BLOCK,FIXED_2ATR,OSC_CROSS,H1.0,phase_h_2026-08-30,0.5549485012293484,1.1763512818029564,1.6058550347508318,2.444083535858488,2.3626712125598894,,,,,2026-09-01T03:06:21.593433+00:00
EURCAD_2026-08-31T02:00:00,EURCAD,2026-08-31 02:00:00,2026-08-31T03:06:32.699015+00:00,yahoo,FLAT,1.610010027885437,1.610100030899048,1.6095999479293823,1.6099499464035034,0.0,0.18318087931545704,0.3484188524037664,0.3619107765013092,0.0011556184644675267,0.07177977595198434,0.9127442910273286,0.0,-1.5423538426731225,-1.3789940608884623,-0.16335978178466015,-0.0164686770319169,-0.026874291367392944,1.5423538426731225,0.16666666666666666,0.16666666666666666,0.23627313376310355,0.7364276005977433,-0.0986676662957329,0.9548129028274984,0.2801913086664241,0.45,False,True,ACTIVE,MR_BLOCK,FIXED_2ATR,OSC_CROSS,H1.0,phase_h_2026-08-30,-0.008069939276298212,0.004967825004033119,0.07142266440224664,-0.00869184285355422,-0.052787767926611225,,,,,2026-09-01T03:06:21.628959+00:00
GOLD_2026-08-31T03:00:00,GOLD,2026-08-31 03:00:00,2026-08-31T04:05:20.823078+00:00,yahoo,FLAT,4474.0,4474.0,4474.0,4474.0,0.0,0.4831464467637042,0.6841719640776225,0.3127705212426326,27.975459433456763,0.62528966100708,1.4275581851386803,2.0,-3.0329585859402517,-2.144024911041898,-0.8889336748983538,-0.11881140997232276,-0.397312832127414,3.0329585859402517,0.5,0.3333333333333333,0.07062588242956883,0.7744308605044185,-0.8137591731105258,0.9620543223822553,1.801440449278778,0.45,False,True,ACTIVE,MR_BLOCK,FIXED_2ATR,OSC_CROSS,H1.0,phase_h_2026-08-30,0.058141718610241505,0.3890854728029964,0.5366726296958855,0.07826475849731664,0.07156071807915922,,,,,2026-09-01T06:07:25.592191+00:00
USDJPY_2026-08-31T03:00:00,USDJPY,2026-08-31 03:00:00,2026-08-31T04:05:31.217541+00:00,yahoo,FLAT,159.76800537109375,159.781005859375,159.7449951171875,159.77200317382812,0.0,0.2521702869706964,0.148014440433213,0.12319328048082787,0.1320904977065782,0.08267437040447374,1.0756558996009655,1.0,3.0228945632092334,2.852434022016878,0.17046054119235565,-0.12504800902350288,-0.3222659113102875,3.0228945632092334,0.16666666666666666,0.16666666666666666,0.5328738009799204,0.27975652785424876,-0.04500446440554251,0.8443974124028123,0.3159588429606979,0.45,False,True,ACTIVE,MR_BLOCK,FIXED_2ATR,OSC_CROSS,H1.0,phase_h_2026-08-30,-0.005633861455325723,0.0025018164428734562,-0.042559526282011435,-0.03317294016237553,0.008756357550057098,,,,,2026-09-01T03:06:21.695132+00:00
BTCUSD_2026-08-31T03:00:00,BTCUSD,2026-08-31 03:00:00,2026-08-31T04:05:31.823321+00:00,yahoo,FLAT,77477.15625,77584.7265625,77373.1328125,77535.84375,167598080.0,0.6911886842846637,0.14009922867172137,0.006926264822945304,407.5464724980483,0.5256233153431676,1.0155863307805946,1.0,-0.056372180153501567,0.006329951537010248,-0.06270213169051181,-0.08034209546156869,-0.2211344693396906,0.056372180153501567,0.16666666666666666,0.0,0.5165274856228524,0.016249712075700366,0.6970806603161804,0.4616457394061107,0.22407978795749983,0.45,False,True,ACTIVE,MR_BLOCK,FIXED_2ATR,OSC_CROSS,H1.0,phase_h_2026-08-30,-0.18127210632379284,0.43564995983454685,0.9627449092775263,1.0473365491153048,0.9073855194145752,,,,,2026-09-01T03:06:21.730665+00:00
ETHUSD_2026-08-31T03:00:00,ETHUSD,2026-08-31 03:00:00,2026-08-31T04:05:32.456657+00:00,yahoo,FLAT,2408.0,2412.010009765625,2404.8701171875,2410.010009765625,220500992.0,0.739354502075787,0.19318183003386558,0.08919118049503408,20.056621084776463,0.8322214847035836,1.2592146146192882,1.0,-0.05305370045696104,0.19833539308723877,-0.2513890935441998,-0.15312876755301333,-0.45623636230795633,0.05305370045696104,0.3333333333333333,0.0,0.7545215747492539,0.003934056123481509,0.8827075304989406,0.7717654053749345,0.5041397371277918,0.45,False,True,ACTIVE,MR_BLOCK,FIXED_2ATR,OSC_CROSS,H1.0,phase_h_2026-08-30,-0.1507820273390376,0.7241389812738223,1.0463371091199578,1.9171232350354057,1.842352453770499,,,,,2026-09-01T03:06:21.766770+00:00
EURCAD_2026-08-31T03:00:00,EURCAD,2026-08-31 03:00:00,2026-08-31T04:05:33.062277+00:00,yahoo,FLAT,1.6101800203323364,1.610219955444336,1.6096999645233154,1.6100599765777588,0.0,0.061351643461115504,0.37963767815995203,0.2928312180687519,0.001110216497078454,0.06895497765482374,0.8791580960799552,0.0,-1.55162103487382,-1.4020109907531766,-0.14961004412064338,-0.009267192200697494,-0.045531557251126786,1.55162103487382,0.0,0.08333333333333333,0.3360457437163147,0.7778074258610538,-0.08332037314455128,0.8863429348376991,0.23665617222991256,0.45,False,True,ACTIVE,MR_BLOCK,FIXED_2ATR,OSC_CROSS,H1.0,phase_h_2026-08-30,-0.009943856085228991,0.02484112968423287,0.0745307932642703,0.008070590568056292,-0.05590179705396789,,,,,2026-09-01T03:06:21.802972+00:00
GOLD_2026-08-31T04:00:00,GOLD,2026-08-31 04:00:00,2026-08-31T05:05:35.432210+00:00,yahoo,FLAT,4472.2998046875,4472.5,4462.5,4469.5,3035.0,0.4563654119318182,0.688621806999319,0.3444509285773834,26.798640902495567,0.5995892359882664,1.3649726972440412,2.0,-3.135718171425694,-2.2762506790930708,-0.8594674923326231,-0.10275958548544217,-0.3785418413832833,3.135718171425694,0.5,0.3333333333333333,0.2032481453809161,0.8307670370444785,-0.7957049057946379,0.9367488204194453,1.7218106411174512,0.45,False,True,ACTIVE,MR_BLOCK,FIXED_2ATR,OSC_CROSS,H1.0,phase_h_2026-08-30,0.40450760428246196,0.41790789396005956,0.6682139563580501,0.17878692677341868,0.4447302978912767,,,,,2026-09-01T06:07:25.621607+00:00
USDJPY_2026-08-31T04:00:00,USDJPY,2026-08-31 04:00:00,2026-08-31T05:05:51.335231+00:00,yahoo,FLAT,159.79600524902344,159.80299377441406,159.74000549316406,159.74600219726562,0.0,0.7470803290342236,0.20392899319549365,0.11138326189375289,0.12977485501823366,0.08123824899103173,1.0579568905688215,1.0,2.8665898380466373,2.84977295792812,0.01681688011851712,-0.13588724635408544,-0.3813245977774975,2.8665898380466373,0.3333333333333333,0.08333333333333333,0.834335132197521,0.07574211202076755,0.28128792396485497,0.609481759253901,0.3655767790493492,0.45,False,True,ACTIVE,MR_BLOCK,FIXED_2ATR,OSC_CROSS,H1.0,phase_h_2026-08-30,0.025659387530378015,-0.1320498737514206,-0.04131094546200792,-0.06947229039207295,0.016272272553689668,,,,,2026-09-01T04:05:59.793133+00:00
BTCUSD_2026-08-31T04:00:00,BTCUSD,2026-08-31 04:00:00,2026-08-31T05:05:52.053376+00:00,yahoo,FLAT,77751.0,77763.7109375,77565.1875,77565.1875,24135680.0,0.638502615444421,0.11954454949923606,0.00330728200463578,420.6489833682678,0.5423167234247552,1.0476292974025998,1.0,-0.1504015819178215,-0.018780288516224458,-0.13162129340159703,-0.07495767868931526,-0.2438687595383956,0.1504015819178215,0.16666666666666666,0.08333333333333333,0.6860410288741132,0.02312939909275173,0.3811720926188907,0.6378588220208797,0.06048824710181144,0.45,False,True,ACTIVE,MR_BLOCK,FIXED_2ATR,OSC_CROSS,H1.0,phase_h_2026-08-30,0.5260689323859072,0.7410428297789082,1.381011484704125,1.3049642419905008,1.370581918454282,,,,,2026-09-01T04:05:59.829818+00:00
ETHUSD_2026-08-31T04:00:00,ETHUSD,2026-08-31 04:00:00,2026-08-31T05:05:53.083463+00:00,yahoo,FLAT,2421.14990234375,2421.14990234375,2413.610107421875,2413.610107421875,715776.0,0.7438267850626444,0.181509002309228,0.07165065767881663,20.35656489748467,0.8434073438327107,1.273944546042192,1.0,-0.20576310783897733,0.14092099062170682,-0.34668409846068415,-0.13686366751085588,-0.4534028815026151,0.20576310783897733,0.3333333333333333,0.08333333333333333,0.7877967209808469,0.004604504562226059,0.8397210963592385,0.7659290914971185,0.32167341993313686,0.45,False,True,ACTIVE,MR_BLOCK,FIXED_2ATR,OSC_CROSS,H1.0,phase_h_2026-08-30,0.7699162694467566,0.963943209193463,1.5522357185920532,2.1392959902681503,2.247268295624334,,,,,2026-09-01T04:05:59.867047+00:00
EURCAD_2026-08-31T04:00:00,EURCAD,2026-08-31 04:00:00,2026-08-31T05:05:53.963787+00:00,yahoo,FLAT,1.6099900007247925,1.61011004447937,1.6096099615097046,1.6099499464035034,0.0,0.10827086149685378,0.3767265898234966,0.3025729590940005,0.0010826410288143449,0.06724687504930674,0.8594334052311741,0.0,-1.5557936502710534,-1.4213163563846931,-0.13447729388636032,-0.009520090172441709,-0.029908484629847853,1.5557936502710534,0.0,0.16666666666666666,0.2859781012860975,0.7844984166217317,-0.10830025935899822,0.9027514767780459,0.2422991805382908,0.45,False,True,ACTIVE,MR_BLOCK,FIXED_2ATR,OSC_CROSS,H1.0,phase_h_2026-08-30,0.02298495818129741,0.11988610597782291,0.09131781710430402,0.004354109346199381,-0.0316783669779608,,,,,2026-09-01T04:05:59.909641+00:00
GOLD_2026-08-31T05:00:00,GOLD,2026-08-31 05:00:00,2026-08-31T06:05:17.560033+00:00,yahoo,FLAT,4474.60009765625,4491.89990234375,4469.2001953125,4487.0,4681.0,0.17060396606375436,0.5784068729668863,0.32291400380780866,26.505859911692312,0.5907256499151397,1.3405697671326309,2.0,-3.18465022372397,-2.397370618377191,-0.7872796053467792,-0.04893205229827613,-0.27050304775604106,3.18465022372397,0.3333333333333333,0.3333333333333333,0.17014025434701394,0.8367628891172401,-0.7729803756664082,0.8024564433656425,1.3298743341342334,0.45,False,True,ACTIVE,MR_BLOCK,FIXED_2ATR,OSC_CROSS,H1.0,phase_h_2026-08-30,-0.07345900739589503,-0.15803631107319274,0.30048744436776237,-0.15803631107319274,-0.3027154509539672,,,,,2026-09-01T07:06:07.035943+00:00
USDJPY_2026-08-31T05:00:00,USDJPY,2026-08-31 05:00:00,2026-08-31T06:05:27.713070+00:00,yahoo,FLAT,159.78500366210938,159.80799865722656,159.78399658203125,159.78700256347656,0.0,0.5809640411735365,0.17545518371167798,0.14170556311024537,0.128751836177916,0.08057716467067988,1.0502240040866393,1.0,2.7557683523675456,2.839199403601192,-0.08343105123364625,-0.1196413787555013,-0.370315072594098,2.7557683523675456,0.3333333333333333,0.08333333333333333,0.7693783108199571,0.05596854090929569,0.3208555282064673,0.9566203790750535,0.2748329973939205,0.45,False,True,ACTIVE,MR_BLOCK,FIXED_2ATR,OSC_CROSS,H1.0,phase_h_2026-08-30,-0.017518756048028314,-0.05818900169631203,-0.07570775774434034,-0.08822388263750935,0.028774676146461765,,,,,2026-09-01T06:07:25.692679+00:00
BTCUSD_2026-08-31T05:00:00,BTCUSD,2026-08-31 05:00:00,2026-08-31T06:05:28.347502+00:00,yahoo,FLAT,77603.8984375,77676.671875,77500.0,77676.671875,6410240.0,0.4553977581234842,0.06887400049122616,0.0025789304264942203,417.612239293858,0.537628903521889,1.0391355486498086,1.0,-0.19140729237935866,-0.03706165328682247,-0.15434563909253618,-0.06246346103955372,-0.1953183374929257,0.19140729237935866,0.16666666666666666,0.0,0.5747419715977169,0.026092133417871904,0.23073700483252055,0.28225344960742715,-0.31988698071945965,0.45,False,False,ACTIVE,MR_BLOCK,FIXED_2ATR,OSC_CROSS,H1.0,phase_h_2026-08-30,0.09149216042573498,0.5738188813741449,0.352278866823126,1.123472856541274,1.4406910782625504,,,,,2026-09-01T06:07:25.732822+00:00
ETHUSD_2026-08-31T05:00:00,ETHUSD,2026-08-31 05:00:00,2026-08-31T06:05:28.875174+00:00,yahoo,FLAT,2416.81005859375,2421.3701171875,2413.919921875,2421.3701171875,26094592.0,0.5648516055449796,0.1238429286976459,0.04546706316605533,19.97064378580323,0.8247662612190729,1.2446098988696745,1.0,-0.29055107844712336,0.08957441554909627,-0.38012549399621964,-0.11257697956711502,-0.3736159551448903,0.29055107844712336,0.3333333333333333,0.08333333333333333,0.7262294121065749,0.010997837251705238,0.47640553335050984,0.48546327103575937,-0.129485387170624,0.45,False,False,ACTIVE,MR_BLOCK,FIXED_2ATR,OSC_CROSS,H1.0,phase_h_2026-08-30,0.10551358867080542,0.4245100238410395,0.4097258931970347,1.6122219756529925,1.9829478333681136,,,,,2026-09-01T06:07:25.772418+00:00
EURCAD_2026-08-31T05:00:00,EURCAD,2026-08-31 05:00:00,2026-08-31T06:05:29.361000+00:00,yahoo,FLAT,1.6098599433898926,1.6100900173187256,1.6095600128173828,1.6100000143051147,0.0,0.18129421011270386,0.3481845878637113,0.3403684802352738,0.0010554794774276933,0.06555773093475681,0.8398805429013644,0.0,-1.5615191464107838,-1.4402505962921355,-0.12126855011864834,-0.004652100399247461,-0.02496729372093065,1.5615191464107838,0.16666666666666666,0.08333333333333333,0.28966315785128705,0.7844181272655297,-0.08532696177084509,0.9195935015489932,0.25622474238609977,0.45,False,True,ACTIVE,MR_BLOCK,FIXED_2ATR,OSC_CROSS,H1.0,phase_h_2026-08-30,0.011800774497994293,0.06645153820208316,0.007455068958277377,-0.05278514565294706,-0.039740625787520314,,,,,2026-09-01T06:07:25.807101+00:00
GOLD_2026-08-31T06:00:00,GOLD,2026-08-31 06:00:00,2026-08-31T07:05:29.887533+00:00,yahoo,FLAT,4492.7001953125,4493.0,4478.89990234375,4488.10009765625,4095.0,0.19603767017326731,0.612787922050361,0.3104713663940516,25.45105021329393,0.5670784888818508,1.2840498697993483,2.0,-3.2156279123752296,-2.5104608908214754,-0.7051670215537542,-0.02524516310181868,-0.17343941213066838,3.2156279123752296,0.3333333333333333,0.3333333333333333,0.14842385933496963,0.7998819977956517,-0.6837910362272859,0.8180036134022892,1.3716307162577066,0.45,False,True,ACTIVE,MR_BLOCK,FIXED_2ATR,OSC_CROSS,H1.0,phase_h_2026-08-30,0.08686912345932928,0.1470151423312575,-0.055686729950139714,-0.20270187228139722,-0.4321268491501955,,,,,2026-09-01T08:06:45.018261+00:00
USDJPY_2026-08-31T06:00:00,USDJPY,2026-08-31 06:00:00,2026-08-31T07:05:50.111335+00:00,yahoo,FLAT,159.822998046875,159.85899353027344,159.80099487304688,159.8300018310547,0.0,0.514416724955312,0.17191802080517427,0.1739436708303458,0.12390193491847336,0.07752107457862735,1.0120229745749267,1.0,2.663556727907664,2.819186433095606,-0.1556297051879416,-0.10755379392666331,-0.34831848770333185,2.663556727907664,0.4166666666666667,0.041666666666666664,0.5103694294533906,0.44733241077470903,0.19235303951566393,0.8600067929326067,0.3677397261154064,0.45,False,True,ACTIVE,MR_BLOCK,FIXED_2ATR,OSC_CROSS,H1.0,phase_h_2026-08-30,-0.14017460523135827,-0.04506021540100679,0.046931756451779695,-0.004382843583187565,0.05068438723215598,,,,,2026-09-01T06:07:25.870089+00:00
BTCUSD_2026-08-31T06:00:00,BTCUSD,2026-08-31 06:00:00,2026-08-31T07:05:53.056936+00:00,yahoo,FLAT,77995.5078125,78069.859375,77943.75,78037.0390625,34924544.0,0.20979208060671461,0.022905827543714456,0.005711353405870833,423.06293325282445,0.5421309397887234,1.048415915299617,1.0,-0.20797917432917054,-0.05895292666840983,-0.14902624766076072,-0.02063850235322051,-0.1550619661072195,0.20797917432917054,0.16666666666666666,0.0,0.5910855767115044,0.05656042603728828,0.14103503625116878,0.46399681810926985,-0.10683142952841733,0.45,False,False,ACTIVE,MR_BLOCK,FIXED_2ATR,OSC_CROSS,H1.0,phase_h_2026-08-30,0.12224489981731301,0.5248086208968341,-0.2178456542578455,1.1787758120786327,1.210302549623595,,,,,2026-09-01T06:07:25.902973+00:00
ETHUSD_2026-08-31T06:00:00,ETHUSD,2026-08-31 06:00:00,2026-08-31T07:05:57.006422+00:00,yahoo,FLAT,2435.610107421875,2437.510009765625,2434.39990234375,2435.2099609375,59879424.0,0.39764517039132086,0.09339762211034158,0.043340689080059634,19.827374667960235,0.8141956950737483,1.22805468066281,1.0,-0.35124882893808795,0.03285283043629055,-0.3841016593743785,-0.06994637579264074,-0.3120240238671117,0.35124882893808795,0.3333333333333333,0.08333333333333333,0.6342833682056811,0.013048239543318775,0.27401968872517013,0.3786718264255438,-0.023781909159808455,0.45,False,False,ACTIVE,MR_BLOCK,FIXED_2ATR,OSC_CROSS,H1.0,phase_h_2026-08-30,0.08693918692485893,0.31988173947660864,0.511822798252325,1.600680294381714,1.7565160084550187,,,,,2026-09-01T06:07:25.936603+00:00
EURCAD_2026-08-31T06:00:00,EURCAD,2026-08-31 06:00:00,2026-08-31T07:06:00.055669+00:00,yahoo,FLAT,1.6102299690246582,1.6102999448776243,1.6097300052642822,1.6101499795913696,0.0,0.045303946989340246,0.3001257027613347,0.26301493888637395,0.0010386537333748158,0.06450664512869848,0.828269968869334,0.0,-1.5614266190717545,-1.4569528436222257,-0.10447377544952885,0.0025275364588639437,-0.013989805017259327,1.5614266190717545,0.16666666666666666,0.08333333333333333,0.3082261613585469,0.7920978831168743,-0.09388204601507796,0.8719178037657382,0.2230529426045923,0.45,False,True,ACTIVE,MR_BLOCK,FIXED_2ATR,OSC_CROSS,H1.0,phase_h_2026-08-30,0.08506806703766373,0.04967732317176469,-0.06520009871802851,-0.06830169287820786,-0.10369983911681802,,,,,2026-09-01T06:07:25.972048+00:00
GOLD_2026-08-31T07:00:00,GOLD,2026-08-31 07:00:00,2026-08-31T08:05:26.366828+00:00,yahoo,FLAT,4489.2001953125,4498.5,4485.0,4494.0,4214.0,0.44931096648027624,0.5812943659383769,0.27797632584430376,24.740378051036576,0.5505202058530614,1.2431057585836645,2.0,-3.2091324078024592,-2.601658748447443,-0.6074736593550161,0.0010898692454657244,-0.0738923489479486,3.2091324078024592,0.0,0.25,0.20438082221212558,0.815618950483513,-0.36045950209330907,0.9369219228434469,1.4414673170810088,0.45,False,True,ACTIVE,MR_BLOCK,FIXED_2ATR,OSC_CROSS,H1.0,phase_h_2026-08-30,-0.17135974375040613,0.24926436693175322,-0.5385731663398997,0.19362596956970873,-1.4977813102364437,,,,,2026-09-01T09:07:01.152956+00:00
USDJPY_2026-08-31T07:00:00,USDJPY,2026-08-31 07:00:00,2026-08-31T08:05:43.828639+00:00,yahoo,FLAT,159.7949981689453,159.81900024414062,159.7740020751953,159.80299377441406,0.0,0.49019501183126174,0.08356001360081605,0.18370401374910422,0.12366649529242943,0.07738684512194013,1.0113331237131926,1.0,2.558263092670518,2.7878284762999606,-0.22956538362944245,-0.12072104095683311,-0.33345427902557523,2.558263092670518,0.3333333333333333,0.0,0.6494337050481876,0.13643287713841437,0.06681830754824152,0.9271570075070672,0.36797221870533675,0.45,False,True,ACTIVE,MR_BLOCK,FIXED_2ATR,OSC_CROSS,H1.0,phase_h_2026-08-30,0.09963689904343795,0.09085890736187595,0.1554125259263913,0.10590006304280954,0.22810347664886876,,,,,2026-09-01T07:06:07.142779+00:00
BTCUSD_2026-08-31T07:00:00,BTCUSD,2026-08-31 07:00:00,2026-08-31T08:05:46.915183+00:00,yahoo,FLAT,78067.140625,78143.9765625,78027.640625,78079.703125,179734528.0,0.22003122300195524,0.017678584393212373,0.03669208475196263,412.14618913655124,0.5278531713635422,1.0207379019309937,1.0,-0.19004046568153693,-0.06849410343244701,-0.12154636224908992,-0.01803665618886624,-0.06536839424963112,0.19004046568153693,0.0,0.08333333333333333,0.49393121190800887,0.10304449976911516,0.2581076207463768,0.4367240335605819,0.010874794055950815,0.45,False,True,ACTIVE,MR_BLOCK,FIXED_2ATR,OSC_CROSS,H1.0,phase_h_2026-08-30,0.3592018274574097,0.6352610981073177,-0.43691813326172946,0.8952314845673125,0.750451513049634,,,,,2026-09-01T07:06:07.187074+00:00
ETHUSD_2026-08-31T07:00:00,ETHUSD,2026-08-31 07:00:00,2026-08-31T08:05:50.283089+00:00,yahoo,FLAT,2437.31005859375,2440.669921875,2436.510009765625,2437.639892578125,43468800.0,0.3289536267433024,0.08578469005239131,0.02306417127039191,19.195167837660637,0.7874488720054225,1.1860272824058855,1.0,-0.37598360068837167,-0.013129932214629526,-0.3628536684737421,-0.06330195342097278,-0.20785608877836287,0.37598360068837167,0.3333333333333333,0.08333333333333333,0.7611223541800837,0.014249195845429682,0.5805752899190627,0.6730417154560862,0.10914329053071127,0.45,False,True,ACTIVE,MR_BLOCK,FIXED_2ATR,OSC_CROSS,H1.0,phase_h_2026-08-30,0.2315197370500806,0.5826758451575831,-0.04465730917303547,1.6857533980170714,1.3112282320627475,,,,,2026-09-01T07:06:07.230753+00:00
EURCAD_2026-08-31T07:00:00,EURCAD,2026-08-31 07:00:00,2026-08-31T08:05:53.211712+00:00,yahoo,FLAT,1.6103899478912354,1.6105300188064575,1.6100000143051147,1.6103899478912354,0.0,0.014820841144635846,0.28154114646259837,0.2814736753361716,0.0010257205087034016,0.06369392146582611,0.8193880672659201,0.0,-1.5432228336595877,-1.4670336342216341,-0.07618919943795355,0.011843503521848708,0.01628096066996676,1.5432228336595877,0.0,0.16666666666666666,0.17247420848752976,0.7885941098216941,-0.12638294552527557,0.9416317219333531,0.21551396152749475,0.45,False,True,ACTIVE,MR_BLOCK,FIXED_2ATR,OSC_CROSS,H1.0,phase_h_2026-08-30,-0.03039789288609531,-0.028534080475560154,-0.1420713198173267,-0.11850000968885233,-0.16502875522328356,,,,,2026-09-01T07:06:07.272534+00:00
GOLD_2026-08-31T08:00:00,GOLD,2026-08-31 08:00:00,2026-08-31T09:05:29.033229+00:00,yahoo,FLAT,4493.2998046875,4499.7001953125,4483.89990234375,4485.2001953125,3271.0,0.32572546058779484,0.5643915119381624,0.337840277555686,24.193309670283423,0.5394031172915748,1.2151099136381414,2.0,-3.1989740055017264,-2.678982566774563,-0.5199914387271636,0.003502204700674305,-0.02406475564631716,3.1989740055017264,0.3333333333333333,0.3333333333333333,0.14042453602642313,0.8250102379838979,-0.7788956824452963,0.9632245839545029,1.3777116649293408,0.45,False,True,ACTIVE,MR_BLOCK,FIXED_2ATR,OSC_CROSS,H1.0,phase_h_2026-08-30,0.2318508586885399,0.45924953646700833,-0.08694271131721527,0.26082813395164584,-1.4669228539372248,,,,,2026-09-01T10:05:46.792541+00:00
USDJPY_2026-08-31T08:00:00,USDJPY,2026-08-31 08:00:00,2026-08-31T09:05:44.647146+00:00,yahoo,FLAT,159.5749969482422,159.57699584960938,159.47000122070312,159.48199462890625,0.0,0.6587720566965577,0.08835556507919501,0.05790198066346845,0.14263075083749233,0.0894337640868961,1.1683338351600445,1.0,2.291074097837692,2.719050656061799,-0.4279765582241071,-0.2557411337617528,-0.4965030239235806,2.291074097837692,0.3333333333333333,0.0,0.8975654027798571,0.08436022083301994,0.45138324372453326,0.912441623827272,0.5648392314339676,0.45,False,True,ACTIVE,MR_BLOCK,FIXED_2ATR,OSC_CROSS,H1.0,phase_h_2026-08-30,-0.004384627134269796,-0.017528955972516507,-0.020031727887938482,-0.005636013091980785,0.1709049325908953,,,,,2026-09-01T08:06:45.394318+00:00
BTCUSD_2026-08-31T08:00:00,BTCUSD,2026-08-31 08:00:00,2026-08-31T09:05:47.531808+00:00,yahoo,FLAT,78189.7890625,78220.4375,78073.75,78073.75,122179584.0,0.14861172002993134,0.1616054563155239,0.009312051391301498,402.21821676200165,0.51517727374694,0.9965721673184295,1.0,-0.2041596928209086,-0.08547220000271705,-0.11868749281819155,-0.01915454286875204,-0.05456318856994896,0.2041596928209086,0.16666666666666666,0.0,0.8335542960621897,0.027402953069084676,0.04154397479540497,0.24928476248259357,-0.39314265868380166,0.45,False,False,ACTIVE,MR_BLOCK,FIXED_2ATR,OSC_CROSS,H1.0,phase_h_2026-08-30,0.04271694082180225,-0.22027602910487395,0.11308538389585271,0.4880086875702863,0.12046376458325493,,,,,2026-09-01T08:06:45.663435+00:00
ETHUSD_2026-08-31T08:00:00,ETHUSD,2026-08-31 08:00:00,2026-08-31T09:05:50.412179+00:00,yahoo,FLAT,2440.360107421875,2442.10009765625,2436.5,2436.5,107598848.0,0.2748453515148779,0.12835668347619827,0.04695800665312378,18.761752222878304,0.7700288209677121,1.1584570237422387,1.0,-0.43269209550314724,-0.06719690911759099,-0.3654951863855562,-0.06519814799901907,-0.1920504980017059,0.43269209550314724,0.3333333333333333,0.0,0.8484847550297812,0.014065972805255225,0.3263641128934272,0.1553972354804643,-0.4455287722604403,0.45,False,False,ACTIVE,MR_BLOCK,FIXED_2ATR,OSC_CROSS,H1.0,phase_h_2026-08-30,0.0012176539461419683,-0.014721635824257404,0.8249805100512841,1.078032953907706,1.0199847952949053,,,,,2026-09-01T08:06:45.810344+00:00
EURCAD_2026-08-31T08:00:00,EURCAD,2026-08-31 08:00:00,2026-08-31T09:05:53.227324+00:00,yahoo,FLAT,1.6117600202560425,1.6120599508285522,1.6112500429153442,1.6116100549697876,0.0,0.345791789673071,0.22209019992767473,0.17978160883577382,0.0010933040526191291,0.06783924245493896,0.8737342666133809,0.0,-1.4832984553263353,-1.4674880717453584,-0.01581038358097686,0.052240298853922784,0.07379677326172374,1.4832984553263353,0.16666666666666666,0.08333333333333333,0.18304533273852497,0.8559665070276046,-0.052909615103960486,0.9308979676613727,0.2352868288357118,0.45,False,True,ACTIVE,MR_BLOCK,FIXED_2ATR,OSC_CROSS,H1.0,phase_h_2026-08-30,-0.004964279383429102,-0.05895729121690986,-0.0800573281789662,-0.133428880298277,-0.18928627127426761,,,,,2026-09-01T08:06:45.940108+00:00
GOLD_2026-08-31T09:00:00,GOLD,2026-08-31 09:00:00,2026-08-31T11:43:12.985831+00:00,yahoo,FLAT,4485.7998046875,4496.0,4485.7001953125,4496.0,2925.0,0.14047386532738096,0.5568867630846177,0.3646392260207823,23.236630742941752,0.5168289755992382,1.162688166546674,2.0,-3.1605142549006424,-2.7426580614860643,-0.41785619341457814,0.0369325835651626,0.03995455364517175,3.1605142549006424,0.3333333333333333,0.25,0.22441151585970573,0.7952248214183151,-0.6510123427136377,0.9558024179447642,1.1226323053834126,0.45,False,True,ACTIVE,MR_BLOCK,FIXED_2ATR,OSC_CROSS,H1.0,phase_h_2026-08-30,0.18905693950177935,-0.20240430730093417,-0.4559608540925267,-0.011120996441281138,-1.5903024911032029,,,,,2026-09-01T11:05:52.677031+00:00
GOLD_2026-08-31T10:00:00,GOLD,2026-08-31 10:00:00,2026-08-31T11:43:23.914130+00:00,yahoo,FLAT,4495.89990234375,4506.7001953125,4495.2001953125,4504.5,3859.0,0.0132764394512261,0.5294117647058824,0.35379890142144327,22.398299975588774,0.4972427567008275,1.1186862362667276,1.0,-3.0967709432704162,-2.7898731123906444,-0.30689783087977185,0.06374331163022617,0.10393709614792934,3.0967709432704162,0.16666666666666666,0.25,0.4158483082139439,0.5164093552712973,-0.403641716329725,0.9200947147485048,1.3485212806062647,0.45,False,True,ACTIVE,MR_BLOCK,FIXED_2ATR,OSC_CROSS,H1.0,phase_h_2026-08-30,0.03774437368187368,-0.785878617909868,-0.4861783182095682,-0.0777000777000777,-1.8115239794927296,,,,,2026-09-01T13:06:02.798968+00:00
USDJPY_2026-08-31T09:00:00,USDJPY,2026-08-31 09:00:00,2026-08-31T11:43:24.547650+00:00,yahoo,FLAT,159.73699951171875,159.75100708007812,159.7050018310547,159.7209930419922,0.0,0.3884405538078086,0.03788106738459102,0.16031828089941536,0.15114179096158123,0.09462863214345568,1.2337499618545993,1.0,2.0630139456285597,2.6115122136970976,-0.548498268068538,-0.13715887900057355,-0.603777859069631,2.0630139456285597,0.3333333333333333,0.08333333333333333,0.7592068341006981,0.13292692322406635,0.019422777422194826,0.9163098952018445,0.47038454526294093,0.45,False,True,ACTIVE,MR_BLOCK,FIXED_2ATR,OSC_CROSS,H1.0,phase_h_2026-08-30,-0.004384819392250658,0.09203344232013691,0.009390582707151192,-0.013144905193326591,0.1177023087841402,,,,,2026-09-01T09:07:01.545961+00:00
USDJPY_2026-08-31T10:00:00,USDJPY,2026-08-31 10:00:00,2026-08-31T11:43:24.747987+00:00,yahoo,FLAT,159.73500061035156,159.77699279785156,159.697998046875,159.7209930419922,0.0,0.2793438160392564,0.07874508254736391,0.152321871485987,0.14598843096265132,0.09140215583575138,1.1915647874501485,1.0,1.9302094038791255,2.5206718390547014,-0.5904624351755758,-0.13280454174943412,-0.5211199498073877,1.9302094038791255,0.25,0.125,0.3069812132924307,0.12091837276881251,0.025736428350725947,0.8355837540763416,0.3100008141127845,0.45,False,True,ACTIVE,MR_BLOCK,FIXED_2ATR,OSC_CROSS,H1.0,phase_h_2026-08-30,-0.008760469931860358,0.0644950190948629,-0.028172983455895525,0.029434032562771825,0.20599046092777867,,,,,2026-09-01T10:05:46.937101+00:00
BTCUSD_2026-08-31T09:00:00,BTCUSD,2026-08-31 09:00:00,2026-08-31T11:43:25.436709+00:00,yahoo,FLAT,78454.3828125,78476.3828125,78379.5078125,78379.5078125,129787904.0,0.32765475415503553,0.103159886341435,0.044389320691619355,412.24015205797383,0.5259539943069528,1.0173010540605718,1.0,-0.17757615002949537,-0.095371222412495,-0.08220492761700036,0.015784540512527534,-0.010852417950102888,0.17757615002949537,0.0,0.16666666666666666,0.47710440818004723,0.21034703717735714,-0.12559083589517703,0.23800607355549555,-0.3321626218835431,0.45,False,False,ACTIVE,MR_BLOCK,FIXED_2ATR,OSC_CROSS,H1.0,phase_h_2026-08-30,0.23225505676040875,-0.7387771091964045,0.08378500397724965,0.575158472895382,-0.870934068427804,,,,,2026-09-01T09:07:01.755781+00:00
BTCUSD_2026-08-31T10:00:00,BTCUSD,2026-08-31 10:00:00,2026-08-31T11:43:25.632935+00:00,yahoo,FLAT,78509.34375,78675.6171875,78282.1015625,78675.6171875,910352384.0,0.3455504879463295,0.021487322545029303,0.07897846878936675,410.90268583954713,0.522274499430087,1.0104326513079065,1.0,-0.1269972359890873,-0.09958802422270731,-0.02740921176637999,0.05057891404040807,0.04668848795631114,0.1269972359890873,0.16666666666666666,0.16666666666666666,0.40279982832193345,0.47951259305141647,-0.09158916286617035,0.2881700319534034,-0.2813351009189085,0.45,False,False,ACTIVE,MR_BLOCK,FIXED_2ATR,OSC_CROSS,H1.0,phase_h_2026-08-30,-0.4939884190215778,-1.0654110891845363,-0.07501132766375859,-0.1363688857302617,-1.001084456856521,,,,,2026-09-01T10:05:46.984945+00:00
ETHUSD_2026-08-31T09:00:00,ETHUSD,2026-08-31 09:00:00,2026-08-31T11:43:26.284468+00:00,yahoo,FLAT,2445.760009765625,2446.639892578125,2443.580078125,2443.580078125,139163648.0,0.3111924809547395,0.12336215214060046,0.02233675915669825,18.532685335414826,0.7584234910621496,1.140007606916198,1.0,-0.46749595788289355,-0.1188702113663842,-0.34862574651650935,-0.04250579591482684,-0.16373727419680545,0.46749595788289355,0.0,0.16666666666666666,0.7747592575661671,0.04638022431678585,0.2531552169981982,0.308185813529102,-0.14786677735717854,0.45,False,False,ACTIVE,MR_BLOCK,FIXED_2ATR,OSC_CROSS,H1.0,phase_h_2026-08-30,0.34912308525000874,0.19132903213958458,0.8617691158612566,1.3061475105917137,-0.043325995227852715,,,,,2026-09-01T09:07:02.019523+00:00
ETHUSD_2026-08-31T10:00:00,ETHUSD,2026-08-31 10:00:00,2026-08-31T11:43:26.461670+00:00,yahoo,FLAT,2446.639892578125,2455.860107421875,2440.2900390625,2454.679931640625,507091968.0,0.3157355232483218,0.08352356188130104,0.006813895160583268,18.321069837126267,0.7463730648126122,1.1214173824182918,1.0,-0.4740700923616544,-0.1662301954990869,-0.3078398968625675,-0.0065741344787608735,-0.11466319449074419,0.4740700923616544,0.16666666666666666,0.16666666666666666,0.749762893531734,0.06367037144091585,0.3898570349598055,0.3103935423272403,0.06109268884415494,0.45,False,True,ACTIVE,MR_BLOCK,FIXED_2ATR,OSC_CROSS,H1.0,phase_h_2026-08-30,-0.3637920987383694,-0.623699010847921,0.5780869987962447,0.5801159674963192,-0.16742970145615305,,,,,2026-09-01T10:05:47.031333+00:00
EURCAD_2026-08-31T09:00:00,EURCAD,2026-08-31 09:00:00,2026-08-31T11:43:27.207254+00:00,yahoo,FLAT,1.6112899780273438,1.6118600368499756,1.611050009727478,1.611840009689331,0.0,0.26714201166758716,0.12071605850979564,0.1304905217901152,0.001125036460815063,0.06979827117158512,0.8986468551075786,1.0,-1.383908269787996,-1.4471283613861077,0.0632200915981116,0.057840117242790035,0.1629076181105773,1.383908269787996,0.16666666666666666,0.0,0.14693480783980473,0.8048591088378367,-0.0878486897962027,0.9221520878439448,0.06257960459590312,0.45,False,True,ACTIVE,MR_BLOCK,FIXED_2ATR,OSC_CROSS,H1.0,phase_h_2026-08-30,0.006828997536455786,-0.1148203821974619,-0.06641070627001856,-0.11233441993066977,-0.18806008600393626,,,,,2026-09-01T09:07:02.233177+00:00
EURCAD_2026-08-31T10:00:00,EURCAD,2026-08-31 10:00:00,2026-08-31T11:43:27.409105+00:00,yahoo,FLAT,1.611199975013733,1.6113799810409546,1.6103800535202026,1.6113300323486328,0.0,0.0593614762799113,0.13413587790229065,0.1742780260807618,0.0011489592971231598,0.07130502591380777,0.9187173620268527,1.0,-1.3411865475451643,-1.4330027862073154,0.09181623866215105,0.04272172224283177,0.15027355294753697,1.3411865475451643,0.16666666666666666,0.0,0.1752980282004224,0.7564927729246796,-0.045882523924017184,0.7234524510743935,0.04202763942629017,0.45,False,True,ACTIVE,MR_BLOCK,FIXED_2ATR,OSC_CROSS,H1.0,phase_h_2026-08-30,-0.0608205364340241,-0.11356964539577959,-0.08688436685089151,-0.13901942587662658,-0.20045401224667111,,,,,2026-09-01T10:05:47.081879+00:00
GOLD_2026-08-31T11:00:00,GOLD,2026-08-31 11:00:00,2026-08-31T12:05:41.745777+00:00,yahoo,FLAT,4504.60009765625,4514.89990234375,4503.10009765625,4505.10009765625,4213.0,0.2108843537414966,0.4770891109586079,0.3404946397257664,21.641264597868147,0.48037255840612464,1.0810500999260204,1.0,-3.019482691523576,-2.8208238242923867,-0.19865886723118953,0.0780305893992792,0.17892641653895058,3.019482691523576,0.0,0.16666666666666666,0.7025716393499,0.2343836135862952,0.09369574012259711,0.9834123551512747,1.3660059713177684,0.45,False,True,ACTIVE,MR_BLOCK,FIXED_2ATR,OSC_CROSS,H1.0,phase_h_2026-08-30,-0.42830527123110973,-0.5436953295036852,-0.457150076858079,-0.0776707613576693,-2.1148703749976434,,,,,2026-09-01T13:06:02.830361+00:00
USDJPY_2026-08-31T11:00:00,USDJPY,2026-08-31 11:00:00,2026-08-31T12:06:34.809740+00:00,yahoo,FLAT,159.7209930419922,159.73300170898438,159.60000610351562,159.6529998779297,0.0,0.2665467005201272,0.005374678885710642,0.09540213886375763,0.1434976648199077,0.08988096993456163,1.170540500939011,1.0,1.86970773193486,2.4660197537315316,-0.5963120217966715,-0.1637703331559146,-0.43910705374177916,1.86970773193486,0.5,0.25,0.5960192988815608,0.26383757605946623,0.08524471661793584,0.7326656270380301,0.36903425544842644,0.45,False,True,ACTIVE,MR_BLOCK,FIXED_2ATR,OSC_CROSS,H1.0,phase_h_2026-08-30,0.10519217492512821,-0.00250321070212385,-0.012525607749940335,0.026923846406813015,0.26486262245907394,,,,,2026-09-01T11:05:52.796784+00:00
BTCUSD_2026-08-31T11:00:00,BTCUSD,2026-08-31 11:00:00,2026-08-31T12:06:36.065790+00:00,yahoo,FLAT,78675.6171875,78675.6171875,78333.359375,78333.359375,935168000.0,0.3462874075903261,0.1002344459090632,0.020833212022681406,428.645197676901,0.547206453415175,1.0562987483520203,2.0,-0.06745532555083227,-0.07996453845595443,0.012509212905122163,0.007749629071534217,0.08164574107277385,0.06745532555083227,0.3333333333333333,0.16666666666666666,0.2023041585368781,0.5379174661958652,-0.5236330562992845,0.3333372511663178,-0.2546179593283857,0.45,False,False,ACTIVE,MR_BLOCK,FIXED_2ATR,OSC_CROSS,H1.0,phase_h_2026-08-30,-0.4771507710215182,0.3340973493752752,0.7684867732217566,0.3522397365781262,-0.35097236409475874,,,,,2026-09-01T11:05:52.836901+00:00
ETHUSD_2026-08-31T11:00:00,ETHUSD,2026-08-31 11:00:00,2026-08-31T12:06:37.313675+00:00,yahoo,FLAT,2454.739990234375,2456.68994140625,2446.489990234375,2446.489990234375,639446016.0,0.500217756709966,0.1308598249650957,0.021252726706138984,18.444297307088426,0.7539085539165216,1.1302295622451766,1.0,-0.47201337958345185,-0.1974076132760113,-0.27460576630744055,-0.030372735163235465,-0.07496441429637829,0.47201337958345185,0.3333333333333333,0.16666666666666666,0.5827182145036223,0.13562276246797067,-0.0010417006223568566,0.4515653184696978,0.39146537487527694,0.45,False,True,ACTIVE,MR_BLOCK,FIXED_2ATR,OSC_CROSS,H1.0,phase_h_2026-08-30,0.20730116975876522,0.8398257819687214,1.1975892492078095,0.8807130353674743,0.4121467085761014,,,,,2026-09-01T11:05:52.886831+00:00
EURCAD_2026-08-31T11:00:00,EURCAD,2026-08-31 11:00:00,2026-08-31T12:06:38.468598+00:00,yahoo,FLAT,1.611340045928955,1.6115100383758545,1.6104999780654907,1.6108399629592896,0.0,0.23942243116188355,0.09198003795599916,0.18181818181818707,0.001162292667639644,0.07215444701932928,0.9294651396804604,1.0,-1.3397311566445036,-1.4277064471403742,0.0879752904958706,0.029754499807130852,0.1120301828285033,1.3397311566445036,0.0,0.08333333333333333,0.2880224125491989,0.6651269551928067,-0.07593351441797268,0.7394697794345158,0.2137219706777467,0.45,False,True,ACTIVE,MR_BLOCK,FIXED_2ATR,OSC_CROSS,H1.0,phase_h_2026-08-30,-0.060857550322590916,-0.021112484310914646,-0.06023572399646299,-0.06706841088951146,-0.1484166191968891,,,,,2026-09-01T11:05:52.938080+00:00
GOLD_2026-08-31T12:00:00,GOLD,2026-08-31 12:00:00,2026-08-31T13:05:23.890036+00:00,yahoo,FLAT,4506.10009765625,4511.89990234375,4486.60009765625,4488.2998046875,9294.0,0.22160604871978684,0.3929866776734669,0.37590679086764084,21.879718589869682,0.4874834467835436,1.0969215841801352,1.0,-2.9540154373419147,-2.8383933322083097,-0.11562210513360505,0.06504838437512905,0.2068044050758222,2.9540154373419147,0.0,0.16666666666666666,0.45599832112477334,0.39659828234582717,0.034943899869739975,0.9741169340439134,1.7851009849764938,0.45,False,True,ACTIVE,MR_BLOCK,FIXED_2ATR,OSC_CROSS,H1.0,phase_h_2026-08-30,-0.3967060793623277,-0.25407079702837176,-0.1470970558715253,0.1381843911708684,-1.7851991218794383,,,,,2026-09-01T14:06:17.921962+00:00
USDJPY_2026-08-31T12:00:00,USDJPY,2026-08-31 12:00:00,2026-08-31T13:05:37.448278+00:00,yahoo,FLAT,159.70199584960938,159.70799255371094,159.6750030517578,159.69900512695312,0.0,0.11362116370662109,0.11154307123649146,0.10188687936524388,0.137175879888575,0.08589651499677577,1.118896002126821,1.0,1.728840487422488,2.367729184890326,-0.6388886974678378,-0.14086724451237198,-0.4418167439343854,1.728840487422488,0.3333333333333333,0.16666666666666666,0.45631687361941986,0.21780335381180793,0.022535329617192307,0.9059012212656888,0.43672218810785945,0.45,False,True,ACTIVE,MR_BLOCK,FIXED_2ATR,OSC_CROSS,H1.0,phase_h_2026-08-30,-0.03189671496286161,-0.08256687047986708,-0.051290528489053945,-0.04878994820172009,0.1413591398309226,,,,,2026-09-01T13:06:02.905412+00:00
BTCUSD_2026-08-31T12:00:00,BTCUSD,2026-08-31 12:00:00,2026-08-31T13:05:38.497801+00:00,yahoo,FLAT,78281.203125,78497.4921875,78246.046875,78495.8984375,46311424.0,0.5189041394250777,0.18472727775053358,0.05535166473375869,415.9880630214081,0.5299487887926094,1.0238588333730358,2.0,-0.0399066821010689,-0.07462349094196968,0.03471680884090078,0.027548643449763363,0.08262378402036565,0.0399066821010689,0.3333333333333333,0.16666666666666666,0.5381920819293875,0.394061565688666,-0.27965240305076944,0.5138412878676505,-0.35271011209655856,0.45,False,False,ACTIVE,MR_BLOCK,FIXED_2ATR,OSC_CROSS,H1.0,phase_h_2026-08-30,-0.09757425058543548,0.8286842426659881,1.399670587886113,0.9171839174853338,0.07130310306371715,,,,,2026-09-01T13:06:02.951168+00:00
ETHUSD_2026-08-31T12:00:00,ETHUSD,2026-08-31 12:00:00,2026-08-31T13:05:40.521612+00:00,yahoo,FLAT,2445.580078125,2455.5400390625,2443.949951171875,2455.5400390625,49391616.0,0.6700558898666875,0.32716576216195087,0.008304641113023925,17.95471092019818,0.7311919428955068,1.096766227489766,1.0,-0.471108291888483,-0.2339010370910075,-0.2372072547974755,0.0009050876949688313,-0.03777285253398566,0.471108291888483,0.3333333333333333,0.16666666666666666,0.8556653151098633,0.11673646646697593,0.740868935731293,0.5911589390260037,0.26684604042277354,0.45,False,True,ACTIVE,MR_BLOCK,FIXED_2ATR,OSC_CROSS,H1.0,phase_h_2026-08-30,-0.46718856760218275,0.669159786778162,1.083312853966391,0.8323704627327488,-0.20278806948288097,,,,,2026-09-01T13:06:03.008185+00:00
EURCAD_2026-08-31T12:00:00,EURCAD,2026-08-31 12:00:00,2026-08-31T13:05:41.619735+00:00,yahoo,FLAT,1.6102700233459473,1.6104700565338137,1.609779953956604,1.6101499795913696,0.0,0.0,0.0655362981395466,0.2400286889887199,0.0011549866915714943,0.07173162166325721,0.9249519454801317,1.0,-1.3331237958411568,-1.4150954269671452,0.08197163112598838,0.0066073608033467846,0.08074692644212944,1.3331237958411568,0.16666666666666666,0.16666666666666666,0.1620157595064459,0.7763072242033963,-0.07377438592201824,0.6795969546463353,0.17522842484455273,0.45,False,True,ACTIVE,MR_BLOCK,FIXED_2ATR,OSC_CROSS,H1.0,phase_h_2026-08-30,0.008081257600715357,0.04846532399769073,-0.0031036177219979236,0.0074590526158756785,0.0012444099696793587,,,,,2026-09-01T13:06:03.054154+00:00
GOLD_2026-08-31T13:00:00,GOLD,2026-08-31 13:00:00,2026-08-31T14:05:16.421592+00:00,yahoo,FLAT,4486.7001953125,4499.5,4469.89990234375,4473.2001953125,12798.0,0.01379534841954023,0.29577357164143747,0.39339742368153235,22.431174237468277,0.5014569716994574,1.1278690786016148,1.0,-2.900571675161655,-2.846683777935423,-0.053887897226231996,0.053443762180259924,0.19646257442464599,2.900571675161655,0.0,0.25,0.3908096910578219,0.5389692371390554,-0.15517420021941733,0.9008571397561712,1.5495206339122543,0.45,False,True,ACTIVE,MR_BLOCK,FIXED_2ATR,OSC_CROSS,H1.0,phase_h_2026-08-30,0.2819381392432433,0.3020742365354463,0.7361639172280755,0.5213533861038203,-1.362688259671964,,,,,2026-09-01T15:06:09.904184+00:00
USDJPY_2026-08-31T13:00:00,USDJPY,2026-08-31 13:00:00,2026-08-31T14:05:25.849265+00:00,yahoo,FLAT,159.8780059814453,159.89599609375,159.86199951171875,159.87899780273438,0.0,0.12259111501791872,0.06417657738520226,0.16990598419817793,0.13998899191383302,0.08755933789787543,1.140750524135237,1.0,1.6965273967220658,2.2834660696992417,-0.586938672977176,-0.05608486241157973,-0.3369506683687089,1.6965273967220658,0.3333333333333333,0.25,0.17857762851599807,0.6533842726485266,0.022674140230020245,0.9608414894743221,0.2746117892738781,0.45,False,True,ACTIVE,MR_BLOCK,FIXED_2ATR,OSC_CROSS,H1.0,phase_h_2026-08-30,-0.07570965148164648,-0.09260827482622581,-0.04943563371651519,-0.04380275926832207,0.20459745665216694,,,,,2026-09-01T13:06:03.121373+00:00
BTCUSD_2026-08-31T13:00:00,BTCUSD,2026-08-31 13:00:00,2026-08-31T14:05:26.445915+00:00,yahoo,FLAT,77913.3671875,78172.3203125,77913.3671875,77987.71875,25573376.0,0.10476620523258165,0.2130971638527382,0.024002379839360842,431.9926596268396,0.5539239595039951,1.0709984869273064,2.0,-0.07503770319625873,-0.07579297997480866,0.000755276778549932,-0.030096153097866347,0.00016725142610775345,0.07503770319625873,0.3333333333333333,0.08333333333333333,0.6058910386279817,0.1897076763114676,0.08426684247422002,0.12054947771359463,-0.4165666166671628,0.45,False,False,ACTIVE,MR_BLOCK,FIXED_2ATR,OSC_CROSS,H1.0,phase_h_2026-08-30,0.9136032476355206,1.0010652213995381,1.337995563066316,0.6934628447704535,0.0024791264080459394,,,,,2026-09-01T13:06:03.158138+00:00
ETHUSD_2026-08-31T13:00:00,ETHUSD,2026-08-31 13:00:00,2026-08-31T14:05:26.988263+00:00,yahoo,FLAT,2451.0,2458.60009765625,2450.830078125,2453.3701171875,3544064.0,0.5246540098663247,0.2543920380271905,0.005686840024189422,17.41754814369737,0.7099437635469588,1.0664396072464795,1.0,-0.4752451797465728,-0.2665484530546938,-0.208696726691879,-0.0020157261219361233,-0.03360453532635643,0.4752451797465728,0.3333333333333333,0.08333333333333333,0.7413702911511019,0.1984825289609322,0.5456853392724272,0.43420168293681116,0.05164798020039055,0.45,False,True,ACTIVE,MR_BLOCK,FIXED_2ATR,OSC_CROSS,H1.0,phase_h_2026-08-30,1.1035603693480363,1.2093285800357498,1.731183807295284,0.9395836127330193,0.07378153379918852,,,,,2026-09-01T13:06:03.239188+00:00
EURCAD_2026-08-31T13:00:00,EURCAD,2026-08-31 13:00:00,2026-08-31T14:05:27.481884+00:00,yahoo,FLAT,1.6093699932098389,1.609570026397705,1.60889995098114,1.609529972076416,0.0,0.10723322117015936,0.08984330966069214,0.25420087129182023,0.0011711166469272742,0.07276140657489247,0.9386754063807754,1.0,-1.3613971256279203,-1.411383244172886,0.04998611854496571,-0.012757320863743704,0.00808853082371419,1.3613971256279203,0.16666666666666666,0.16666666666666666,0.19013870274612527,0.8391826653498358,-0.11000252282579759,0.6448364171612014,0.106550956303252,0.45,False,True,ACTIVE,MR_BLOCK,FIXED_2ATR,OSC_CROSS,H1.0,phase_h_2026-08-30,0.03168545043074955,0.026715619379082192,0.023604845844506506,-0.018020266689591558,-0.022990097741245115,,,,,2026-09-01T13:06:03.344608+00:00
GOLD_2026-08-31T14:00:00,GOLD,2026-08-31 14:00:00,2026-08-31T15:05:26.633151+00:00,yahoo,FLAT,4469.2998046875,4487.2001953125,4466.7001953125,4482.39990234375,11713.0,0.08141775145516264,0.19336605418431171,0.35531669301623947,22.29323322050626,0.4973503860922719,1.1180268496959809,2.0,-2.827420960575561,-2.8436456742815692,0.01622471370600831,0.07173132485911937,0.18992845681200388,2.827420960575561,0.16666666666666666,0.25,0.27259378738574574,0.8109416721367684,-0.10630910951144844,0.9322290023843373,1.5642754926735194,0.45,False,True,ACTIVE,MR_BLOCK,FIXED_2ATR,OSC_CROSS,H1.0,phase_h_2026-08-30,-0.13834471388748645,0.08701836744521613,0.3480734697808645,0.11825433332294677,-1.3343215824944366,,,,,2026-09-01T16:06:18.449421+00:00
USDJPY_2026-08-31T14:00:00,USDJPY,2026-08-31 14:00:00,2026-08-31T15:05:43.579941+00:00,yahoo,FLAT,159.8249969482422,159.8560028076172,159.81500244140625,159.822998046875,0.0,0.05084161296579668,0.28267977645340076,0.16788952684861627,0.13477449292951715,0.08432734623710957,1.0982022639877702,1.0,1.6931580335469363,2.221732494188027,-0.5285744606410909,-0.08026573950700855,-0.20134792305791382,1.6931580335469363,0.16666666666666666,0.16666666666666666,0.343298635106762,0.41082847868976125,0.12461078977667421,0.8411514774136033,0.20312791888210965,0.45,False,True,ACTIVE,MR_BLOCK,FIXED_2ATR,OSC_CROSS,H1.0,phase_h_2026-08-30,0.025042288121795906,-0.01002264793581225,0.01439859908414591,0.04821189845958876,0.22478821542979482,,,,,2026-09-01T14:06:18.030888+00:00
US500_2026-08-31T13:30:00,US500,2026-08-31 13:30:00,2026-08-31T15:05:44.235142+00:00,yahoo,FLAT,7697.52001953125,7697.52001953125,7673.33984375,7675.759765625,267877284.0,0.23083694474539546,0.0030118553963418325,0.01694768586423679,21.64967089878256,0.28205248157632684,1.2628102275214017,1.0,0.3290870244105722,0.06812355651015622,0.26096346790041597,-0.046910777841050355,0.01717874202373354,0.3290870244105722,0.16666666666666666,0.3333333333333333,0.4753431078759757,0.30713500997864174,0.18934555747791132,0.43750099088360017,0.009489580854622428,0.45,False,True,RESEARCH_ONLY,RESEARCH_ONLY,FIXED_2ATR,OSC_CROSS,H1.0,phase_h_2026-08-30,0.13082379890098328,0.07017561289504114,0.22642923503678122,-0.479975972542669,0.9864389560691365,,,,,2026-09-03T18:05:27.682859+00:00
BTCUSD_2026-08-31T14:00:00,BTCUSD,2026-08-31 14:00:00,2026-08-31T15:05:45.851042+00:00,yahoo,FLAT,77844.2265625,78012.9375,77796.2109375,77913.4609375,66203648.0,0.1561500023644761,0.2426115599603433,0.04343157285556953,429.85042929270674,0.5517023940670801,1.06696226012657,3.0,-0.16978404473298095,-0.10249617998079899,-0.06728786475218196,-0.030439576629518045,-0.09701205808023948,0.16978404473298095,0.3333333333333333,0.08333333333333333,0.6607082158837192,0.14599919963712904,-0.05104989166941123,0.10094791635231805,-0.5808523529619897,0.45,False,False,ACTIVE,MR_BLOCK,FIXED_2ATR,OSC_CROSS,H1.0,phase_h_2026-08-30,0.013437155834505561,0.43294297284988353,0.3744997991388882,-0.1604899678353677,-0.5692739092107774,,,,,2026-09-01T14:06:18.093998+00:00
ETHUSD_2026-08-31T14:00:00,ETHUSD,2026-08-31 14:00:00,2026-08-31T15:05:46.998797+00:00,yahoo,FLAT,2440.179931640625,2446.2099609375,2437.469970703125,2443.389892578125,136716288.0,0.40952163140842385,0.32752149717591367,0.0262738066058628,17.716920573233747,0.7250959262395846,1.0918263347548882,1.0,-0.5107577814184218,-0.3021443989842328,-0.20861338243418898,-0.021757995811654218,-0.03651685270675448,0.5107577814184218,0.5,0.08333333333333333,0.7428335748193607,0.10118475683808532,0.3220780702048167,0.4882552391847577,0.10857265045066442,0.45,False,True,ACTIVE,MR_BLOCK,FIXED_2ATR,OSC_CROSS,H1.0,phase_h_2026-08-30,0.03770568854012364,0.35478390057181186,0.25098189216232475,-0.07947000987138687,-0.7440364825552043,,,,,2026-09-01T14:06:18.132768+00:00
EURCAD_2026-08-31T14:00:00,EURCAD,2026-08-31 14:00:00,2026-08-31T15:05:48.108099+00:00,yahoo,FLAT,1.6095000505447388,1.609529972076416,1.6087299585342407,1.609179973602295,0.0,0.133852724456763,0.13149887377003833,0.29269037304105916,0.001170811084464103,0.07275824355700478,0.9386554609168143,1.0,-1.4083261498948163,-1.4165011255157458,0.008174975620929503,-0.02216235491942009,-0.05207317315549709,1.4083261498948163,0.16666666666666666,0.08333333333333333,0.2338617308785324,0.8229691219832455,-0.07235304503652722,0.6322150184008577,0.26107539146792114,0.45,False,True,ACTIVE,MR_BLOCK,FIXED_2ATR,OSC_CROSS,H1.0,phase_h_2026-08-30,0.008692598400547086,-0.03913150131762466,-0.053414314192118124,-0.04409975815473462,0.061484954955828786,,,,,2026-09-01T14:06:18.174867+00:00
GOLD_2026-08-31T15:00:00,GOLD,2026-08-31 15:00:00,2026-08-31T17:05:16.993804+00:00,yahoo,FLAT,4481.7001953125,4487.89990234375,4476.0,4477.7001953125,7285.0,0.16556362774053074,0.14953199947267545,0.38134163384322467,21.772138224279743,0.48623483651433386,1.0921600717184756,1.0,-2.7703791129970714,-2.8357057084741983,0.06532659547712694,0.0642788060147561,0.18421118468061604,2.7703791129970714,0.16666666666666666,0.25,0.5825994458465558,0.4541236876634294,0.061877711553497645,0.9690207655667712,1.5101818872233685,0.45,False,True,ACTIVE,MR_BLOCK,FIXED_2ATR,OSC_CROSS,H1.0,phase_h_2026-08-30,0.15864367458943135,0.10724622248910735,0.44687744386102113,-0.0066987976203776115,-1.6958977174338061,,,,,2026-09-02T03:08:15.097625+00:00
GOLD_2026-08-31T16:00:00,GOLD,2026-08-31 16:00:00,2026-08-31T17:05:26.588012+00:00,yahoo,FLAT,4475.89990234375,4490.2998046875,4473.0,4483.60009765625,5816.0,0.062230185674169075,0.12328692463954813,0.34295259936652117,21.452685828795474,0.4784700990619038,1.0744772479933782,1.0,-2.697943312220317,-2.817337388973681,0.11939407675336389,0.07243580077675427,0.20926460367525346,2.697943312220317,0.16666666666666666,0.16666666666666666,0.40050833040494793,0.5120252031047741,-0.14981186739054067,0.9415994478173861,1.4980173216573778,0.45,False,True,ACTIVE,MR_BLOCK,FIXED_2ATR,OSC_CROSS,H1.0,phase_h_2026-08-30,0.06692544359619688,0.4327823566927894,0.4104738754940571,0.14277210110926963,-2.041226029684005,,,,,2026-09-02T03:08:15.187510+00:00
USDJPY_2026-08-31T15:00:00,USDJPY,2026-08-31 15:00:00,2026-08-31T17:05:27.230841+00:00,yahoo,FLAT,159.70700073242188,159.75599670410156,159.67799377441406,159.74899291992188,0.0,0.09577183442459217,0.29444415353196834,0.13488703569757052,0.15020107913040223,0.09402317747673954,1.2208875521986093,1.0,1.5119068575351957,2.1154554815611286,-0.6035486240259329,-0.10229770005789063,-0.3214693428669566,1.5119068575351957,0.3333333333333333,0.25,0.45620724208539204,0.6807005224465135,0.14868691076217466,0.8654397382653919,0.10270172773969312,0.45,False,True,ACTIVE,MR_BLOCK,FIXED_2ATR,OSC_CROSS,H1.0,phase_h_2026-08-30,-0.04194321150888865,0.03130218722719838,-0.02253337188555416,0.035056157193719274,0.20408032655144748,,,,,2026-09-01T15:06:10.062890+00:00
USDJPY_2026-08-31T16:00:00,USDJPY,2026-08-31 16:00:00,2026-08-31T17:05:27.447202+00:00,yahoo,FLAT,159.74000549316406,159.74200439453125,159.6959991455078,159.72000122070312,0.0,0.09685762317341265,0.28660680249057563,0.12781509806926952,0.14325770022209228,0.08969302474781286,1.164249743669524,1.0,1.4090608585540556,2.021269531826852,-0.6122086732727965,-0.10284599898114011,-0.33929922958862546,1.4090608585540556,0.3333333333333333,0.3333333333333333,0.3939200422869254,0.6025412590418925,0.0773962433241064,0.8360144160810535,0.10947704698053759,0.45,False,True,ACTIVE,MR_BLOCK,FIXED_2ATR,OSC_CROSS,H1.0,phase_h_2026-08-30,0.0068899441790292275,0.0432126596082804,0.05762325020741504,0.11899248948304014,0.2229532422204312,,,,,2026-09-01T16:06:18.578559+00:00
US500_2026-08-31T14:30:00,US500,2026-08-31 14:30:00,2026-08-31T17:05:27.836875+00:00,yahoo,FLAT,7666.990234375,7681.60986328125,7665.81005859375,7677.0400390625,272852369.0,0.23618444010065734,0.039301736400441045,6.52737391113928e-05,21.780992735891207,0.28371602368965954,1.2673227411554164,1.0,0.2656324682478633,0.09231416089794484,0.17331830734991846,-0.04490142674429459,-0.08250059931735593,0.2656324682478633,0.16666666666666666,0.3333333333333333,0.6349046091954291,0.17430009570717273,0.2023383999794395,0.730526943363471,-0.014298583953580662,0.45,False,False,RESEARCH_ONLY,RESEARCH_ONLY,FIXED_2ATR,OSC_CROSS,H1.0,phase_h_2026-08-30,-0.004687526434914172,0.04897415678268538,-0.3028510973200451,-0.5788681728912396,0.9999950389815206,,,,,2026-09-03T18:05:27.696857+00:00
US500_2026-08-31T15:30:00,US500,2026-08-31 15:30:00,2026-08-31T17:05:28.004966+00:00,yahoo,FLAT,7677.2099609375,7680.58984375,7668.759765625,7669.27978515625,129196069.0,0.3632705429521199,0.016132051764237612,0.005083989517806532,21.07021312082755,0.27473522561542946,1.2252942082204048,0.0,0.20213579602034928,0.1069570455809321,0.09517875043941719,-0.06349667222751401,-0.17386200623127326,0.20213579602034928,0.16666666666666666,0.25,0.8018382287639011,0.1470371072270036,0.23887920323315676,0.5152842396028429,0.061045407418888024,0.45,False,True,RESEARCH_ONLY,RESEARCH_ONLY,FIXED_2ATR,OSC_CROSS,H1.0,phase_h_2026-08-30,-0.0558840405522483,0.090142115036019,-0.3117255797205938,-0.08884455707191034,0.9622600813734219,,,,,2026-09-03T20:22:38.160166+00:00
BTCUSD_2026-08-31T15:00:00,BTCUSD,2026-08-31 15:00:00,2026-08-31T17:05:28.542395+00:00,yahoo,FLAT,78605.0,78660.4609375,78435.3828125,78458.34375,324286464.0,0.19374590800690678,0.07722175204224946,0.028706656446530667,480.4076035533225,0.6123091319440738,1.1823339595484692,4.0,-0.07807941826525255,-0.09440136558284312,0.01632194731759057,0.03468622544469681,0.03416296782494514,0.07807941826525255,0.16666666666666666,0.0,0.2005427637768972,0.5858310607616853,-0.12661666856718173,0.1863970980790284,-0.24872312537471963,0.45,False,False,ACTIVE,MR_BLOCK,FIXED_2ATR,OSC_CROSS,H1.0,phase_h_2026-08-30,0.07322315749234105,0.5662935597234644,0.4909621162894724,0.12073914913955082,-0.9374811671391415,,,,,2026-09-01T15:06:10.188563+00:00
BTCUSD_2026-08-31T16:00:00,BTCUSD,2026-08-31 16:00:00,2026-08-31T17:05:28.687458+00:00,yahoo,FLAT,78566.5390625,78680.0,78512.9375,78580.1015625,5849088.0,0.21100679874648112,0.0004391592522727663,0.05128375424638605,461.9253640137994,0.5878401208814923,1.135982035551036,4.0,-0.027511390527010512,-0.08548270224206544,0.05797131171505493,0.05056802773824204,0.12930266508496455,0.027511390527010512,0.3333333333333333,0.0,0.29840599131776213,0.6786692753907435,0.10326414857809306,0.11689953281389627,-0.05772480020611875,0.45,False,False,ACTIVE,MR_BLOCK,FIXED_2ATR,OSC_CROSS,H1.0,phase_h_2026-08-30,0.34597296511700126,0.33359087939142945,-0.0614036177354,0.11177664545845267,-0.8900891142485908,,,,,2026-09-01T16:06:18.680478+00:00
ETHUSD_2026-08-31T15:00:00,ETHUSD,2026-08-31 15:00:00,2026-08-31T17:05:29.191126+00:00,yahoo,FLAT,2467.280029296875,2470.10009765625,2464.3798828125,2464.409912109375,0.0,0.39146975102031284,0.17334787962582904,0.01910562603086097,19.079533256328435,0.7742029100993834,1.1657205609963013,1.0,-0.43184533305897777,-0.3203491975772903,-0.11149613548168746,0.04968931213405753,0.055815550929684044,0.43184533305897777,0.3333333333333333,0.0,0.8029999033317495,0.18413505461711466,0.36789202477178423,0.3307310496277979,0.39209953448750023,0.45,False,True,ACTIVE,MR_BLOCK,FIXED_2ATR,OSC_CROSS,H1.0,phase_h_2026-08-30,0.0668828277968555,0.411400142869399,0.440581598583695,0.1779386017817807,-1.1348805672977902,,,,,2026-09-01T15:06:10.288380+00:00
ETHUSD_2026-08-31T16:00:00,ETHUSD,2026-08-31 16:00:00,2026-08-31T17:05:29.344941+00:00,yahoo,FLAT,2467.43994140625,2471.639892578125,2464.389892578125,2469.260009765625,0.0,0.40986142484514665,0.09798538902832557,0.02785719424364587,18.234566595162118,0.7384627995045726,1.1143717136355022,1.0,-0.36120000392228707,-0.32579597175662317,-0.0354040321656639,0.0706453291366907,0.17061871081416874,0.36120000392228707,0.5,0.0,0.4555160857396352,0.28055847423154395,0.6668616983221023,0.5648256089660031,0.5138487562235021,0.45,False,True,ACTIVE,MR_BLOCK,FIXED_2ATR,OSC_CROSS,H1.0,phase_h_2026-08-30,0.2499087267510323,0.5156196909723142,0.0020173069110957023,0.02632387743792529,-0.9093307564544921,,,,,2026-09-01T16:06:18.729496+00:00
EURCAD_2026-08-31T15:00:00,EURCAD,2026-08-31 15:00:00,2026-08-31T17:05:29.877587+00:00,yahoo,FLAT,1.6100499629974363,1.610569953918457,1.6099400520324707,1.6103700399398804,0.0,0.02693656724972147,0.03134182174341359,0.22024012261581546,0.0012805034348413076,0.07951609897617769,1.0240216723663234,1.0,-1.3608801458262387,-1.4059463667241496,0.0450662208979109,0.019392727805163545,0.01435593382482514,1.3608801458262387,0.16666666666666666,0.08333333333333333,0.11106585919475957,0.8948084960248798,-0.2446671417943269,0.6004046374759885,0.1448502001452247,0.45,False,True,ACTIVE,MR_BLOCK,FIXED_2ATR,OSC_CROSS,H1.0,phase_h_2026-08-30,-0.01365966785758734,-0.05154396077209922,-0.04595423219081009,-0.05030755723160215,0.13974321453222818,,,,,2026-09-01T15:06:10.392426+00:00
EURCAD_2026-08-31T16:00:00,EURCAD,2026-08-31 16:00:00,2026-08-31T17:05:30.018369+00:00,yahoo,FLAT,1.6101499795913696,1.6102700233459473,1.6095800399780271,1.609969973564148,0.0,0.08318092677871212,0.003341466001909574,0.2234745433346406,0.0012454674724850178,0.07735967085943873,0.9966205075033939,1.0,-1.3571902131557745,-1.3994455462483664,0.042255333092591885,0.0036899326704642466,0.03000289448640414,1.3571902131557745,0.16666666666666666,0.08333333333333333,0.1203775018093077,0.9052358555337362,-0.25716707418822754,0.6997961183587789,0.19799770387525042,0.45,False,True,ACTIVE,MR_BLOCK,FIXED_2ATR,OSC_CROSS,H1.0,phase_h_2026-08-30,-0.03416494188257567,-0.003109942694122623,-0.05218039563210029,-0.04534592633047893,0.10558995909092524,,,,,2026-09-01T16:06:18.813661+00:00
GOLD_2026-08-31T17:00:00,GOLD,2026-08-31 17:00:00,2026-08-31T18:05:22.054853+00:00,yahoo,FLAT,4482.7998046875,4489.7001953125,4477.7998046875,4487.60009765625,6320.0,0.062020817061702024,0.23804028247190392,0.3237770090358625,20.77037902852437,0.4628393479038422,1.039371968177159,1.0,-2.6222678224034284,-2.791617259608663,0.16934943720523465,0.07654791422217899,0.21344890915369463,2.6222678224034284,0.16666666666666666,0.08333333333333333,0.6463653750137226,0.3662041142219339,0.20020620010320003,0.9184708936835172,1.4977657777010451,0.45,False,True,ACTIVE,MR_BLOCK,FIXED_2ATR,OSC_CROSS,H1.0,phase_h_2026-08-30,-0.11816240532720318,0.26082813395164584,0.3812220724978335,-0.16943324172435906,-2.367580546647263,,,,,2026-09-02T03:08:15.449632+00:00
USDJPY_2026-08-31T17:00:00,USDJPY,2026-08-31 17:00:00,2026-08-31T18:05:34.145955+00:00,yahoo,FLAT,159.67999267578125,159.697998046875,159.6750030517578,159.68600463867188,0.0,0.17628934047391975,0.278409952966166,0.13189264589223063,0.13855172517733025,0.08676510223349689,1.1255420378862073,1.0,1.299065518526055,1.9243941400440663,-0.6253286215180114,-0.10735529331475235,-0.31513903906703145,1.299065518526055,0.5,0.4166666666666667,0.4658641036074913,0.5236468812050873,0.0898049317701775,0.8511211414383205,0.20121877116255749,0.45,False,True,ACTIVE,MR_BLOCK,FIXED_2ATR,OSC_CROSS,H1.0,phase_h_2026-08-30,0.06638161526431244,0.024423694920912998,0.03945439605964388,0.11710187060085635,0.34505635652937766,,,,,2026-09-02T03:08:15.578078+00:00
US500_2026-08-31T16:30:00,US500,2026-08-31 16:30:00,2026-08-31T18:05:34.499295+00:00,yahoo,FLAT,7676.75,7677.3798828125,7669.580078125,7674.1201171875,111555179.0,0.34647241754738434,0.0008795044542090816,0.011283713402718594,20.1700637700414,0.2628322656152737,1.1709898113584891,0.0,0.16469879160684334,0.11658007334366739,0.048118718263175944,-0.054088114638048385,-0.14583510338531455,0.16469879160684334,0.0,0.25,0.5351295332826564,0.49877509003116016,0.10590154195847803,0.3619008477283493,0.004523764884027994,0.45,False,True,RESEARCH_ONLY,RESEARCH_ONLY,FIXED_2ATR,OSC_CROSS,H1.0,phase_h_2026-08-30,0.10960949350715059,0.15614404709968877,-0.39766296242201155,0.10075061787793653,0.9828706130030093,,,,,2026-09-03T20:22:38.174570+00:00
BTCUSD_2026-08-31T17:00:00,BTCUSD,2026-08-31 17:00:00,2026-08-31T18:05:35.143955+00:00,yahoo,FLAT,78602.1328125,78687.0,78594.4375,78687.0,48781312.0,0.23256238130831763,0.008275434223235826,0.07914285888021144,453.5631375299421,0.5764143219717897,1.1141034160811396,4.0,0.04612271106149789,-0.06552615505963184,0.11164886612112973,0.06276282335743481,0.15888835477144725,0.04612271106149789,0.5,0.16666666666666666,0.36617023180823155,0.3171254853869906,-0.217042829606323,0.1467148129638803,-0.49419467615821416,0.45,False,False,ACTIVE,MR_BLOCK,FIXED_2ATR,OSC_CROSS,H1.0,phase_h_2026-08-30,0.14623074074000716,-0.05819123883165936,-0.4130726281326317,0.31369395528108274,-2.092052281005453,,,,,2026-09-02T03:08:15.755078+00:00
ETHUSD_2026-08-31T17:00:00,ETHUSD,2026-08-31 17:00:00,2026-08-31T18:05:35.749083+00:00,yahoo,FLAT,2468.699951171875,2471.260009765625,2467.60009765625,2469.239990234375,0.0,0.41362601272285165,0.06075496160960146,0.034620406792150234,18.042201949459482,0.7306783472167464,1.1040072512599701,2.0,-0.27865116034832865,-0.31772809181853295,0.0390769314702043,0.07450027561302797,0.20288348484470664,0.27865116034832865,0.5,0.08333333333333333,0.6829847132539139,0.11234392709840825,0.6630512321480411,0.14958167784344817,0.22737498763507527,0.45,False,True,ACTIVE,MR_BLOCK,FIXED_2ATR,OSC_CROSS,H1.0,phase_h_2026-08-30,0.09414304771742565,-0.1034350375487139,-0.3131262475630721,0.36484376633742904,-2.3163293207456794,,,,,2026-09-02T03:08:15.877537+00:00
EURCAD_2026-08-31T17:00:00,EURCAD,2026-08-31 17:00:00,2026-08-31T18:05:36.354142+00:00,yahoo,FLAT,1.6099300384521484,1.6101200580596924,1.6094499826431274,1.6099400520324707,0.0,0.5096223316912672,0.04853666652199964,0.24218835653986628,0.0012273004056732061,0.07623267736732181,0.9822917959283076,1.0,-1.3617790626441215,-1.3960781251132433,0.03429906246912173,0.0028702211650621923,0.018493810987280757,1.3617790626441215,0.0,0.08333333333333333,0.21070108815698868,0.8826747446741742,-0.27719624619308075,0.9571815443192306,0.2906587047328268,0.45,False,True,ACTIVE,MR_BLOCK,FIXED_2ATR,OSC_CROSS,H1.0,phase_h_2026-08-30,-0.003725799524727235,-0.014288404141548383,-0.006836805092093913,0.01305140907071449,0.10998145396252483,,,,,2026-09-02T03:08:15.996177+00:00
GOLD_2026-08-31T18:00:00,GOLD,2026-08-31 18:00:00,2026-08-31T19:05:17.008910+00:00,yahoo,FLAT,4486.0,4486.10009765625,4475.5,4482.7001953125,3142.0,0.031014836361357573,0.16785491113597723,0.3101388087575575,20.248306897538367,0.451698887173221,1.014018709048345,1.0,-2.5574158889475815,-2.7612942036864645,0.20387831473888296,0.0675852499936096,0.2172267312068774,2.5574158889475815,0.16666666666666666,0.08333333333333333,0.6548916465476836,0.31737978915380977,0.22860428981064515,0.9001907814951218,1.4506441154371734,0.45,False,True,ACTIVE,MR_BLOCK,FIXED_2ATR,OSC_CROSS,H1.0,phase_h_2026-08-30,0.4843469468225371,0.3392673699335219,0.28570170584025945,-0.2589025261850545,-2.3726047211457626,,,,,2026-09-02T03:08:16.086563+00:00
USDJPY_2026-08-31T18:00:00,USDJPY,2026-08-31 18:00:00,2026-08-31T19:05:28.535255+00:00,yahoo,FLAT,159.68899536132812,159.71099853515625,159.67100524902344,159.67999267578125,0.0,0.11202958451163803,0.2568138531929333,0.11267159167226326,0.1322693654852354,0.0828340252706542,1.0744323859233906,1.0,1.180023450703904,1.8208821866585756,-0.6408587359546716,-0.09967759279190291,-0.32912298356686254,1.180023450703904,0.3333333333333333,0.4166666666666667,0.43527672499828796,0.47048274311891375,0.03618065724370718,0.7127479768115864,0.1783249832917527,0.45,False,True,ACTIVE,MR_BLOCK,FIXED_2ATR,OSC_CROSS,H1.0,phase_h_2026-08-30,-0.030041460270884973,-0.05381871267854663,0.0025018635063483357,0.09574879915326244,0.25345214192937987,,,,,2026-09-02T03:08:16.193248+00:00
US500_2026-08-31T17:30:00,US500,2026-08-31 17:30:00,2026-08-31T19:05:28.881486+00:00,yahoo,FLAT,7672.35009765625,7685.33984375,7669.77001953125,7683.02001953125,122411000.0,0.6189815062031647,0.012161508123118536,0.019349850120221588,19.887236650465738,0.2588466071923509,1.151896083233564,0.0,0.12683079042126877,0.1174895710880182,0.009341219333250564,-0.033910904268301095,-0.13880167782659453,0.12683079042126877,0.0,0.25,0.7342460463478161,0.2091434970946754,0.3679800047514771,0.8538498250742691,0.25899839993186863,0.45,False,True,RESEARCH_ONLY,RESEARCH_ONLY,FIXED_2ATR,OSC_CROSS,H1.0,phase_h_2026-08-30,0.03645835121286477,-0.35165303499404144,-0.6202433294567331,-0.20583234447604806,0.6146490227318296,,,,,2026-09-04T20:29:58.268989+00:00
BTCUSD_2026-08-31T18:00:00,BTCUSD,2026-08-31 18:00:00,2026-08-31T19:05:29.509163+00:00,yahoo,FLAT,78890.1484375,78890.1484375,78788.5,78788.5,86247424.0,0.16393021063048882,0.07645844420535448,0.08868983681005838,445.19178755513576,0.5650466597982393,1.094003705254638,4.0,0.12332338029508681,-0.03947511309446426,0.16279849338955107,0.0732756538304637,0.18989063215799862,0.12332338029508681,0.5,0.16666666666666666,0.514222806653186,0.2184865030129436,0.06888390766159135,0.07334223463669695,-0.406527110854323,0.45,False,False,ACTIVE,MR_BLOCK,FIXED_2ATR,OSC_CROSS,H1.0,phase_h_2026-08-30,-0.15833859579415824,-0.07490724850991436,-0.47582666452806066,-0.3736956991669523,-2.3758601478209256,,,,,2026-09-02T03:08:16.385556+00:00
ETHUSD_2026-08-31T18:00:00,ETHUSD,2026-08-31 18:00:00,2026-08-31T19:05:30.134898+00:00,yahoo,FLAT,2474.489990234375,2474.93994140625,2470.449951171875,2470.929931640625,94788608.0,0.3784687320839569,0.0012763560036096943,0.04400134384203354,17.6681047181194,0.715038678024686,1.0828966438823269,2.0,-0.1970902334008016,-0.3018908450200482,0.10480061161924661,0.08267990403454065,0.22624921755001284,0.1970902334008016,0.6666666666666666,0.16666666666666666,0.7585254484596154,0.11574336497526057,0.43500942235332335,0.16212380899711962,0.14020748366068714,0.45,False,True,ACTIVE,MR_BLOCK,FIXED_2ATR,OSC_CROSS,H1.0,phase_h_2026-08-30,0.17074479260903483,0.029061895036594926,-0.2482530342037514,-0.25148541859574974,-2.61769919667364,,,,,2026-09-02T03:08:16.488872+00:00
EURCAD_2026-08-31T18:00:00,EURCAD,2026-08-31 18:00:00,2026-08-31T19:05:30.718797+00:00,yahoo,FLAT,1.609410047531128,1.6096999645233154,1.6090600490570068,1.609570026397705,0.0,0.4900715925975956,0.06649866209845608,0.23533223374176598,0.0012191230119340036,0.07574215423621297,0.9765665641018313,1.0,-1.3744212621375027,-1.3934961156930976,0.019074853555594906,-0.011265730588979173,-0.005624448453156239,1.3744212621375027,0.0,0.08333333333333333,0.2044350634048039,0.809325555946855,-0.20059962336198195,0.9575755423168804,0.307372617778999,0.45,False,True,ACTIVE,MR_BLOCK,FIXED_2ATR,OSC_CROSS,H1.0,phase_h_2026-08-30,0.03479270856828782,0.005592611234630041,0.010562998172956873,-0.00994818130875251,0.05529648061789836,,,,,2026-09-02T03:08:16.591697+00:00
GOLD_2026-08-31T19:00:00,GOLD,2026-08-31 19:00:00,2026-08-31T20:05:18.699576+00:00,yahoo,FLAT,4480.7001953125,4501.7998046875,4478.39990234375,4499.10009765625,5522.0,0.031156607467967435,0.0479850687982591,0.2925901550888266,20.473420857982056,0.45505590926166384,1.0209855526383405,1.0,-2.464981040358336,-2.7222019988270145,0.25722095846867843,0.09370368497375559,0.23835097479945588,2.464981040358336,0.16666666666666666,0.0,0.5421735515152755,0.5072353514423339,0.00629216531210999,0.9356095736081386,1.5031104686372259,0.45,False,True,ACTIVE,MR_BLOCK,FIXED_2ATR,OSC_CROSS,H1.0,phase_h_2026-08-30,-0.10440238366281653,-0.02221235006663705,-0.21324072981452688,-1.8347422846790318,-2.805415475066637,,,,,2026-09-02T03:08:16.678824+00:00
USDJPY_2026-08-31T19:00:00,USDJPY,2026-08-31 19:00:00,2026-08-31T20:05:28.576360+00:00,yahoo,FLAT,159.7949981689453,159.81399536132812,159.75999450683594,159.781005859375,0.0,0.09030413309072004,0.23173031588873172,0.12339432511270221,0.13461009705462948,0.08424662013525017,1.0926842140486777,1.0,1.134604017728606,1.7294740007660998,-0.5948699830374937,-0.045853595380427326,-0.25159819289574914,1.134604017728606,0.16666666666666666,0.3333333333333333,0.14257229546605055,0.6814393534397245,-0.01058982462675509,0.6438745511122754,0.06404919812321358,0.45,False,True,ACTIVE,MR_BLOCK,FIXED_2ATR,OSC_CROSS,H1.0,phase_h_2026-08-30,-0.011892198794006867,0.014404366089447673,0.005635660472661889,0.14648896442159784,0.29735272968468573,,,,,2026-09-02T03:08:16.785313+00:00
US500_2026-08-31T18:30:00,US500,2026-08-31 18:30:00,2026-08-31T20:05:28.920165+00:00,yahoo,FLAT,7680.85986328125,7681.56982421875,7668.31982421875,7675.35009765625,142742000.0,0.4477407422026988,0.0033866816325740716,0.06322839695507905,19.43902473330875,0.2532656424264564,1.126027211915729,1.0,0.06882331109601834,0.11040559514315584,-0.0415822840471375,-0.052857218254710486,-0.14996359514887336,0.06882331109601834,0.16666666666666666,0.25,0.5994062605783651,0.26904023854711473,0.2621882222846004,0.5524185416423585,0.03548034862123068,0.45,False,True,RESEARCH_ONLY,RESEARCH_ONLY,FIXED_2ATR,OSC_CROSS,H1.0,phase_h_2026-08-30,0.010021598228217021,-0.40150576896447654,-0.7199790696665033,-0.2670625653397719,0.3493133870695201,,,,,2026-09-04T20:29:58.282376+00:00
BTCUSD_2026-08-31T19:00:00,BTCUSD,2026-08-31 19:00:00,2026-08-31T20:05:29.560448+00:00,yahoo,FLAT,79017.390625,79092.9921875,79017.390625,79044.953125,34140160.0,0.22717474534936843,0.30554435377823286,0.11083976149574337,453.69240661551964,0.573967582595767,1.1125253134397812,4.0,0.244859910865903,0.003205093812871599,0.2416548170530314,0.10009885872031726,0.2573307340624365,0.244859910865903,0.3333333333333333,0.16666666666666666,0.4955056319802006,0.08373034918630658,-0.05253573488747369,0.24248786134586622,-0.0857315923983543,0.45,False,False,ACTIVE,MR_BLOCK,FIXED_2ATR,OSC_CROSS,H1.0,phase_h_2026-08-30,-0.04585750261427383,-0.39368121250802507,-0.636022761960736,-0.3409500367157154,-2.0423327147027472,,,,,2026-09-02T03:08:16.939073+00:00
ETHUSD_2026-08-31T19:00:00,ETHUSD,2026-08-31 19:00:00,2026-08-31T20:05:30.147059+00:00,yahoo,FLAT,2478.300048828125,2481.159912109375,2478.300048828125,2480.0,275146752.0,0.4087406023347175,0.3879826365090244,0.06032723692749469,17.825058921699426,0.7187523758749769,1.0904107749496443,2.0,-0.0693122601789418,-0.26720380915124725,0.19789154897230543,0.1111889073121949,0.2850223925846562,0.0693122601789418,0.5,0.16666666666666666,0.7895258202628276,0.05051866550463801,0.4029468963838821,0.1690695991625499,0.06940420482311643,0.45,False,True,ACTIVE,MR_BLOCK,FIXED_2ATR,OSC_CROSS,H1.0,phase_h_2026-08-30,-0.36750954338346076,-0.5109677338111731,-0.7781293453359953,-0.38604439667970336,-2.570923852250853,,,,,2026-09-02T03:08:17.048056+00:00
EURCAD_2026-08-31T19:00:00,EURCAD,2026-08-31 19:00:00,2026-08-31T20:05:30.730879+00:00,yahoo,FLAT,1.6092900037765503,1.6096400022506714,1.6089099645614624,1.6095399856567385,0.0,0.4374941793685454,0.1421660221034333,0.2135871604865602,0.0012101427802225023,0.07518563011833032,0.9699197334405528,2.0,-1.4042126828548935,-1.3992928505101068,-0.0049198323447867676,-0.01013815537701146,-0.038100429597855756,1.4042126828548935,0.16666666666666666,0.0,0.0967577134050025,0.8972986192282544,-0.21500173962220512,0.9496951530175491,0.2832888523789877,0.45,False,True,ACTIVE,MR_BLOCK,FIXED_2ATR,OSC_CROSS,H1.0,phase_h_2026-08-30,-0.04533993175092553,-0.04907197904840495,-0.041615289309208874,-0.08882124470884653,0.03603202807447389,,,,,2026-09-02T03:08:17.156100+00:00
GOLD_2026-08-31T20:00:00,GOLD,2026-08-31 20:00:00,2026-08-31T21:05:16.067539+00:00,yahoo,FLAT,4502.2998046875,4504.89990234375,4495.89990234375,4497.7998046875,1619.0,0.0758792302587923,0.04476117231114824,0.2857138381888107,19.561507414773423,0.43491280768848106,0.9755955991923133,1.0,-2.377831507666751,-2.6771257483293254,0.2992942406625745,0.0897301782726303,0.2515746261409446,2.377831507666751,0.16666666666666666,0.08333333333333333,0.7612316466670065,0.3033267577323916,0.12212742876440995,0.9363342540855528,1.2100909877792994,0.45,False,True,ACTIVE,MR_BLOCK,FIXED_2ATR,OSC_CROSS,H1.0,phase_h_2026-08-30,-0.040019673263145095,0.12008073420791772,-0.22902197173434147,-1.8588845086081385,-2.703835960597016,,,,,2026-09-02T03:08:17.247250+00:00
USDJPY_2026-08-31T20:00:00,USDJPY,2026-08-31 20:00:00,2026-08-31T21:05:25.821079+00:00,yahoo,FLAT,159.7469940185547,159.7530059814453,159.71800231933594,159.7270050048828,0.0,0.009335607999241779,0.17364886472657498,0.10020594537246989,0.13059458748073943,0.08176111952812688,1.0604391810044307,1.0,1.11638283405312,1.6585981143311717,-0.5422152802780515,-0.06765157992060011,-0.16377153871304295,1.11638283405312,0.3333333333333333,0.3333333333333333,0.28126090020126937,0.38098630760765256,0.0361618045104296,0.4018529346366918,0.03883807026498242,0.45,False,True,ACTIVE,MR_BLOCK,FIXED_2ATR,OSC_CROSS,H1.0,phase_h_2026-08-30,-0.01189361320613313,0.015027030982528044,0.03380843143494389,0.12208865604367983,0.2735913161529692,,,,,2026-09-02T03:08:17.418147+00:00
US500_2026-08-31T19:30:00,US500,2026-08-31 19:30:00,2026-08-31T21:05:26.136065+00:00,yahoo,FLAT,7683.3798828125,7696.330078125,7679.39013671875,7684.3701171875,469398000.0,0.2924759570054686,0.12522971477381692,0.06770391453880328,19.4601784792395,0.2532436384826552,1.1248773518899304,1.0,0.05615617286979686,0.10541101952914286,-0.049254846659346006,-0.03204033649729248,-0.10458552181977301,0.05615617286979686,0.0,0.3333333333333333,0.4170529992530524,0.32162464275845665,0.009549081837323628,0.6990434194849504,-0.03734333436442554,0.45,False,False,RESEARCH_ONLY,RESEARCH_ONLY,FIXED_2ATR,OSC_CROSS,H1.0,phase_h_2026-08-30,-0.39795165587615383,-0.5529436209737324,-0.7048093132430061,-0.19194806828745697,0.49307422546908386,,,,,2026-09-04T20:29:58.294736+00:00
BTCUSD_2026-08-31T20:00:00,BTCUSD,2026-08-31 20:00:00,2026-08-31T21:05:26.751717+00:00,yahoo,FLAT,78904.09375,78963.1796875,78854.0234375,78867.796875,3946496.0,0.08645333614493823,0.22558392046650314,0.09203790916074277,440.74072198208603,0.5588348342995172,1.0850042615198083,4.0,0.34122703090709805,0.053334757522896487,0.28789227338420154,0.07371353442277728,0.2682969212815321,0.34122703090709805,0.3333333333333333,0.25,0.51604385435935,0.19797061929226104,-0.12941974046679774,0.045489584707964464,-0.44543416886030257,0.45,False,False,ACTIVE,MR_BLOCK,FIXED_2ATR,OSC_CROSS,H1.0,phase_h_2026-08-30,0.12948053996764125,-0.35508801941841467,-0.5329937066135652,-1.2484710455868213,-1.8249948671523912,,,,,2026-09-02T03:08:17.570374+00:00
ETHUSD_2026-08-31T20:00:00,ETHUSD,2026-08-31 20:00:00,2026-08-31T21:05:27.328285+00:00,yahoo,FLAT,2481.919921875,2483.360107421875,2478.760009765625,2478.760009765625,19045376.0,0.3576966874832271,0.35303875528862105,0.06153365506055651,17.3481374617311,0.6998716048905204,1.0636938412423522,2.0,0.053351075478628704,-0.22038181726895142,0.2737328927475801,0.1042987735613512,0.3155512508609062,0.053351075478628704,0.5,0.25,0.8243263396260606,0.030924034337109007,0.13084483447346046,0.0832303479669088,-0.4171481393808595,0.45,False,False,ACTIVE,MR_BLOCK,FIXED_2ATR,OSC_CROSS,H1.0,phase_h_2026-08-30,0.22690203626285366,-0.2099083287730425,-0.329624603965646,-1.0103208384325977,-2.124993507633542,,,,,2026-09-02T03:08:17.677921+00:00
EURCAD_2026-08-31T20:00:00,EURCAD,2026-08-31 20:00:00,2026-08-31T21:05:27.906324+00:00,yahoo,FLAT,1.60985004901886,1.6099400520324707,1.6092000007629397,1.6097400188446045,0.0,0.3985061248879594,0.16359477411693146,0.20685504169494875,0.0011987375692550683,0.07446777462334978,0.9613866622221207,2.0,-1.4146002882370954,-1.403310727725789,-0.011289560511306362,-0.0014947891591965412,-0.030507622659429634,1.4146002882370954,0.0,0.08333333333333333,0.0852160897349121,0.8921501742981887,-0.22917891186080586,0.9112638792842884,0.2947489280945624,0.45,False,True,ACTIVE,MR_BLOCK,FIXED_2ATR,OSC_CROSS,H1.0,phase_h_2026-08-30,0.01615731610459184,0.007452663916194128,0.009319534002556872,-0.07333391660676508,0.08326833242348111,,,,,2026-09-02T03:08:17.803727+00:00
USDJPY_2026-08-31T21:00:00,USDJPY,2026-08-31 21:00:00,2026-08-31T22:05:16.860437+00:00,yahoo,FLAT,159.72500610351562,159.73800659179688,159.69900512695312,159.69900512695312,0.0,0.012151569964287371,0.09729257641921397,0.08641247582705096,0.1257051365762325,0.07871378815184409,1.0214047030115092,1.0,1.027985077726026,1.5710539464403532,-0.5430688687143272,-0.07267769811463398,-0.20397269445804644,1.027985077726026,0.3333333333333333,0.3333333333333333,0.533397315508982,0.39803963079266846,0.045465957968955466,0.15375869250676044,-0.021091120434125536,0.45,False,False,ACTIVE,MR_BLOCK,FIXED_2ATR,OSC_CROSS,H1.0,phase_h_2026-08-30,0.03819784880569142,0.05635090351574988,0.05760250886681181,0.2141391659034422,0.27112064921438356,,,,,2026-09-02T03:08:17.912304+00:00
BTCUSD_2026-08-31T21:00:00,BTCUSD,2026-08-31 21:00:00,2026-08-31T22:05:26.249358+00:00,yahoo,FLAT,78853.2890625,78854.109375,78770.1875,78816.7578125,0.0,0.2937853352106574,0.30573159789085264,0.08358650175011194,430.52855670931314,0.5462398716444451,1.0623431739604943,4.0,0.38595823311670313,0.09377155836022039,0.29218667475648274,0.062291670088384654,0.2168100657706761,0.38595823311670313,0.0,0.08333333333333333,0.5790316948863266,0.07863431662680462,-0.016709985636815784,0.393349128081245,-0.14678249818928518,0.45,False,False,ACTIVE,MR_BLOCK,FIXED_2ATR,OSC_CROSS,H1.0,phase_h_2026-08-30,-0.4768464030085905,-0.4012199588497932,-0.36841419303110534,-1.3319833653490558,-2.253276148050887,,,,,2026-09-02T03:08:18.023148+00:00
ETHUSD_2026-08-31T21:00:00,ETHUSD,2026-08-31 21:00:00,2026-08-31T22:05:26.862957+00:00,yahoo,FLAT,2472.590087890625,2472.840087890625,2468.5,2471.31005859375,2877440.0,0.3702208014484349,0.4269300916168132,0.04014222948070347,17.322239219572328,0.7009334647967728,1.0673101280205106,2.0,0.13054405355435822,-0.17258052475812694,0.3031245783124852,0.07264583977039157,0.29148206926508435,0.13054405355435822,0.3333333333333333,0.25,0.8392011444327361,0.05509431942323963,0.14091790312901822,0.11478518002562912,-0.16142898403249295,0.45,False,False,ACTIVE,MR_BLOCK,FIXED_2ATR,OSC_CROSS,H1.0,phase_h_2026-08-30,-0.37004974356806924,-0.2772343596817302,-0.2614909159442958,-1.0685640767519482,-2.571737838756201,,,,,2026-09-02T03:08:18.129917+00:00
EURCAD_2026-08-31T21:00:00,EURCAD,2026-08-31 21:00:00,2026-08-31T22:05:27.478807+00:00,yahoo,FLAT,1.6091599464416504,1.6097899675369265,1.6087000370025637,1.6089400053024292,0.0,0.3447592398274455,0.12915334760550867,0.2270936851921562,0.0012075952037528127,0.07505532833872346,0.9696193197023117,2.0,-1.4364023553809029,-1.4049646845854442,-0.03143767079545867,-0.034239523433325036,-0.032849158379914645,1.4364023553809029,0.16666666666666666,0.08333333333333333,0.19793249846797353,0.8370998346868297,-0.14365349857990903,0.7421852581434847,0.19217593353279325,0.45,False,True,ACTIVE,MR_BLOCK,FIXED_2ATR,OSC_CROSS,H1.0,phase_h_2026-08-30,-0.019887842935667827,0.0049701089794536735,-0.004355326497643457,-0.10190575162341935,0.10437969558638027,,,,,2026-09-02T03:08:18.245174+00:00
GOLD_2026-08-31T22:00:00,GOLD,2026-08-31 22:00:00,2026-08-31T23:05:23.746156+00:00,yahoo,FLAT,4498.7001953125,4504.7998046875,4494.2998046875,4494.39990234375,1342.0,0.1172978823575093,0.027521600116469844,0.29794279157446113,18.96971097247365,0.42207439001102864,0.9473360989164779,1.0,-2.2951742838137985,-2.6263701346635506,0.3311958508497521,0.08235976320501548,0.26991047858974904,2.2951742838137985,0.0,0.16666666666666666,0.7186513153278904,0.30084850055495493,0.1124758176886148,0.9443195523354004,1.377790551008237,0.45,False,True,ACTIVE,MR_BLOCK,FIXED_2ATR,OSC_CROSS,H1.0,phase_h_2026-08-30,0.12234456678901122,-0.05338454774218663,-0.4515583291624959,-1.5259725871705039,-2.7783317171338004,,,,,2026-09-02T03:08:18.380352+00:00
USDJPY_2026-08-31T22:00:00,USDJPY,2026-08-31 22:00:00,2026-08-31T23:05:38.431124+00:00,yahoo,FLAT,159.70899963378906,159.78399658203125,159.69400024414062,159.7550048828125,0.0,0.24389033618657735,0.011898119915402681,0.09022220587539867,0.12636108367587173,0.07909679184609164,1.0266274350170028,1.0,1.0004312049540596,1.4967230374400688,-0.4962918324860093,-0.04311494464428933,-0.16716866033227418,1.0004312049540596,0.0,0.16666666666666666,0.321500494001162,0.6283627758722674,0.02052675689959221,0.8394131619785303,0.20766530935703986,0.45,False,True,ACTIVE,MR_BLOCK,FIXED_2ATR,OSC_CROSS,H1.0,phase_h_2026-08-30,-0.011269697616821877,-0.008767442722239392,0.061333896690872955,0.197152854155978,0.2660030661217991,,,,,2026-09-02T03:08:18.520092+00:00
BTCUSD_2026-08-31T22:00:00,BTCUSD,2026-08-31 22:00:00,2026-08-31T23:05:40.162093+00:00,yahoo,FLAT,78945.7578125,79000.0,78891.0625,78907.15625,119971840.0,0.6536986977212692,0.383908121871402,0.07834949312611611,428.4247380631669,0.5429478876488681,1.0581947171136725,4.0,0.4509875888813081,0.1408032868430665,0.31018430203824154,0.0677136721123131,0.2022840886056287,0.4509875888813081,0.0,0.16666666666666666,0.8395116304267284,0.07037262486329739,0.40121267276397493,0.4327939004853022,-0.2269171422383127,0.45,False,False,ACTIVE,MR_BLOCK,FIXED_2ATR,OSC_CROSS,H1.0,phase_h_2026-08-30,-0.007129542697011538,-0.24329937337584143,0.17328666747673652,-0.7372563650309951,-1.709787639063371,,,,,2026-09-02T03:08:18.623143+00:00
ETHUSD_2026-08-31T22:00:00,ETHUSD,2026-08-31 22:00:00,2026-08-31T23:05:41.833591+00:00,yahoo,FLAT,2479.030029296875,2480.39990234375,2474.699951171875,2475.5400390625,110279680.0,0.36246317304284636,0.49798856167428807,0.03805480129641931,17.060917482684374,0.689179621960202,1.0519001233803988,2.0,0.19316710954016947,-0.12781182701685723,0.3209789365570267,0.08065769588354935,0.23926469988779875,0.19316710954016947,0.3333333333333333,0.3333333333333333,0.9035048596734387,0.02336101310494447,0.03225422016564438,0.22662572501541683,-0.13414827543111027,0.45,False,False,ACTIVE,MR_BLOCK,FIXED_2ATR,OSC_CROSS,H1.0,phase_h_2026-08-30,-0.06601602579569286,-0.26853373225102384,0.024306080198593927,-0.5135821347739514,-2.3159897222263974,,,,,2026-09-02T03:08:18.731018+00:00
EURCAD_2026-08-31T22:00:00,EURCAD,2026-08-31 22:00:00,2026-08-31T23:05:43.396107+00:00,yahoo,FLAT,1.609410047531128,1.6098400354385376,1.6091599464416504,1.6095199584960938,0.0,0.04586553886539303,0.07749607754007198,0.2053879099875942,0.0012111374058624848,0.07524836206406223,0.9721632171753768,2.0,-1.4485045536720025,-1.413640631654243,-0.03486392201775956,-0.0075521636654496405,-0.04858994243597747,1.4485045536720025,0.0,0.08333333333333333,0.09533991260072636,0.9031134649761839,-0.21526433465284556,0.8675136459190694,0.2332913747866306,0.45,False,True,ACTIVE,MR_BLOCK,FIXED_2ATR,OSC_CROSS,H1.0,phase_h_2026-08-30,0.01118682177577831,0.007460350680919151,0.006838037416598819,-0.060905206502432765,0.09943676945332271,,,,,2026-09-02T03:08:18.849018+00:00
GOLD_2026-08-31T23:00:00,GOLD,2026-08-31 23:00:00,2026-09-01T00:05:16.706909+00:00,yahoo,FLAT,4495.7998046875,4500.2998046875,4490.2998046875,4499.2001953125,1509.0,0.14285876314968668,0.16615295529806318,0.26843630265217083,18.329017331582676,0.4073839023806675,0.9154438757880697,1.0,-2.207655686437339,-2.5705415415667225,0.36288585512938365,0.08751859737645962,0.2588323947703697,2.207655686437339,0.0,0.08333333333333333,0.7741848160275531,0.22448178447310027,0.3166725313305524,0.9454722772104075,1.485523598771767,0.45,False,True,ACTIVE,MR_BLOCK,FIXED_2ATR,OSC_CROSS,H1.0,phase_h_2026-08-30,0.03777372389469007,-0.19107082106754053,-0.26660742057320597,-1.7351721318873585,-3.077093979115752,,,,,2026-09-02T03:09:48.202208+00:00
USDJPY_2026-08-31T23:00:00,USDJPY,2026-08-31 23:00:00,2026-09-01T00:05:26.420911+00:00,yahoo,FLAT,159.76800537109375,159.82899475097656,159.76699829101562,159.8179931640625,0.0,0.011928549803209204,0.018141988442508403,0.10196672337247417,0.12262028256788536,0.07672495451873712,0.9966405094926402,1.0,0.9874817565002091,1.4288241999814209,-0.44134244348121177,-0.012949448453850487,-0.1127212494075075,0.9874817565002091,0.16666666666666666,0.16666666666666666,0.15690455465857472,0.8552298828710964,-0.20670231816017015,0.536185532935608,0.07528840420284841,0.45,False,True,ACTIVE,MR_BLOCK,FIXED_2ATR,OSC_CROSS,H1.0,phase_h_2026-08-30,0.029419136345852897,0.018778578589593115,0.0776168512812989,0.2241012262812989,0.2773040150625978,,,,,2026-09-02T03:09:48.352138+00:00
BTCUSD_2026-08-31T23:00:00,BTCUSD,2026-08-31 23:00:00,2026-09-01T00:05:27.045674+00:00,yahoo,FLAT,78568.328125,78568.328125,78380.046875,78430.8984375,0.0,0.289012151232243,0.16715426417823798,0.038552906441590984,445.69951135111125,0.5682703121223075,1.1092824229558762,4.0,0.4744759053883881,0.18962109705180016,0.28485480833658794,0.004055068645168358,0.15367397765379026,0.4744759053883881,0.0,0.16666666666666666,0.20561550552024202,0.5637318935433854,-0.6803103099094636,0.24595849228737326,-0.32645507049322114,0.45,False,False,ACTIVE,MR_BLOCK,FIXED_2ATR,OSC_CROSS,H1.0,phase_h_2026-08-30,0.0831242630664649,-0.1785396601382116,0.7297811094220193,-0.6377268800636912,-1.6596710291905483,,,,,2026-09-02T03:09:48.522582+00:00
ETHUSD_2026-08-31T23:00:00,ETHUSD,2026-08-31 23:00:00,2026-09-01T00:05:27.674547+00:00,yahoo,FLAT,2468.070068359375,2468.360107421875,2461.989990234375,2462.56005859375,0.0,0.30429016261100217,0.2923053781673481,0.018766665541566814,17.203656511857158,0.6986086065929836,1.0685288516472786,2.0,0.2483112928232214,-0.07215975286425488,0.3204710456874763,0.030347555956186406,0.20952127725620817,0.2483112928232214,0.3333333333333333,0.3333333333333333,0.7137445995080827,0.07179398303021008,-0.2170787183056324,0.08695394655018351,-0.20965307474720887,0.45,False,False,ACTIVE,MR_BLOCK,FIXED_2ATR,OSC_CROSS,H1.0,phase_h_2026-08-30,0.15928129966099414,-0.11996809822264352,0.6800995842082244,-0.3635555837015957,-2.2024199437562957,,,,,2026-09-02T03:09:48.702262+00:00
EURCAD_2026-08-31T23:00:00,EURCAD,2026-08-31 23:00:00,2026-09-01T00:05:28.262635+00:00,yahoo,FLAT,1.609089970588684,1.6092300415039062,1.6087499856948853,1.6090699434280396,0.0,0.11981934112646121,0.11244039389408339,0.24783438961613707,0.0011796256483872,0.07331102375040759,0.9482216065394802,2.0,-1.4779961890036748,-1.4222213726341673,-0.05577481636950754,-0.029491635331672317,-0.0524195500613025,1.4779961890036748,0.0,0.0,0.1027133248211839,0.8261725560959036,-0.16711940245224774,0.8477799923767999,0.28259971396545785,0.45,False,True,ACTIVE,MR_BLOCK,FIXED_2ATR,OSC_CROSS,H1.0,phase_h_2026-08-30,0.013674545086182597,0.0018667309651776895,0.019889573974214668,-0.015533868388800057,0.0751877749863236,,,,,2026-09-02T03:09:48.876350+00:00
USDJPY_2026-09-01T00:00:00,USDJPY,2026-09-01 00:00:00,2026-09-01T01:40:57.041767+00:00,yahoo,FLAT,159.74400329589844,159.83700561523438,159.7429962158203,159.81300354003906,0.0,0.28351752074566405,0.02152439178435187,0.14034532173315659,0.12057664805689801,0.07544858389867448,0.9806491513367217,1.0,0.972036677884342,1.3679191970351439,-0.39588251915080186,-0.01544507861586708,-0.0715094717140069,0.972036677884342,0.0,0.16666666666666666,0.21402184876262798,0.7530792707720938,-0.20393684202356754,0.8009996714814785,0.22092406905701156,0.45,False,True,ACTIVE,MR_BLOCK,FIXED_2ATR,OSC_CROSS,H1.0,phase_h_2026-08-30,-0.02690868312075028,0.0012509004573521244,0.09324460279422515,0.19024190696050666,0.30476136638817103,,,,,2026-09-02T03:09:49.134183+00:00
BTCUSD_2026-09-01T00:00:00,BTCUSD,2026-09-01 00:00:00,2026-09-01T01:41:10.670810+00:00,yahoo,FLAT,78556.859375,78628.5,78537.71875,78628.5,5015552.0,0.05193204243036074,0.246234174898004,0.06501333593018789,427.9782292903176,0.5443042017720262,1.0647949614633936,4.0,0.49648669519691957,0.2305365101378161,0.2659501850591035,0.022010789808531495,0.09241850492811449,0.49648669519691957,0.16666666666666666,0.16666666666666666,0.16915998141973135,0.6948178506551497,-0.30134398708023985,0.1343079243285376,-0.6392550532263339,0.45,False,False,ACTIVE,MR_BLOCK,FIXED_2ATR,OSC_CROSS,H1.0,phase_h_2026-08-30,-0.3190457283642085,0.03293791932504987,0.10261925514000454,-0.8381930426370685,-1.8523530690589434,,,,,2026-09-02T03:09:49.233328+00:00
ETHUSD_2026-09-01T00:00:00,ETHUSD,2026-09-01 00:00:00,2026-09-01T01:41:11.883265+00:00,yahoo,FLAT,2466.6298828125,2467.260009765625,2464.9599609375,2467.260009765625,0.0,0.017965750668119722,0.34820780137511625,0.026171462814116177,16.310534701858433,0.6610788744315536,1.01408531392719,2.0,0.2857168898723634,-0.02444286716603912,0.3101597570384025,0.03740559704914198,0.14687711621716368,0.2857168898723634,0.3333333333333333,0.3333333333333333,0.4208705415106524,0.08211613311238154,-0.4549400617535745,0.14361276449891303,-0.39646550242127626,0.45,False,False,ACTIVE,MR_BLOCK,FIXED_2ATR,OSC_CROSS,H1.0,phase_h_2026-08-30,-0.36135721410847155,0.015787211311625818,-0.0032404288549519825,-1.0266133062876075,-2.558249425490735,,,,,2026-09-02T03:09:49.356464+00:00
EURCAD_2026-09-01T00:00:00,EURCAD,2026-09-01 00:00:00,2026-09-01T01:41:13.051633+00:00,yahoo,FLAT,1.6092900037765503,1.609320044517517,1.6084200143814087,1.6088800430297852,0.0,0.345608342144602,0.11555980430749073,0.25217032400083195,0.0011596545403672856,0.07207837187062534,0.9339618919622527,2.0,-1.5187080855257347,-1.4350862676863763,-0.0836218178393584,-0.040711896522059865,-0.07775569551918182,1.5187080855257347,0.0,0.08333333333333333,0.1853210751760475,0.7635850832000526,-0.12129568869352948,0.7957871107492682,0.2162603838031946,0.45,False,True,ACTIVE,MR_BLOCK,FIXED_2ATR,OSC_CROSS,H1.0,phase_h_2026-08-30,-0.017398220226522477,-0.00932497201582564,-0.020509013115028753,-0.006214179127305569,0.02174592362070221,,,,,2026-09-02T03:09:49.500147+00:00
GOLD_2026-09-01T00:00:00,GOLD,2026-09-01 00:00:00,2026-09-01T03:05:47.153678+00:00,yahoo,FLAT,4501.2998046875,4510.5,4495.0,4502.7001953125,3425.0,0.4679596597052683,0.18594733355415702,0.37511306922761906,18.12694466504106,0.40257942742694636,0.906080456037292,1.0,-2.1187426311457656,-2.510301686843928,0.3915590556981625,0.08891305529157334,0.25879141587304844,2.1187426311457656,0.0,0.0,0.6349535554871762,0.2712322290152241,0.2354190532515475,0.9455571275324497,1.5701885423035218,0.45,False,True,ACTIVE,MR_BLOCK,FIXED_2ATR,OSC_CROSS,H1.0,phase_h_2026-08-30,-0.2132075696766155,-0.34868400363063395,-0.548564066917312,-2.1764718002327164,-3.655586437391626,,,,,2026-09-02T03:09:49.658304+00:00
GOLD_2026-09-01T01:00:00,GOLD,2026-09-01 01:00:00,2026-09-01T03:06:02.494539+00:00,yahoo,FLAT,4502.60009765625,4505.89990234375,4485.2001953125,4493.10009765625,3898.0,0.16569319754444484,0.10749466612193018,0.3879465284366587,18.310713405484556,0.40752961223890893,0.9183919938423407,1.0,-2.0495448274650356,-2.448867438926743,0.3993226114617072,0.06919780368072992,0.24562945634876288,2.0495448274650356,0.0,0.0,0.5011419338723339,0.42723698334830096,0.16658951273152803,0.9681634330874224,1.5667575813805872,0.45,False,True,ACTIVE,MR_BLOCK,FIXED_2ATR,OSC_CROSS,H1.0,phase_h_2026-08-30,-0.015583790640792648,-0.398386458229301,-0.5430527211374124,-1.920729364871419,-3.1537288783398245,,,,,2026-09-02T03:09:49.793396+00:00
GOLD_2026-09-01T02:00:00,GOLD,2026-09-01 02:00:00,2026-09-01T03:06:03.147111+00:00,yahoo,FLAT,4492.89990234375,4498.2001953125,4477.10009765625,4488.39990234375,4499.0,0.19167398228290758,0.02709671067407952,0.382371027520875,18.509955137682088,0.41239540906363026,0.9301989274152872,1.0,-1.9928193244467955,-2.38806102366275,0.3952416992159544,0.05672550301824009,0.21483636199054335,1.9928193244467955,0.0,0.0,0.5670642687776145,0.37846174329006405,0.06963387408532674,0.951314525726054,1.666027508630076,0.45,False,True,ACTIVE,MR_BLOCK,FIXED_2ATR,OSC_CROSS,H1.0,phase_h_2026-08-30,-0.12020083832992678,-0.07568120420393167,-1.6249666455988223,-1.8742700752736148,-3.2187717211197078,,,,,2026-09-02T04:06:31.135339+00:00
USDJPY_2026-09-01T01:00:00,USDJPY,2026-09-01 01:00:00,2026-09-01T03:06:06.783492+00:00,yahoo,FLAT,159.79200744628906,159.85000610351562,159.697998046875,159.75399780273438,0.0,0.027031080118471863,0.060363926019963654,0.08987229244812558,0.12282174867002137,0.07688179974167704,0.9998983559032367,1.0,0.9288095497583506,1.3093712440649048,-0.3805616943065542,-0.04322712812599139,-0.07162165519570896,0.9288095497583506,0.0,0.16666666666666666,0.2582521301138266,0.5619278426688394,-0.05970545745111897,0.2947443223093738,0.06474759395471832,0.45,False,True,ACTIVE,MR_BLOCK,FIXED_2ATR,OSC_CROSS,H1.0,phase_h_2026-08-30,0.016275634362907295,0.07010748604679551,0.14084536638229517,0.14898318356374882,0.3824678560997047,,,,,2026-09-02T03:09:50.071629+00:00
USDJPY_2026-09-01T02:00:00,USDJPY,2026-09-01 02:00:00,2026-09-01T03:06:07.430792+00:00,yahoo,FLAT,159.7449951171875,159.84500122070312,159.7449951171875,159.77999877929688,0.0,0.28416576336196114,0.01634357663778595,0.07642548322863837,0.12119205973042163,0.07584933073996544,0.9871513314305292,1.0,0.8983457126848741,1.2545678398809006,-0.35622212719602653,-0.030463837073476552,-0.08913604381533502,0.8983457126848741,0.16666666666666666,0.08333333333333333,0.4121857890090012,0.6752802494809222,-0.03757757707965712,0.7491035092884235,0.15996418629581324,0.45,False,True,ACTIVE,MR_BLOCK,FIXED_2ATR,OSC_CROSS,H1.0,phase_h_2026-08-30,0.011889593521059668,0.05882722577488158,0.08825038853663647,0.17649122719895885,0.29915936276362665,,,,,2026-09-02T03:09:50.223178+00:00
BTCUSD_2026-09-01T01:00:00,BTCUSD,2026-09-01 01:00:00,2026-09-01T03:06:10.467712+00:00,yahoo,FLAT,78640.7421875,78780.296875,78353.4921875,78377.171875,564154368.0,0.1021487922366216,0.09116095939188305,0.04354279534780166,427.89440487672346,0.5459426445740498,1.069687838866572,4.0,0.4835564744029883,0.2642725053731724,0.21928396902981595,-0.012930220793931246,0.013135637659768606,0.4835564744029883,0.16666666666666666,0.16666666666666666,0.1383803432546743,0.7443097997886833,-0.7211308086820568,0.14276903540358815,-0.371373070998819,0.45,False,False,ACTIVE,MR_BLOCK,FIXED_2ATR,OSC_CROSS,H1.0,phase_h_2026-08-30,0.05778348646239668,0.4176020640576348,0.29696146777431803,-0.4287959324891117,-1.800837257500241,,,,,2026-09-02T03:09:50.384784+00:00
BTCUSD_2026-09-01T02:00:00,BTCUSD,2026-09-01 02:00:00,2026-09-01T03:06:11.027702+00:00,yahoo,FLAT,78351.0,78428.609375,78161.4765625,78422.4609375,176121856.0,0.1097731208255292,0.0852013181616437,0.031771117019992114,416.4114339926718,0.5309849104640282,1.0419139260596049,3.0,0.4716948079398269,0.29192881238205964,0.17976599555776723,-0.011861666463161447,-0.0027810974485611983,0.4716948079398269,0.16666666666666666,0.25,0.250070346201029,0.3936280836751357,-0.34788258688104196,0.22677395407854817,-0.6062384288062964,0.45,False,False,ACTIVE,MR_BLOCK,FIXED_2ATR,OSC_CROSS,H1.0,phase_h_2026-08-30,0.29515619279592953,0.9099453829544012,-0.7193112225202541,-0.40944105318997914,-1.4604294150023784,,,,,2026-09-02T03:09:50.580179+00:00
ETHUSD_2026-09-01T01:00:00,ETHUSD,2026-09-01 01:00:00,2026-09-01T03:06:13.881628+00:00,yahoo,FLAT,2471.9599609375,2475.85009765625,2458.0,2462.2900390625,0.0,0.08495483632110597,0.20362462555908387,0.0229484596518958,16.420503484314974,0.6668793368699557,1.0253842128912078,1.0,0.30106840601077933,0.01895863592420334,0.282109770086576,0.015351516138415955,0.08310466914374434,0.30106840601077933,0.3333333333333333,0.3333333333333333,0.40531085230786984,0.08375208351716643,-0.6670220762522118,0.03664798410907292,-0.560117686559612,0.45,False,False,ACTIVE,MR_BLOCK,FIXED_2ATR,OSC_CROSS,H1.0,phase_h_2026-08-30,0.08285129006478582,0.29362830349193003,0.3951598030447551,-0.7529591871134317,-2.603678137214269,,,,,2026-09-02T03:09:50.751004+00:00
ETHUSD_2026-09-01T02:00:00,ETHUSD,2026-09-01 02:00:00,2026-09-01T03:06:14.445746+00:00,yahoo,FLAT,2461.60009765625,2464.669921875,2454.449951171875,2464.330078125,0.0,0.07771388452408813,0.20037041847123327,0.012872088192203524,15.977608285658548,0.6483550408886462,0.9991161122117571,1.0,0.3165522491498223,0.05863778435428586,0.2579144647955364,0.015483843139042941,0.06824095632660088,0.3165522491498223,0.3333333333333333,0.4166666666666667,0.31472973409511784,0.3005380592350361,-0.2510598453338615,0.06271764970333836,-0.7230712907283217,0.45,False,False,ACTIVE,MR_BLOCK,FIXED_2ATR,OSC_CROSS,H1.0,phase_h_2026-08-30,0.29541616042011926,0.8010286612820263,-0.6829473971200021,-0.6650950237648574,-2.272829044404658,,,,,2026-09-02T03:09:50.949834+00:00
EURCAD_2026-09-01T01:00:00,EURCAD,2026-09-01 01:00:00,2026-09-01T03:06:17.783579+00:00,yahoo,FLAT,1.6094900369644165,1.609830021858215,1.608780026435852,1.6092100143432615,0.0,0.27169980359058504,0.12085428555289195,0.21634691231850875,0.0011518217462241267,0.07157684428742506,0.9294196818088604,2.0,-1.546742843219328,-1.4499738110907698,-0.09676903212855814,-0.028034757693593315,-0.0982382895473255,1.546742843219328,0.0,0.0,0.20536675473580068,0.8174690305650513,-0.07864791255145123,0.8692332827795529,0.17898810722690905,0.45,False,True,ACTIVE,MR_BLOCK,FIXED_2ATR,OSC_CROSS,H1.0,phase_h_2026-08-30,0.005592993630964522,-0.0006222668410318216,-0.04722560847323183,0.10688173789055293,0.024231367108410905,,,,,2026-09-02T03:09:51.134311+00:00
EURCAD_2026-09-01T02:00:00,EURCAD,2026-09-01 02:00:00,2026-09-01T03:06:18.314526+00:00,yahoo,FLAT,1.6092100143432615,1.609429955482483,1.608649969100952,1.6093000173568726,0.0,0.18921628298306542,0.1342967823091097,0.1995436158075043,0.0011252620773174737,0.06992245480526454,0.9098460071261083,2.0,-1.5743974975378618,-1.4665636359503822,-0.10783386158747965,-0.027654654318533867,-0.09640130853418705,1.5743974975378618,0.0,0.0,0.12613734457996603,0.8447757795805896,-0.03578089372258678,0.9655287999051125,0.2740062279604619,0.45,False,True,ACTIVE,MR_BLOCK,FIXED_2ATR,OSC_CROSS,H1.0,phase_h_2026-08-30,0.0024815206343626016,0.018022506577325997,-0.08264574841069715,0.10563129625674834,0.09383111007603305,,,,,2026-09-02T03:09:51.276996+00:00
GOLD_2026-09-01T03:00:00,GOLD,2026-09-01 03:00:00,2026-09-01T04:05:35.255900+00:00,yahoo,FLAT,4489.7998046875,4489.7998046875,4489.7998046875,4489.7998046875,0.0,0.11687632273559556,0.002550376951318629,0.38552793480393033,17.32499219476511,0.38587449214722763,0.8712690733296029,1.0,-1.935228414890711,-2.3267303909459205,0.3915019760552094,0.05526954969467468,0.18088727808282723,1.935228414890711,0.0,0.08333333333333333,0.6973575506600731,0.4558248270439866,0.13066246879722015,0.9716199326279711,1.2077377470224195,0.45,False,True,ACTIVE,MR_BLOCK,FIXED_2ATR,OSC_CROSS,H1.0,phase_h_2026-08-30,-0.262977594996657,-0.20057945174949857,-1.6336038486182303,-1.4553110026186762,-2.9708001936148873,,,,,2026-09-02T07:06:09.226854+00:00
USDJPY_2026-09-01T03:00:00,USDJPY,2026-09-01 03:00:00,2026-09-01T04:05:49.492535+00:00,yahoo,FLAT,159.77999877929688,159.81300354003906,159.77999877929688,159.80999755859375,0.0,0.29079037552757836,0.2190995985198097,0.046570835454937135,0.12146922540353078,0.07600852716301089,0.9877979731374543,1.0,0.8672337879084895,1.1953351364961942,-0.3281013485877047,-0.014525218670283224,-0.08644186506486617,0.8672337879084895,0.0,0.16666666666666666,0.23718224924421893,0.8115138873934941,-0.1227523593509801,0.8610512807587126,0.2230455828166075,0.45,False,True,ACTIVE,MR_BLOCK,FIXED_2ATR,OSC_CROSS,H1.0,phase_h_2026-08-30,0.04192851298346817,0.09199255160162431,0.15644653990461002,0.168964936743901,0.2728456684102982,,,,,2026-09-02T03:09:51.478772+00:00
BTCUSD_2026-09-01T03:00:00,BTCUSD,2026-09-01 03:00:00,2026-09-01T04:05:52.441916+00:00,yahoo,FLAT,78422.46875,78451.0703125,78399.5703125,78450.2734375,0.0,0.31005631358765634,0.07139890535111418,0.03322634616968158,404.75769235016895,0.5159417228451505,1.0125024730932572,3.0,0.45672516121478235,0.31131580154572863,0.14540935966905372,-0.010502474196541711,-0.0346112344454137,0.45672516121478235,0.16666666666666666,0.25,0.3059352020583131,0.5038969216558646,-0.2877775990944353,0.612308151918343,-0.38656996594052123,0.45,False,False,ACTIVE,MR_BLOCK,FIXED_2ATR,OSC_CROSS,H1.0,phase_h_2026-08-30,0.06426490729811954,0.06965839179006374,-0.9671322246991196,-1.056944170879892,-1.55762441542028,,,,,2026-09-02T03:09:51.598522+00:00
ETHUSD_2026-09-01T03:00:00,ETHUSD,2026-09-01 03:00:00,2026-09-01T04:05:55.120813+00:00,yahoo,FLAT,2464.419921875,2465.85009765625,2464.0400390625,2465.409912109375,0.0,0.16739304795814006,0.18777733883340836,0.013658870361152932,15.516943136750374,0.6293859313429249,0.9706571116815415,1.0,0.33802064988145486,0.09704433608257701,0.24097631379887785,0.014499303218658888,0.04468861832665144,0.33802064988145486,0.3333333333333333,0.4166666666666667,0.3093000202157945,0.3301317756300836,-0.22851926173145257,0.5207938256082407,-0.315431767820795,0.45,False,False,ACTIVE,MR_BLOCK,FIXED_2ATR,OSC_CROSS,H1.0,phase_h_2026-08-30,-0.08456381871674577,-0.0190246367069796,-0.8091891168410016,-1.3104873062902305,-2.479761629006743,,,,,2026-09-02T03:09:51.787004+00:00
EURCAD_2026-09-01T03:00:00,EURCAD,2026-09-01 03:00:00,2026-09-01T04:05:57.959116+00:00,yahoo,FLAT,1.609320044517517,1.609339952468872,1.608739972114563,1.6091200113296509,0.0,0.08280496601995868,0.3642558589620157,0.21604875016224456,0.0011094694701955434,0.06894883305060413,0.8983324431308183,2.0,-1.5934761914521185,-1.474826909421204,-0.1186492820309144,-0.04517516058860527,-0.10424329117636177,1.5934761914521185,0.16666666666666666,0.0,0.20106497623810593,0.8356539462794229,-0.06773411273781735,0.8916697758340972,0.23397684154271903,0.45,False,True,ACTIVE,MR_BLOCK,FIXED_2ATR,OSC_CROSS,H1.0,phase_h_2026-08-30,-0.008696217708240988,-0.011185084105165865,-0.09755467395034013,0.1901464297878197,0.09134732263901023,,,,,2026-09-02T03:09:51.914769+00:00
GOLD_2026-09-01T04:00:00,GOLD,2026-09-01 04:00:00,2026-09-01T06:06:58.278706+00:00,yahoo,FLAT,4485.7001953125,4486.7001953125,4473.89990234375,4475.2001953125,3907.0,0.14207384184371144,0.10805673940800252,0.39789638764479945,17.223200062549743,0.38485876186254186,0.8697819683885969,1.0,-1.9053601420365243,-2.270547691091334,0.36518754905480977,0.029868272854186806,0.1417098118190112,1.9053601420365243,0.0,0.08333333333333333,0.2873737265200727,0.538758583376187,-0.23674345391842574,0.9341647987799859,1.66821489951616,0.45,False,True,ACTIVE,MR_BLOCK,FIXED_2ATR,OSC_CROSS,H1.0,phase_h_2026-08-30,0.30836172875471485,-0.1452448989166642,-1.0792878722909787,-1.6893120834110729,-2.415536577994394,,,,,2026-09-02T07:06:09.261560+00:00
GOLD_2026-09-01T05:00:00,GOLD,2026-09-01 05:00:00,2026-09-01T06:07:11.908593+00:00,yahoo,FLAT,4475.39990234375,4494.7001953125,4471.89990234375,4494.5,3523.0,0.16284591177359928,0.04969206568174941,0.3292652173959305,17.621563841564047,0.3920695036503292,0.8865205881603629,1.0,-1.8444634654574221,-2.213736461006812,0.3692729955493901,0.06089667657910214,0.14603449912796362,1.8444634654574221,0.0,0.08333333333333333,0.3063354289814718,0.6531386389423459,-0.4594081619840163,0.9179368020721871,0.8556304345353395,0.45,False,True,ACTIVE,MR_BLOCK,FIXED_2ATR,OSC_CROSS,H1.0,phase_h_2026-08-30,-0.24504343951882382,-1.5504588473212297,-1.472490480201604,-2.18088443626086,-2.7979527212352417,,,,,2026-09-02T07:06:09.297914+00:00
USDJPY_2026-09-01T04:00:00,USDJPY,2026-09-01 04:00:00,2026-09-01T06:07:14.400352+00:00,yahoo,FLAT,159.80599975585938,159.81900024414062,159.7949981689453,159.81300354003906,0.0,0.06251490153068523,0.08553071877927988,0.0671669409065288,0.11391587269951983,0.07128072821119322,0.9272169691704255,1.0,0.8585181772495581,1.1530345478531303,-0.29451637060357216,-0.01338228801472896,-0.05802474361956356,0.8585181772495581,0.16666666666666666,0.08333333333333333,0.15612940578117496,0.8287777219742959,-0.1450285596725107,0.7602157645015362,0.11953496276599467,0.45,False,True,ACTIVE,MR_BLOCK,FIXED_2ATR,OSC_CROSS,H1.0,phase_h_2026-08-30,0.005001442209766977,0.07068832252964548,0.1357357054677408,0.103837194274914,0.18890943552616032,,,,,2026-09-02T04:06:31.559824+00:00
USDJPY_2026-09-01T05:00:00,USDJPY,2026-09-01 05:00:00,2026-09-01T06:07:14.891402+00:00,yahoo,FLAT,159.86599731445312,159.90499877929688,159.82200622558594,159.87399291992188,0.0,0.3874072037393456,0.15113891258332543,0.08290465768453577,0.1123501131679693,0.07027416474438312,0.9145421895706923,0.0,0.8692104075873521,1.1151913291510265,-0.24598092156367435,0.010692230337793984,-0.017488085840647316,0.8692104075873521,0.16666666666666666,0.08333333333333333,0.179591996236243,0.775079002792375,-0.10439865498902395,0.8780349536912551,0.31981588137561934,0.45,False,True,ACTIVE,MR_BLOCK,FIXED_2ATR,OSC_CROSS,H1.0,phase_h_2026-08-30,0.045039361481391274,0.029405864107685212,0.14637076661975346,0.22768785918628312,-0.03126699474741212,,,,,2026-09-02T07:06:09.351636+00:00
BTCUSD_2026-09-01T04:00:00,BTCUSD,2026-09-01 04:00:00,2026-09-01T06:07:17.247978+00:00,yahoo,FLAT,78653.9296875,78716.53125,78653.9296875,78667.5234375,0.0,0.22198223647245002,0.055598886725815456,0.009591324528843901,393.54441178766075,0.5002628716287542,0.9830399367578325,3.0,0.4467369145123233,0.31297888842306376,0.13375802608925952,0.018360588493794627,0.0006625396340440015,0.4467369145123233,0.16666666666666666,0.3333333333333333,0.24455921664139146,0.41915704061031184,-0.541305485376189,0.35764925824805105,-0.15949675601742275,0.45,False,False,ACTIVE,MR_BLOCK,FIXED_2ATR,OSC_CROSS,H1.0,phase_h_2026-08-30,0.5483626298654987,-0.1201388937831423,-0.9089679123040671,-1.0007471581041938,-1.5786010424875572,,,,,2026-09-02T04:06:31.810445+00:00
BTCUSD_2026-09-01T05:00:00,BTCUSD,2026-09-01 05:00:00,2026-09-01T06:07:17.751062+00:00,yahoo,FLAT,78716.296875,79195.3203125,78716.296875,79136.0625,627347456.0,0.1383544718727149,0.15409280930190744,0.033161605475986004,403.13387344568497,0.5094186654102041,1.0035218829009034,3.0,0.5249286659499482,0.34123885875998167,0.18368980718996658,0.07819175143762497,0.08823937377956026,0.5249286659499482,0.16666666666666666,0.3333333333333333,0.15049311190099263,0.4470649667666357,-0.3803819280534706,0.3570426147172716,-0.12864726877970734,0.45,False,False,ACTIVE,MR_BLOCK,FIXED_2ATR,OSC_CROSS,H1.0,phase_h_2026-08-30,-0.5400113886131244,-1.6145649462910794,-1.3576004776583368,-2.398223155214476,-1.9342181227427129,,,,,2026-09-02T07:06:09.398590+00:00
ETHUSD_2026-09-01T04:00:00,ETHUSD,2026-09-01 04:00:00,2026-09-01T06:07:19.922386+00:00,yahoo,FLAT,2471.68994140625,2473.489990234375,2470.969970703125,2471.47998046875,93178880.0,0.09613407607526239,0.19033619986995265,0.006319703064788466,14.994918192191031,0.6067181733491945,0.9372753209077554,1.0,0.3549373871441224,0.12288260234386188,0.23205478480026048,0.031730585163707525,0.06361085087947688,0.3549373871441224,0.3333333333333333,0.5,0.27972859712929515,0.343253682584515,-0.40319778424012537,0.1682279748683144,-0.4116304450899624,0.45,False,False,ACTIVE,MR_BLOCK,FIXED_2ATR,OSC_CROSS,H1.0,phase_h_2026-08-30,0.5891852956465122,0.10123424715036469,-0.537757507201571,-0.935408398132149,-2.2700791307774453,,,,,2026-09-02T04:06:32.036785+00:00
ETHUSD_2026-09-01T05:00:00,ETHUSD,2026-09-01 05:00:00,2026-09-01T06:07:20.399356+00:00,yahoo,FLAT,2469.47998046875,2485.110107421875,2468.39990234375,2484.070068359375,460661760.0,0.035472730141477185,0.2600627383236079,0.021701833915523876,15.117438684043458,0.6085753729977471,0.9424130797764997,1.0,0.4238560235168243,0.1630123918335902,0.2608436316832341,0.0689186363727019,0.11627474933470411,0.4238560235168243,0.3333333333333333,0.5,0.15733533626009613,0.5085005984913533,-0.5327755176313205,0.035538758383410994,-0.585717144635787,0.45,False,False,ACTIVE,MR_BLOCK,FIXED_2ATR,OSC_CROSS,H1.0,phase_h_2026-08-30,-0.5205237946363503,-1.4721834470445516,-1.0366052201179174,-2.6714265538291797,-2.522479419889489,,,,,2026-09-02T07:06:09.436985+00:00
EURCAD_2026-09-01T04:00:00,EURCAD,2026-09-01 04:00:00,2026-09-01T06:07:22.521934+00:00,yahoo,FLAT,1.609339952468872,1.609470009803772,1.608989953994751,1.6093499660491943,0.0,0.009683268392421741,0.284675089624429,0.2582407771150962,0.0010772292556662088,0.0669356745513039,0.87306162923916,2.0,-1.6455729213889498,-1.5050360093969948,-0.14053691199195506,-0.03948849520131348,-0.11178673239207249,1.6455729213889498,0.16666666666666666,0.0,0.1896897057029751,0.8134852793509354,-0.01972952887763675,0.9478744376711159,0.2360907640886692,0.45,False,True,ACTIVE,MR_BLOCK,FIXED_2ATR,OSC_CROSS,H1.0,phase_h_2026-08-30,0.02423892587776571,-0.04660363163114636,-0.06773861192740249,0.15100435974713092,0.12739511256727662,,,,,2026-09-02T04:06:32.270845+00:00
EURCAD_2026-09-01T05:00:00,EURCAD,2026-09-01 05:00:00,2026-09-01T06:07:23.027286+00:00,yahoo,FLAT,1.6092000007629397,1.609660029411316,1.6086100339889526,1.6095900535583496,0.0,0.10465616662361693,0.23251424198621093,0.20617236710425055,0.0010752839818588568,0.06680483514927961,0.873190196961981,2.0,-1.6769135996641307,-1.527953021432613,-0.14896057823151776,-0.03134067827518083,-0.11486929779391697,1.6769135996641307,0.0,0.0,0.2205588808886137,0.8729512137738752,-0.0626461922796767,0.9228105432172342,0.0731316108936959,0.45,False,True,ACTIVE,MR_BLOCK,FIXED_2ATR,OSC_CROSS,H1.0,phase_h_2026-08-30,-0.026721531718487776,-0.10065011531437053,-0.03541639819229727,0.09691739580602302,0.09877634937069607,,,,,2026-09-02T07:06:09.475416+00:00
GOLD_2026-09-01T06:00:00,GOLD,2026-09-01 06:00:00,2026-09-01T07:05:39.772275+00:00,yahoo,FLAT,4488.5,4489.10009765625,4476.2998046875,4479.10009765625,3048.0,0.29097824131234606,0.09290720553615385,0.3774801096208979,17.662894660916617,0.3943402530825102,0.8920099793318008,1.0,-1.8091610723429508,-2.159046139001217,0.349885066658266,0.03431376475268744,0.12487815919588785,1.8091610723429508,0.16666666666666666,0.0,0.38917882311077345,0.423689577894803,-0.4301665648058854,0.9544987951292729,1.3105740920672448,0.45,False,True,ACTIVE,MR_BLOCK,FIXED_2ATR,OSC_CROSS,H1.0,phase_h_2026-08-30,-0.20767763929209468,-1.435904526295221,-1.6368871078048235,-2.2018780182280038,-2.456453774006253,,,,,2026-09-02T08:05:58.444242+00:00
USDJPY_2026-09-01T06:00:00,USDJPY,2026-09-01 06:00:00,2026-09-01T07:05:54.740989+00:00,yahoo,FLAT,159.8800048828125,159.9010009765625,159.86000061035156,159.88099670410156,0.0,0.48288648031945236,0.1656399077496604,0.1150373438270826,0.11150903321873507,0.06974502005708001,0.9075252022468475,0.0,0.8991729043199258,1.0901197946951815,-0.1909468903752557,0.010967298764041233,0.032409190293357204,0.8991729043199258,0.16666666666666666,0.0,0.1667738595922673,0.7924984095605534,-0.08296897509880295,0.8912835158782417,0.312877598950394,0.45,False,True,ACTIVE,MR_BLOCK,FIXED_2ATR,OSC_CROSS,H1.0,phase_h_2026-08-30,0.020634939866274526,0.06439474992942812,0.09690694367157494,0.15755248816066747,-0.17880752561885502,,,,,2026-09-02T07:06:09.550108+00:00
BTCUSD_2026-09-01T06:00:00,BTCUSD,2026-09-01 06:00:00,2026-09-01T07:05:57.562821+00:00,yahoo,FLAT,79115.7890625,79115.7890625,79020.0,79028.5703125,48513024.0,0.09629557678998556,0.08616230813829301,0.028857331845798646,403.68270591496963,0.5108060342211693,1.0072217405193957,3.0,0.61091915325878,0.38556746651620366,0.22535168674257633,0.058540549827466704,0.1565570154930962,0.61091915325878,0.0,0.25,0.2136801317443322,0.512239119451789,-0.4264434020310274,0.0718068697408895,-0.44590827032966324,0.45,False,False,ACTIVE,MR_BLOCK,FIXED_2ATR,OSC_CROSS,H1.0,phase_h_2026-08-30,-0.12552214871367093,-1.0360689075503469,-0.9398478329314692,-2.009674515887098,-1.3324147301025657,,,,,2026-09-02T07:06:09.588099+00:00
ETHUSD_2026-09-01T06:00:00,ETHUSD,2026-09-01 06:00:00,2026-09-01T07:06:01.159830+00:00,yahoo,FLAT,2483.199951171875,2483.35009765625,2481.169921875,2481.169921875,34835456.0,0.12856781650713384,0.18346090699888234,0.010245717154884525,15.312805297365797,0.6171606854638167,0.9560819813193701,1.0,0.48880442012179925,0.21080806820660034,0.2779963519151989,0.05319028645440388,0.14554873263212675,0.48880442012179925,0.0,0.3333333333333333,0.24737602116147742,0.5307751188004837,-0.3284168439623088,0.06398249608351816,-0.3904548708686957,0.45,False,False,ACTIVE,MR_BLOCK,FIXED_2ATR,OSC_CROSS,H1.0,phase_h_2026-08-30,0.03561623345438242,-0.7903148346601574,-1.0234060401772849,-2.372179463531595,-2.026183316012614,,,,,2026-09-02T07:06:09.634767+00:00
EURCAD_2026-09-01T06:00:00,EURCAD,2026-09-01 06:00:00,2026-09-01T07:06:04.325891+00:00,yahoo,FLAT,1.609529972076416,1.6095900535583496,1.6083600521087646,1.6087499856948853,0.0,0.14286930608769688,0.336819334858459,0.22965933015729303,0.0011087214252370617,0.06891819332375375,0.9020772438782915,2.0,-1.7733751614568638,-1.5590925520259227,-0.21428260943094113,-0.09871647327272015,-0.17971745656271643,1.7733751614568638,0.0,0.08333333333333333,0.247377346916762,0.8151237258644233,-0.06710021713199917,0.5149275496705527,0.212656058012026,0.45,False,True,ACTIVE,MR_BLOCK,FIXED_2ATR,OSC_CROSS,H1.0,phase_h_2026-08-30,-0.044115646853158955,-0.08637925143709692,0.014297766318492597,0.06525115322968021,0.13485830987660063,,,,,2026-09-02T07:06:09.693927+00:00
GOLD_2026-09-01T07:00:00,GOLD,2026-09-01 07:00:00,2026-09-01T08:05:58.562641+00:00,yahoo,FLAT,4478.10009765625,4483.60009765625,4460.5,4470.0,6577.0,0.3399734880270471,0.19198539241579446,0.40192841906061794,18.485929661234405,0.4135554734056914,0.9344015615129984,1.0,-1.7937084997456199,-2.111882789106733,0.318174289361113,0.019239608060112712,0.11482287884389075,1.7937084997456199,0.3333333333333333,0.08333333333333333,0.4646738822298926,0.4755637166441376,-0.4042150346881792,0.9077002467834541,1.1985156908990762,0.45,False,True,ACTIVE,MR_BLOCK,FIXED_2ATR,OSC_CROSS,H1.0,phase_h_2026-08-30,-1.1032356348377135,-0.935401596477583,-1.2263139296351424,-2.1191888283719944,-2.394432280604526,,,,,2026-09-02T09:05:52.341067+00:00
USDJPY_2026-09-01T07:00:00,USDJPY,2026-09-01 07:00:00,2026-09-01T08:06:27.036400+00:00,yahoo,FLAT,159.94000244140625,159.96299743652344,159.91400146484375,159.94000244140625,0.0,0.6563225307315396,0.2318413700959553,0.1058634855519207,0.11074413857871572,0.06924105094926872,0.9011797491263275,0.0,0.9152730006528789,1.0517628084994082,-0.1364898078465293,0.03762990782826803,0.06138517542781741,0.9152730006528789,0.3333333333333333,0.08333333333333333,0.23622778231335734,0.7849986837947713,0.15948216883834024,0.9413266303938131,0.3649310980631562,0.45,False,True,ACTIVE,MR_BLOCK,FIXED_2ATR,OSC_CROSS,H1.0,phase_h_2026-08-30,-0.036253918208260974,0.06500143451441688,0.008126371563651235,0.15064308976092444,-0.17252324981610745,,,,,2026-09-02T07:06:09.766256+00:00
BTCUSD_2026-09-01T07:00:00,BTCUSD,2026-09-01 07:00:00,2026-09-01T08:06:29.660883+00:00,yahoo,FLAT,78702.0078125,78765.671875,78692.3828125,78765.671875,12892160.0,0.09800400993506299,0.12913600229297859,0.006494400504335035,394.3197672907994,0.5006238858935645,0.9909306727600979,3.0,0.6393589538820342,0.42639835703123774,0.2129605968507965,0.019205036803590314,0.15197819835597454,0.6393589538820342,0.0,0.16666666666666666,0.10990033563374242,0.578964543125164,-0.3691433193580293,0.20781919657300835,-0.2908926177641639,0.45,False,False,ACTIVE,MR_BLOCK,FIXED_2ATR,OSC_CROSS,H1.0,phase_h_2026-08-30,-0.9560657001988656,-0.7897778488919278,-0.7236085616577901,-1.7072033885671638,-1.2995039788035663,,,,,2026-09-02T07:06:09.804545+00:00
ETHUSD_2026-09-01T07:00:00,ETHUSD,2026-09-01 07:00:00,2026-09-01T08:06:34.042069+00:00,yahoo,FLAT,2470.639892578125,2474.39990234375,2470.419921875,2472.4599609375,18989056.0,0.09195012739285244,0.19827683073142266,0.021436545697100424,14.884850092716125,0.6020259307686475,0.9355085468629725,1.0,0.5157696432823333,0.25814051510565067,0.25762912817668265,0.017999955102021847,0.13754165955853725,0.5157696432823333,0.16666666666666666,0.25,0.2923664439942532,0.5999963629163025,-0.2596000882516729,0.04768796922973452,-0.4691675061768538,0.45,False,False,ACTIVE,MR_BLOCK,FIXED_2ATR,OSC_CROSS,H1.0,phase_h_2026-08-30,-0.99190214227713,-0.6383455300603611,-1.143599942876297,-2.193346747790753,-2.1051625250335935,,,,,2026-09-02T07:06:09.852650+00:00
EURCAD_2026-09-01T07:00:00,EURCAD,2026-09-01 07:00:00,2026-09-01T08:06:37.632156+00:00,yahoo,FLAT,1.6091400384902954,1.609179973602295,1.608590006828308,1.6091300249099731,0.0,0.09722279706965771,0.17378752886836027,0.15571857782946777,0.0010842999576326482,0.0673842350119166,0.8827093944827874,2.0,-1.838828966683753,-1.592558345933711,-0.24627062075004202,-0.07034940042184101,-0.20179840791375692,1.838828966683753,0.16666666666666666,0.0,0.2627472517462755,0.8129919928247008,-0.025367672041122204,0.9351699253822418,0.25540279755300105,0.45,False,True,ACTIVE,MR_BLOCK,FIXED_2ATR,OSC_CROSS,H1.0,phase_h_2026-08-30,-0.029845863568620044,-0.021144834557062127,0.15418015888196177,0.12496426760124513,0.1324201749143859,,,,,2026-09-02T07:06:09.894077+00:00
GOLD_2026-09-01T08:00:00,GOLD,2026-09-01 08:00:00,2026-09-01T09:05:40.045959+00:00,yahoo,FLAT,4468.60009765625,4468.60009765625,4417.89990234375,4426.0,17002.0,0.6233183856502242,0.38009395320852524,0.4309969832367485,20.554367500494358,0.46440053096462625,1.0486872361854915,1.0,-1.8530882735261336,-2.0799728349560946,0.22688456142996105,-0.05118329278615619,0.0034577295767019844,1.8530882735261336,0.5,0.16666666666666666,0.3169269351718283,0.7154712480989478,-0.5446821829651075,0.9754456792759187,2.032403986258964,0.45,False,True,ACTIVE,MR_BLOCK,FIXED_2ATR,OSC_CROSS,H1.0,phase_h_2026-08-30,-0.12897015787657645,0.07919627273702562,-0.23985377857813744,-0.9888154047357118,-1.434581702147547,,,,,2026-09-02T10:05:48.825809+00:00
USDJPY_2026-09-01T08:00:00,USDJPY,2026-09-01 08:00:00,2026-09-01T09:06:46.499438+00:00,yahoo,FLAT,159.97900390625,160.0229949951172,159.97900390625,160.00799560546875,0.0,0.6416972664218686,0.1450346112886049,0.05599941406607626,0.11156110292162064,0.06972220513073392,0.908346413863943,0.0,1.0088312139613056,1.052407742266512,-0.04357652830520631,0.0646511982004715,0.1436180471315791,1.0088312139613056,0.3333333333333333,0.0,0.1512280749683721,0.8967904655330086,0.04133685384684061,0.8673372265315499,0.32353947773465974,0.45,False,True,ACTIVE,MR_BLOCK,FIXED_2ATR,OSC_CROSS,H1.0,phase_h_2026-08-30,0.08003371568165626,0.1169305180828204,0.0937924922687984,0.15131791809673184,-0.125689572803345,,,,,2026-09-02T08:05:58.555878+00:00
BTCUSD_2026-09-01T08:00:00,BTCUSD,2026-09-01 08:00:00,2026-09-01T09:06:49.165477+00:00,yahoo,FLAT,78615.9375,78635.0,78531.3203125,78554.3125,0.0,0.007890292389430351,0.1751695450895984,0.09209974610855595,384.62780208890564,0.48963295565587905,0.9711714105762199,3.0,0.5904728102061007,0.4393094645027667,0.15116334570333395,-0.008524147670054272,0.027866560759231107,0.5904728102061007,0.16666666666666666,0.16666666666666666,0.4865666905809452,0.3165038777528084,-0.24393920856958026,0.09729710859119048,-0.287609994780365,0.45,False,False,ACTIVE,MR_BLOCK,FIXED_2ATR,OSC_CROSS,H1.0,phase_h_2026-08-30,0.044802912339815794,0.2611814121597011,0.36141350429014224,-0.5838125522407979,-0.5149776186123238,,,,,2026-09-02T08:05:58.600337+00:00
ETHUSD_2026-09-01T08:00:00,ETHUSD,2026-09-01 08:00:00,2026-09-01T09:06:53.074736+00:00,yahoo,FLAT,2472.360107421875,2472.85009765625,2469.77001953125,2471.06005859375,0.0,0.03814853820511258,0.15140579485165873,0.16336386688014953,14.210358872166568,0.575071367559294,0.8956297790325114,1.0,0.4967240674348602,0.2829566313098708,0.21376743612498939,0.012520801704790141,0.051267769931507556,0.4967240674348602,0.0,0.25,0.19974322776527104,0.663305924534162,-0.32547927263662774,0.07252565698908651,-0.01608668246509755,0.45,False,False,ACTIVE,MR_BLOCK,FIXED_2ATR,OSC_CROSS,H1.0,phase_h_2026-08-30,0.16793084461184882,0.44208655196629215,0.035142284856996935,-1.1260493807456589,-1.197959892109295,,,,,2026-09-02T08:05:58.658866+00:00
EURCAD_2026-09-01T08:00:00,EURCAD,2026-09-01 08:00:00,2026-09-01T09:06:55.498514+00:00,yahoo,FLAT,1.6084200143814087,1.6085699796676636,1.6078599691390991,1.6082500219345093,0.0,0.31340628058001957,0.18181642250304803,0.16073756459188587,0.0011018853092786213,0.06851455272813868,0.8988942608395474,1.0,-1.9600286723416076,-1.6349834197140858,-0.3250452526275218,-0.1510734508687559,-0.2908970413707046,1.9600286723416076,0.0,0.08333333333333333,0.4817850761856324,0.5127754380672978,0.04858762871257826,0.8450856337495286,0.25825784750325576,0.45,False,True,ACTIVE,MR_BLOCK,FIXED_2ATR,OSC_CROSS,H1.0,phase_h_2026-08-30,-0.01244010696414786,0.06529944108482477,0.26182051105265597,0.15671717587330958,0.2966498450917689,,,,,2026-09-02T08:05:58.696995+00:00
GOLD_2026-09-01T09:00:00,GOLD,2026-09-01 09:00:00,2026-09-01T10:05:24.281899+00:00,yahoo,FLAT,4419.39990234375,4426.60009765625,4414.2001953125,4419.7998046875,9816.0,0.7237081458400425,0.3390591190251196,0.3677751540632379,19.97190570358405,0.4518735369507569,1.0201094319420612,1.0,-1.905685952786782,-2.0544429243838547,0.14875697159707268,-0.05524605670265337,-0.08727901700253016,1.905685952786782,0.5,0.16666666666666666,0.34982649801136395,0.54979524957617,-0.2622943117789127,0.9865771537857335,1.9427127994355426,0.45,False,True,ACTIVE,MR_BLOCK,FIXED_2ATR,OSC_CROSS,H1.0,phase_h_2026-08-30,0.2990621575354968,-0.2039105422148588,0.1812538153020967,-0.8609556226849594,-1.2937013192897027,,,,,2026-09-02T14:05:47.861461+00:00
USDJPY_2026-09-01T09:00:00,USDJPY,2026-09-01 09:00:00,2026-09-01T10:05:41.813040+00:00,yahoo,FLAT,159.9199981689453,159.94500732421875,159.91099548339844,159.91600036621094,0.0,0.3807440590767508,0.09724664096649838,0.023859913247897525,0.1116293859223221,0.06980501367385909,0.9106487280287248,0.0,1.0411205074059906,1.0547149111912772,-0.013594403785286646,0.015017657615458369,0.13323441720262552,1.0411205074059906,0.5,0.08333333333333333,0.40208511561833216,0.7596369597893733,-0.022091190859888823,0.7999681578092943,0.24856414803246998,0.45,False,True,ACTIVE,MR_BLOCK,FIXED_2ATR,OSC_CROSS,H1.0,phase_h_2026-08-30,0.02124135913808895,0.03249127106939279,-0.013118541370740752,0.05685972437143739,-0.133702343156445,,,,,2026-09-02T09:05:52.425578+00:00
BTCUSD_2026-09-01T09:00:00,BTCUSD,2026-09-01 09:00:00,2026-09-01T10:05:42.551439+00:00,yahoo,FLAT,77875.0,77897.3671875,77774.8515625,77809.6875,4349952.0,0.3135794757680158,0.006576885778759273,0.13735768812217508,418.18233499363396,0.5374425067490909,1.0669177740904616,3.0,0.44831302174725485,0.43595013170649183,0.01236289004076302,-0.12155706802389421,-0.12889019186969408,0.44831302174725485,0.16666666666666666,0.0,0.9212803707677544,0.09181333193744265,0.4094281379756997,0.27386387503423626,-0.054547322988208274,0.45,False,False,ACTIVE,MR_BLOCK,FIXED_2ATR,OSC_CROSS,H1.0,phase_h_2026-08-30,0.12303498327789386,0.09722842813205373,-0.015164986933738935,-0.9337299097773545,-1.1764198494834928,,,,,2026-09-02T09:05:52.456789+00:00
ETHUSD_2026-09-01T09:00:00,ETHUSD,2026-09-01 09:00:00,2026-09-01T10:05:43.376490+00:00,yahoo,FLAT,2448.280029296875,2449.239990234375,2443.75,2445.080078125,29112320.0,0.2791237113402062,0.03875611882028151,0.1693241718348932,15.534049884417971,0.6353186557525836,0.9906024051531845,1.0,0.4113886615756807,0.29976652417705496,0.11162213739862575,-0.08391534578486959,-0.05295700555871746,0.4113886615756807,0.16666666666666666,0.16666666666666666,0.9026217576600937,0.1257772996931696,0.4967602653434114,0.6025574850491245,0.5232461588942443,0.45,False,True,ACTIVE,MR_BLOCK,FIXED_2ATR,OSC_CROSS,H1.0,phase_h_2026-08-30,0.18885069850559585,-0.23494803468901726,-0.14643796253558253,-1.5194096274620226,-2.220997341610738,,,,,2026-09-02T09:05:52.490374+00:00
EURCAD_2026-09-01T09:00:00,EURCAD,2026-09-01 09:00:00,2026-09-01T10:05:44.020505+00:00,yahoo,FLAT,1.6079800128936768,1.6082299947738647,1.6077300310134888,1.6081899404525757,0.0,0.4218662693238964,0.21512743217319813,0.14151678488516872,0.0010712140863485208,0.06660992333076406,0.8748648310800402,1.0,-2.1594089180543783,-1.716557929140571,-0.44285098891380725,-0.1463277006113728,-0.42207213949227884,2.1594089180543783,0.16666666666666666,0.08333333333333333,0.5443375839234661,0.5786012991266449,-0.020370729404864264,0.895840569559221,0.33383363966867685,0.45,False,True,ACTIVE,MR_BLOCK,FIXED_2ATR,OSC_CROSS,H1.0,phase_h_2026-08-30,0.021146364278586717,0.10076405699373835,0.24008389738465838,0.20649587838674102,0.3333814786320744,,,,,2026-09-02T09:05:52.524075+00:00
GOLD_2026-09-01T10:00:00,GOLD,2026-09-01 10:00:00,2026-09-01T11:05:32.496364+00:00,yahoo,FLAT,4413.7001953125,4434.60009765625,4413.0,4424.5,6375.0,0.6788199889797821,0.2413408618316234,0.2753384346734662,20.008151560193024,0.452212714661386,1.0205087767129293,1.0,-1.9475080222465149,-2.040796094495453,0.0932880722489382,-0.039908464802046906,-0.14636216707184824,1.9475080222465149,0.3333333333333333,0.16666666666666666,0.3015108449353495,0.6155713692532879,-0.24574629227252373,0.9784159475757013,1.9922015407644826,0.45,False,True,ACTIVE,MR_BLOCK,FIXED_2ATR,OSC_CROSS,H1.0,phase_h_2026-08-30,-0.09035668499941155,-0.29365922624808755,-0.6166799631734742,-1.271765929419208,-1.0684633881705319,,,,,2026-09-02T14:05:47.892209+00:00
USDJPY_2026-09-01T10:00:00,USDJPY,2026-09-01 10:00:00,2026-09-01T11:05:46.264183+00:00,yahoo,FLAT,160.0489959716797,160.06500244140625,160.03599548339844,160.0500030517578,0.0,0.5440853158326497,0.38512083185151313,0.0622596390080912,0.11394030442769969,0.07119044189636978,0.9297514227062712,1.0,1.0817407360035813,1.0497770315983563,0.031963704405225,0.07931622797449567,0.11942458759505781,1.0817407360035813,0.3333333333333333,0.08333333333333333,0.19324435092653303,0.8639902424369432,0.0037912141025144164,0.9091455530955672,0.3919984211580615,0.45,False,True,ACTIVE,MR_BLOCK,FIXED_2ATR,OSC_CROSS,H1.0,phase_h_2026-08-30,0.015622618539596858,-0.056838117359131204,0.048726556421244134,0.06871473889686011,-0.13055705072413554,,,,,2026-09-02T10:05:48.962271+00:00
BTCUSD_2026-09-01T10:00:00,BTCUSD,2026-09-01 10:00:00,2026-09-01T11:05:46.988291+00:00,yahoo,FLAT,77885.3515625,77980.0,77872.34375,77888.0078125,38152192.0,0.3064983222725199,0.1844717813551408,0.1293545524735817,401.76523626595457,0.515824255298871,1.0240676465611351,3.0,0.24483084713453343,0.389123028175531,-0.14429218104099759,-0.10678976316038716,-0.33240786228654406,0.24483084713453343,0.0,0.0,0.8692317550659885,0.08344436004650893,0.5103102217695911,0.4546006283604388,-0.05246763327694094,0.45,False,False,ACTIVE,MR_BLOCK,FIXED_2ATR,OSC_CROSS,H1.0,phase_h_2026-08-30,0.09313203110772122,0.06669603776650616,-0.5432050681776155,-0.9797545770130873,-1.8179027872692912,,,,,2026-09-02T10:05:49.012352+00:00
ETHUSD_2026-09-01T10:00:00,ETHUSD,2026-09-01 10:00:00,2026-09-01T11:05:48.012377+00:00,yahoo,FLAT,2451.7099609375,2453.989990234375,2450.570068359375,2450.570068359375,2598912.0,0.25452739911528394,0.1248601385718912,0.16824333332193878,15.148438860934126,0.6181597929609828,0.9641776403281583,2.0,0.2722744742283522,0.2787324103243079,-0.006457936095955685,-0.06037815437596339,-0.21042819456714057,0.2722744742283522,0.0,0.16666666666666666,0.7786981815037165,0.11561324449788998,0.3669639543764252,0.7094908486699003,0.3923745422045862,0.45,False,True,ACTIVE,MR_BLOCK,FIXED_2ATR,OSC_CROSS,H1.0,phase_h_2026-08-30,0.08468545961591963,-0.5085004024050273,-0.9901340445586659,-1.8117122177362561,-3.454878503699373,,,,,2026-09-02T10:05:49.057067+00:00
EURCAD_2026-09-01T10:00:00,EURCAD,2026-09-01 10:00:00,2026-09-01T11:05:48.659974+00:00,yahoo,FLAT,1.607759952545166,1.6084400415420532,1.60739004611969,1.6081000566482544,0.0,0.48433995181523637,0.31261219074377583,0.1484640573834399,0.0011096320155216865,0.06900267249753604,0.9070217936705671,1.0,-2.329191586980869,-1.803224251708079,-0.52596733527279,-0.14741269977275007,-0.465112097840235,2.329191586980869,0.0,0.08333333333333333,0.36987448204341544,0.6186315285750861,-0.1343859187719118,0.8355154853976001,0.29594698139733244,0.45,False,True,ACTIVE,MR_BLOCK,FIXED_2ATR,OSC_CROSS,H1.0,phase_h_2026-08-30,0.05659088894101056,0.1753620734593327,0.17038794633339374,0.16043969208152958,0.26118244564561505,,,,,2026-09-02T10:05:49.103096+00:00
GOLD_2026-09-01T11:00:00,GOLD,2026-09-01 11:00:00,2026-09-01T13:05:30.222962+00:00,yahoo,FLAT,4427.0,4435.7001953125,4420.5,4422.89990234375,6382.0,0.6500018084490741,0.33676936543403907,0.25813310625088703,19.664726113929238,0.44461160207375827,1.0029516516901729,1.0,-1.993025745609381,-2.037327594659773,0.04430184905039192,-0.03671649771081409,-0.12999628239256755,1.993025745609381,0.3333333333333333,0.16666666666666666,0.30574044510420856,0.590936518724468,-0.42982197588380167,0.9016059276875995,1.8106069949758241,0.45,False,True,ACTIVE,MR_BLOCK,FIXED_2ATR,OSC_CROSS,H1.0,phase_h_2026-08-30,-0.41148810583765977,-0.318797575517777,-0.7189808810877426,-1.3656176643686495,-0.9382984222186135,,,,,2026-09-02T14:05:47.923570+00:00
GOLD_2026-09-01T12:00:00,GOLD,2026-09-01 12:00:00,2026-09-01T13:05:45.303752+00:00,yahoo,FLAT,4423.0,4424.89990234375,4400.39990234375,4410.89990234375,14162.0,0.6831528367836416,0.35809192309878446,0.2557511315468065,20.01010282007715,0.4536512562764051,1.0222350067866564,2.0,-2.045976398271268,-2.038480768474639,-0.0074956297966291,-0.05295065266188703,-0.12871656750238114,2.045976398271268,0.5,0.25,0.11466070254117738,0.8880028009431362,-0.8809065315932767,0.9297270640284513,1.9221382605776993,0.45,False,True,ACTIVE,MR_BLOCK,FIXED_2ATR,OSC_CROSS,H1.0,phase_h_2026-08-30,0.20886113976702356,0.38595135301357103,-0.5743930766428706,-1.51202340007445,0.4495153769732395,,,,,2026-09-02T14:05:47.955427+00:00
USDJPY_2026-09-01T11:00:00,USDJPY,2026-09-01 11:00:00,2026-09-01T13:05:48.023099+00:00,yahoo,FLAT,160.08599853515625,160.13499450683594,160.08299255371094,160.1300048828125,0.0,0.7642352065500558,0.4156846677046628,0.020146438020075975,0.1125971662526982,0.07031609493492483,0.9187540642019525,1.0,1.2494086716803419,1.0894156147631888,0.15999305691715304,0.1087103382323924,0.26394346992132334,1.2494086716803419,0.6666666666666666,0.25,0.3301567121454057,0.8239354575492257,0.01076158773037086,0.8400825726383124,0.44861300164817125,0.45,False,True,ACTIVE,MR_BLOCK,FIXED_2ATR,OSC_CROSS,H1.0,phase_h_2026-08-30,-0.004374412337253277,-0.023111001999649664,0.08119824207711965,0.053083827273422125,-0.29854649428495894,,,,,2026-09-02T14:05:48.003289+00:00
USDJPY_2026-09-01T12:00:00,USDJPY,2026-09-01 12:00:00,2026-09-01T13:05:49.200876+00:00,yahoo,FLAT,160.10800170898438,160.20899963378906,160.00999450683594,160.1009979248047,0.0,0.6484695292993434,0.4759162750961128,0.013523884456884154,0.11876916344558583,0.07418389952907642,0.9700663241596621,1.0,1.3357916722263408,1.1222657557582758,0.21352591646806496,0.0863830005459989,0.27137746851349154,1.3357916722263408,0.5,0.16666666666666666,0.40942224758745516,0.6089556298265156,0.049247390710156345,0.503342937389259,0.3272836215620607,0.45,False,True,ACTIVE,MR_BLOCK,FIXED_2ATR,OSC_CROSS,H1.0,phase_h_2026-08-30,-0.0680779830770505,-0.04559499804572442,0.060586831642280556,0.1143020091058472,-0.3210425395422716,,,,,2026-09-02T14:05:48.044795+00:00
BTCUSD_2026-09-01T11:00:00,BTCUSD,2026-09-01 11:00:00,2026-09-01T13:05:51.781105+00:00,yahoo,FLAT,77984.6328125,78019.5234375,77881.1796875,78012.203125,0.0,0.16582657712022036,0.1516004677957292,0.09723910088489202,388.49822970778155,0.49799674172165814,0.9898534276295397,3.0,0.1670380582258731,0.36215121890001617,-0.19511316067414308,-0.08970480711177159,-0.3012706235772254,0.1670380582258731,0.16666666666666666,0.08333333333333333,0.7877665856450874,0.1065824948066078,0.29655553515787564,0.14336187621722282,-0.3774711790494402,0.45,False,False,ACTIVE,MR_BLOCK,FIXED_2ATR,OSC_CROSS,H1.0,phase_h_2026-08-30,-0.11879623683145717,0.09997098649616054,-1.0549446106290705,-0.849338048753295,-1.6438516842494106,,,,,2026-09-02T14:05:48.082334+00:00
BTCUSD_2026-09-01T12:00:00,BTCUSD,2026-09-01 12:00:00,2026-09-01T13:05:52.303881+00:00,yahoo,FLAT,78061.71875,78121.109375,77716.84375,77968.9765625,605552640.0,0.20623765331211005,0.18024396077493424,0.07259873029671107,389.62447222865427,0.4997173098922633,0.9946934610940267,2.0,0.07211553525311405,0.32347979441376257,-0.25136425916064853,-0.09492252297275904,-0.29211659301006127,0.07211553525311405,0.0,0.08333333333333333,0.5611484806939094,0.10816089150408979,0.32766774699439116,0.058472276824248215,-0.386856075856863,0.45,False,False,ACTIVE,MR_BLOCK,FIXED_2ATR,OSC_CROSS,H1.0,phase_h_2026-08-30,0.09249472120772394,-0.11228424286141854,-1.0799768217106382,-1.0227324990739004,-1.7969186261883607,,,,,2026-09-02T14:05:48.113735+00:00
ETHUSD_2026-09-01T11:00:00,ETHUSD,2026-09-01 11:00:00,2026-09-01T13:05:54.846303+00:00,yahoo,FLAT,2456.22998046875,2456.22998046875,2453.10009765625,2455.830078125,519168.0,0.08647793603378065,0.08935285115902253,0.13547353236718054,14.469307075125556,0.5891819309490955,0.9203302669377517,2.0,0.2503068506666992,0.2798612416090478,-0.029554390942348574,-0.044235157277030424,-0.16241828415754112,0.2503068506666992,0.16666666666666666,0.25,0.49385641821412823,0.3484810364095154,0.041604401360404365,0.28471179179310036,-0.046714994732315225,0.45,False,False,ACTIVE,MR_BLOCK,FIXED_2ATR,OSC_CROSS,H1.0,phase_h_2026-08-30,-0.507255782663287,-0.4051531395644117,-1.6519454868615717,-1.673098937868342,-3.165579183971365,,,,,2026-09-02T14:05:48.167570+00:00
ETHUSD_2026-09-01T12:00:00,ETHUSD,2026-09-01 12:00:00,2026-09-01T13:05:55.391139+00:00,yahoo,FLAT,2458.659912109375,2458.659912109375,2438.2900390625,2445.85009765625,699974656.0,0.22361859519757987,0.16951315978714224,0.12805358027157526,14.89077607310766,0.6088180173992196,0.952368525264901,2.0,0.1690497540846661,0.2650863766057969,-0.09603662252113082,-0.08125709658203312,-0.18702586056380321,0.1690497540846661,0.0,0.16666666666666666,0.4950733090818669,0.23774999024017293,0.20487273422372532,0.5277384109614689,0.2303014596894231,0.45,False,True,ACTIVE,MR_BLOCK,FIXED_2ATR,OSC_CROSS,H1.0,phase_h_2026-08-30,-0.08586371087346811,0.08871851455979825,-1.3627195778244439,-1.5475231982745008,-2.8325541848726945,,,,,2026-09-02T14:05:48.199200+00:00
EURCAD_2026-09-01T11:00:00,EURCAD,2026-09-01 11:00:00,2026-09-01T13:05:57.880963+00:00,yahoo,FLAT,1.6081000566482544,1.6081500053405762,1.6075700521469116,1.6079599857330322,0.0,0.42371100695007696,0.3459633528559027,0.17577667228040794,0.001114293145293723,0.06929856185356144,0.911486178858177,1.0,-2.522572346641258,-1.9068032811894422,-0.615769065451816,-0.15897855186912668,-0.4855579792951539,2.522572346641258,0.16666666666666666,0.08333333333333333,0.3458481584819554,0.6214635778948295,-0.11214480807783102,0.8798840925224616,0.3474107455911039,0.45,False,True,ACTIVE,MR_BLOCK,FIXED_2ATR,OSC_CROSS,H1.0,phase_h_2026-08-30,0.022996956903969478,0.19639282654976345,0.13238067846653565,0.09073573814526875,0.19763750720692327,,,,,2026-09-02T14:05:48.241994+00:00
EURCAD_2026-09-01T12:00:00,EURCAD,2026-09-01 12:00:00,2026-09-01T13:05:58.428393+00:00,yahoo,FLAT,1.6090199947357178,1.6096299886703491,1.6084200143814087,1.6093900203704834,0.0,0.020978632359892085,0.07161828874976707,0.03781658549563806,0.0011539867018668067,0.07170335886643299,0.944145340651679,1.0,-2.52264779805945,-1.9889158834387766,-0.5337319146206736,-7.54514181919852e-05,-0.3040176660552474,2.52264779805945,0.16666666666666666,0.0,0.1972067034827409,0.7854382775808548,-0.19739339609534357,0.8570713911418022,0.12397351643928815,0.45,False,True,ACTIVE,MR_BLOCK,FIXED_2ATR,OSC_CROSS,H1.0,phase_h_2026-08-30,0.09568504731143387,0.1391795973820903,0.05094610275646712,0.027961840346854224,0.1099807696609514,,,,,2026-09-02T14:05:48.273954+00:00
GOLD_2026-09-01T13:00:00,GOLD,2026-09-01 13:00:00,2026-09-01T14:05:36.688854+00:00,yahoo,FLAT,4404.60009765625,4413.0,4374.10009765625,4406.7998046875,30838.0,0.597620433706884,0.3915302413913991,0.257448234444222,21.423110266419688,0.48613758772595,1.09309042819811,2.0,-2.1030792345145235,-2.0491814469004135,-0.053897787614110015,-0.05308381730137324,-0.14172550856802335,2.1030792345145235,0.6666666666666666,0.3333333333333333,0.13930010734489712,0.8355469989623711,-0.7884127928325803,0.8854666069311985,1.941522307256739,0.45,False,True,ACTIVE,MR_BLOCK,FIXED_2ATR,OSC_CROSS,H1.0,phase_h_2026-08-30,-0.115546291694152,-0.32397211091957256,-0.9039602896876622,-1.4476971330912964,0.2333603660400322,,,,,2026-09-02T20:16:48.059304+00:00
USDJPY_2026-09-01T13:00:00,USDJPY,2026-09-01 13:00:00,2026-09-01T14:06:04.973744+00:00,yahoo,FLAT,160.1020050048828,160.16099548339844,160.09800720214844,160.1510009765625,0.0,0.7302858590015512,0.5225183428699074,0.03150518939992624,0.12594534986638561,0.0786416251527627,1.0256980707800503,1.0,1.4417525163775797,1.1670693328310717,0.274683183546508,0.10196118181062297,0.2858674033930291,1.4417525163775797,0.6666666666666666,0.25,0.5092479910958111,0.6887675453492464,0.005126029330559306,0.7974221539677055,0.3484460332110682,0.45,False,True,ACTIVE,MR_BLOCK,FIXED_2ATR,OSC_CROSS,H1.0,phase_h_2026-08-30,0.0493741867135847,0.10562470887636674,0.1425051377002864,0.23313733710905504,-0.24626055150308493,,,,,2026-09-02T14:05:48.341552+00:00
BTCUSD_2026-09-01T13:00:00,BTCUSD,2026-09-01 13:00:00,2026-09-01T14:06:08.019719+00:00,yahoo,FLAT,77959.2734375,77986.59375,77798.53125,77839.328125,255832064.0,0.37271807630302445,0.29646552942007487,0.09386929160032732,404.99934865753994,0.5203017014832949,1.0340172192512906,2.0,-0.022660420601189103,0.2835839137799718,-0.3062443343811609,-0.1167484287251646,-0.2953675780413706,0.022660420601189103,0.16666666666666666,0.16666666666666666,0.830489606583255,0.010482673467305676,0.3817749511860275,0.10784161365037816,-0.37741969029746564,0.45,False,False,ACTIVE,MR_BLOCK,FIXED_2ATR,OSC_CROSS,H1.0,phase_h_2026-08-30,0.12641577053755734,-0.60949459719739,-0.9907640806225887,-1.3779499182121597,-1.6344654158566299,,,,,2026-09-02T14:05:48.369312+00:00
ETHUSD_2026-09-01T13:00:00,ETHUSD,2026-09-01 13:00:00,2026-09-01T14:06:11.136029+00:00,yahoo,FLAT,2445.340087890625,2446.68994140625,2438.2900390625,2441.169921875,109906944.0,0.36701155346235925,0.2468470648522462,0.11642036746466766,15.463605892152836,0.6334506153621472,0.989624353952265,2.0,0.09854519314648438,0.2508368929183408,-0.15229169977185644,-0.0982911795482149,-0.21688081433969128,0.09854519314648438,0.16666666666666666,0.25,0.52247335252898,0.13426901224077692,0.2646779094052477,0.43379751915553266,0.1119288725227737,0.45,False,True,ACTIVE,MR_BLOCK,FIXED_2ATR,OSC_CROSS,H1.0,phase_h_2026-08-30,0.18864889705882354,-0.48409526854219953,-1.061890585038363,-1.8647598305626598,-2.4941156489769822,,,,,2026-09-02T14:05:48.417054+00:00
EURCAD_2026-09-01T13:00:00,EURCAD,2026-09-01 13:00:00,2026-09-01T14:06:14.300016+00:00,yahoo,FLAT,1.6093900203704834,1.609429955482483,1.608590006828308,1.6091300249099731,0.0,0.04962660278992165,0.035865159315194954,0.0767253760677343,0.0011814163955048064,0.07341957313678885,0.9663626278988361,1.0,-2.4401803610606323,-2.0266228697849225,-0.41355749127570984,-0.01954867121165549,-0.07749483390509226,2.4401803610606323,0.0,0.0,0.2259505290472949,0.7723452862255116,-0.29146786351678694,0.959582565549932,0.25494104424187664,0.45,False,True,ACTIVE,MR_BLOCK,FIXED_2ATR,OSC_CROSS,H1.0,phase_h_2026-08-30,0.07759670728297463,-0.004965419663061865,-0.029170915516825446,-0.0825621269460227,0.039730757333785255,,,,,2026-09-02T14:05:48.448405+00:00
GOLD_2026-09-01T14:00:00,GOLD,2026-09-01 14:00:00,2026-09-01T15:05:42.569156+00:00,yahoo,FLAT,4414.2001953125,4424.2998046875,4401.5,4408.2001953125,16093.0,0.54119633039102,0.4031234661777085,0.3270608860422301,21.52144558221114,0.48821388840498137,1.0954854745641494,2.0,-2.1475598676824488,-2.0622985696713516,-0.08526129801109716,-0.044480633167925276,-0.14999985366739876,2.1475598676824488,0.5,0.25,0.1972805870530705,0.7287000954474463,-0.45665622238536085,0.9330038723024708,1.8212154921134769,0.45,False,True,ACTIVE,MR_BLOCK,FIXED_2ATR,OSC_CROSS,H1.0,phase_h_2026-08-30,0.2926054980152222,-0.40146316039189206,-0.7507623580414791,-1.3609145948565669,0.2517714150787299,,,,,2026-09-02T20:16:48.084571+00:00
USDJPY_2026-09-01T14:00:00,USDJPY,2026-09-01 14:00:00,2026-09-01T15:05:58.777550+00:00,yahoo,FLAT,160.00399780273438,160.0780029296875,159.91200256347656,160.06199645996094,0.0,0.3888771154370137,0.30883100047299544,0.010144525632178719,0.13402056866778217,0.0837304117353722,1.0913179530722399,1.0,1.4932332572614893,1.210557856088461,0.28267540117302836,0.051480740883909526,0.23958065635953885,1.4932332572614893,0.5,0.25,0.3976010882721421,0.6797285076877823,-0.12866133583403877,0.5547570562675526,0.27583099172739534,0.45,False,True,ACTIVE,MR_BLOCK,FIXED_2ATR,OSC_CROSS,H1.0,phase_h_2026-08-30,-0.026862622091237017,0.10433335656089042,0.05747152185524059,0.11682094880344558,-0.9439571158923866,,,,,2026-09-02T14:05:48.511914+00:00
US500_2026-09-01T13:30:00,US500,2026-09-01 13:30:00,2026-09-01T15:05:59.661792+00:00,yahoo,FLAT,7635.47021484375,7642.330078125,7627.8701171875,7638.43017578125,273199879.0,0.5715517172571776,0.2956305801312568,0.062000933456386256,22.10588001643668,0.2894034442643277,1.282048027668435,1.0,-0.08497017030768658,0.08002686088423228,-0.16499703119191886,-0.14112634317748343,-0.20665069965841543,0.08497017030768658,0.0,0.25,0.729806710188303,0.019100915088654143,0.5420943081096095,0.3949793186084438,0.20750274662012755,0.45,False,True,RESEARCH_ONLY,RESEARCH_ONLY,FIXED_2ATR,OSC_CROSS,H1.0,phase_h_2026-08-30,-0.013588549688350122,-0.269538133489574,-0.2768555355987466,0.22812176514367308,0.788761082801987,,,,,2026-09-04T20:29:58.309419+00:00
BTCUSD_2026-09-01T14:00:00,BTCUSD,2026-09-01 14:00:00,2026-09-01T15:06:01.082033+00:00,yahoo,FLAT,78112.109375,78240.2734375,78025.8828125,78101.3671875,47933440.0,0.2516035251479676,0.244873346488653,0.03755554511040325,404.70977464628714,0.5181852625891807,1.030719176766235,2.0,-0.08929941163760975,0.23386613705762757,-0.32316554869523734,-0.06663899103642065,-0.2796178305088824,0.08929941163760975,0.16666666666666666,0.16666666666666666,0.6312681668394966,0.044341406110426015,-0.028739427641239608,0.3353449524420607,-0.47891105583116583,0.45,False,False,ACTIVE,MR_BLOCK,FIXED_2ATR,OSC_CROSS,H1.0,phase_h_2026-08-30,-0.3305875850639399,-1.1537621697023601,-0.9418221839716662,-1.103911581493414,-1.3672818571853633,,,,,2026-09-02T14:05:48.568388+00:00
ETHUSD_2026-09-01T14:00:00,ETHUSD,2026-09-01 14:00:00,2026-09-01T15:06:03.168194+00:00,yahoo,FLAT,2443.39990234375,2450.5,2441.43994140625,2447.93994140625,153973760.0,0.24628999091653803,0.20776557130102963,0.0661120831307471,15.025496765927633,0.6138016914457487,0.9602589384330811,2.0,0.030543349480768638,0.2214644204599979,-0.19092107097922925,-0.06800184366571574,-0.24904493389099785,0.030543349480768638,0.16666666666666666,0.25,0.2956235733961781,0.1666210976746784,0.028698979238790424,0.3750902336423251,-0.03522993859025542,0.45,False,False,ACTIVE,MR_BLOCK,FIXED_2ATR,OSC_CROSS,H1.0,phase_h_2026-08-30,-0.013890435871507185,-1.2518643148719502,-1.1607837396742857,-1.6353819416156963,-1.9927640102695492,,,,,2026-09-02T14:05:48.607675+00:00
EURCAD_2026-09-01T14:00:00,EURCAD,2026-09-01 14:00:00,2026-09-01T15:06:06.111497+00:00,yahoo,FLAT,1.6106300354003906,1.6114799976348877,1.6104700565338137,1.6109999418258667,0.0,0.3019981198871897,0.19133221093793398,0.049913141012491086,0.0012648847047483595,0.07851550281961965,1.0335074999907161,1.0,-2.263108209209337,-2.0581542483748443,-0.20495396083449258,0.17707215185129543,0.15367836243481525,2.263108209209337,0.0,0.0,0.17293582870758029,0.7677445702477596,-0.1107133334186829,0.9841095033892983,0.36735901254298453,0.45,False,True,ACTIVE,MR_BLOCK,FIXED_2ATR,OSC_CROSS,H1.0,phase_h_2026-08-30,-0.03411726133779196,-0.06388667922810295,-0.10482887169175224,-0.08497519880663426,-0.23135998916292622,,,,,2026-09-02T14:05:48.639489+00:00
GOLD_2026-09-01T15:00:00,GOLD,2026-09-01 15:00:00,2026-09-01T16:05:42.867442+00:00,yahoo,FLAT,4409.10009765625,4421.89990234375,4403.39990234375,4421.89990234375,7494.0,0.5246337859867067,0.28543574396387755,0.2398921832884097,21.305628040624633,0.48182067688443064,1.0788541752918561,1.0,-2.1716746529989166,-2.079611680094358,-0.09206297290455856,-0.0158153264979064,-0.11176999482049466,2.1716746529989166,0.16666666666666666,0.16666666666666666,0.31657397461828674,0.6222140083097263,-0.4373797680025791,0.9147544478759034,1.5520022260560096,0.45,False,True,ACTIVE,MR_BLOCK,FIXED_2ATR,OSC_CROSS,H1.0,phase_h_2026-08-30,-0.49980995273443896,-0.9566522174794454,-1.0403238113874202,-1.537869982050969,-0.14926605976693866,,,,,2026-09-02T20:16:48.123087+00:00
USDJPY_2026-09-01T15:00:00,USDJPY,2026-09-01 15:00:00,2026-09-01T16:06:03.756664+00:00,yahoo,FLAT,160.0659942626953,160.093994140625,160.0489959716797,160.06900024414062,0.0,0.35912999494183107,0.37242177634348256,0.017945407358138685,0.1294718273928206,0.08088501033638458,1.0529441824283188,1.0,1.476648944036585,1.2306842386914683,0.24596470534511683,0.052697562516320406,0.13685760946962833,1.476648944036585,0.5,0.25,0.14669418052984937,0.8807823004639523,-0.16853341653022683,0.8842146531887186,0.2194615727695357,0.45,False,True,ACTIVE,MR_BLOCK,FIXED_2ATR,OSC_CROSS,H1.0,phase_h_2026-08-30,0.08310770963218927,0.10623026537542687,0.06998744707437693,0.11122664443087285,-0.772360107345869,,,,,2026-09-02T20:16:48.152237+00:00
US500_2026-09-01T14:30:00,US500,2026-09-01 14:30:00,2026-09-01T16:06:05.066099+00:00,yahoo,FLAT,7653.81005859375,7661.68994140625,7646.52978515625,7647.47021484375,183992575.0,0.5965505822123173,0.3037700628996496,0.010402834098302215,21.60975689026263,0.28257392684339017,1.248622358819266,1.0,-0.16388925936928908,0.05166895741698263,-0.2155582167862717,-0.11495583242600517,-0.25208576873637845,0.16388925936928908,0.0,0.16666666666666666,0.8835358417003006,0.02187828339284449,0.5044903642521376,0.6128935813156495,0.1416559183000955,0.45,False,True,RESEARCH_ONLY,RESEARCH_ONLY,FIXED_2ATR,OSC_CROSS,H1.0,phase_h_2026-08-30,-0.1420419742902878,-0.3197571440821927,0.22357797237921007,0.19209036375812616,0.8011506790859496,,,,,2026-09-04T20:29:58.321685+00:00
BTCUSD_2026-09-01T15:00:00,BTCUSD,2026-09-01 15:00:00,2026-09-01T16:06:08.029222+00:00,yahoo,FLAT,78129.84375,78129.84375,77787.046875,77822.6015625,0.0,0.6617113979053264,0.2950189731582726,0.017563241974224795,419.69089588146477,0.5392917834344144,1.0711880578049342,1.0,-0.17100411230119278,0.1872065747571402,-0.358210687058333,-0.11479352598696237,-0.2650921204251683,0.17100411230119278,0.16666666666666666,0.16666666666666666,0.8907046257748249,0.014363644034964545,0.42668073213781005,0.18980346240144078,-0.3639012077801347,0.45,False,False,ACTIVE,MR_BLOCK,FIXED_2ATR,OSC_CROSS,H1.0,phase_h_2026-08-30,-0.4057349598844317,-0.9687803665487892,-0.9187042442222116,-0.4737670635741049,-0.806855533496783,,,,,2026-09-02T20:16:48.194931+00:00
ETHUSD_2026-09-01T15:00:00,ETHUSD,2026-09-01 15:00:00,2026-09-01T16:06:10.926989+00:00,yahoo,FLAT,2448.72998046875,2448.72998046875,2437.39990234375,2439.219970703125,0.0,0.5852783565589178,0.3006093960242927,0.07266190567333752,15.329956566391168,0.6284778228497442,0.9831907964502864,2.0,-0.058921357887366375,0.18616268834355612,-0.2450840462309225,-0.09887999589748142,-0.25575773058206563,0.058921357887366375,0.0,0.16666666666666666,0.8512962656061873,0.01249739574024576,0.488367903406007,0.337186650891811,0.35981308385657357,0.45,False,True,ACTIVE,MR_BLOCK,FIXED_2ATR,OSC_CROSS,H1.0,phase_h_2026-08-30,-0.6576783493516065,-1.45015153947955,-1.374985165187507,-1.42278567361019,-2.363547150768568,,,,,2026-09-02T20:16:48.224320+00:00
EURCAD_2026-09-01T15:00:00,EURCAD,2026-09-01 15:00:00,2026-09-01T16:06:14.016375+00:00,yahoo,FLAT,1.6121699810028076,1.612429976463318,1.6118099689483645,1.6124000549316406,0.0,0.43564722407040773,0.27692630144883323,0.09531973831952122,0.0013152948159641572,0.08157372681433707,1.0717517109161117,2.0,-1.8118530953567455,-1.9877705442439868,0.17591744888724126,0.28072843182726204,0.6087785944922313,1.8118530953567455,0.16666666666666666,0.08333333333333333,0.6096906003591884,0.668655140376362,0.15826770717210203,0.9951474526987532,0.3499474754887553,0.45,False,True,ACTIVE,MR_BLOCK,FIXED_2ATR,OSC_CROSS,H1.0,phase_h_2026-08-30,-0.048397361644791324,-0.08811086228224886,-0.03350757271143279,-0.019231719437039215,-0.3778736996768775,,,,,2026-09-02T20:16:48.257195+00:00
GOLD_2026-09-01T16:00:00,GOLD,2026-09-01 16:00:00,2026-09-02T03:05:40.404630+00:00,yahoo,FLAT,4421.60009765625,4423.2998046875,4395.39990234375,4399.60009765625,11301.0,0.5632228259535076,0.49902795260882293,0.2772931529202419,21.776647633705018,0.49496879603457256,1.1053194062254585,1.0,-2.2211439280952674,-2.098482646494479,-0.12266128160078837,-0.049469275096350795,-0.10897305377529021,2.2211439280952674,0.16666666666666666,0.16666666666666666,0.23240525512210777,0.5053911712218394,-0.5752477367733619,0.8875422322699746,2.1310725695180883,0.45,False,True,ACTIVE,MR_BLOCK,FIXED_2ATR,OSC_CROSS,H1.0,phase_h_2026-08-30,-0.19319937747360516,-0.5818732859354115,-0.6591508172628882,-0.747793017853518,0.5409538176021635,,,,,2026-09-02T20:16:48.280887+00:00
GOLD_2026-09-01T17:00:00,GOLD,2026-09-01 17:00:00,2026-09-02T03:07:12.522667+00:00,yahoo,FLAT,4399.7998046875,4400.2998046875,4389.0,4391.10009765625,9910.0,0.5606986992001863,0.508136130963089,0.28895630216303864,21.028301708976088,0.4788845902237561,1.066861686636896,1.0,-2.280627283359201,-2.122768598076442,-0.15785868528275904,-0.05948335526393356,-0.12476795685819075,2.280627283359201,0.3333333333333333,0.25,0.19439070769605693,0.6636008673598034,-0.7908554106742163,0.8876149459331452,2.028163023204906,0.45,False,True,ACTIVE,MR_BLOCK,FIXED_2ATR,OSC_CROSS,H1.0,phase_h_2026-08-30,-0.266452484623272,-0.3507071576885642,-0.6513196470177327,-0.5192387434055457,0.6649747530655323,,,,,2026-09-02T20:16:48.304781+00:00
GOLD_2026-09-01T18:00:00,GOLD,2026-09-01 18:00:00,2026-09-02T03:07:13.341492+00:00,yahoo,FLAT,4391.2998046875,4392.7001953125,4375.60009765625,4379.39990234375,7744.0,0.39683001026952663,0.5303822174635572,0.2809794503663975,20.747715705209938,0.4737570481769947,1.0528456145795984,1.0,-2.3524360385687992,-2.153390923475423,-0.19904511509337608,-0.07180875520959829,-0.18076138556988264,2.3524360385687992,0.3333333333333333,0.3333333333333333,0.2166940608539695,0.7007004044415881,-0.4723259985179498,0.8512584189351496,1.6896723008888466,0.45,False,True,ACTIVE,MR_BLOCK,FIXED_2ATR,OSC_CROSS,H1.0,phase_h_2026-08-30,-0.12330233511810833,-0.08447977151549932,-0.9430471208029515,-0.2603074073607447,1.3312393083250762,,,,,2026-09-02T20:16:48.327805+00:00
GOLD_2026-09-01T19:00:00,GOLD,2026-09-01 19:00:00,2026-09-02T03:07:14.473181+00:00,yahoo,FLAT,4379.10009765625,4385.2001953125,4369.7001953125,4374.0,7183.0,0.39503065755847283,0.5804418656549877,0.25847976642605675,20.372878869123515,0.4657722649548129,1.0324566408996128,1.0,-2.425993828560517,-2.189737977486769,-0.23625585107374825,-0.07355778999171791,-0.20484990046524976,2.425993828560517,0.3333333333333333,0.3333333333333333,0.16045063850100325,0.5822025087857869,-0.6869835540904381,0.7500440293997889,1.6022303500717863,0.45,False,True,ACTIVE,MR_BLOCK,FIXED_2ATR,OSC_CROSS,H1.0,phase_h_2026-08-30,0.03887049182670325,-0.07772982038751715,-0.5486968449931412,-0.3292158743427069,1.4083241348022406,,,,,2026-09-02T20:16:48.351658+00:00
GOLD_2026-09-01T20:00:00,GOLD,2026-09-01 20:00:00,2026-09-02T03:07:15.186940+00:00,yahoo,FLAT,4374.10009765625,4377.89990234375,4370.7001953125,4375.7001953125,4548.0,0.5752807632591032,0.5804418656549877,0.25229173542512556,19.43193802356112,0.4440875095688165,0.9826219368711032,1.0,-2.4891803263235124,-2.2296636239983347,-0.25951670232517765,-0.06318649776299523,-0.20855304296431143,2.4891803263235124,0.16666666666666666,0.3333333333333333,0.24118581569258574,0.7286030714984396,-0.8026546767707651,0.6716588754699413,1.0913746019049966,0.45,False,True,ACTIVE,MR_BLOCK,FIXED_2ATR,OSC_CROSS,H1.0,phase_h_2026-08-30,0.0,-0.30167046925748714,-0.614767681154601,-0.45250570388623074,1.2363646264649162,,,,,2026-09-03T02:06:19.093506+00:00
GOLD_2026-09-01T22:00:00,GOLD,2026-09-01 22:00:00,2026-09-02T03:07:15.869651+00:00,yahoo,FLAT,4377.2001953125,4381.0,4372.7001953125,4375.7001953125,1457.0,0.5552938608332998,0.5611884072178304,0.26088070922479095,18.636785642413898,0.4259155063315052,0.9416058578640639,1.0,-2.5441836273713214,-2.2715996244480663,-0.27258400292325513,-0.05500330104780904,-0.19174758880252218,2.5441836273713214,0.08333333333333333,0.2916666666666667,0.2098386963053657,0.6654274215644052,-0.6214072095083536,0.47707649734429014,0.8945751297463745,0.45,False,True,ACTIVE,MR_BLOCK,FIXED_2ATR,OSC_CROSS,H1.0,phase_h_2026-08-30,-0.11655500670986361,-0.8592932782855958,-0.5027766761435726,-0.4365038006194098,1.2637932723713639,,,,,2026-09-03T02:06:19.144300+00:00
GOLD_2026-09-01T23:00:00,GOLD,2026-09-01 23:00:00,2026-09-02T03:07:16.563805+00:00,yahoo,FLAT,4375.7001953125,4382.0,4367.7001953125,4370.60009765625,3362.0,0.47427182158355463,0.5702274545662361,0.33351561072484603,18.327001288491477,0.4193245979726994,0.9268155891273695,1.0,-2.601475889731684,-2.315583126485882,-0.28589276324580215,-0.05729226236036267,-0.17548206117116694,2.601475889731684,0.25,0.2916666666666667,0.19814816732517995,0.5842535181889885,-0.599513760727692,0.7322893723666215,1.1139260749947888,0.45,False,True,ACTIVE,MR_BLOCK,FIXED_2ATR,OSC_CROSS,H1.0,phase_h_2026-08-30,-0.18533147566151628,-0.4713333912040334,-0.08923036325930017,0.20592137919061235,1.5993204773237908,,,,,2026-09-03T02:06:19.188215+00:00
GOLD_2026-09-02T00:00:00,GOLD,2026-09-02 00:00:00,2026-09-02T03:07:17.281060+00:00,yahoo,FLAT,4370.7001953125,4380.89990234375,4360.7001953125,4362.5,8043.0,0.568672433245581,0.5755925775430042,0.3421405655322583,18.4607659844028,0.42316942084590947,0.935259155839145,1.0,-2.664953204565724,-2.3621658035631943,-0.30278740100252977,-0.06347731483403996,-0.17577287824221166,2.664953204565724,0.25,0.375,0.12921675662264995,0.7875091360086451,-0.9523705722800434,0.6436960329146882,1.1678165258616944,0.45,False,True,ACTIVE,MR_BLOCK,FIXED_2ATR,OSC_CROSS,H1.0,phase_h_2026-08-30,-0.5593100823782235,-0.31404459169054444,0.1329468123209169,0.36217317335243554,2.074498567335244,,,,,2026-09-03T02:06:19.232677+00:00
GOLD_2026-09-02T01:00:00,GOLD,2026-09-02 01:00:00,2026-09-02T03:07:17.981539+00:00,yahoo,FLAT,4362.10009765625,4373.5,4333.89990234375,4338.10009765625,13479.0,0.6947489147950814,0.5989547447123948,0.39652464423699485,19.970718246677603,0.46035632643578706,1.016438220601423,1.0,-2.762073845292174,-2.4154868757937247,-0.34658696949844936,-0.09712064072644999,-0.2178902179208526,2.762073845292174,0.25,0.4583333333333333,0.2594175181000336,0.680665242941667,-0.6709707657484256,0.9260200612519195,1.5331745075678245,0.45,False,True,ACTIVE,MR_BLOCK,FIXED_2ATR,OSC_CROSS,H1.0,phase_h_2026-08-30,0.27431138230718033,0.35960667815568115,0.689239567337417,2.1875913466132713,2.939074643964176,,,,,2026-09-03T03:07:40.871320+00:00
GOLD_2026-09-02T02:00:00,GOLD,2026-09-02 02:00:00,2026-09-02T03:07:18.677345+00:00,yahoo,FLAT,4337.7998046875,4362.10009765625,4334.60009765625,4351.39990234375,8204.0,0.7014925373134329,0.6024550999335131,0.33803575645465994,20.508524086200634,0.4713086488592863,1.0390584110562935,1.0,-2.822194910061635,-2.469714613696113,-0.35248029636552225,-0.060121064769461,-0.22071902032995094,2.822194910061635,0.25,0.375,0.16726507002678484,0.7675071038469375,-0.8720134808825065,0.8954680402846196,1.53281986064239,0.45,False,True,ACTIVE,MR_BLOCK,FIXED_2ATR,OSC_CROSS,H1.0,phase_h_2026-08-30,-0.02759069683908046,0.3839125359195402,0.22069190014367815,1.7057516163793103,2.9034437859195403,,,,,2026-09-03T04:05:49.351426+00:00
USDJPY_2026-09-01T16:00:00,USDJPY,2026-09-01 16:00:00,2026-09-02T03:07:21.762106+00:00,yahoo,FLAT,160.0260009765625,160.03900146484375,160.01300048828125,160.03199768066406,0.0,0.1692899195001802,0.34459413018076845,0.03280802095763212,0.12422382228328877,0.07762436517925075,1.0106061608031538,1.0,1.507177912138307,1.2675500618177136,0.23962785032059353,0.03052896810172201,0.13878195419986494,1.507177912138307,0.3333333333333333,0.25,0.11298114828324998,0.8858194187046341,-0.1397844624179523,0.6712027078516615,0.2349024983590568,0.45,False,True,ACTIVE,MR_BLOCK,FIXED_2ATR,OSC_CROSS,H1.0,phase_h_2026-08-30,0.048083560024088465,0.036841515080869844,0.01997844766604191,-0.0355839303923064,-0.823546482187885,,,,,2026-09-02T20:16:48.524118+00:00
USDJPY_2026-09-01T17:00:00,USDJPY,2026-09-01 17:00:00,2026-09-02T03:07:22.474610+00:00,yahoo,FLAT,160.16099548339844,160.2480010986328,160.14100646972656,160.23800659179688,0.0,0.3803271342146538,0.49395332992675867,0.18341129279441357,0.13077950768939314,0.08161578546252846,1.06202342372603,1.0,1.6289621132352399,1.3157383353400505,0.3132237778951894,0.12178420109693278,0.2050107317149752,1.6289621132352399,0.3333333333333333,0.25,0.1661738533542666,0.8592766933687773,-0.11285870161726146,0.8060008194378119,0.2942957216224098,0.45,False,True,ACTIVE,MR_BLOCK,FIXED_2ATR,OSC_CROSS,H1.0,phase_h_2026-08-30,-0.024968199350979176,-0.0468129931386017,-0.028091604914335842,-0.25836658458839323,-0.8518612545158445,,,,,2026-09-02T20:16:48.552309+00:00
USDJPY_2026-09-01T18:00:00,USDJPY,2026-09-01 18:00:00,2026-09-02T03:07:23.173637+00:00,yahoo,FLAT,160.24099731445312,160.27200317382812,160.18600463867188,160.197998046875,0.0,0.4177809486548066,0.40795645376107476,0.18807403889249377,0.12758086679416863,0.07963948885106394,1.0375033665694176,1.0,1.7197044960512156,1.369600490101539,0.3501040059496765,0.09074238281597569,0.24305555201463047,1.7197044960512156,0.16666666666666666,0.16666666666666666,0.39055169432191555,0.6002883824432822,0.008515935536109501,0.43639030577720955,0.16082738149539655,0.45,False,True,ACTIVE,MR_BLOCK,FIXED_2ATR,OSC_CROSS,H1.0,phase_h_2026-08-30,0.013734986764120938,-0.03620435831513432,0.0536826528450663,-0.3764072170211728,-0.790895208718459,,,,,2026-09-02T20:16:48.582360+00:00
USDJPY_2026-09-01T19:00:00,USDJPY,2026-09-01 19:00:00,2026-09-02T03:07:23.932117+00:00,yahoo,FLAT,160.19900512695312,160.24899291992188,160.1719970703125,160.22000122070312,0.0,0.30699904122722915,0.4442297153076235,0.18628864113273577,0.1239676512809691,0.07737339304485687,1.0095989554270937,1.0,1.809408249988966,1.4282415247531959,0.3811667252357702,0.08970375393775054,0.302230337850659,1.809408249988966,0.16666666666666666,0.25,0.1717960302807688,0.8610800592704616,-0.13976388676723786,0.9206043617727447,0.2418942907112422,0.45,False,True,ACTIVE,MR_BLOCK,FIXED_2ATR,OSC_CROSS,H1.0,phase_h_2026-08-30,-0.035580349209318164,-0.01685685709327975,0.09050322765956921,-0.3326705509182797,-0.9100036208909982,,,,,2026-09-02T20:16:48.610570+00:00
USDJPY_2026-09-01T20:00:00,USDJPY,2026-09-01 20:00:00,2026-09-02T03:07:24.637994+00:00,yahoo,FLAT,160.22000122070312,160.24400329589844,160.15199279785156,160.16299438476562,0.0,0.13792649882934785,0.3426865159870846,0.16178507882106535,0.1216849974785338,0.07597572581978913,0.9929032724347782,1.0,1.8624737461234169,1.4861391542692255,0.3763345918541914,0.053065496134450774,0.233511632888177,1.8624737461234169,0.16666666666666666,0.25,0.39921557303532956,0.6905196028898879,-0.038253399268501576,0.30840956348399307,0.10574280874081593,0.45,False,True,ACTIVE,MR_BLOCK,FIXED_2ATR,OSC_CROSS,H1.0,phase_h_2026-08-30,-0.014357246007742434,0.018730156371082697,0.059315337521038076,-0.1979242108897472,-0.9377939686609996,,,,,2026-09-02T20:16:48.640794+00:00
USDJPY_2026-09-01T21:00:00,USDJPY,2026-09-01 21:00:00,2026-09-02T03:07:25.395679+00:00,yahoo,FLAT,160.14100646972656,160.18800354003906,160.093994140625,160.13999938964844,0.0,0.055357567118080306,0.3683153036413669,0.13529680335082414,0.11970816904535728,0.07475219776546052,0.9783641924325376,1.0,1.8960242120485098,1.5407904953064633,0.3552337167420465,0.03355046592509292,0.17631971599729424,1.8960242120485098,0.0,0.25,0.16856820000912687,0.7761448867125282,-0.1258549044459789,0.7429515752854381,0.11202593328559199,0.45,False,True,ACTIVE,MR_BLOCK,FIXED_2ATR,OSC_CROSS,H1.0,phase_h_2026-08-30,0.03309215350071249,0.08991956596205693,0.04121035528090455,-0.17921978554416965,-0.9223211006071024,,,,,2026-09-03T02:06:19.435704+00:00
USDJPY_2026-09-01T22:00:00,USDJPY,2026-09-01 22:00:00,2026-09-02T03:07:26.112242+00:00,yahoo,FLAT,160.13600158691406,160.20799255371094,160.11399841308594,160.1929931640625,0.0,0.14742633573786526,0.384176460568898,0.1685922822636075,0.11787145272961748,0.07358090413411454,0.9645928030004395,1.0,1.9482861430243663,1.595123248335517,0.3531628946888492,0.05226193097585652,0.1388778930354002,1.9482861430243663,0.0,0.25,0.21334671942784625,0.8874360059567619,-0.19294861840906238,0.8062442333565416,0.2447441450656454,0.45,False,True,ACTIVE,MR_BLOCK,FIXED_2ATR,OSC_CROSS,H1.0,phase_h_2026-08-30,0.0,0.10737818534010109,-0.05555127977499065,-0.19039077162937465,-0.8764376465460287,,,,,2026-09-03T02:06:19.494141+00:00
USDJPY_2026-09-01T23:00:00,USDJPY,2026-09-01 23:00:00,2026-09-02T03:07:26.805444+00:00,yahoo,FLAT,160.19400024414062,160.23399353027344,160.14700317382812,160.1929931640625,0.0,0.3902583550604409,0.3730980970133079,0.29282688199297535,0.1156656601378814,0.07220394466281169,0.9478816240370365,1.0,1.9925328076049358,1.6481111895714395,0.34442161803349625,0.04424666458056947,0.1300590614815189,1.9925328076049358,0.08333333333333333,0.2916666666666667,0.09904749024793276,0.8424858287002545,-0.21641755478324404,0.8693302478205298,0.27480148725626763,0.45,False,True,ACTIVE,MR_BLOCK,FIXED_2ATR,OSC_CROSS,H1.0,phase_h_2026-08-30,0.05680861326784023,0.040577580905600166,-0.23033968578855002,-0.3514437617589258,-0.8059031426479137,,,,,2026-09-03T02:06:19.552902+00:00
USDJPY_2026-09-02T00:00:00,USDJPY,2026-09-02 00:00:00,2026-09-02T03:07:27.497849+00:00,yahoo,FLAT,160.19400024414062,160.29299926757812,160.12899780273438,160.28399658203125,0.0,0.4141592416521962,0.3870302345295281,0.2692454482185753,0.11911821761687201,0.07431697496755944,0.9762533980725622,1.0,2.072499414758454,1.7046962862630415,0.3678031284954124,0.07996660715351811,0.1764752027099441,2.072499414758454,0.08333333333333333,0.2916666666666667,0.2406970907836693,0.8527844615579429,-0.11863148800890444,0.8936295599517023,0.19673406210966624,0.45,False,True,ACTIVE,MR_BLOCK,FIXED_2ATR,OSC_CROSS,H1.0,phase_h_2026-08-30,0.050540860510271346,-0.04866545091891262,-0.42985911009244526,-0.4348475092085467,-0.983257257073531,,,,,2026-09-03T02:06:19.608453+00:00
USDJPY_2026-09-02T01:00:00,USDJPY,2026-09-02 01:00:00,2026-09-02T03:07:28.222568+00:00,yahoo,FLAT,160.28399658203125,160.3939971923828,160.26100158691406,160.36500549316406,0.0,0.48522974561644866,0.425845298749421,0.30146809263498436,0.12010945960629187,0.07489754964739599,0.9842529779013565,1.0,2.179040529362786,1.7679421853430075,0.4110983440197786,0.10654111460433224,0.23075438633841983,2.179040529362786,0.25,0.375,0.12588769312172074,0.8590382233429791,-0.20110552949071606,0.8446843880239152,0.2724318090597786,0.45,False,True,ACTIVE,MR_BLOCK,FIXED_2ATR,OSC_CROSS,H1.0,phase_h_2026-08-30,-0.06672895209664309,-0.1627547020694539,-0.4227911389508397,-1.1218228222150606,-1.1579894765597547,,,,,2026-09-03T02:06:19.665589+00:00
USDJPY_2026-09-02T02:00:00,USDJPY,2026-09-02 02:00:00,2026-09-02T03:07:28.987712+00:00,yahoo,FLAT,160.36500549316406,160.3939971923828,160.24000549316406,160.25799560546875,0.0,0.33233109700002245,0.2626157541196265,0.24265511986927113,0.1225296195786103,0.0764577262530226,1.0047038984371948,1.0,2.221066727471224,1.8283587909601031,0.392707936511121,0.042026198108437995,0.22853391986628835,2.221066727471224,0.08333333333333333,0.2916666666666667,0.2420613613985786,0.6754597515720665,-0.09340524946341572,0.6576137058770428,0.18432437127405735,0.45,False,True,ACTIVE,MR_BLOCK,FIXED_2ATR,OSC_CROSS,H1.0,phase_h_2026-08-30,-0.03244889774674397,-0.27080737961059037,-0.25708705635558504,-0.9453502671892513,-1.1362922259372572,,,,,2026-09-03T02:06:19.722786+00:00
US500_2026-09-01T15:30:00,US500,2026-09-01 15:30:00,2026-09-02T03:07:30.475952+00:00,yahoo,FLAT,7652.89013671875,7663.6298828125,7651.77001953125,7659.5498046875,138754287.0,0.4663332172591725,0.2961644344028176,0.016077480395206022,21.12821703665331,0.27584149950592707,1.2169858568596317,1.0,-0.2322690304135424,0.01524549802456317,-0.2475145284381056,-0.08079751226046,-0.28842520328333926,0.2322690304135424,0.0,0.25,0.690159980472057,0.08056094742382175,0.20537221632048255,0.4176763931828206,0.00407249168684481,0.45,False,True,RESEARCH_ONLY,RESEARCH_ONLY,FIXED_2ATR,OSC_CROSS,H1.0,phase_h_2026-08-30,-0.11410447031641659,-0.1527100929870286,0.5004034996808423,0.8066095995225733,0.964424937877662,,,,,2026-09-04T20:29:58.335465+00:00
US500_2026-09-01T16:30:00,US500,2026-09-01 16:30:00,2026-09-02T03:07:31.256650+00:00,yahoo,FLAT,7641.990234375,7642.85009765625,7626.08984375,7633.16015625,213846000.0,0.37006352426199757,0.30603267779064636,0.05584323192099044,22.00905588671379,0.28833478449542116,1.2694571000141166,1.0,-0.3693798530620294,-0.036037882120315834,-0.3333419709417136,-0.137110822648487,-0.3204464261187455,0.3693798530620294,0.16666666666666666,0.16666666666666666,0.7842834099914557,0.0061825145563049,0.26774760613942716,0.5543698167127282,-0.09318218464525675,0.45,False,False,RESEARCH_ONLY,RESEARCH_ONLY,FIXED_2ATR,OSC_CROSS,H1.0,phase_h_2026-08-30,-0.06393644301769265,-0.007337178603431063,0.4169973834354525,1.4742227708154543,1.10897584501013,,,,,2026-09-04T20:29:58.348664+00:00
US500_2026-09-01T17:30:00,US500,2026-09-01 17:30:00,2026-09-02T03:07:31.938031+00:00,yahoo,FLAT,7633.14013671875,7638.52978515625,7627.14013671875,7628.27978515625,241739000.0,0.5648789759196303,0.34597348025378544,0.055375102468950804,21.250526783198517,0.2785756078919599,1.2240862017837837,1.0,-0.508189495135775,-0.09899143052237706,-0.40919806461339797,-0.13880964207374563,-0.35671797698269264,0.508189495135775,0.16666666666666666,0.08333333333333333,0.9203202588669445,0.010426254166215645,0.4848667713650179,0.4390168560308453,-0.1553856179010278,0.45,False,False,RESEARCH_ONLY,RESEARCH_ONLY,FIXED_2ATR,OSC_CROSS,H1.0,phase_h_2026-08-30,0.02530289705689478,0.5450780424429374,0.4562010564487598,1.4777903228996594,,,,,,
US500_2026-09-01T18:30:00,US500,2026-09-01 18:30:00,2026-09-02T03:07:32.664292+00:00,yahoo,FLAT,7628.3798828125,7632.1298828125,7611.2001953125,7630.2099609375,295990000.0,0.5287307151706399,0.4029181756774055,0.08026327364263626,21.227609691541478,0.27820479122088676,1.2197244491030306,1.0,-0.6337815491252925,-0.17029677966943246,-0.46348476945586004,-0.12559205398951745,-0.4015125187117501,0.6337815491252925,0.0,0.08333333333333333,0.8525596018399431,0.04611254552137127,0.079000311351323,0.5740911878667284,0.1075629186307341,0.45,False,True,RESEARCH_ONLY,RESEARCH_ONLY,FIXED_2ATR,OSC_CROSS,H1.0,phase_h_2026-08-30,0.03132465202119197,0.6541124884572337,0.5165015963093864,1.4734873136759143,,,,,,
US500_2026-09-01T19:30:00,US500,2026-09-01 19:30:00,2026-09-02T03:07:33.463223+00:00,yahoo,FLAT,7630.419921875,7632.60009765625,7621.7998046875,7632.60009765625,400983000.0,0.46272741726667727,0.39096935438205976,0.09135427740007361,20.482801354199232,0.26835942001584634,1.1738795157054418,1.0,-0.7448825260909265,-0.24690821252563167,-0.49797431356529487,-0.11110097696563404,-0.3755026730288971,0.7448825260909265,0.0,0.08333333333333333,0.6810476582971898,0.5961375042319688,-0.042522522067630006,0.6292328832176565,-0.2474761136993629,0.45,False,False,RESEARCH_ONLY,RESEARCH_ONLY,FIXED_2ATR,OSC_CROSS,H1.0,phase_h_2026-08-30,0.4881660921347287,0.4243656985081148,0.5063792396986482,1.592380545390049,,,,,,
BTCUSD_2026-09-01T16:00:00,BTCUSD,2026-09-01 16:00:00,2026-09-02T03:07:37.107539+00:00,yahoo,FLAT,77893.71875,77917.0234375,77804.4921875,77916.84375,0.0,0.47938856202349645,0.2544662795891023,0.000601791711750812,397.7509211756459,0.5104813054951881,1.014586177240967,1.0,-0.26153144153516417,0.12737483925149962,-0.3889062807866638,-0.09052732923397139,-0.27381465280144923,0.26153144153516417,0.16666666666666666,0.16666666666666666,0.890625901071319,0.02056792669033009,0.23814842202265266,0.10926490146118721,-0.5871194546386861,0.45,False,False,ACTIVE,MR_BLOCK,FIXED_2ATR,OSC_CROSS,H1.0,phase_h_2026-08-30,-0.42188168538339,-0.38360755072128616,-0.43893381958942734,-0.06276958084585033,-0.5485690711149538,,,,,2026-09-02T20:16:48.909274+00:00
BTCUSD_2026-09-01T17:00:00,BTCUSD,2026-09-01 17:00:00,2026-09-02T03:07:38.093987+00:00,yahoo,FLAT,77566.84375,77692.6015625,77224.90625,77238.203125,0.0,0.6146553896994987,0.40488701805894595,0.04825132941827068,418.7642482345283,0.5421724370734166,1.0777080024262382,1.0,-0.46601212353061655,0.04825657754721747,-0.5142687010778341,-0.20448068199545238,-0.4098015372163861,0.46601212353061655,0.0,0.08333333333333333,0.9429327504259837,0.018189198148964025,0.9508203231831927,0.5192537367134202,-0.04416701457196617,0.45,False,False,ACTIVE,MR_BLOCK,FIXED_2ATR,OSC_CROSS,H1.0,phase_h_2026-08-30,-0.14406528505060948,0.21441381117059746,0.20779872330827218,0.4754063373350906,0.14663444761487646,,,,,2026-09-02T20:16:48.936915+00:00
BTCUSD_2026-09-01T18:00:00,BTCUSD,2026-09-01 18:00:00,2026-09-02T03:07:38.847294+00:00,yahoo,FLAT,77259.7578125,77294.6484375,76381.09375,77126.9296875,1509505024.0,0.4596144310968635,0.36493337210153315,0.04033579882941192,454.10642246777627,0.5887780368124437,1.1710761933165754,1.0,-0.6726266350611788,-0.04786118413390203,-0.6247654509272768,-0.20661451153056226,-0.501622522759986,0.6726266350611788,0.0,0.0,0.8121936248553867,0.056921406579571364,0.5484065815758372,0.49891258581086906,0.3010562188283616,0.45,False,True,ACTIVE,MR_BLOCK,FIXED_2ATR,OSC_CROSS,H1.0,phase_h_2026-08-30,0.18276487612192036,0.05056599576570562,0.05786929763811623,0.5792500937223309,0.2869964659514698,,,,,2026-09-02T20:16:48.965737+00:00
BTCUSD_2026-09-01T19:00:00,BTCUSD,2026-09-01 19:00:00,2026-09-02T03:07:39.658689+00:00,yahoo,FLAT,77111.28125,77413.5234375,77081.109375,77267.890625,176222208.0,0.3684007050907367,0.31696420887558685,0.06000770640181808,445.41411104150654,0.5764543427271883,1.1498519889686403,1.0,-0.8369137378220491,-0.15306819129232163,-0.6838455465297275,-0.16428710276087033,-0.575382296286885,0.8369137378220491,0.16666666666666666,0.08333333333333333,0.863180630707657,0.13013982303648838,0.2144260703524245,0.3968370704354399,0.7346786098077691,0.45,False,True,ACTIVE,MR_BLOCK,FIXED_2ATR,OSC_CROSS,H1.0,phase_h_2026-08-30,0.17590990759623834,-0.05553932190057116,-0.39106032280145475,0.21788036548978845,0.07344577358196776,,,,,2026-09-02T20:16:48.994934+00:00
BTCUSD_2026-09-01T20:00:00,BTCUSD,2026-09-01 20:00:00,2026-09-02T03:07:40.473577+00:00,yahoo,FLAT,77277.15625,77440.8515625,77199.3828125,77403.8125,0.0,0.3368314089421244,0.2945854184917678,0.02519044551217425,430.8465852528275,0.5566219173672194,1.1159918816501382,1.0,-0.964557805601015,-0.2612668065334808,-0.7032909990675342,-0.12764406777896586,-0.49854568207039845,0.964557805601015,0.3333333333333333,0.16666666666666666,0.48590871641235106,0.23205619110892545,-0.11342637870662503,0.19395099595212278,0.6290889321572044,0.45,False,True,ACTIVE,MR_BLOCK,FIXED_2ATR,OSC_CROSS,H1.0,phase_h_2026-08-30,-0.30732699697447075,-0.006600934546990176,-0.16363050592630693,-0.7774871392801227,-0.1985427881863054,,,,,2026-09-02T20:16:49.023129+00:00
BTCUSD_2026-09-01T21:00:00,BTCUSD,2026-09-01 21:00:00,2026-09-02T03:07:41.286408+00:00,yahoo,FLAT,77418.171875,77479.140625,76875.1171875,77165.9296875,64145408.0,0.47076695680735753,0.2923758139675224,0.10887255650887336,443.2163604133398,0.5743679395923041,1.1566250706275203,1.0,-1.117829711241023,-0.37547519382781974,-0.7423545174132031,-0.15327190564000792,-0.4452030761798441,1.117829711241023,0.16666666666666666,0.08333333333333333,0.37140707984222376,0.5173066877056234,-0.35969027631740785,0.23336405594288895,0.6991270316578488,0.45,False,True,ACTIVE,MR_BLOCK,FIXED_2ATR,OSC_CROSS,H1.0,phase_h_2026-08-30,0.07651935930678604,0.0072996107515470665,0.44906273909135946,-0.5894562235458715,0.1282645889200413,,,,,2026-09-03T02:06:19.913320+00:00
BTCUSD_2026-09-01T22:00:00,BTCUSD,2026-09-01 22:00:00,2026-09-02T03:07:42.032434+00:00,yahoo,FLAT,77166.578125,77328.796875,76985.171875,77224.9765625,235620352.0,0.39804721460576475,0.2880981290669393,0.11063414241274123,436.102691812387,0.56471715657879,1.1426195443895348,1.0,-1.2453419411284676,-0.4914574268012395,-0.7538845143272281,-0.1275122298874447,-0.4084282033064185,1.2453419411284676,0.16666666666666666,0.16666666666666666,0.3998572405191446,0.3295105836599669,-0.27758507170536245,0.24202724741499826,0.6437073426517111,0.45,False,True,ACTIVE,MR_BLOCK,FIXED_2ATR,OSC_CROSS,H1.0,phase_h_2026-08-30,0.22496162541324824,-0.3357074505424846,0.3778226300449063,-0.7590343028794623,-0.2866624372761525,,,,,2026-09-03T02:06:19.965023+00:00
BTCUSD_2026-09-01T23:00:00,BTCUSD,2026-09-01 23:00:00,2026-09-02T03:07:42.786728+00:00,yahoo,FLAT,77231.7734375,77278.921875,77164.9609375,77258.84375,0.0,0.42725472793063424,0.3523910636794733,0.11951874669559491,413.09256650435935,0.5346864468242308,1.087301009481493,1.0,-1.3542635678216262,-0.6064982456039577,-0.7477653222176684,-0.10892162669315852,-0.38970576222061115,1.3542635678216262,0.16666666666666666,0.25,0.6162261411825237,0.586091476783553,-0.2517135970196596,0.2514552647935699,0.4699780668108691,0.45,False,True,ACTIVE,MR_BLOCK,FIXED_2ATR,OSC_CROSS,H1.0,phase_h_2026-08-30,-0.29346825699800766,-0.15703993748280262,0.2670526819631385,-0.8013195473034614,-0.10672215316915235,,,,,2026-09-03T02:06:20.012218+00:00
BTCUSD_2026-09-02T00:00:00,BTCUSD,2026-09-02 00:00:00,2026-09-02T03:07:43.551791+00:00,yahoo,FLAT,77423.46875,77473.6875,77088.453125,77171.5625,1317306368.0,0.500464658612584,0.383645880381587,0.1716476483728793,411.1026956826194,0.5327126759713067,1.0882226581273973,1.0,-1.4631958617735485,-0.7207245944265699,-0.7424712673469787,-0.10893229395192239,-0.3453661505325256,1.4631958617735485,0.16666666666666666,0.16666666666666666,0.47190333797770784,0.542418524003683,-0.39486300776928196,0.29965524163769874,0.4951342654084191,0.45,False,True,ACTIVE,MR_BLOCK,FIXED_2ATR,OSC_CROSS,H1.0,phase_h_2026-08-30,-0.2667251132824996,0.44173088370473257,0.521079251181418,-0.782185795447643,-0.18623278490700507,,,,,2026-09-03T02:06:20.065339+00:00
BTCUSD_2026-09-02T01:00:00,BTCUSD,2026-09-02 01:00:00,2026-09-02T03:07:44.297422+00:00,yahoo,FLAT,77152.453125,77317.4609375,76663.5390625,76965.7265625,704727040.0,0.48005462328317444,0.5757014342644343,0.19897100978822868,428.446922776718,0.5566723552317768,1.1410781335100126,1.0,-1.5859168709763414,-0.8360835646332061,-0.7498333063431353,-0.12272100920279283,-0.34057492984787374,1.5859168709763414,0.0,0.16666666666666666,0.3719988667589805,0.5499279628895063,-0.4830121730046274,0.47181522974722795,0.8448307361420923,0.45,False,True,ACTIVE,MR_BLOCK,FIXED_2ATR,OSC_CROSS,H1.0,phase_h_2026-08-30,0.4046342461889236,0.7159335227642417,0.6113313626915714,0.19088244737181617,0.46487818796779773,,,,,2026-09-03T02:06:20.118065+00:00
BTCUSD_2026-09-02T02:00:00,BTCUSD,2026-09-02 02:00:00,2026-09-02T03:07:45.139119+00:00,yahoo,FLAT,76962.3671875,77292.203125,76897.3125,77277.15625,1506576384.0,0.3195017832476178,0.3917812319599752,0.17913932502634505,426.0500443640953,0.5513272809700412,1.1337596886487586,1.0,-1.6446648547891667,-0.9438944033206675,-0.7007704514684991,-0.05874798381282531,-0.29040128696754053,1.6446648547891667,0.0,0.16666666666666666,0.5655400053888106,0.5177838895910126,-0.21989443498024747,0.3518950299537341,0.7882091820632958,0.45,False,True,ACTIVE,MR_BLOCK,FIXED_2ATR,OSC_CROSS,H1.0,phase_h_2026-08-30,0.3044843863544733,0.42475966175321056,-0.614862736360074,-0.32587654259081256,-0.0427843124726785,,,,,2026-09-03T02:06:20.168576+00:00
ETHUSD_2026-09-01T16:00:00,ETHUSD,2026-09-01 16:00:00,2026-09-02T03:07:48.396365+00:00,yahoo,FLAT,2448.889892578125,2448.889892578125,2442.7900390625,2446.419921875,28968960.0,0.34865895105834227,0.1874008061910982,0.06199708507344726,14.925668374148941,0.6101024701723946,0.9552933571592093,2.0,-0.12344395908554774,0.1448818020196756,-0.2683257611052233,-0.06452260119818137,-0.23192492689735128,0.12344395908554774,0.16666666666666666,0.16666666666666666,0.7989872913258987,0.012320901739635367,0.12239092276997536,0.2281206686622846,-0.12603906076874719,0.45,False,False,ACTIVE,MR_BLOCK,FIXED_2ATR,OSC_CROSS,H1.0,phase_h_2026-08-30,-0.5843103964765493,-0.5806060026840291,-0.8297942485320963,-0.7389211520283212,-1.9379701769194382,,,,,2026-09-02T20:16:49.224504+00:00
ETHUSD_2026-09-01T17:00:00,ETHUSD,2026-09-01 17:00:00,2026-09-02T03:07:49.586008+00:00,yahoo,FLAT,2431.820068359375,2438.52001953125,2417.239990234375,2417.7099609375,0.0,0.5500867956814821,0.37234816149736,0.016928721846991446,15.943830036040088,0.6594599970071534,1.0328979953204571,1.0,-0.2937857397217731,0.08639279645414913,-0.38017853617592223,-0.17034178063622535,-0.33374437773188814,0.2937857397217731,0.0,0.08333333333333333,0.6596768632670779,0.012371759125996142,0.7581725879319942,0.6529294603884471,0.15676263852157546,0.45,False,True,ACTIVE,MR_BLOCK,FIXED_2ATR,OSC_CROSS,H1.0,phase_h_2026-08-30,-0.21466352416555085,0.09223523519278114,-0.021508764064005235,0.15303536121596212,-1.041064572743044,,,,,2026-09-02T20:16:49.253976+00:00
ETHUSD_2026-09-01T18:00:00,ETHUSD,2026-09-01 18:00:00,2026-09-02T03:07:51.973807+00:00,yahoo,FLAT,2419.280029296875,2420.780029296875,2382.97998046875,2412.52001953125,866808832.0,0.44055445203584015,0.3565548088765963,0.016661919566743556,17.504988521189013,0.7255893579938132,1.1374922690771074,1.0,-0.47103808906313016,0.012068678385178555,-0.4831067674483087,-0.17725234934135708,-0.4121167311757638,0.47103808906313016,0.0,0.0,0.4875415006709138,0.06197774302874288,0.2875990818376482,0.7097429799576461,0.21880740398961346,0.45,False,True,ACTIVE,MR_BLOCK,FIXED_2ATR,OSC_CROSS,H1.0,phase_h_2026-08-30,0.2188595018540366,0.07627244025865232,-0.18735676780531899,0.2893232144082354,-0.765588287500043,,,,,2026-09-02T20:16:49.282287+00:00
ETHUSD_2026-09-01T19:00:00,ETHUSD,2026-09-01 19:00:00,2026-09-02T03:07:52.667567+00:00,yahoo,FLAT,2412.2099609375,2423.469970703125,2411.260009765625,2417.800048828125,114580480.0,0.4196367426836437,0.30581407452889536,0.010161718780264062,17.126772265211226,0.7083618131909767,1.1134317101093305,1.0,-0.6143089941996199,-0.07144834462612791,-0.542860649573492,-0.14327090513648977,-0.4908650351140722,0.6143089941996199,0.0,0.0,0.649443045139798,0.03863134629156005,0.587102648450743,0.6590287773447662,0.31841872710590696,0.45,False,True,ACTIVE,MR_BLOCK,FIXED_2ATR,OSC_CROSS,H1.0,phase_h_2026-08-30,0.0885057711518443,-0.2506434970372024,-0.811486342595187,-0.05252789749365591,-1.0708138057693646,,,,,2026-09-02T20:16:49.312109+00:00
ETHUSD_2026-09-01T20:00:00,ETHUSD,2026-09-01 20:00:00,2026-09-02T03:07:53.340499+00:00,yahoo,FLAT,2418.219970703125,2422.2099609375,2411.8798828125,2419.93994140625,14405632.0,0.464909400747307,0.3204195110789062,0.00943340736794928,16.641294112338997,0.6876738479165968,1.086619106176792,1.0,-0.7383021481235978,-0.16036218509245725,-0.5779399630311406,-0.12399315392397792,-0.44451640840182477,0.7383021481235978,0.16666666666666666,0.08333333333333333,0.7643480397593556,0.04663520579029141,0.16938658819426594,0.5231665943583003,1.0110832198494974,0.45,False,True,ACTIVE,MR_BLOCK,FIXED_2ATR,OSC_CROSS,H1.0,phase_h_2026-08-30,-0.23057737462412004,-0.11363918388825588,-0.4801719599752786,-1.1611797894164229,-1.2702790556244838,,,,,2026-09-02T20:16:49.341377+00:00
ETHUSD_2026-09-01T21:00:00,ETHUSD,2026-09-01 21:00:00,2026-09-02T03:07:53.998747+00:00,yahoo,FLAT,2420.169921875,2421.989990234375,2399.800048828125,2414.360107421875,203576320.0,0.5388597935059105,0.3058898135409152,0.07601057794735469,17.03762606190407,0.7056787431804177,1.1199247310945344,1.0,-0.8711704187331937,-0.25513661624455547,-0.6160338024886383,-0.13286827060959583,-0.4001323296700635,0.8711704187331937,0.0,0.0,0.27702348097427815,0.3453434918979232,-0.020663050929043338,0.47465014744736156,1.2698956802872892,0.45,False,True,ACTIVE,MR_BLOCK,FIXED_2ATR,OSC_CROSS,H1.0,phase_h_2026-08-30,-0.10852222000544229,-0.2634282848827597,-0.04846692140198331,-1.6078822806937534,-1.0234680817565067,,,,,2026-09-03T02:06:20.235719+00:00
ETHUSD_2026-09-01T22:00:00,ETHUSD,2026-09-01 22:00:00,2026-09-02T03:07:54.695678+00:00,yahoo,FLAT,2414.179931640625,2417.699951171875,2404.580078125,2411.739990234375,393345024.0,0.47553649529449804,0.3343930801842345,0.09442026611758467,16.757786560830567,0.6948421732312045,1.108027499194908,1.0,-0.9996048291360378,-0.3543990446300864,-0.6452057845059513,-0.1284344104028441,-0.38529583493641784,0.9996048291360378,0.16666666666666666,0.0,0.44544120453345887,0.3375268325063607,-0.0825180703319263,0.5975928888998189,1.283094181374319,0.45,False,True,ACTIVE,MR_BLOCK,FIXED_2ATR,OSC_CROSS,H1.0,phase_h_2026-08-30,0.22597590096540085,-0.562252093868221,0.09163346573215109,-1.6788704586036305,-1.3687217485835634,,,,,2026-09-03T02:06:20.303377+00:00
ETHUSD_2026-09-01T23:00:00,ETHUSD,2026-09-01 23:00:00,2026-09-02T03:07:55.388511+00:00,yahoo,FLAT,2411.9599609375,2413.72998046875,2409.739990234375,2412.949951171875,0.0,0.43478575539617936,0.3879634952108455,0.0979665257924933,15.845801108940885,0.6566982917007956,1.0523089119718618,1.0,-1.11114411505428,-0.4552983873533123,-0.6558457277009677,-0.11153928591824225,-0.37284196693068217,1.11114411505428,0.16666666666666666,0.08333333333333333,0.5425958871124252,0.5444521187200481,-0.21173688802724208,0.5954133209287724,1.0805160741290742,0.45,False,True,ACTIVE,MR_BLOCK,FIXED_2ATR,OSC_CROSS,H1.0,phase_h_2026-08-30,-0.38019111567639413,-0.36694977481640395,0.1745816756406799,-1.5178758101609868,-1.090516836501256,,,,,2026-09-03T02:06:20.363916+00:00
ETHUSD_2026-09-02T00:00:00,ETHUSD,2026-09-02 00:00:00,2026-09-02T03:07:56.096988+00:00,yahoo,FLAT,2417.800048828125,2421.10009765625,2405.2099609375,2408.0,530200576.0,0.5578234539949262,0.3993249132370886,0.13605402451428578,15.848967938212965,0.6581797316533624,1.059316427341532,1.0,-1.2267503430454025,-0.5581586481122577,-0.6685916949331449,-0.11560622799112252,-0.35557992431220886,1.2267503430454025,0.16666666666666666,0.0,0.5754355463341538,0.41483844208342174,0.04857291805572959,0.6393565907077723,1.4903660066589257,0.45,False,True,ACTIVE,MR_BLOCK,FIXED_2ATR,OSC_CROSS,H1.0,phase_h_2026-08-30,-0.4078101478145764,0.21552912816652825,0.4775747508305648,-1.3052297192950582,-1.200162057464701,,,,,2026-09-03T02:06:20.421135+00:00
ETHUSD_2026-09-02T01:00:00,ETHUSD,2026-09-02 01:00:00,2026-09-02T03:07:57.028333+00:00,yahoo,FLAT,2407.070068359375,2413.989990234375,2385.780029296875,2398.179931640625,1141962752.0,0.5645145040936537,0.575169703231882,0.16543599970356196,16.73189600959061,0.6976914362778488,1.126460637060715,1.0,-1.358639361768417,-0.6648894099330789,-0.693749951835338,-0.1318890187230144,-0.35903453263237917,1.358639361768417,0.16666666666666666,0.0,0.2253265458951873,0.4291818337905079,-0.11655206033640539,0.7076553212991865,1.4887286989777868,0.45,False,True,ACTIVE,MR_BLOCK,FIXED_2ATR,OSC_CROSS,H1.0,phase_h_2026-08-30,0.42282635197489143,0.657582832846972,0.7651676762925986,0.14761357210083126,-0.519976442909942,,,,,2026-09-03T02:06:20.484409+00:00
ETHUSD_2026-09-02T02:00:00,ETHUSD,2026-09-02 02:00:00,2026-09-02T03:07:57.711079+00:00,yahoo,FLAT,2397.989990234375,2409.320068359375,2393.719970703125,2408.320068359375,597029888.0,0.5037005238508687,0.4286870989024171,0.15903871569683398,16.65105327006628,0.6913970235446949,1.1198788819321033,1.0,-1.4407810865695383,-0.7683416334846068,-0.6724394530849315,-0.08214172480112136,-0.3296369715152583,1.4407810865695383,0.16666666666666666,0.0,0.5563053679184847,0.5772731681341464,-0.17109317717771344,0.675816461120154,1.2034843806200164,0.45,False,True,ACTIVE,MR_BLOCK,FIXED_2ATR,OSC_CROSS,H1.0,phase_h_2026-08-30,0.20221037522610164,0.5435259175877408,-0.6842936155067085,-0.6153695496741389,-1.0717038375772303,,,,,2026-09-03T02:06:20.555603+00:00
EURCAD_2026-09-01T16:00:00,EURCAD,2026-09-01 16:00:00,2026-09-02T03:08:01.304540+00:00,yahoo,FLAT,1.6116399765014648,1.6117899417877195,1.611299991607666,1.6116299629211426,0.0,0.363764044943844,0.2713139876100556,0.030866590874741112,0.0012999211379649037,0.0806587844525269,1.059787773787359,2.0,-1.5996376196087523,-1.9360194876259555,0.33638186801720327,0.21221547574799327,0.6624241716482686,1.5996376196087523,0.16666666666666666,0.08333333333333333,0.7550663089989337,0.26095124796140445,0.20639459731440396,0.9846101921265247,0.4610169410124442,0.45,False,True,ACTIVE,MR_BLOCK,FIXED_2ATR,OSC_CROSS,H1.0,phase_h_2026-08-30,0.018626798657183207,-0.02420669781789681,-0.009931332458444644,0.03538869732961863,-0.40599316691765114,,,,,2026-09-02T20:16:49.668871+00:00
EURCAD_2026-09-01T17:00:00,EURCAD,2026-09-01 17:00:00,2026-09-02T03:08:02.145280+00:00,yahoo,FLAT,1.6108499765396118,1.6118799448013306,1.610419988632202,1.6111500263214111,0.0,0.4115680252948139,0.1858889454916033,0.06613564229256062,0.0013113522116194563,0.08139230923227832,1.0697887081250028,2.0,-1.4256096344193507,-1.8679648405317417,0.442355206112391,0.17402798518940155,0.6669718927646568,1.4256096344193507,0.0,0.08333333333333333,0.7929093681309256,0.26256179197084617,0.11653321131571538,0.9382512582752809,0.42298676729425966,0.45,False,True,ACTIVE,MR_BLOCK,FIXED_2ATR,OSC_CROSS,H1.0,phase_h_2026-08-30,-0.05834866040028986,-0.040968365792087874,-0.041589883351512716,0.0018571536597099614,-0.44937199350129403,,,,,2026-09-02T20:16:49.727232+00:00
EURCAD_2026-09-01T18:00:00,EURCAD,2026-09-01 18:00:00,2026-09-02T03:08:02.857347+00:00,yahoo,FLAT,1.6111500263214111,1.6115200519561768,1.6098099946975708,1.6102099418640137,0.0,0.3190694515198028,0.11221796204059219,0.0032730135800783725,0.0013398311435470634,0.08320847541135201,1.0944785399910941,1.0,-1.3187903798659233,-1.7947415791096328,0.47595119924370954,0.10681925455342745,0.49306271549082226,1.3187903798659233,0.0,0.08333333333333333,0.7825297506208485,0.1828586332026452,0.23790840314636857,0.9134296578308354,0.235772547710952,0.45,False,True,ACTIVE,MR_BLOCK,FIXED_2ATR,OSC_CROSS,H1.0,phase_h_2026-08-30,0.015532203781329077,0.05465144342887095,-0.022972558786207877,0.019256082952925132,-0.416711703641406,,,,,2026-09-02T20:16:49.794979+00:00
EURCAD_2026-09-01T19:00:00,EURCAD,2026-09-01 19:00:00,2026-09-02T03:08:03.557692+00:00,yahoo,FLAT,1.6102099418640137,1.6107300519943235,1.6098400354385376,1.6104600429534912,0.0,0.38047546788060777,0.11840965970418865,0.02386077872376302,0.0013077015301355525,0.08120049521609383,1.0693942258113873,1.0,-1.1943675768219473,-1.7146917121379415,0.5203241353159942,0.12442280304397602,0.405270042786805,1.1943675768219473,0.16666666666666666,0.08333333333333333,0.6585358216354235,0.20053525702726152,0.15008015803632577,0.9651144232185418,0.3729066736296607,0.45,False,True,ACTIVE,MR_BLOCK,FIXED_2ATR,OSC_CROSS,H1.0,phase_h_2026-08-30,0.001857949336164325,0.014278821790694994,-0.053406790678986474,0.11114386168329618,-0.4340421323691933,,,,,2026-09-02T20:16:49.866084+00:00
EURCAD_2026-09-01T20:00:00,EURCAD,2026-09-01 20:00:00,2026-09-02T03:08:04.231588+00:00,yahoo,FLAT,1.6104899644851685,1.611009955406189,1.6096199750900269,1.6104899644851685,0.0,0.35206051949426015,0.10140967671736802,0.03440822411896233,0.0013135785862803066,0.08156391006759382,1.075274997404334,1.0,-1.0695771691715996,-1.6286764397424294,0.5590992705708298,0.12479040765034766,0.3560324652477511,1.0695771691715996,0.3333333333333333,0.16666666666666666,0.4850958983229063,0.318943697748974,0.12485731804613481,0.9697227593605023,0.45998661147229414,0.45,False,True,ACTIVE,MR_BLOCK,FIXED_2ATR,OSC_CROSS,H1.0,phase_h_2026-08-30,0.03725452300479749,-0.0006217722893707509,0.019874507106672216,0.14094985635949808,-0.4110506996825778,,,,,2026-09-02T20:16:49.930748+00:00
EURCAD_2026-09-01T21:00:00,EURCAD,2026-09-01 21:00:00,2026-09-02T03:08:04.918221+00:00,yahoo,FLAT,1.6106200218200684,1.611340045928955,1.6090400218963623,1.6110899448394775,0.0,0.32091372809935687,0.1846647462470186,0.04638452734591223,0.0013840389753026255,0.08590699605170247,1.1327828117777523,1.0,-0.9096944385294592,-1.5328121729140334,0.6231177343845742,0.15988273064214042,0.4090959413364641,0.9096944385294592,0.5,0.16666666666666666,0.6347575595348807,0.27778147175909335,0.13792971233726378,0.6927654623241936,0.29368839860588886,0.45,False,True,ACTIVE,MR_BLOCK,FIXED_2ATR,OSC_CROSS,H1.0,phase_h_2026-08-30,-0.024824633020876945,-0.07758160274934106,0.014280638369678944,0.09310532259370134,-0.47172722175286036,,,,,2026-09-03T02:06:20.701279+00:00
EURCAD_2026-09-01T22:00:00,EURCAD,2026-09-01 22:00:00,2026-09-02T03:08:05.564041+00:00,yahoo,FLAT,1.6111600399017334,1.6113200187683103,1.610100030899048,1.610689997673035,0.0,0.20061075442893056,0.13250301143211318,0.014400427244488308,0.0013723210391568847,0.08520081711188857,1.1236822454475683,1.0,-0.7790042731315555,-1.4323044529430364,0.6533001798114809,0.13069016539790368,0.41536330369039176,0.7790042731315555,0.3333333333333333,0.16666666666666666,0.3652170264797256,0.3296523649905295,0.14389085942544982,0.6525055101761043,0.22254358296816815,0.45,False,True,ACTIVE,MR_BLOCK,FIXED_2ATR,OSC_CROSS,H1.0,phase_h_2026-08-30,-0.013040794224348156,-0.0676759491415084,0.04532453111793383,0.07946595209231207,-0.4283849094771408,,,,,2026-09-03T02:06:20.833253+00:00
EURCAD_2026-09-01T23:00:00,EURCAD,2026-09-01 23:00:00,2026-09-02T03:08:06.453730+00:00,yahoo,FLAT,1.6106799840927124,1.6108399629592896,1.6100200414657593,1.6104799509048462,0.0,0.08737819132930584,0.106938775510213,0.07447291555126868,0.0013328639287549838,0.08276190759196447,1.0917150722478899,1.0,-0.6652915957357474,-1.3300360719820645,0.6647444762463172,0.11371267739580815,0.40428557343585225,0.6652915957357474,0.16666666666666666,0.08333333333333333,0.4798523293267,0.3686002853989198,0.121914507664092,0.706907557083299,-0.010741293132358934,0.45,False,False,ACTIVE,MR_BLOCK,FIXED_2ATR,OSC_CROSS,H1.0,phase_h_2026-08-30,-0.039734457169060565,0.020496406837020996,0.04346511410147609,0.1068048588845706,-0.42098686979008026,,,,,2026-09-03T02:06:20.962619+00:00
EURCAD_2026-09-02T00:00:00,EURCAD,2026-09-02 00:00:00,2026-09-02T03:08:07.120464+00:00,yahoo,FLAT,1.6104999780654907,1.6108399629592896,1.6095099449157717,1.6098400354385376,0.0,0.20277592530843613,0.05734946965892028,0.08229681147733969,0.0013326606512380453,0.08278217847123018,1.0919918667662005,1.0,-0.5927672797537018,-1.231733566351616,0.6389662865979142,0.07252431598204556,0.3169271587757574,0.5927672797537018,0.0,0.0,0.6543476292611916,0.3020309819848102,0.03072693095913224,0.24919867960279204,-0.04326802599426129,0.45,False,False,ACTIVE,MR_BLOCK,FIXED_2ATR,OSC_CROSS,H1.0,phase_h_2026-08-30,-0.014913749432866542,0.09193356465194158,0.04223834496776105,0.08199600172300457,-0.39134892938310023,,,,,2026-09-03T02:06:21.089831+00:00
EURCAD_2026-09-02T01:00:00,EURCAD,2026-09-02 01:00:00,2026-09-02T03:08:08.077080+00:00,yahoo,FLAT,1.6098400354385376,1.6102099418640137,1.6088000535964966,1.6095999479293823,0.0,0.6140433430057773,0.0008986476976213266,0.09050466841593746,0.0013381769095436914,0.08313723613529844,1.0967426528595148,1.0,-0.5366681877299535,-1.1390581825353945,0.602389994805441,0.0560990920237483,0.242336085401602,0.5366681877299535,0.16666666666666666,0.0,0.6757976805468009,0.3365910273623826,0.10793286439731195,0.7673325657192881,0.059151397976634774,0.45,False,True,ACTIVE,MR_BLOCK,FIXED_2ATR,OSC_CROSS,H1.0,phase_h_2026-08-30,0.07517976748114748,0.1130770061966466,0.16463858054437086,-0.024225496939313706,-0.4193580902457899,,,,,2026-09-03T02:06:21.204319+00:00
EURCAD_2026-09-02T02:00:00,EURCAD,2026-09-02 02:00:00,2026-09-02T03:08:08.955455+00:00,yahoo,FLAT,1.609570026397705,1.6108399629592896,1.6092499494552612,1.6108100414276123,0.0,0.16398054548922372,0.13995389468576117,0.027367522869010466,0.001356165237721165,0.0841915063131365,1.1102427828017203,1.0,-0.4161441740280143,-1.0426696480677438,0.6265254740397295,0.12052401370193921,0.24914742170773307,0.4161441740280143,0.16666666666666666,0.0,0.4065146203289654,0.3741695363807563,0.0288161474212971,0.47724202637524793,-0.143654204150017,0.45,False,False,ACTIVE,MR_BLOCK,FIXED_2ATR,OSC_CROSS,H1.0,phase_h_2026-08-30,0.031659682245713014,0.02296400046949281,0.12105129090541214,-0.3358605328092144,-0.49788883647633503,,,,,2026-09-03T02:06:21.305244+00:00
GOLD_2026-09-02T03:00:00,GOLD,2026-09-02 03:00:00,2026-09-02T04:05:45.034644+00:00,yahoo,FLAT,4347.7998046875,4347.7998046875,4347.7998046875,4347.7998046875,0.0,0.6332531472538755,0.5891437585891481,0.3798055385231439,19.30077934120416,0.4439206083130916,0.9776123694582951,1.0,-2.8802272704029366,-2.524449634590356,-0.3557776358125806,-0.05803236034130155,-0.21527406583721254,2.8802272704029366,0.4166666666666667,0.375,0.1271486185016516,0.6832618583209576,-0.824395866283681,0.9456657685832287,1.254374422538915,0.45,False,True,ACTIVE,MR_BLOCK,FIXED_2ATR,OSC_CROSS,H1.0,phase_h_2026-08-30,0.11268374827735114,0.44839957863733504,0.16326568191520155,1.6349360938531219,3.042225416450435,,,,,2026-09-03T05:05:53.917431+00:00
USDJPY_2026-09-02T03:00:00,USDJPY,2026-09-02 03:00:00,2026-09-02T04:06:14.891905+00:00,yahoo,FLAT,160.25799560546875,160.26499938964844,160.22000122070312,160.23500061035156,0.0,0.006047953826789058,0.21512008103706934,0.23634476022648881,0.11849222633957963,0.07394902854446941,0.9690591766186383,1.0,2.2362118947702503,1.875684899324337,0.3605269954459134,0.022279831823647456,0.1723142565999538,2.2362118947702503,0.08333333333333333,0.20833333333333334,0.12806604106382805,0.8462565112417417,-0.12544007644374813,0.8522404794152865,0.18256764745535567,0.45,False,True,ACTIVE,MR_BLOCK,FIXED_2ATR,OSC_CROSS,H1.0,phase_h_2026-08-30,-0.06366162948626856,-0.3813792591096897,-0.22033933820097798,-0.8826050597851657,-1.449378337139951,,,,,2026-09-03T03:07:41.135351+00:00
BTCUSD_2026-09-02T03:00:00,BTCUSD,2026-09-02 03:00:00,2026-09-02T04:06:18.089939+00:00,yahoo,FLAT,77277.15625,77428.796875,77255.546875,77428.796875,0.0,0.12920378353758646,0.32218907169039296,0.11398738984795594,415.3621292942735,0.5364439924913575,1.101666384049515,1.0,-1.6606649591814013,-1.0328564492998702,-0.6278085098815311,-0.02104154887653298,-0.2044820372585776,1.6606649591814013,0.16666666666666666,0.16666666666666666,0.6421479979884772,0.571561697733182,-0.3948452421979578,0.48141484434607923,-0.026298915015996658,0.45,False,False,ACTIVE,MR_BLOCK,FIXED_2ATR,OSC_CROSS,H1.0,phase_h_2026-08-30,0.005543464084500938,0.07899940271694246,-1.0338762098106413,-0.3346740453197339,0.2162958895516184,,,,,2026-09-03T03:07:41.205628+00:00
ETHUSD_2026-09-02T03:00:00,ETHUSD,2026-09-02 03:00:00,2026-09-02T04:06:21.710349+00:00,yahoo,FLAT,2408.47998046875,2410.570068359375,2407.2099609375,2410.320068359375,0.0,0.1510301022368362,0.46010286286468527,0.1307324552434506,16.023147634902333,0.6647726102952277,1.0747661238486679,1.0,-1.4901317097275526,-0.8499018397119186,-0.640229870015634,-0.06176951088408256,-0.2798622244848086,1.4901317097275526,0.16666666666666666,0.08333333333333333,0.6055136801958224,0.481509695751699,-0.18096101079965474,0.29170493413960874,0.26465268265345276,0.45,False,True,ACTIVE,MR_BLOCK,FIXED_2ATR,OSC_CROSS,H1.0,phase_h_2026-08-30,0.031493988624124454,0.26148205267559294,-1.5601715263992062,-0.9543396854809779,-0.4305459922508399,,,,,2026-09-03T03:07:41.241506+00:00
EURCAD_2026-09-02T03:00:00,EURCAD,2026-09-02 03:00:00,2026-09-02T04:06:24.946120+00:00,yahoo,FLAT,1.6108100414276123,1.6109000444412231,1.6103899478912354,1.6108100414276123,0.0,0.07521493749670341,0.22179773014999074,0.026167501847795867,0.0013135353976183159,0.08154502168698732,1.0709600235644563,1.0,-0.29304456545587304,-0.9267134144583363,0.6336688490024633,0.11103612923331868,0.28373269412507135,0.29304456545587304,0.16666666666666666,0.08333333333333333,0.44485886457915963,0.29782384425824854,0.029242459073837584,0.3456518067372812,-0.04725411953224024,0.45,False,False,ACTIVE,MR_BLOCK,FIXED_2ATR,OSC_CROSS,H1.0,phase_h_2026-08-30,0.006207121662261728,-0.04964957505999333,0.07881342916321685,-0.3587109665265106,-0.4995882140742166,,,,,2026-09-03T03:07:41.278410+00:00
USDJPY_2026-09-02T04:00:00,USDJPY,2026-09-02 04:00:00,2026-09-02T05:07:46.359599+00:00,yahoo,FLAT,160.20599365234375,160.21299743652344,160.16799926757812,160.16799926757812,0.0,0.057247685050375634,0.20599651306328662,0.13736318763860075,0.1148143060848552,0.07168367377371392,0.9396194433815631,1.0,2.217711786854283,1.9212884843283298,0.2964233025259533,-0.018500107915967234,0.04655402040339629,2.217711786854283,0.08333333333333333,0.125,0.3751869981634631,0.6769738622503192,-0.18639488972797685,0.49965047336011653,0.09912330885479763,0.45,False,True,ACTIVE,MR_BLOCK,FIXED_2ATR,OSC_CROSS,H1.0,phase_h_2026-08-30,-0.1748855571787138,-0.2604603483453444,-0.13491443855160068,-0.7882430396501298,-1.4122080221291702,,,,,2026-09-03T04:05:49.505141+00:00
BTCUSD_2026-09-02T04:00:00,BTCUSD,2026-09-02 04:00:00,2026-09-02T05:08:03.467565+00:00,yahoo,FLAT,77501.8828125,77501.8828125,77445.921875,77462.046875,146558976.0,0.23986333465674295,0.13445146516263093,0.06279249220201932,390.9138298803968,0.5046520788576784,1.039473954241463,1.0,-1.664789845223997,-1.1171142354230872,-0.5476756098009099,-0.0041248860425957545,-0.08486711324862495,1.664789845223997,0.16666666666666666,0.16666666666666666,0.30199440542510547,0.5080764311204643,0.1123729260814685,0.7869038817143563,0.7213857238253987,0.45,False,True,ACTIVE,MR_BLOCK,FIXED_2ATR,OSC_CROSS,H1.0,phase_h_2026-08-30,0.11436036405035041,-0.10385860152805684,-1.132577797701787,-0.4861046160991011,0.2499560578842637,,,,,2026-09-03T04:05:49.552883+00:00
ETHUSD_2026-09-02T04:00:00,ETHUSD,2026-09-02 04:00:00,2026-09-02T05:08:06.532765+00:00,yahoo,FLAT,2412.760009765625,2414.139892578125,2411.010009765625,2413.4599609375,106163200.0,0.020049994792209144,0.30198699594110484,0.13884344760945602,15.151481676605739,0.6277908861898085,1.0178941704060975,1.0,-1.528954166279514,-0.9404421499209313,-0.5885120163585827,-0.03882245655196148,-0.184717096239275,1.528954166279514,0.0,0.0,0.49714236612453694,0.6285432185171236,-0.3530169795658876,0.2691262303086064,0.24267760511877967,0.45,False,True,ACTIVE,MR_BLOCK,FIXED_2ATR,OSC_CROSS,H1.0,phase_h_2026-08-30,0.30903544350115836,0.10688200572457919,-1.7688830355055993,-1.2079750077344826,-0.4457428688776853,,,,,2026-09-03T04:05:49.584604+00:00
EURCAD_2026-09-02T04:00:00,EURCAD,2026-09-02 04:00:00,2026-09-02T05:08:09.570506+00:00,yahoo,FLAT,1.6112799644470217,1.6113699674606323,1.6107200384140017,1.6112500429153442,0.0,0.2587254989176526,0.30943196770166775,0.11033069125455601,0.0012661349439763389,0.0785809098683054,1.0319742298535746,1.0,-0.16893173397863848,-0.8256758570610433,0.6567441230824048,0.12411283147723456,0.3535336373195852,0.16893173397863848,0.08333333333333333,0.0,0.4736417536765262,0.29698835366105625,0.056154856799939694,0.5535436150302108,0.116187534042557,0.45,False,True,ACTIVE,MR_BLOCK,FIXED_2ATR,OSC_CROSS,H1.0,phase_h_2026-08-30,-0.01489912647767857,0.05150333591737746,0.03412595354594401,-0.4412257202126033,-0.49025080023622586,,,,,2026-09-03T04:05:49.632158+00:00
GOLD_2026-09-02T04:00:00,GOLD,2026-09-02 04:00:00,2026-09-02T06:05:57.274505+00:00,yahoo,FLAT,4349.89990234375,4354.39990234375,4347.7998046875,4353.7001953125,2825.0,0.472216913373982,0.5021855476662616,0.37794437265037595,18.46698334917743,0.4241675476198449,0.9323966858973097,1.0,-2.9167830767226226,-2.573676782603264,-0.3431062941193588,-0.03724093619226254,-0.15687421786146993,2.9167830767226226,0.4166666666666667,0.375,0.3041762120370292,0.6648743708157859,-0.5671306249347206,0.5978333196748747,0.9498176934959303,0.45,False,True,ACTIVE,MR_BLOCK,FIXED_2ATR,OSC_CROSS,H1.0,phase_h_2026-08-30,0.29859658260338445,0.3697914108172623,0.06660776382517655,1.4102923855404066,2.8320692550270974,,,,,2026-09-03T08:05:48.110618+00:00
GOLD_2026-09-02T05:00:00,GOLD,2026-09-02 05:00:00,2026-09-02T06:06:15.930389+00:00,yahoo,FLAT,4353.89990234375,4373.10009765625,4350.0,4367.10009765625,5886.0,0.1520364066536298,0.27084502839687863,0.3386905207742598,18.797920085396896,0.4304439940702396,0.9450412880741614,1.0,-2.9205236537641985,-2.6199230320913887,-0.3006006216728099,-0.003740577041575932,-0.09974237025575494,2.9205236537641985,0.25,0.2916666666666667,0.1345295659626185,0.8015789308799491,-0.5246264923797387,0.6287094057014772,0.8879160622358876,0.45,False,True,ACTIVE,MR_BLOCK,FIXED_2ATR,OSC_CROSS,H1.0,phase_h_2026-08-30,0.03663199449133524,-0.16259640778342663,0.2954153426332679,1.2984566032748288,2.283181866670722,,,,,2026-09-03T08:05:48.164672+00:00
USDJPY_2026-09-02T05:00:00,USDJPY,2026-09-02 05:00:00,2026-09-02T06:06:19.256060+00:00,yahoo,FLAT,160.10299682617188,160.13299560546875,159.79299926757812,159.82400512695312,0.0,0.46807589639997116,0.15900145576103952,0.0,0.13431500696364335,0.08403931991126916,1.0971795352928901,1.0,2.039313644892803,1.9619021506450236,0.07741149424777949,-0.19851668429823155,-0.20139100851093827,2.039313644892803,0.25,0.041666666666666664,0.8754730540085106,0.16952984187010134,0.19835346484373606,0.9664961572383933,0.47152940691271816,0.45,False,True,ACTIVE,MR_BLOCK,FIXED_2ATR,OSC_CROSS,H1.0,phase_h_2026-08-30,-0.143285050370309,0.013757579796349631,-0.12138367073614795,-0.5950320338705696,-1.3233340582874573,,,,,2026-09-03T05:05:54.051966+00:00
BTCUSD_2026-09-02T05:00:00,BTCUSD,2026-09-02 05:00:00,2026-09-02T06:06:22.685844+00:00,yahoo,FLAT,77516.75,77722.71875,77392.8671875,77605.3984375,516675584.0,0.24116179237120192,0.09642148678143173,0.0322901239803319,394.8503883679612,0.5087924246480823,1.0446945679872817,1.0,-1.6455819320300085,-1.207502625967955,-0.43807930606205336,0.030566413491542876,0.01214561888478749,1.6455819320300085,0.3333333333333333,0.08333333333333333,0.4406061778791759,0.6841200925038916,-0.20032152825714364,0.7551966118563882,0.34839374383516625,0.45,False,True,ACTIVE,MR_BLOCK,FIXED_2ATR,OSC_CROSS,H1.0,phase_h_2026-08-30,-0.040861767529663036,-1.0352251791439686,-1.065526711606222,-0.327216282775109,0.14720907282243473,,,,,2026-09-03T05:05:54.100185+00:00
ETHUSD_2026-09-02T05:00:00,ETHUSD,2026-09-02 05:00:00,2026-09-02T06:06:25.703555+00:00,yahoo,FLAT,2413.909912109375,2423.7900390625,2408.25,2421.409912109375,747901952.0,0.07285322927136917,0.25909557422030455,0.06762614001042452,15.560348017003482,0.6426151945272379,1.037510994033442,1.0,-1.5426218996174204,-1.0414909166206499,-0.5011309829967705,0.0010569226885923655,-0.09337211405214929,1.5426218996174204,0.16666666666666666,0.0,0.4350624808871747,0.5936967060171752,-0.23391365044573048,0.27706999014649414,0.08759704855439776,0.45,False,True,ACTIVE,MR_BLOCK,FIXED_2ATR,OSC_CROSS,H1.0,phase_h_2026-08-30,-0.07887603415776921,-1.2211820919239027,-1.689507914574321,-1.1922753310993695,-0.6347489109551784,,,,,2026-09-03T05:05:54.143306+00:00
EURCAD_2026-09-02T05:00:00,EURCAD,2026-09-02 05:00:00,2026-09-02T06:06:28.408268+00:00,yahoo,FLAT,1.611430048942566,1.6115299463272097,1.6106200218200684,1.6111799478530884,0.0,0.1874708968428895,0.30802778226455135,0.09555582678980702,0.0012783044906865668,0.07933964746705785,1.034500307385412,1.0,-0.08193760631998649,-0.7521051660454313,0.6701675597254448,0.10932103088606294,0.3514360445694068,0.08193760631998649,0.08333333333333333,0.041666666666666664,0.501166992449523,0.24314361467545656,0.10306278605914938,0.5127289308076298,0.0015364325310689884,0.45,False,True,ACTIVE,MR_BLOCK,FIXED_2ATR,OSC_CROSS,H1.0,phase_h_2026-08-30,-0.04096020607955706,0.09806477084148288,0.06331222605180091,-0.45122076729801075,-0.4754225075592519,,,,,2026-09-03T05:05:54.191942+00:00
GOLD_2026-09-02T06:00:00,GOLD,2026-09-02 06:00:00,2026-09-02T07:05:44.547449+00:00,yahoo,FLAT,4366.7998046875,4375.89990234375,4361.2001953125,4363.39990234375,5569.0,0.14247274779652563,0.2705772963545675,0.31674756673629584,19.589152043478457,0.4489423954232655,0.9820235539027281,1.0,-2.924674275688516,-2.6609812527853527,-0.2636930229031633,-0.0037298143298833963,-0.04455860685282298,2.924674275688516,0.25,0.375,0.23886295041290312,0.6118626612962433,-0.5041954918339477,0.7542974951223536,0.8358486990424528,0.45,False,True,ACTIVE,MR_BLOCK,FIXED_2ATR,OSC_CROSS,H1.0,phase_h_2026-08-30,0.0343383024761806,-0.2838610649031922,0.22892201650787067,1.1903944858409274,2.449465576634216,,,,,2026-09-03T08:05:48.198885+00:00
USDJPY_2026-09-02T06:00:00,USDJPY,2026-09-02 06:00:00,2026-09-02T07:06:02.723189+00:00,yahoo,FLAT,159.81700134277344,159.81900024414062,159.64599609375,159.66000366210938,0.0,0.5277955680799282,0.2737741346106365,0.01741548729991966,0.1444489619546557,0.09047285396557737,1.1765046766505856,2.0,1.7260557029808303,1.919656436318387,-0.19360073333755667,-0.2699776081808094,-0.519332141742846,1.7260557029808303,0.25,0.041666666666666664,0.8470399307267603,0.11986912524047161,0.28421484143387055,0.9681512862998232,0.620853001873457,0.45,False,True,ACTIVE,MR_BLOCK,FIXED_2ATR,OSC_CROSS,H1.0,phase_h_2026-08-30,0.05764293276992601,0.1616564450611891,-0.005009934777150643,-0.4160540491650523,-1.5476682864818383,,,,,2026-09-03T08:05:48.240834+00:00
BTCUSD_2026-09-02T06:00:00,BTCUSD,2026-09-02 06:00:00,2026-09-02T07:06:03.563433+00:00,yahoo,FLAT,77626.71875,77678.0625,77603.171875,77659.9921875,13062144.0,0.19434352533975002,0.11178101821752226,0.13610395081053006,406.6434277657594,0.5236202274962525,1.0740458939234756,1.0,-1.5865312770460718,-1.2529890928683907,-0.3335421841776811,0.04114860157938138,0.07664091833469766,1.5865312770460718,0.5,0.16666666666666666,0.3519021170754281,0.7920964593290348,-0.15413820239190826,0.8749857302574886,0.19701986785617265,0.45,False,True,ACTIVE,MR_BLOCK,FIXED_2ATR,OSC_CROSS,H1.0,phase_h_2026-08-30,-0.17718032612540174,-1.1119971414276266,-1.2965092061660728,-0.2905704978895067,0.2891504770867055,,,,,2026-09-03T08:05:48.283084+00:00
ETHUSD_2026-09-02T06:00:00,ETHUSD,2026-09-02 06:00:00,2026-09-02T07:06:04.695862+00:00,yahoo,FLAT,2422.169921875,2423.570068359375,2419.800048828125,2421.070068359375,42385408.0,0.023667701180572955,0.31326191998399505,0.1892043185177543,15.831837717958537,0.6539190222068582,1.054876982935905,1.0,-1.528260498678648,-1.1035756725513328,-0.4246848261273153,0.005273983364860735,-0.02938437566431218,1.528260498678648,0.16666666666666666,0.0,0.5784662254717093,0.6464026024718263,-0.31830770562604876,0.2118942262991692,0.05124696260070145,0.45,False,True,ACTIVE,MR_BLOCK,FIXED_2ATR,OSC_CROSS,H1.0,phase_h_2026-08-30,-0.12275142397706137,-1.8169027045877246,-1.7743307146362883,-1.051868203011986,-0.4988662268805538,,,,,2026-09-03T08:05:48.326768+00:00
EURCAD_2026-09-02T06:00:00,EURCAD,2026-09-02 06:00:00,2026-09-02T07:06:05.399691+00:00,yahoo,FLAT,1.6111500263214111,1.611430048942566,1.6108800172805786,1.6113300323486328,0.0,0.1953538657721842,0.28698312863880554,0.0751695438777519,0.0012680351241432367,0.07869493515831649,1.0244850779469101,1.0,0.04710481114380552,-0.6360690020966305,0.683173813240436,0.09705690333597297,0.338897072259162,0.04710481114380552,0.16666666666666666,0.08333333333333333,0.8328700299370297,0.05843013424455472,0.12183264924457092,0.5629602234615001,-0.013114076096299054,0.45,False,False,ACTIVE,MR_BLOCK,FIXED_2ATR,OSC_CROSS,H1.0,phase_h_2026-08-30,0.10741656138062258,0.12852681724180887,0.03974087086911264,-0.4358838524381272,-0.3719313241630046,,,,,2026-09-03T08:05:48.364484+00:00
GOLD_2026-09-02T07:00:00,GOLD,2026-09-02 07:00:00,2026-09-02T08:05:25.801701+00:00,yahoo,FLAT,4368.39990234375,4377.7998046875,4365.7998046875,4368.0,4273.0,0.0996134215978574,0.3344664568632072,0.26924022173473755,19.21849135064071,0.4399837763425071,0.9611041659212679,1.0,-2.9225738183383645,-2.695661702324501,-0.2269121160138634,0.0021384218769870955,-0.0053700273030279355,2.9225738183383645,0.08333333333333333,0.2916666666666667,0.3837046776785529,0.6413267828595914,-0.2755942443628962,0.7865769857217303,0.5624654556517124,0.45,False,True,ACTIVE,MR_BLOCK,FIXED_2ATR,OSC_CROSS,H1.0,phase_h_2026-08-30,-0.23341359987038166,-0.30206663053741334,1.4462949823171514,1.5538558666271853,2.551604306458011,,,,,2026-09-03T10:05:30.347892+00:00
USDJPY_2026-09-02T07:00:00,USDJPY,2026-09-02 07:00:00,2026-09-02T08:05:42.770206+00:00,yahoo,FLAT,159.58999633789062,159.70700073242188,159.58999633789062,159.7030029296875,0.0,0.44911945049947466,0.259113185075268,0.01617831328275939,0.14248863571012674,0.08922101218901955,1.1580641105373688,2.0,1.4870522801421506,1.8619758821615555,-0.3749236020194049,-0.2390034228386797,-0.7052528439637658,1.4870522801421506,0.25,0.041666666666666664,0.5992645978694193,0.21128409176208623,0.09833723194819174,0.9860411619982687,0.5124159155817358,0.45,False,True,ACTIVE,MR_BLOCK,FIXED_2ATR,OSC_CROSS,H1.0,phase_h_2026-08-30,0.0995676451783699,0.12587376103019832,-0.7019996756884954,-0.5792600977310903,-1.6513513727865188,,,,,2026-09-03T08:05:48.453645+00:00
BTCUSD_2026-09-02T07:00:00,BTCUSD,2026-09-02 07:00:00,2026-09-02T08:05:46.324672+00:00,yahoo,FLAT,77573.6875,77617.3125,77563.421875,77588.3828125,23787520.0,0.2950864402339998,0.14687230308260688,0.14131328583045683,395.5218124358576,0.5097693728089103,1.0437543480594433,1.0,-1.543910213896441,-1.2835280428128333,-0.2603821710836076,0.03282262998847063,0.10045901922550216,1.543910213896441,0.3333333333333333,0.16666666666666666,0.44428677744577355,0.35302639477880665,0.05095816236006709,0.7133875916659775,0.15788377997718686,0.45,False,True,ACTIVE,MR_BLOCK,FIXED_2ATR,OSC_CROSS,H1.0,phase_h_2026-08-30,-0.8190407451129906,-1.0297887203373661,-0.41789419703044006,-0.1441205814581936,0.23951155784511835,,,,,2026-09-03T08:05:48.492385+00:00
ETHUSD_2026-09-02T07:00:00,ETHUSD,2026-09-02 07:00:00,2026-09-02T08:05:51.764678+00:00,yahoo,FLAT,2420.239990234375,2421.39990234375,2419.199951171875,2419.97998046875,250413056.0,0.10861759001920472,0.32014098834542554,0.1907600728357538,15.324411280410827,0.6332453740977845,1.0191819640392348,1.0,-1.5139438139248367,-1.1526681068477007,-0.36127570707713597,0.007600445530408839,0.011326589094637907,1.5139438139248367,0.0,0.08333333333333333,0.39434547475723314,0.5594889277129212,-0.08772777294235377,0.3515661553827903,0.1680891007055244,0.45,False,True,ACTIVE,MR_BLOCK,FIXED_2ATR,OSC_CROSS,H1.0,phase_h_2026-08-30,-1.0217105149499799,-1.8737623264731325,-0.6128646618994925,-1.0188210735648746,-0.7936972190743139,,,,,2026-09-03T08:05:48.557128+00:00
EURCAD_2026-09-02T07:00:00,EURCAD,2026-09-02 07:00:00,2026-09-02T08:05:54.680918+00:00,yahoo,FLAT,1.6104799509048462,1.6109000444412231,1.610260009765625,1.6105799674987793,0.0,0.11459337833494053,0.14104028798688834,0.02366409709693292,0.0012538913712049921,0.07785340663042503,1.0128868945019858,1.0,0.08971255697812242,-0.5392981275533302,0.6290106845314526,0.042607745834316896,0.24681693678193511,0.08971255697812242,0.0,0.08333333333333333,0.5214638117097501,0.09354674491108327,0.16713152517048768,0.34742192041304243,-0.09322359455160897,0.45,False,False,ACTIVE,MR_BLOCK,FIXED_2ATR,OSC_CROSS,H1.0,phase_h_2026-08-30,0.031631406422683875,-0.017368437046957556,-0.1885536454382703,-0.5445807260036262,-0.5681453104517546,,,,,2026-09-03T08:05:48.600184+00:00
GOLD_2026-09-02T08:00:00,GOLD,2026-09-02 08:00:00,2026-09-02T09:05:31.312140+00:00,yahoo,FLAT,4370.10009765625,4378.39990234375,4359.5,4361.7001953125,4639.0,0.16908053026371656,0.3445908607279636,0.32573169018378073,19.19573499300566,0.4400975338386447,0.9603439082029278,1.0,-2.9397871305660925,-2.7284296979834464,-0.21135743258264617,-0.016532864478812304,-0.01809167641423004,2.9397871305660925,0.08333333333333333,0.2916666666666667,0.15508405811192172,0.714935279314619,-0.43448949851205615,0.9399529801539702,1.2837721618431504,0.45,False,True,ACTIVE,MR_BLOCK,FIXED_2ATR,OSC_CROSS,H1.0,phase_h_2026-08-30,-0.08487464972966786,0.45875767391491096,1.4817895267728671,1.7134531919890787,2.6103266845204343,,,,,2026-09-03T10:05:30.386438+00:00
USDJPY_2026-09-02T08:00:00,USDJPY,2026-09-02 08:00:00,2026-09-02T09:05:45.300676+00:00,yahoo,FLAT,159.68699645996094,159.72000122070312,159.64999389648438,159.72000122070312,0.0,0.44328452122182815,0.22371851732387174,0.017243647234678625,0.1507990120633757,0.09441460738220238,1.2196391559587962,2.0,1.2420942257904481,1.7734488360840146,-0.5313546102935665,-0.21873515277753852,-0.7539390853711916,1.2420942257904481,0.08333333333333333,0.041666666666666664,0.35900270606789464,0.3930525030735703,-0.03136277139352744,0.9353279058895924,0.30862179695046166,0.45,False,True,ACTIVE,MR_BLOCK,FIXED_2ATR,OSC_CROSS,H1.0,phase_h_2026-08-30,0.004381582576078449,-0.13512266092459793,-0.6900372071773568,-0.7200591618653018,-1.7948451396937304,,,,,2026-09-03T08:05:48.697031+00:00
BTCUSD_2026-09-02T08:00:00,BTCUSD,2026-09-02 08:00:00,2026-09-02T09:05:47.324085+00:00,yahoo,FLAT,77459.609375,77466.6015625,77345.3515625,77457.40625,35514368.0,0.16325086012477982,0.16081230092168503,0.16891100402648807,393.3703335546885,0.5078537387180951,1.0402135006185023,1.0,-1.536246392472171,-1.3198480850667196,-0.2163983074054514,0.019471931385121044,0.08028857187773131,1.536246392472171,0.16666666666666666,0.16666666666666666,0.7026624391824979,0.4750099050450812,-0.026287014093400552,0.8687927203105765,0.10610209565297146,0.45,False,True,ACTIVE,MR_BLOCK,FIXED_2ATR,OSC_CROSS,H1.0,phase_h_2026-08-30,-0.11840510761386548,-0.03061850291389477,0.29077405508095744,0.7501126323500047,1.3973226814850728,,,,,2026-09-03T08:05:48.740321+00:00
ETHUSD_2026-09-02T08:00:00,ETHUSD,2026-09-02 08:00:00,2026-09-02T09:05:49.112431+00:00,yahoo,FLAT,2417.35009765625,2418.179931640625,2414.06005859375,2418.179931640625,174448640.0,0.12413176470588236,0.2514325646401118,0.2037790403804951,15.011730259880391,0.6207863221201912,0.9994626777236958,1.0,-1.5086548690280115,-1.2011539723983853,-0.3075008966296262,0.00987463896643992,0.017244732110367256,1.5086548690280115,0.0,0.0,0.37590658081376277,0.6457185392358891,-0.19041020336773068,0.5384621310667457,0.21637678231345386,0.45,False,True,ACTIVE,MR_BLOCK,FIXED_2ATR,OSC_CROSS,H1.0,phase_h_2026-08-30,-0.6814857276892657,-0.474115637915655,0.06939895847463969,0.04306430442778421,0.5861604043777994,,,,,2026-09-03T08:05:48.795932+00:00
EURCAD_2026-09-02T08:00:00,EURCAD,2026-09-02 08:00:00,2026-09-02T09:05:50.979413+00:00,yahoo,FLAT,1.6122499704360962,1.6127500534057615,1.611840009689331,1.6127400398254397,0.0,0.3399624394583124,0.26439982688218944,0.14099098021390052,0.0013474722263963493,0.08355173140875187,1.0843981684196236,1.0,0.18115600675168622,-0.45150258043762437,0.6326585871893106,0.1288142885071614,0.23110809894385367,0.18115600675168622,0.0,0.16666666666666666,0.6248513246649227,0.18291420294439115,-0.005224772944231577,0.4965403162553122,-0.06337950713549759,0.45,False,False,ACTIVE,MR_BLOCK,FIXED_2ATR,OSC_CROSS,H1.0,phase_h_2026-08-30,-0.010540468042609214,-0.03471849817400805,-0.456359394776082,-0.561143178066438,-0.598352656416,,,,,2026-09-03T08:05:48.846745+00:00
GOLD_2026-09-02T09:00:00,GOLD,2026-09-02 09:00:00,2026-09-02T10:05:25.374381+00:00,yahoo,FLAT,4359.60009765625,4369.2001953125,4352.2998046875,4356.0,4545.0,0.18863199066334416,0.3060968947759316,0.33020135677008844,18.88397442732678,0.433516400994646,0.9458903878689426,1.0,-2.96458482980371,-2.7571847558237357,-0.2074000739799744,-0.033358228818582525,-0.04875076441477377,2.96458482980371,0.25,0.2916666666666667,0.41328463579925717,0.530996471214557,-0.16466673900273737,0.9494209024634443,1.441414595850461,0.45,False,True,ACTIVE,MR_BLOCK,FIXED_2ATR,OSC_CROSS,H1.0,phase_h_2026-08-30,0.016074641938471787,0.5142428165462993,1.469271595648099,1.6965473036693788,2.6929060721903877,,,,,2026-09-03T14:54:30.797989+00:00
USDJPY_2026-09-02T09:00:00,USDJPY,2026-09-02 09:00:00,2026-09-02T10:05:39.035474+00:00,yahoo,FLAT,159.8459930419922,159.8820037841797,159.8350067138672,159.8350067138672,0.0,0.30285935583812046,0.09186361079613939,0.055725988992680935,0.15831205969209128,0.0990471755511593,1.273858358550363,1.0,1.074921663346632,1.6789005530183367,-0.6039788896717047,-0.16085017324499784,-0.6227165735668072,1.074921663346632,0.08333333333333333,0.041666666666666664,0.5477128368046917,0.20661229860964292,0.047177879475596804,0.9099528715856087,0.27950052144575754,0.45,False,True,ACTIVE,MR_BLOCK,FIXED_2ATR,OSC_CROSS,H1.0,phase_h_2026-08-30,0.021897407495862498,-0.16639738773664997,-0.6637281758543186,-0.7444354907529749,-1.9117563114456622,,,,,2026-09-03T10:05:30.450922+00:00
BTCUSD_2026-09-02T09:00:00,BTCUSD,2026-09-02 09:00:00,2026-09-02T10:05:41.394016+00:00,yahoo,FLAT,76807.4296875,77013.0390625,76807.4296875,76976.890625,85184512.0,0.24193649570275041,0.2954068355308813,0.2698537682789651,418.64490726033034,0.5438579083426447,1.1127985745563171,0.0,-1.5963743340292347,-1.3612900759354052,-0.2350842580938295,-0.039602909226795324,-0.007062429861978803,1.5963743340292347,0.16666666666666666,0.08333333333333333,0.5640050034741843,0.35789330816284703,-0.47050216641128445,0.8687720513341306,0.7478082212492198,0.45,False,True,ACTIVE,MR_BLOCK,FIXED_2ATR,OSC_CROSS,H1.0,phase_h_2026-08-30,-0.09419476511752653,-0.18658690579718928,0.7065065678163099,0.721976548161593,1.4108744286724424,,,,,2026-09-03T10:05:30.486366+00:00
ETHUSD_2026-09-02T09:00:00,ETHUSD,2026-09-02 09:00:00,2026-09-02T10:05:44.002513+00:00,yahoo,FLAT,2391.840087890625,2398.929931640625,2391.840087890625,2397.159912109375,139311104.0,0.2870051319006923,0.35481040076601994,0.29284774619868115,16.280435111631146,0.6791551547892029,1.091863932287226,1.0,-1.5631402637155716,-1.2516417948573055,-0.31149846885826604,-0.04450527887553091,-0.03669265347550099,1.5631402637155716,0.0,0.08333333333333333,0.4676122653694344,0.5273406493141344,-0.37459475839428,0.8933839294751997,1.583753919582205,0.45,False,True,ACTIVE,MR_BLOCK,FIXED_2ATR,OSC_CROSS,H1.0,phase_h_2026-08-30,-0.1805921597597257,0.04335979524392686,0.6154336616715032,0.5939644480510805,1.1083828389350614,,,,,2026-09-03T10:05:30.521593+00:00
EURCAD_2026-09-02T09:00:00,EURCAD,2026-09-02 09:00:00,2026-09-02T10:05:45.783060+00:00,yahoo,FLAT,1.6127599477767944,1.6131500005722046,1.6123199462890625,1.61312997341156,0.0,0.426728605981495,0.19096844959073758,0.1896771081431457,0.0013211664378306757,0.08190080524240588,1.0601599285122782,1.0,0.371657209552415,-0.3255256476154982,0.6971828571679132,0.11821010641612051,0.36395997774484373,0.371657209552415,0.0,0.25,0.6653360775042408,0.2230552504366023,0.020826755649700185,0.4058216444753875,-0.19268094929438637,0.45,False,False,ACTIVE,MR_BLOCK,FIXED_2ATR,OSC_CROSS,H1.0,phase_h_2026-08-30,-0.03844793358065879,-0.08867197910017346,-0.437179839266791,-0.5643071443593866,-0.6126756945263258,,,,,2026-09-03T10:05:30.556315+00:00
GOLD_2026-09-02T10:00:00,GOLD,2026-09-02 10:00:00,2026-09-02T14:05:28.220779+00:00,yahoo,FLAT,4355.89990234375,4359.7998046875,4349.10009765625,4356.60009765625,3611.0,0.08416396754083516,0.3802213610855506,0.35433012481634557,18.299383899035583,0.4200381831896902,0.9165148602486581,1.0,-3.0030619819525888,-2.7899947330428567,-0.21306724890973205,-0.03824914867054563,-0.08889026793241284,3.0030619819525888,0.16666666666666666,0.20833333333333334,0.5149009966717486,0.631085460748955,-0.10942585512177429,0.8466060017529932,1.1616505329323445,0.45,False,True,ACTIVE,MR_BLOCK,FIXED_2ATR,OSC_CROSS,H1.0,phase_h_2026-08-30,0.5279346160868303,1.7536588309964778,1.3427902191773728,1.7077514730758838,3.066613750665886,,,,,2026-09-03T14:54:30.829576+00:00
GOLD_2026-09-02T11:00:00,GOLD,2026-09-02 11:00:00,2026-09-02T14:05:40.206290+00:00,yahoo,FLAT,4356.2998046875,4380.2001953125,4354.89990234375,4379.60009765625,7567.0,0.6040739740436964,0.17318814347152434,0.2822146822146822,18.799448832586613,0.4292503519361772,0.9362996410912228,1.0,-2.988733607932302,-2.816493249694783,-0.17224035823751915,0.014328374020286638,-0.05750700694717459,2.988733607932302,0.0,0.20833333333333334,0.2259305664107096,0.7834540278879684,-0.279414619582771,0.9315494688382774,1.3295681825426338,0.45,False,True,ACTIVE,MR_BLOCK,FIXED_2ATR,OSC_CROSS,H1.0,phase_h_2026-08-30,-0.029689764813135653,1.0183600479897197,1.0000868506450975,1.3905356878665858,3.682980205745722,,,,,2026-09-03T14:54:30.861748+00:00
GOLD_2026-09-02T12:00:00,GOLD,2026-09-02 12:00:00,2026-09-02T14:05:40.450304+00:00,yahoo,FLAT,4379.5,4391.39990234375,4374.39990234375,4381.39990234375,12910.0,0.535833618024714,0.25587408273163836,0.26578843425919974,18.670916773116144,0.4261404388841219,0.9289989729419049,1.0,-2.973412686830343,-2.8374158413128576,-0.13599684551748537,0.01532092110195915,-0.00859985354829984,2.973412686830343,0.16666666666666666,0.125,0.2767876937722941,0.6053581739523811,-0.24956121651783472,0.9546512230568681,1.1300754366609835,0.45,False,True,ACTIVE,MR_BLOCK,FIXED_2ATR,OSC_CROSS,H1.0,phase_h_2026-08-30,1.2493478690960547,0.9501427383230371,0.9592764742842397,1.751826022292561,3.1701870397305245,,,,,2026-09-03T14:54:30.893741+00:00
GOLD_2026-09-02T13:00:00,GOLD,2026-09-02 13:00:00,2026-09-02T14:05:40.655511+00:00,yahoo,FLAT,4378.2998046875,4427.0,4377.5,4424.5,25657.0,0.7532357742537313,0.13949486964157246,0.19695044472681067,20.87299414646499,0.4717593885515875,1.0269509701777981,1.0,-2.834533749805257,-2.8370315624451776,0.00249781263992066,0.13887893702508602,0.1685282321473318,2.834533749805257,0.3333333333333333,0.041666666666666664,0.41795768032927766,0.6393427829988145,0.5257068469689157,0.9860456612275387,2.064776218608548,0.45,False,True,ACTIVE,MR_BLOCK,FIXED_2ATR,OSC_CROSS,H1.0,phase_h_2026-08-30,-0.19850676037672005,-0.40378755569027747,0.10602741512519738,0.7444168734491315,1.906158357771261,,,,,2026-09-03T14:54:30.909555+00:00
USDJPY_2026-09-02T10:00:00,USDJPY,2026-09-02 10:00:00,2026-09-02T14:05:41.414654+00:00,yahoo,FLAT,159.85400390625,159.9219970703125,159.8350067138672,159.88800048828125,0.0,0.34614666417691464,0.10873172014252169,0.03649643594072407,0.15321765231732137,0.09582811208434071,1.228631269938071,1.0,0.9424078519190807,1.5807015262051025,-0.6382936742860218,-0.13251381142755136,-0.5116242017160607,0.9424078519190807,0.08333333333333333,0.041666666666666664,0.20284598667927703,0.2355369155046921,-0.06601865155809088,0.6473469889169499,0.29315344219277345,0.45,False,True,ACTIVE,MR_BLOCK,FIXED_2ATR,OSC_CROSS,H1.0,phase_h_2026-08-30,-0.16136020506908486,-0.8268326713378543,-0.6542112265017055,-0.6873555364262933,-2.300356351434663,,,,,2026-09-03T10:05:30.706881+00:00
USDJPY_2026-09-02T11:00:00,USDJPY,2026-09-02 11:00:00,2026-09-02T14:05:41.655719+00:00,yahoo,FLAT,159.88800048828125,159.90499877929688,159.61399841308594,159.6300048828125,0.0,0.5563974911346494,0.2096889596346944,0.040877876259804505,0.16305927473829396,0.10214826144871633,1.304502751840199,1.0,0.7129436728026495,1.4650004790847755,-0.752056806282126,-0.22946417911643124,-0.5228281637889804,0.7129436728026495,0.0,0.041666666666666664,0.915167699233314,0.0600899130499033,0.38631997907743776,0.80867471950983,0.3343511972038303,0.45,False,True,ACTIVE,MR_BLOCK,FIXED_2ATR,OSC_CROSS,H1.0,phase_h_2026-08-30,-0.026936832840224245,-0.5556653760947748,-0.4742239936253957,-0.4560621829808158,-2.2188857595345683,,,,,2026-09-03T14:54:30.941237+00:00
USDJPY_2026-09-02T12:00:00,USDJPY,2026-09-02 12:00:00,2026-09-02T14:05:41.850295+00:00,yahoo,FLAT,159.6300048828125,159.71099853515625,159.4929962158203,159.58700561523438,0.0,0.5338075699822769,0.3174671494037522,0.04899234645855632,0.16698377792383992,0.10463494648583059,1.330188045045296,1.0,0.4823359721662271,1.3339785448289692,-0.8516425726627421,-0.23060770063642239,-0.592585691180405,0.4823359721662271,0.16666666666666666,0.041666666666666664,0.8492042183158017,0.11017928710544292,0.23394566722526142,0.5756562991988425,0.14760573518664763,0.45,False,True,ACTIVE,MR_BLOCK,FIXED_2ATR,OSC_CROSS,H1.0,phase_h_2026-08-30,-0.6397835140792913,-0.4981597128666352,-0.41106470846168747,-0.5508049092936461,-2.5240149487115695,,,,,2026-09-03T14:54:30.988859+00:00
USDJPY_2026-09-02T13:00:00,USDJPY,2026-09-02 13:00:00,2026-09-02T14:05:42.049293+00:00,yahoo,FLAT,159.58599853515625,159.61399841308594,159.5570068359375,159.59800720214844,0.0,0.4999937257657703,0.367389304953357,0.03852688467824145,0.15912719215416832,0.09970499941933249,1.2625357380961666,1.0,0.27030263778392494,1.1921550905562968,-0.9218524527723718,-0.21203333438230215,-0.6721052141351558,0.27030263778392494,0.16666666666666666,0.041666666666666664,0.7214561355186597,0.09253870875073605,0.14169387558406418,0.8793467664876506,0.24023575425623112,0.45,False,True,ACTIVE,MR_BLOCK,FIXED_2ATR,OSC_CROSS,H1.0,phase_h_2026-08-30,0.1116266788147287,0.17406063503455277,0.12360730080820603,-0.03657698329092963,-2.011147078638397,,,,,2026-09-03T14:54:31.020527+00:00
BTCUSD_2026-09-02T10:00:00,BTCUSD,2026-09-02 10:00:00,2026-09-02T14:05:42.700468+00:00,yahoo,FLAT,76708.0,76716.703125,76244.7421875,76638.8125,1204602880.0,0.28728630048111353,0.3906736130598699,0.32368425554481617,441.0380165631639,0.57547605733474,1.176030937659903,0.0,-1.669801821348899,-1.4024249753238711,-0.26737684602502787,-0.07342748731966431,-0.09211561423753212,1.669801821348899,0.0,0.0,0.33704633045540067,0.5163887981386027,-0.058480303593621254,0.8658738078855154,1.1445852000007535,0.45,False,True,ACTIVE,MR_BLOCK,FIXED_2ATR,OSC_CROSS,H1.0,phase_h_2026-08-30,0.1822571135219508,0.6182613085243199,0.6538788684910795,0.47598475315624184,1.268918897980054,,,,,2026-09-03T10:05:30.845115+00:00
BTCUSD_2026-09-02T11:00:00,BTCUSD,2026-09-02 11:00:00,2026-09-02T14:05:42.938743+00:00,yahoo,FLAT,76627.9921875,76800.2265625,76310.1171875,76778.4921875,902737920.0,0.1047016575068371,0.29622728607998655,0.2868757035922553,444.5431135943665,0.5789943263130932,1.1812887964938585,0.0,-1.7102396669659792,-1.4434669342094857,-0.2667727327564935,-0.04043784561708019,-0.15346824216353983,1.7102396669659792,0.0,0.0,0.5145239506199523,0.5353294899417698,-0.22895274129408777,0.7161665371164182,0.08101673790629942,0.45,False,True,ACTIVE,MR_BLOCK,FIXED_2ATR,OSC_CROSS,H1.0,phase_h_2026-08-30,-0.2742365491963641,0.32149099372413353,0.7462620503158081,0.7002083001149716,1.4740863199502383,,,,,2026-09-03T14:54:31.059159+00:00
BTCUSD_2026-09-02T12:00:00,BTCUSD,2026-09-02 12:00:00,2026-09-02T14:05:43.215322+00:00,yahoo,FLAT,76760.0390625,77011.1875,76567.9296875,76567.9375,820666368.0,0.4203050197697999,0.27571671662160646,0.3034656416627409,444.45130637334034,0.5804666037574021,1.1818342142270808,0.0,-1.7641993604503379,-1.486231257708266,-0.27796810274207195,-0.053959693484358695,-0.1678250264211032,1.7641993604503379,0.0,0.0,0.16252885867383143,0.6753458538779882,-0.6575161427819476,0.8808233720606157,1.2666533307817762,0.45,False,True,ACTIVE,MR_BLOCK,FIXED_2ATR,OSC_CROSS,H1.0,phase_h_2026-08-30,0.7113984557831403,0.894762984179899,1.0191521091971427,0.6006512190562793,2.6817381132931786,,,,,2026-09-03T14:54:31.091480+00:00
BTCUSD_2026-09-02T13:00:00,BTCUSD,2026-09-02 13:00:00,2026-09-02T14:05:43.403893+00:00,yahoo,FLAT,76565.40625,76768.3125,76565.40625,76765.5390625,0.0,0.45275879542150305,0.13550329121975582,0.2870653760103406,427.19808806095887,0.5564972164308624,1.1308782367574974,0.0,-1.780984960070137,-1.5255317513565154,-0.25545320871362165,-0.016785599619799196,-0.11118313872123808,1.780984960070137,0.16666666666666666,0.0,0.32247813782785417,0.5468154367744338,-0.3568639092664889,0.9147766594550636,1.0402709446961382,0.45,False,True,ACTIVE,MR_BLOCK,FIXED_2ATR,OSC_CROSS,H1.0,phase_h_2026-08-30,-0.11322722097483612,0.03539870347942711,0.2749225007492084,0.27347372725248315,2.2191967959209022,,,,,2026-09-03T14:54:31.123116+00:00
ETHUSD_2026-09-02T10:00:00,ETHUSD,2026-09-02 10:00:00,2026-09-02T14:05:44.035008+00:00,yahoo,FLAT,2375.010009765625,2375.199951171875,2355.81005859375,2371.25,917271552.0,0.4248075316641456,0.5052768485767627,0.3665374794666559,18.071107854773565,0.7620920550247154,1.2223848372563428,1.0,-1.6696345263546573,-1.3073741590569525,-0.3622603672977047,-0.10649426263908568,-0.14042358481159511,1.6696345263546573,0.0,0.16666666666666666,0.5556908125602422,0.39564652316085935,-0.115991988155173,0.9403755935361835,1.8048151239319739,0.45,False,True,ACTIVE,MR_BLOCK,FIXED_2ATR,OSC_CROSS,H1.0,phase_h_2026-08-30,0.3900896151818661,1.2849750428307853,0.5710085002635741,0.31544461649973643,0.9147049617817606,,,,,2026-09-03T10:05:30.980773+00:00
ETHUSD_2026-09-02T11:00:00,ETHUSD,2026-09-02 11:00:00,2026-09-02T14:05:44.221298+00:00,yahoo,FLAT,2370.590087890625,2381.1298828125,2366.110107421875,2380.5,671768576.0,0.20572485362590162,0.4180300611864858,0.34324681417528297,17.853155535905813,0.7499750277633191,1.1998099292556335,0.0,-1.7330588813511862,-1.3641321220295173,-0.36892675932166896,-0.06342435499652899,-0.21442389651114557,1.7330588813511862,0.0,0.16666666666666666,0.472782700317233,0.6129611147191876,-0.2052645714856937,0.9016704164375128,1.3890036292976093,0.45,False,True,ACTIVE,MR_BLOCK,FIXED_2ATR,OSC_CROSS,H1.0,phase_h_2026-08-30,-0.16508849572043688,0.5461037597143458,0.5057777383952952,0.43394573093887845,1.0737264689666035,,,,,2026-09-03T14:54:31.155059+00:00
ETHUSD_2026-09-02T12:00:00,ETHUSD,2026-09-02 12:00:00,2026-09-02T14:05:44.417701+00:00,yahoo,FLAT,2380.5,2388.840087890625,2376.199951171875,2376.570068359375,872979456.0,0.3982215254216528,0.37060655349129934,0.3314663860902024,17.480797048966114,0.7355473033047869,1.1734286878733287,0.0,-1.7928280792327282,-1.4212915829899455,-0.37153649624278273,-0.059769197881542,-0.22968781551715667,1.7928280792327282,0.0,0.16666666666666666,0.30081010225917343,0.6392941053577123,-0.5031156727007069,0.9587765886894566,1.5371062420926311,0.45,False,True,ACTIVE,MR_BLOCK,FIXED_2ATR,OSC_CROSS,H1.0,phase_h_2026-08-30,1.0582436713558296,0.5718259238778312,0.7355129436943978,0.10645717248393871,1.9288235747934317,,,,,2026-09-03T14:54:31.194035+00:00
ETHUSD_2026-09-02T13:00:00,ETHUSD,2026-09-02 13:00:00,2026-09-02T14:05:44.628667+00:00,yahoo,FLAT,2376.64990234375,2382.989990234375,2376.469970703125,2382.800048828125,8585216.0,0.37476930117449414,0.24694110515690382,0.32862009332181547,16.697884369129252,0.7007673336812867,1.1149084618541238,0.0,-1.8221665519651544,-1.474741578853307,-0.3474249731118475,-0.02933847273242618,-0.15253202561049717,1.8221665519651544,0.16666666666666666,0.08333333333333333,0.35421357835669265,0.6267941599359901,-0.4771740242601371,0.9532561380331483,1.8572173837280739,0.45,False,True,ACTIVE,MR_BLOCK,FIXED_2ATR,OSC_CROSS,H1.0,phase_h_2026-08-30,-0.3422535017984853,-0.7049086424371369,-0.4084597169285317,-0.666606014061578,1.157922611003162,,,,,2026-09-03T14:54:31.219161+00:00
EURCAD_2026-09-02T10:00:00,EURCAD,2026-09-02 10:00:00,2026-09-02T14:05:45.248984+00:00,yahoo,FLAT,1.612589955329895,1.6130599975585938,1.6113200187683103,1.6119699478149414,0.0,0.31647094248720264,0.018376371448853075,0.1269698925591039,0.001356079881074894,0.08412563043827762,1.086636010836911,1.0,0.42359104023329525,-0.22564342256899242,0.6492344628022877,0.051933830680880255,0.2926791587072288,0.42359104023329525,0.0,0.16666666666666666,0.5845866463252731,0.21481303281098507,0.01760582528173316,0.06414802845640065,-0.1529627222271598,0.45,False,False,ACTIVE,MR_BLOCK,FIXED_2ATR,OSC_CROSS,H1.0,phase_h_2026-08-30,0.014272842316004574,-0.17121494575138058,-0.47518951080683414,-0.5074476134920217,-0.6029869139482202,,,,,2026-09-03T10:05:31.119251+00:00
EURCAD_2026-09-02T11:00:00,EURCAD,2026-09-02 11:00:00,2026-09-02T14:05:45.465187+00:00,yahoo,FLAT,1.6120100021362305,1.6126199960708618,1.6112799644470217,1.6122000217437744,0.0,0.3869050786724141,0.05130901287553648,0.11295021647534038,0.0013549335769866952,0.08404252318029268,1.0832688604790965,1.0,0.4782391414968572,-0.13179241402687913,0.6100315555237363,0.054648101263561955,0.22479203836056272,0.4782391414968572,0.16666666666666666,0.16666666666666666,0.5088698498010454,0.1774795169991617,-0.015364396702905944,0.6149283182927782,-0.056960927357240024,0.45,False,False,ACTIVE,MR_BLOCK,FIXED_2ATR,OSC_CROSS,H1.0,phase_h_2026-08-30,-0.06450699838821235,-0.42178733483021513,-0.5142074371748123,-0.5272286228879762,-0.6711345379076219,,,,,2026-09-03T14:54:31.250698+00:00
EURCAD_2026-09-02T12:00:00,EURCAD,2026-09-02 12:00:00,2026-09-02T14:05:45.671166+00:00,yahoo,FLAT,1.6122599840164185,1.6124199628829956,1.610610008239746,1.6111600399017334,0.0,0.053434280930368,0.02726958199222067,0.09639980103712259,0.0013874350817197536,0.0861140449960747,1.1075900937670922,1.0,0.4903000543829415,-0.04884675157223638,0.5391468059551778,0.012060912886084296,0.1186428448305265,0.4903000543829415,0.16666666666666666,0.08333333333333333,0.34466065060976775,0.625149149908694,-0.12628111088926924,0.15676434824719004,-0.23759077824050176,0.45,False,False,ACTIVE,MR_BLOCK,FIXED_2ATR,OSC_CROSS,H1.0,phase_h_2026-08-30,-0.12103239344186045,-0.3488171632487113,-0.47543578098745204,-0.4729571251735984,-0.49778067817501487,,,,,2026-09-03T14:54:31.294323+00:00
EURCAD_2026-09-02T13:00:00,EURCAD,2026-09-02 13:00:00,2026-09-02T14:05:45.914799+00:00,yahoo,FLAT,1.6112099885940552,1.6117600202560425,1.611050009727478,1.6115700006484983,0.0,0.038756537971057346,0.03658245329842482,0.10285243947434694,0.001339047613637232,0.08308963390348524,1.0667298270096361,1.0,0.518232791779874,0.02676385420804501,0.491468937571829,0.027932737396932528,0.09464175154657878,0.518232791779874,0.3333333333333333,0.08333333333333333,0.29120348140418334,0.72771443441161,-0.2193280976088541,0.27767546323622844,-0.15678814926880624,0.45,False,False,ACTIVE,MR_BLOCK,FIXED_2ATR,OSC_CROSS,H1.0,phase_h_2026-08-30,-0.23676512508451084,-0.30449590755839484,-0.3566996507601296,-0.3952283393357253,-0.3113334348714645,,,,,2026-09-03T14:54:31.329610+00:00
GOLD_2026-09-02T14:00:00,GOLD,2026-09-02 14:00:00,2026-09-02T20:16:24.663080+00:00,yahoo,FLAT,4432.89990234375,4444.39990234375,4421.39990234375,4424.2001953125,20892.0,0.7351452632865246,0.19436312809117626,0.18786862698838966,21.043234378478676,0.47563928957767937,1.0335702973164214,1.0,-2.699072064318507,-2.8205827199217857,0.12151065560327856,0.13888367777133803,0.29354128835639903,2.699072064318507,0.16666666666666666,0.125,0.5870746929579869,0.4917467951883934,0.9965861887702009,0.9793662406329446,2.3060367068504766,0.45,False,True,ACTIVE,MR_BLOCK,FIXED_2ATR,OSC_CROSS,H1.0,phase_h_2026-08-30,-0.09719933047573702,-0.018088986334703416,0.22828102095607414,1.1956941369831808,2.569949414850539,,,,,2026-09-03T16:05:30.802639+00:00
GOLD_2026-09-02T15:00:00,GOLD,2026-09-02 15:00:00,2026-09-02T20:16:34.947690+00:00,yahoo,FLAT,4424.10009765625,4427.7998046875,4411.39990234375,4419.89990234375,10859.0,0.6100904331270823,0.2486181883580121,0.19305433810849668,20.711567804569484,0.46859811901139925,1.0165066281468964,1.0,-2.5690035849031183,-2.78703883525263,0.21803525034951177,0.1300684794153888,0.4080671252437438,2.5690035849031183,0.16666666666666666,0.125,0.7717809080586406,0.3506023957414805,0.9553421690747893,0.9829924505126495,2.378208504055873,0.45,False,True,ACTIVE,MR_BLOCK,FIXED_2ATR,OSC_CROSS,H1.0,phase_h_2026-08-30,-0.10859532554017336,0.009047769238799795,0.22398476351241253,1.4276363503795588,2.5747255703325966,,,,,2026-09-03T18:05:27.892034+00:00
GOLD_2026-09-02T16:00:00,GOLD,2026-09-02 16:00:00,2026-09-02T20:16:35.191650+00:00,yahoo,FLAT,4419.7001953125,4421.7001953125,4411.10009765625,4415.10009765625,5029.0,0.5177029151070277,0.25323489504830154,0.21974910156977026,19.989319936832377,0.45274896366321754,0.9805877221788615,1.0,-2.443653212436753,-2.7412540855438463,0.2976008731070934,0.12535037246636538,0.3943025296530922,2.443653212436753,0.0,0.20833333333333334,0.7101275272401769,0.4229601895887992,0.55251932494932,0.960563768006175,2.1742839666420894,0.45,False,True,ACTIVE,MR_BLOCK,FIXED_2ATR,OSC_CROSS,H1.0,phase_h_2026-08-30,0.1879867840800697,0.5118818861716687,0.36012552359097005,1.402004506683993,2.7655114256880986,,,,,2026-09-03T18:05:27.915471+00:00
GOLD_2026-09-02T17:00:00,GOLD,2026-09-02 17:00:00,2026-09-02T20:16:35.402263+00:00,yahoo,FLAT,4415.2001953125,4427.39990234375,4411.2001953125,4423.39990234375,7180.0,0.5630076963919751,0.2824140592702663,0.19949783743346777,19.718633300719354,0.4457800274913282,0.9643263291767434,1.0,-2.2864519167096495,-2.6806137963659533,0.3941618796563038,0.1572012957271034,0.41262014760885757,2.2864519167096495,0.0,0.125,0.7181814533425652,0.14797274733533022,0.8158946771895903,0.9524021192137597,2.1565294642719968,0.45,False,True,ACTIVE,MR_BLOCK,FIXED_2ATR,OSC_CROSS,H1.0,phase_h_2026-08-30,-0.0700840467669994,0.24641458119069584,0.38658267472469465,0.9721029287272068,2.249400962985048,,,,,2026-09-03T20:22:38.341915+00:00
GOLD_2026-09-02T18:00:00,GOLD,2026-09-02 18:00:00,2026-09-02T20:16:35.573799+00:00,yahoo,FLAT,4423.7001953125,4426.2998046875,4415.89990234375,4420.2998046875,4613.0,0.651983279924896,0.25930005450581395,0.18619024010729712,19.05300966093583,0.4310343303124168,0.9317874440383934,1.0,-2.133653513076648,-2.6076857585940463,0.4740322455173982,0.15279840363300146,0.43535007182647023,2.133653513076648,0.16666666666666666,0.125,0.7726954109703678,0.16953235611243306,1.0092471984122722,0.9019452460108787,2.0435593075103067,0.45,False,True,ACTIVE,MR_BLOCK,FIXED_2ATR,OSC_CROSS,H1.0,phase_h_2026-08-30,0.39364729529313336,0.21491754902972282,0.7850190449910712,1.2306945915141592,2.321111738788575,,,,,2026-09-03T20:22:38.365602+00:00
GOLD_2026-09-02T19:00:00,GOLD,2026-09-02 19:00:00,2026-09-02T20:16:35.738149+00:00,yahoo,FLAT,4420.7998046875,4437.89990234375,4418.2998046875,4437.7001953125,4838.0,0.7659182451183438,0.36408025497619534,0.13416665768429725,19.092087374886844,0.4302248131825947,0.9292440234082711,1.0,-1.9354550732787932,-2.5180550005520126,0.5825999272732194,0.1981984397978549,0.5081981391579597,1.9354550732787932,0.0,0.041666666666666664,0.6714380788590631,0.2099848989865596,1.0732504887401761,0.9748018525522822,2.0014496237501054,0.45,False,True,ACTIVE,MR_BLOCK,FIXED_2ATR,OSC_CROSS,H1.0,phase_h_2026-08-30,-0.07662506423015687,-0.15098350536562502,0.637713307388201,0.977981847209798,1.8455483412390066,,,,,2026-09-03T20:22:38.389467+00:00
USDJPY_2026-09-02T14:00:00,USDJPY,2026-09-02 14:00:00,2026-09-02T20:16:36.919431+00:00,yahoo,FLAT,158.56100463867188,158.79299926757812,158.5469970703125,158.55999755859375,0.0,0.7102208122183696,0.5930501077288548,0.31557128734972417,0.2238924902443864,0.1412036413293018,1.7692245409214655,1.0,-0.1709538788023763,1.03212869449231,-1.2030825732946864,-0.4771899673593194,-0.9274587290522813,0.1709538788023763,0.3333333333333333,0.125,0.9787210428317916,0.011265587408400746,0.47032661673772436,0.9627034524009872,0.4350022229537181,0.45,False,True,ACTIVE,MR_BLOCK,FIXED_2ATR,OSC_CROSS,H1.0,phase_h_2026-08-30,0.030874578177998095,0.08189645270129009,-0.030230556777647574,-0.45418888340242464,-2.0126822232118577,,,,,2026-09-03T14:54:31.519914+00:00
USDJPY_2026-09-02T15:00:00,USDJPY,2026-09-02 15:00:00,2026-09-02T20:16:37.146234+00:00,yahoo,FLAT,158.73800659179688,158.8249969482422,158.6009979248047,158.79200744628906,0.0,0.48541940299578695,0.4804824077259168,0.23700910165083033,0.22682869734467578,0.14284641966088873,1.7739120977926828,1.0,-0.5203410799403662,0.8251327245679532,-1.3454738045083192,-0.3493872011379898,-1.0423030365978094,0.5203410799403662,0.16666666666666666,0.041666666666666664,0.6989923502902275,0.04439377189874667,0.15214345104975302,0.8144495248993939,0.3984488272090803,0.45,False,True,ACTIVE,MR_BLOCK,FIXED_2ATR,OSC_CROSS,H1.0,phase_h_2026-08-30,0.03148004346859726,0.0875310488264507,-0.08124657128418494,-0.6448700357552178,-2.105905362110347,,,,,2026-09-03T15:05:30.825776+00:00
USDJPY_2026-09-02T16:00:00,USDJPY,2026-09-02 16:00:00,2026-09-02T20:16:37.294863+00:00,yahoo,FLAT,158.79299926757812,158.88299560546875,158.7779998779297,158.8419952392578,0.0,0.3867567419296692,0.4455337522450891,0.23609450268396373,0.21812634235856054,0.13732284213000784,1.6914494555018054,1.0,-0.8158611051137553,0.6063335472770588,-1.422194652390814,-0.29552002517338916,-1.1220971936706985,0.8158611051137553,0.0,0.041666666666666664,0.4033227253234508,0.18598922586668076,0.025561111590525012,0.9448161587573375,0.343692058367336,0.45,False,True,ACTIVE,MR_BLOCK,FIXED_2ATR,OSC_CROSS,H1.0,phase_h_2026-08-30,0.019519938243219008,-0.05036566742578605,-0.03336257161353327,-0.6289224196769431,-2.1587495481451304,,,,,2026-09-03T16:05:30.969859+00:00
USDJPY_2026-09-02T17:00:00,USDJPY,2026-09-02 17:00:00,2026-09-02T20:16:37.468981+00:00,yahoo,FLAT,158.84300231933594,158.96400451660156,158.76499938964844,158.8730010986328,0.0,0.4316019417475728,0.42616943306747146,0.21844673050657,0.21676054125817232,0.13643636096708545,1.6670596942793785,1.0,-1.0687238188645283,0.38299256512484714,-1.4517163839893754,-0.25286271375077296,-0.8977699400621519,1.0687238188645283,0.16666666666666666,0.041666666666666664,0.42956075094358365,0.2651531812362404,-0.08128393908002678,0.6956400083265396,0.41898449548582567,0.45,False,True,ACTIVE,MR_BLOCK,FIXED_2ATR,OSC_CROSS,H1.0,phase_h_2026-08-30,0.036506301779089145,-0.11203525657802547,0.018248348692520223,-0.946666703803657,-2.1463707732142288,,,,,2026-09-03T18:05:28.024206+00:00
USDJPY_2026-09-02T18:00:00,USDJPY,2026-09-02 18:00:00,2026-09-02T20:16:37.659469+00:00,yahoo,FLAT,158.87399291992188,158.97500610351562,158.82000732421875,158.93099975585938,0.0,0.5126046110052059,0.42377258333931117,0.20885572288704374,0.2123489868323654,0.13361080415939222,1.6200408898576268,1.0,-1.2791058466611018,0.16137944355338726,-1.4404852902144891,-0.21038202779657356,-0.7587647667207357,1.2791058466611018,0.3333333333333333,0.041666666666666664,0.45736984042663476,0.30373593073660743,-0.00907363050891547,0.9045515660759351,0.5579214883667417,0.45,False,True,ACTIVE,MR_BLOCK,FIXED_2ATR,OSC_CROSS,H1.0,phase_h_2026-08-30,-0.10633944788358961,-0.16863001648856699,-0.14031699447622445,-1.1363420343631183,-2.2122848752777298,,,,,2026-09-03T18:05:28.052352+00:00
USDJPY_2026-09-02T19:00:00,USDJPY,2026-09-02 19:00:00,2026-09-02T20:16:37.846709+00:00,yahoo,FLAT,158.93699645996094,159.01300048828125,158.75100708007812,158.76199340820312,0.0,0.5522432600108373,0.4547182436167221,0.2460260285626369,0.2158950169302768,0.1359865874039357,1.636033477722125,1.0,-1.4945341426323004,-0.059409034604704425,-1.435125108027596,-0.2154282959711986,-0.6786730375185451,1.4945341426323004,0.16666666666666666,0.041666666666666664,0.8733802194488032,0.11697432976266792,-0.15091493811974252,0.8770181695112816,0.6118635998896355,0.45,False,True,ACTIVE,MR_BLOCK,FIXED_2ATR,OSC_CROSS,H1.0,phase_h_2026-08-30,-0.04219277079253017,0.01701166385029121,-0.15998652906889685,-1.078337654808544,-1.8978096858070632,,,,,2026-09-03T20:22:38.417531+00:00
US500_2026-09-02T13:30:00,US500,2026-09-02 13:30:00,2026-09-02T20:16:38.365588+00:00,yahoo,FLAT,7634.580078125,7654.7900390625,7633.6201171875,7654.7900390625,295620850.0,0.30183932274844455,0.5116421839253062,0.04785791466812691,20.318024007868075,0.26542888706528744,1.158486573416494,1.0,-0.8252451475362609,-0.3402867379296544,-0.48495840960660647,-0.04732192218512343,-0.2796927602418988,0.8252451475362609,0.0,0.08333333333333333,0.46227781671956564,0.6586837109648271,-0.22626460964799508,0.32336199533742194,-0.29428533448039473,0.45,False,False,RESEARCH_ONLY,RESEARCH_ONLY,FIXED_2ATR,OSC_CROSS,H1.0,phase_h_2026-08-30,0.13377368151626895,-0.08839516336807662,-0.03141736631051193,1.0520393181177363,,,,,,
US500_2026-09-02T14:30:00,US500,2026-09-02 14:30:00,2026-09-02T20:16:38.557296+00:00,yahoo,FLAT,7669.990234375,7681.0,7666.5400390625,7680.1201171875,305169052.0,0.032014338398788963,0.1764935492864928,0.03189656672525101,20.738876645698927,0.27003323293456005,1.1751289210571447,1.0,-0.8057497513335419,-0.40234847305017274,-0.40340127828336914,0.019495396202719006,-0.13675119058541618,0.8057497513335419,0.16666666666666666,0.08333333333333333,0.3138344659297836,0.8364940425595443,-0.2343133517777926,0.2714266812484718,-0.19483942821133757,0.45,False,False,RESEARCH_ONLY,RESEARCH_ONLY,FIXED_2ATR,OSC_CROSS,H1.0,phase_h_2026-08-30,-0.19700060131404093,-0.136716611716812,0.3046814631373131,0.8812321482907307,,,,,,
US500_2026-09-02T15:30:00,US500,2026-09-02 15:30:00,2026-09-02T20:16:38.711027+00:00,yahoo,FLAT,7680.08984375,7681.18994140625,7664.10009765625,7664.990234375,247790932.0,0.15748250194422841,0.20972081008372292,0.006167307773597666,20.47823143886329,0.26716578642233685,1.161666342063275,1.0,-0.8135042472666636,-0.4571692429457049,-0.3563350043209587,-0.007754495933121719,-0.035581021915526145,0.8135042472666636,0.0,0.0,0.2952287561503616,0.755253106392294,-0.19798523413689276,0.5110948216253826,-0.06503192581761141,0.45,False,False,RESEARCH_ONLY,RESEARCH_ONLY,FIXED_2ATR,OSC_CROSS,H1.0,phase_h_2026-08-30,-0.024920530771631873,0.08166697456347664,1.0528350925920027,0.8221736665413846,,,,,,
US500_2026-09-02T16:30:00,US500,2026-09-02 16:30:00,2026-09-02T20:16:38.902752+00:00,yahoo,FLAT,7665.10986328125,7671.169921875,7660.93017578125,7663.080078125,204291000.0,0.09842120509849363,0.2248459734887702,0.01507265625165224,19.746911057069486,0.2576889560822801,1.1206915582050212,1.0,-0.8204661126484503,-0.5056088255727377,-0.3148572870757126,-0.006961865381786669,0.004779034887810618,0.8204661126484503,0.16666666666666666,0.08333333333333333,0.2998041015361353,0.7296728542510146,-0.23474636905252574,0.1734922898056806,-0.104479932359315,0.45,False,False,RESEARCH_ONLY,RESEARCH_ONLY,FIXED_2ATR,OSC_CROSS,H1.0,phase_h_2026-08-30,0.08534478298313979,0.057028207234515536,1.0169499301261093,0.6180264697538956,,,,,,
US500_2026-09-02T17:30:00,US500,2026-09-02 17:30:00,2026-09-02T20:16:39.085598+00:00,yahoo,FLAT,7663.35009765625,7676.740234375,7660.0400390625,7669.6201171875,233292000.0,0.16888589081808228,0.21077798097411204,0.013207350012190913,19.52928850388595,0.2546317575771597,1.1073454822931383,1.0,-0.8072322737638474,-0.5458252853315523,-0.26140698843229515,0.013233838884602833,-0.001482522430305555,0.8072322737638474,0.16666666666666666,0.08333333333333333,0.4147258121421372,0.7200483697587109,-0.11323541457985242,0.6787580467715938,0.19833256201315647,0.45,False,True,RESEARCH_ONLY,RESEARCH_ONLY,FIXED_2ATR,OSC_CROSS,H1.0,phase_h_2026-08-30,0.021251154393520193,0.44200236551196115,0.9520682695563144,0.686339709570952,,,,,,
US500_2026-09-02T18:30:00,US500,2026-09-02 18:30:00,2026-09-02T20:16:39.267165+00:00,yahoo,FLAT,7669.56005859375,7671.47998046875,7662.47998046875,7671.25,269846000.0,0.3239932777454593,0.19068393754923382,0.003930039748204507,18.777196467894097,0.2447736218724992,1.064562079302506,1.0,-0.785798160337372,-0.5778216686656616,-0.2079764916717104,0.021434113426475387,0.02770608692929155,0.785798160337372,0.0,0.0,0.3533993644107223,0.7337797398252356,-0.23512230794484396,0.6759378590373,-0.00805257307387165,0.45,False,False,RESEARCH_ONLY,RESEARCH_ONLY,FIXED_2ATR,OSC_CROSS,H1.0,phase_h_2026-08-30,-0.04953305768290695,0.9703756416001303,1.0805297274727066,0.5593632882515887,,,,,,
BTCUSD_2026-09-02T14:00:00,BTCUSD,2026-09-02 14:00:00,2026-09-02T20:16:40.472694+00:00,yahoo,FLAT,77085.0,77165.390625,76965.1484375,77071.359375,9553920.0,0.19719274457988017,0.013926714896866343,0.19122686908566147,435.1063018982495,0.5645499254543925,1.141110201126518,0.0,-1.800848272650298,-1.595951902585607,-0.20489637006469086,0.03200325453340658,-0.024238891524293038,1.800848272650298,0.16666666666666666,0.0,0.3583378984925573,0.5448501081998488,-0.3265320667476175,0.9354560327593395,1.1245830330267452,0.45,False,True,ACTIVE,MR_BLOCK,FIXED_2ATR,OSC_CROSS,H1.0,phase_h_2026-08-30,0.295631246296622,0.42340983211488264,0.4580068122884092,0.9888285529455509,4.16188181606659,,,,,2026-09-03T14:54:31.815957+00:00
BTCUSD_2026-09-02T15:00:00,BTCUSD,2026-09-02 15:00:00,2026-09-02T20:16:40.661857+00:00,yahoo,FLAT,77016.75,77349.5234375,76700.5234375,77253.0390625,354033664.0,0.1498325670396258,0.00368441556176193,0.1636227346196191,450.3844231912317,0.5829989715056483,1.1748675544271643,0.0,-1.74609203988007,-1.6159705875582022,-0.13012145232186767,0.05475623277022801,0.07682597690517223,1.74609203988007,0.16666666666666666,0.08333333333333333,0.43023065870135613,0.5516757938882695,-0.34676922184965037,0.9574128041179258,0.603937906254449,0.45,False,True,ACTIVE,MR_BLOCK,FIXED_2ATR,OSC_CROSS,H1.0,phase_h_2026-08-30,-0.14640403001945007,0.12328600745783767,0.015361450687265639,0.5448612509075037,4.48909321831898,,,,,2026-09-03T15:05:31.097373+00:00
BTCUSD_2026-09-02T16:00:00,BTCUSD,2026-09-02 16:00:00,2026-09-02T20:16:40.815253+00:00,yahoo,FLAT,77244.5234375,77538.578125,77139.9375,77139.9375,258367488.0,0.17827212186209598,0.06583553590781153,0.18480794046591054,446.6884376061437,0.5790624831737046,1.1631504822975396,0.0,-1.709472830366927,-1.6284375532660322,-0.08103527710089486,0.03661920951314279,0.12337869681677738,1.709472830366927,0.0,0.08333333333333333,0.3864168319192339,0.576140365721433,0.06537674743520411,0.9650661963638318,1.1038773148404868,0.45,False,True,ACTIVE,MR_BLOCK,FIXED_2ATR,OSC_CROSS,H1.0,phase_h_2026-08-30,0.2742074266005206,0.23943903895436783,-0.17673845989310014,0.7396561768020619,4.786846388746426,,,,,2026-09-03T16:05:31.216423+00:00
BTCUSD_2026-09-02T17:00:00,BTCUSD,2026-09-02 17:00:00,2026-09-02T20:16:41.011683+00:00,yahoo,FLAT,77144.109375,77368.9296875,76922.046875,77351.4609375,0.0,0.03381570255144648,0.046595586879147353,0.1280094770556777,446.70232152713345,0.577496942026821,1.1559307871928515,0.0,-1.6451993933693558,-1.6306724652798088,-0.014526928089547031,0.06427343699757126,0.15564887928094207,1.6451993933693558,0.0,0.16666666666666666,0.5058741281682393,0.34117077473716495,-0.29447481149981897,0.8175142611042376,0.1461976636214778,0.45,False,True,ACTIVE,MR_BLOCK,FIXED_2ATR,OSC_CROSS,H1.0,phase_h_2026-08-30,-0.004110701286649502,0.03445111078319767,-0.04571261430804828,0.5554294738494253,4.78469469760944,,,,,2026-09-03T18:05:28.195727+00:00
BTCUSD_2026-09-02T18:00:00,BTCUSD,2026-09-02 18:00:00,2026-09-02T20:16:41.180428+00:00,yahoo,FLAT,77351.4609375,77486.328125,77264.421875,77348.28125,0.0,0.2911747681570411,0.031408267679712484,0.13476664918720505,430.6454592751954,0.5567615108127505,1.1113132086027873,1.0,-1.5816809270061039,-1.6241402601766484,0.04245933317054451,0.06351846636325198,0.16441111287396604,1.5816809270061039,0.0,0.16666666666666666,0.30577450309444565,0.5734347010930446,-0.09338488335832275,0.9715347774885631,1.1668883904821146,0.45,False,True,ACTIVE,MR_BLOCK,FIXED_2ATR,OSC_CROSS,H1.0,phase_h_2026-08-30,-0.030563865955327868,-0.10779166473075315,-0.41427875942621545,0.5814103820180232,4.97713265283448,,,,,2026-09-03T18:05:28.223449+00:00
BTCUSD_2026-09-02T19:00:00,BTCUSD,2026-09-02 19:00:00,2026-09-02T20:16:41.341306+00:00,yahoo,FLAT,77339.7734375,77394.0,77090.0078125,77324.640625,577718272.0,0.2016106385484324,0.019615145872129112,0.17123755715080768,421.5987970055386,0.5452321454038941,1.085318587139503,1.0,-1.5236611472749637,-1.6107430451230904,0.0870818978481267,0.05801977973114014,0.1858116830919634,1.5236611472749637,0.0,0.08333333333333333,0.6775897686129687,0.3415804620086174,0.221401315639753,0.9308765354286864,1.229097276084454,0.45,False,True,ACTIVE,MR_BLOCK,FIXED_2ATR,OSC_CROSS,H1.0,phase_h_2026-08-30,0.06914839767481946,-0.4151833877339795,-0.0014448014125510202,0.3841858301556122,5.735275604457424,,,,,2026-09-03T20:22:38.520773+00:00
ETHUSD_2026-09-02T14:00:00,ETHUSD,2026-09-02 14:00:00,2026-09-02T20:16:42.577984+00:00,yahoo,FLAT,2400.800048828125,2402.7099609375,2395.070068359375,2399.570068359375,136343552.0,0.13768630897836293,0.08079111104341667,0.22744374899412367,17.187828334077913,0.7162878284204266,1.1331468046587028,0.0,-1.8450594631650397,-1.5538101808705382,-0.2912492822945014,0.023446954279088494,-0.05363106459126388,1.8450594631650397,0.16666666666666666,0.08333333333333333,0.3085246102154255,0.6487484218697872,-0.28220474265901985,0.9657726708506814,1.5895593018204497,0.45,False,True,ACTIVE,MR_BLOCK,FIXED_2ATR,OSC_CROSS,H1.0,phase_h_2026-08-30,-0.13954827201274284,-0.04010699550866931,-0.02631639074576979,0.4783769029402548,3.5120141463860457,,,,,2026-09-03T14:54:32.022606+00:00
ETHUSD_2026-09-02T15:00:00,ETHUSD,2026-09-02 15:00:00,2026-09-02T20:16:42.781712+00:00,yahoo,FLAT,2392.510009765625,2397.2099609375,2378.3798828125,2390.159912109375,302950400.0,0.2937315844065245,0.16810748045175525,0.246666286689585,17.473710992134848,0.7310686997805877,1.152151897663307,0.0,-1.8493366028168845,-1.5932137037967178,-0.2561228990201667,-0.004277139651844841,-0.004408067347838607,1.8493366028168845,0.0,0.08333333333333333,0.31707575740822314,0.7130307930516722,-0.48668157971708864,0.9713929342789049,2.0565873515265034,0.45,False,True,ACTIVE,MR_BLOCK,FIXED_2ATR,OSC_CROSS,H1.0,phase_h_2026-08-30,-0.22466584849278787,0.1627563368894786,-0.021337893043938797,0.5079215268084734,4.185495646365025,,,,,2026-09-03T15:05:31.270837+00:00
ETHUSD_2026-09-02T16:00:00,ETHUSD,2026-09-02 16:00:00,2026-09-02T20:16:42.932654+00:00,yahoo,FLAT,2389.52001953125,2403.25,2383.300048828125,2384.7900390625,44400640.0,0.31597709937236634,0.209663138641487,0.27514053643610636,17.650585290687715,0.7401316259114555,1.1615375854156897,0.0,-1.8707195200138649,-1.6302144792923374,-0.24050504072152745,-0.021382917196980378,-0.0022131025697367246,1.8707195200138649,0.16666666666666666,0.08333333333333333,0.3698902360621189,0.7061982976877311,-0.49472708801461507,0.9728630388326263,1.716494827443819,0.45,False,True,ACTIVE,MR_BLOCK,FIXED_2ATR,OSC_CROSS,H1.0,phase_h_2026-08-30,0.32497619803237066,0.298553454612463,-0.2541128776322929,0.7715522977856492,4.796224444876691,,,,,2026-09-03T16:05:31.341933+00:00
ETHUSD_2026-09-02T17:00:00,ETHUSD,2026-09-02 17:00:00,2026-09-02T20:16:43.083704+00:00,yahoo,FLAT,2385.06005859375,2393.409912109375,2371.739990234375,2392.5400390625,38095872.0,0.20928261235338844,0.12848970860331146,0.22287891506298738,17.937680760995736,0.7497337753237555,1.1711107133018068,0.0,-1.8680546161274325,-1.661926497537017,-0.20612811859041558,0.002664903886432368,-0.02299515296239285,1.8680546161274325,0.16666666666666666,0.0,0.5612823846781146,0.5653453414951193,-0.34118826195543533,0.9825468029667727,1.7137156211643731,0.45,False,True,ACTIVE,MR_BLOCK,FIXED_2ATR,OSC_CROSS,H1.0,phase_h_2026-08-30,0.06311324955785011,0.013796137979339262,-0.07147052544918062,0.4593440467011516,4.511939169643925,,,,,2026-09-03T18:05:28.286841+00:00
ETHUSD_2026-09-02T18:00:00,ETHUSD,2026-09-02 18:00:00,2026-09-02T20:16:43.308905+00:00,yahoo,FLAT,2392.7099609375,2398.530029296875,2389.639892578125,2394.050048828125,0.0,0.0241658613159342,0.10485446446918675,0.22495356235538297,17.29142761512104,0.7222667556004146,1.1237366085677825,0.0,-1.8588839387058547,-1.688187489692862,-0.17069644901299275,0.009170677421577844,-0.009547335888970165,1.8588839387058547,0.0,0.08333333333333333,0.4861900571426557,0.5857974600665865,-0.22467630791325208,0.9353543584073026,1.0553683236609728,0.45,False,True,ACTIVE,MR_BLOCK,FIXED_2ATR,OSC_CROSS,H1.0,phase_h_2026-08-30,-0.08939398404797702,-0.1837950917746623,-0.6244627667325887,0.5588806641302,4.592633776628643,,,,,2026-09-03T18:05:28.315605+00:00
ETHUSD_2026-09-02T19:00:00,ETHUSD,2026-09-02 19:00:00,2026-09-02T20:16:43.501726+00:00,yahoo,FLAT,2393.780029296875,2396.330078125,2382.389892578125,2391.909912109375,314204160.0,0.059476592708143185,0.15284208910413194,0.2593729640399803,17.052053181674896,0.712905327050426,1.1047680864216067,0.0,-1.8545670929058047,-1.710371436787921,-0.14419565611788365,0.004316845800049984,0.016152427108060197,1.8545670929058047,0.0,0.0,0.45243012254423726,0.6817834085242762,-0.2790462930482852,0.9464001557591953,1.1233991046325051,0.45,False,True,ACTIVE,MR_BLOCK,FIXED_2ATR,OSC_CROSS,H1.0,phase_h_2026-08-30,0.0401438646691428,-0.5510212392991798,-0.25920504532745525,0.2274410720626771,5.261071382895407,,,,,2026-09-03T20:22:38.548916+00:00
EURCAD_2026-09-02T14:00:00,EURCAD,2026-09-02 14:00:00,2026-09-02T20:16:44.777849+00:00,yahoo,FLAT,1.609179973602295,1.6092900037765503,1.6078200340270996,1.6084500551223757,0.0,0.31362034239677605,0.1288343558282109,0.02688678300241564,0.001552003877601014,0.09649064779216492,1.23121709178782,0.0,0.41914119679615974,0.07941486069577128,0.3397263361003885,-0.09964286492533275,-0.05975195325493837,0.41914119679615974,0.16666666666666666,0.0,0.6412321834162896,0.31744558091782066,0.04089739775091198,0.4977601865754173,0.037851537081961366,0.45,False,True,ACTIVE,MR_BLOCK,FIXED_2ATR,OSC_CROSS,H1.0,phase_h_2026-08-30,0.00872498555922071,-0.09281156979123376,-0.10526416620215237,-0.14825049931048953,-0.19122940689924334,,,,,2026-09-03T14:54:32.238811+00:00
EURCAD_2026-09-02T15:00:00,EURCAD,2026-09-02 15:00:00,2026-09-02T20:16:45.030381+00:00,yahoo,FLAT,1.6054099798202517,1.606060028076172,1.6039199829101562,1.6055400371551514,0.0,0.46457574359026416,0.3014711253305366,0.1405912299542155,0.0017647230443594744,0.10991460838848832,1.3958806243884334,0.0,0.20609686459178914,0.09630579454857366,0.10979107004321548,-0.2130443322043706,-0.28480770450249304,0.20609686459178914,0.0,0.0,0.8839941585205612,0.18368001500908515,0.06115244868910958,0.6537455974110774,0.16195376964491762,0.45,False,True,ACTIVE,MR_BLOCK,FIXED_2ATR,OSC_CROSS,H1.0,phase_h_2026-08-30,-0.07660982729302687,-0.12706183121395317,-0.12768552044564674,-0.12706183121395317,-0.2161305933972397,,,,,2026-09-03T15:05:31.453985+00:00
EURCAD_2026-09-02T16:00:00,EURCAD,2026-09-02 16:00:00,2026-09-02T20:16:45.192681+00:00,yahoo,FLAT,1.605530023574829,1.6062099933624268,1.6038800477981567,1.6043100357055664,0.0,0.4885902137517874,0.3527342500799578,0.1880878692782197,0.001805096081495942,0.11251541418564218,1.4219983109709904,1.0,-0.04787683080918938,0.07708144450087193,-0.1249582753100613,-0.2539736954009785,-0.5666608925306819,0.04787683080918938,0.16666666666666666,0.0,0.9598552339434842,0.013297302155953875,0.3523837544986583,0.7373047322661878,0.33119350900973343,0.45,False,True,ACTIVE,MR_BLOCK,FIXED_2ATR,OSC_CROSS,H1.0,phase_h_2026-08-30,-0.024936973953196957,-0.052363186963104574,-0.03241212168767733,-0.04924234993678076,-0.16144387159747028,,,,,2026-09-03T16:05:31.483861+00:00
EURCAD_2026-09-02T17:00:00,EURCAD,2026-09-02 17:00:00,2026-09-02T20:16:45.347734+00:00,yahoo,FLAT,1.604290008544922,1.6045000553131104,1.603369951248169,1.603909969329834,0.0,0.732859851460804,0.4145445034826525,0.19161150186180875,0.0017568823660277608,0.10953746778953208,1.3783879420961416,1.0,-0.3039468247013848,0.026277675273904365,-0.33022449997528913,-0.2560699938921954,-0.7230880214975446,0.3039468247013848,0.16666666666666666,0.08333333333333333,0.9320278450813089,0.02423529434840066,0.372644363612128,0.8885656204548907,0.39632087879758604,0.45,False,True,ACTIVE,MR_BLOCK,FIXED_2ATR,OSC_CROSS,H1.0,phase_h_2026-08-30,-0.025560084705778825,-0.01246416459774315,-0.013088487690281043,0.03679046795394161,-0.0361587124436214,,,,,2026-09-03T18:05:28.376452+00:00
EURCAD_2026-09-02T18:00:00,EURCAD,2026-09-02 18:00:00,2026-09-02T20:16:45.543645+00:00,yahoo,FLAT,1.6038899421691897,1.6039999723434448,1.6026400327682495,1.6035000085830688,0.0,0.8209122421373336,0.41488278670483875,0.2072888086027435,0.0017285293095397288,0.10779727472949265,1.351433834587135,1.0,-0.561062086700977,-0.05203429298941315,-0.5090277937115638,-0.2571152619995922,-0.7671589512927661,0.561062086700977,0.16666666666666666,0.08333333333333333,0.8917351306824274,0.039712973771816054,0.28549490258131094,0.9514602412808686,0.34131497002021804,0.45,False,True,ACTIVE,MR_BLOCK,FIXED_2ATR,OSC_CROSS,H1.0,phase_h_2026-08-30,-0.0018734481325848164,-0.0006244827108616055,0.0024904965254599746,0.06423250740290799,-0.005612910079768002,,,,,2026-09-03T18:05:28.404406+00:00
EURCAD_2026-09-02T19:00:00,EURCAD,2026-09-02 19:00:00,2026-09-02T20:16:45.696136+00:00,yahoo,FLAT,1.6035000085830688,1.6035300493240356,1.6024399995803833,1.603469967842102,0.0,0.8829926339188782,0.40874146775472675,0.20986391513555877,0.0016829236262620585,0.10495510736174762,1.3115010505654836,1.0,-0.8007779324679438,-0.15186677825321723,-0.6489111542147266,-0.2397158457669668,-0.7529011016587545,0.8007779324679438,0.3333333333333333,0.16666666666666666,0.9192869570340859,0.07114834938309444,0.35379256114922486,0.9847768527197955,0.39011152848780944,0.45,False,True,ACTIVE,MR_BLOCK,FIXED_2ATR,OSC_CROSS,H1.0,phase_h_2026-08-30,0.014972996936023279,0.019961517762293785,-0.03866661224643947,-0.023693615310402344,-0.027440581773059046,,,,,2026-09-03T20:22:38.577559+00:00
GOLD_2026-09-02T20:00:00,GOLD,2026-09-02 20:00:00,2026-09-03T01:42:03.140252+00:00,yahoo,FLAT,4437.39990234375,4438.2001953125,4435.2001953125,4435.60009765625,408.0,0.7301280720597129,0.4099830484802511,0.12710166853615806,17.94265256239493,0.40451465793491487,0.8735550527160896,1.0,-1.745084356677755,-2.414992248035445,0.6699078913576899,0.19037071660103821,0.5413675600318946,1.745084356677755,0.0,0.041666666666666664,0.9603906236073234,0.0706275052138785,1.091151863732784,0.9458893111064667,1.6437023103970594,0.45,False,True,ACTIVE,MR_BLOCK,FIXED_2ATR,OSC_CROSS,H1.0,phase_h_2026-08-30,-0.10148163629448438,0.139823547923976,0.9652097254115699,0.8930406016839169,1.9394268269612571,,,,,2026-09-04T02:56:41.874283+00:00
USDJPY_2026-09-02T20:00:00,USDJPY,2026-09-02 20:00:00,2026-09-03T01:42:20.965944+00:00,yahoo,FLAT,158.76199340820312,158.78399658203125,158.60499572753906,158.66099548339844,0.0,0.6162718515055601,0.5140963861244967,0.28359602532472894,0.21325971961327042,0.13441219057243653,1.6048511802057797,1.0,-1.6956484725223722,-0.2775742929937268,-1.4180741795286453,-0.20111432989007172,-0.6269246536578439,1.6956484725223722,0.0,0.041666666666666664,0.5935211607750494,0.5503873271709578,-0.17546790067677528,0.8492640333164986,0.4265953222826335,0.45,False,True,ACTIVE,MR_BLOCK,FIXED_2ATR,OSC_CROSS,H1.0,phase_h_2026-08-30,-0.020172619159795988,0.1304297325560689,-0.42408653034411914,-1.258394521047407,-1.8482080598940256,,,,,2026-09-03T20:22:38.631037+00:00
US500_2026-09-02T19:30:00,US500,2026-09-02 19:30:00,2026-09-03T01:42:22.500905+00:00,yahoo,FLAT,7670.89013671875,7671.2900390625,7664.10986328125,7667.4501953125,399623000.0,0.3999749396272839,0.002692103362443069,0.020148804057472266,17.94883784741952,0.2340913522776131,1.0181117797375707,1.0,-0.7685363046304214,-0.6032502867942963,-0.16528601783612518,0.017261855706950602,0.05192980801802882,0.7685363046304214,0.0,0.0,0.2771845264723538,0.7766379307452154,-0.1530848970012595,0.8412068001053898,0.3100271441085192,0.45,False,True,RESEARCH_ONLY,RESEARCH_ONLY,FIXED_2ATR,OSC_CROSS,H1.0,phase_h_2026-08-30,0.4704278906278557,0.9593746087515598,1.0837971849599102,0.6078926121977938,,,,,,
BTCUSD_2026-09-02T20:00:00,BTCUSD,2026-09-02 20:00:00,2026-09-03T01:42:25.924639+00:00,yahoo,FLAT,77332.9921875,77502.1015625,77250.1328125,77250.1328125,108654592.0,0.41834317944879573,0.02168564546977659,0.18677047486229695,409.4823650765715,0.530073347667193,1.0524553496531175,1.0,-1.4770308953829558,-1.5929147584910726,0.11588386310811671,0.04663025189200787,0.1681684979864,1.4770308953829558,0.0,0.0,0.4160765860479771,0.5620572205237876,-0.21502820681793938,0.9785809789534325,0.693632854596604,0.45,False,True,ACTIVE,MR_BLOCK,FIXED_2ATR,OSC_CROSS,H1.0,phase_h_2026-08-30,-0.14629864429922948,-0.08013611730869458,0.5284016252174034,0.549281238496272,5.212381408743873,,,,,2026-09-03T20:22:38.671243+00:00
ETHUSD_2026-09-02T20:00:00,ETHUSD,2026-09-02 20:00:00,2026-09-03T01:42:29.446474+00:00,yahoo,FLAT,2392.7099609375,2398.820068359375,2389.199951171875,2389.199951171875,296164352.0,0.2758557294382933,0.11829906211833748,0.26086401476736876,16.521200610662405,0.6914951007997027,1.0676276162047915,0.0,-1.8557640202925703,-1.729757114588541,-0.12600690570402917,-0.0011969273867655783,0.01229059583486225,1.8557640202925703,0.0,0.08333333333333333,0.4838435778728363,0.479828697696609,-0.11525051185377998,0.9690028981663723,1.9794147781869331,0.45,False,True,ACTIVE,MR_BLOCK,FIXED_2ATR,OSC_CROSS,H1.0,phase_h_2026-08-30,-0.13457541304142884,-0.08525490154466864,0.5048261457071157,0.39659445643164365,4.8046891420189946,,,,,2026-09-03T20:22:38.698993+00:00
EURCAD_2026-09-02T20:00:00,EURCAD,2026-09-02 20:00:00,2026-09-03T01:42:32.407015+00:00,yahoo,FLAT,1.6034200191497805,1.604009985923767,1.6030000448226929,1.6038700342178345,0.0,0.7956602690961387,0.35303904013987136,0.1888013850474122,0.0016348534458914986,0.10193179066960832,1.2697481634957952,1.0,-1.009436178958254,-0.2662093650138888,-0.7432268139443652,-0.20865824649031017,-0.7054893542568692,1.009436178958254,0.3333333333333333,0.16666666666666666,0.9204031799493056,0.11176849791871428,0.09706634302016225,0.9629199236549797,0.45357627010138374,0.45,False,True,ACTIVE,MR_BLOCK,FIXED_2ATR,OSC_CROSS,H1.0,phase_h_2026-08-30,-0.0137219535274611,-0.0006244009188961733,-0.04303162999485446,-0.07358267495583665,-0.07981925080065026,,,,,2026-09-03T20:22:38.729183+00:00
GOLD_2026-09-02T22:00:00,GOLD,2026-09-02 22:00:00,2026-09-03T02:05:31.521845+00:00,yahoo,FLAT,4436.39990234375,4438.10009765625,4428.39990234375,4429.7998046875,0.0,0.45388082697970517,0.5114280968059062,0.10861312095095471,17.610535870090803,0.397546991885633,0.8576423110861394,1.0,-1.5575458488036196,-2.291140642153536,0.7335947933499165,0.17236109995866178,0.5590968859334775,1.5575458488036196,0.16666666666666666,0.20833333333333334,0.9587456152334236,0.06066194388698285,0.5352006430388129,0.9091350454593984,1.7367620268657311,0.45,False,True,ACTIVE,MR_BLOCK,FIXED_2ATR,OSC_CROSS,H1.0,phase_h_2026-08-30,0.027093669362439003,0.5688788754253364,1.2009616158320502,0.9797370657489944,2.0723350267795237,,,,,2026-09-04T02:56:41.935077+00:00
GOLD_2026-09-02T23:00:00,GOLD,2026-09-02 23:00:00,2026-09-03T02:05:45.414348+00:00,yahoo,FLAT,4430.2001953125,4434.39990234375,4426.7001953125,4431.0,1695.0,0.4769206295900241,0.4804225939483805,0.1430680917589869,16.90261952445932,0.38146286446534233,0.8238268033169821,1.0,-1.3879333411088206,-2.170713002014241,0.7827796609054203,0.16961250769479896,0.5314008555492378,1.3879333411088206,0.16666666666666666,0.16666666666666666,0.9435942612572451,0.1388668449112467,0.4591954967814194,0.7726208879840337,1.3303906888505461,0.45,False,True,ACTIVE,MR_BLOCK,FIXED_2ATR,OSC_CROSS,H1.0,phase_h_2026-08-30,0.2143985556307831,0.7898894154818324,1.0381403746332656,1.336045933480027,2.1642947944877,,,,,2026-09-04T02:56:41.971990+00:00
GOLD_2026-09-03T00:00:00,GOLD,2026-09-03 00:00:00,2026-09-03T02:05:46.198681+00:00,yahoo,FLAT,4431.2001953125,4442.89990234375,4427.7998046875,4440.5,3459.0,0.11485314350661004,0.5183690593827113,0.09284444928009285,16.773867962444367,0.37774727986587925,0.8167879628799244,1.0,-1.2078542606634126,-2.042331836500797,0.8344775758373844,0.180079080445408,0.5220526880988687,1.2078542606634126,0.16666666666666666,0.08333333333333333,0.8648932696801691,0.1752074637897503,0.33044027573718493,0.8111865801309177,0.751869982958209,0.45,False,True,ACTIVE,MR_BLOCK,FIXED_2ATR,OSC_CROSS,H1.0,phase_h_2026-08-30,0.32653980407611755,0.8242337046785273,0.5832654508219794,2.2610044441785835,2.0808445522745185,,,,,2026-09-04T02:56:42.008223+00:00
GOLD_2026-09-03T01:00:00,GOLD,2026-09-03 01:00:00,2026-09-03T02:05:46.933783+00:00,yahoo,FLAT,4440.7998046875,4454.89990234375,4432.2001953125,4453.0,8667.0,0.417382566483151,0.5382074747656527,0.03856579477633422,17.197142181644768,0.38619227895002844,0.8357361377148258,1.0,-1.0140907530173586,-1.905233025369672,0.8911422723523135,0.193763507646054,0.5434550957862609,1.0140907530173586,0.0,0.0,0.8783189890393093,0.05901776883415948,0.6788752330617001,0.8579152504735976,1.4843434687672226,0.45,False,True,ACTIVE,MR_BLOCK,FIXED_2ATR,OSC_CROSS,H1.0,phase_h_2026-08-30,0.24691358024691357,0.6285072951739619,0.4422041596520763,1.3939415859988777,1.5757619598765433,,,,,2026-09-04T02:56:42.045183+00:00
USDJPY_2026-09-02T21:00:00,USDJPY,2026-09-02 21:00:00,2026-09-03T02:05:49.981743+00:00,yahoo,FLAT,158.6739959716797,158.7220001220703,158.6269989013672,158.66299438476562,0.0,0.5684888498179013,0.5632034173016042,0.2892252971917114,0.22944337039007576,0.1446105131696079,1.667092456188347,1.0,-1.8918408274294436,-0.5527048968656604,-1.339135930563783,-0.15417004247190813,-0.5361518036911879,1.8918408274294436,0.16666666666666666,0.125,0.15928055079715528,0.7320685850475191,-0.3263073665378581,0.7275232110947835,0.2939100225129528,0.45,False,True,ACTIVE,MR_BLOCK,FIXED_2ATR,OSC_CROSS,H1.0,phase_h_2026-08-30,0.07941806504202964,0.02836084691316849,-0.5640817615615411,-1.4206197301863084,-1.7741926487222999,,,,,2026-09-04T02:56:42.095920+00:00
USDJPY_2026-09-02T22:00:00,USDJPY,2026-09-02 22:00:00,2026-09-03T02:05:50.976962+00:00,yahoo,FLAT,158.6739959716797,158.83999633789062,158.656005859375,158.78900146484375,0.0,0.44730494876751226,0.48306037251123957,0.27280969702202984,0.22619673525618642,0.1424511352609437,1.6282769275471924,1.0,-1.9942201918733216,-0.7449069362000151,-1.2493132556733064,-0.10237936444387796,-0.4412563651042818,1.9942201918733216,0.16666666666666666,0.125,0.3023604917895419,0.7492515005876528,-0.3181013423604321,0.4990459122053309,0.3462124899546326,0.45,False,True,ACTIVE,MR_BLOCK,FIXED_2ATR,OSC_CROSS,H1.0,phase_h_2026-08-30,0.07115816080802613,-0.17696808770298575,-0.5957586084557996,-1.5567829630930823,-1.6802166667499487,,,,,2026-09-04T02:56:42.142104+00:00
USDJPY_2026-09-02T23:00:00,USDJPY,2026-09-02 23:00:00,2026-09-03T02:05:51.796034+00:00,yahoo,FLAT,158.76800537109375,158.93499755859375,158.75100708007812,158.90199279785156,0.0,0.3835568716251524,0.4203735495073613,0.24924871902621273,0.2231820026318606,0.14045261403095388,1.5926066240059609,1.0,-2.0491362236876447,-0.918804174531699,-1.1303320491559457,-0.05491603181432314,-0.31146543873010923,2.0491362236876447,0.3333333333333333,0.16666666666666666,0.37524171389397426,0.7882611267421762,-0.19320147790526188,0.564037436141366,0.2838434663648251,0.45,False,True,ACTIVE,MR_BLOCK,FIXED_2ATR,OSC_CROSS,H1.0,phase_h_2026-08-30,-0.12208798689354636,-0.553793950931077,-0.964739003558835,-1.7708999816685569,-2.05660738091692,,,,,2026-09-04T02:56:42.190227+00:00
USDJPY_2026-09-03T00:00:00,USDJPY,2026-09-03 00:00:00,2026-09-03T02:05:52.500387+00:00,yahoo,FLAT,158.89300537109375,158.96800231933594,158.54200744628906,158.70799255371094,0.0,0.039197594149408786,0.43707093821510296,0.2721570990359334,0.23766863623293308,0.14975215325245816,1.68243066169605,1.0,-2.111140590848125,-1.0777823633738892,-1.0333582274742357,-0.06200436716048019,-0.2192997634186813,2.111140590848125,0.3333333333333333,0.08333333333333333,0.39659562445255786,0.7195478232992558,-0.2614749188391528,0.5401659467668928,0.32350857201437955,0.45,False,True,ACTIVE,MR_BLOCK,FIXED_2ATR,OSC_CROSS,H1.0,phase_h_2026-08-30,-0.12601567509242062,-0.5922746343723497,-0.9974245961023113,-1.9841387731878406,-1.8556041306067337,,,,,2026-09-04T02:56:42.244561+00:00
USDJPY_2026-09-03T01:00:00,USDJPY,2026-09-03 01:00:00,2026-09-03T02:05:53.202736+00:00,yahoo,FLAT,158.70599365234375,158.7259979248047,158.21800231933594,158.50799560546875,0.0,0.2720443151756091,0.42260878087024695,0.34024897663527787,0.25697770546406284,0.16212286609420526,1.8018298794968441,1.0,-2.1779663019021935,-1.224473555177663,-0.9534927467245304,-0.06682571105406865,-0.18374611002887198,2.1779663019021935,0.3333333333333333,0.0,0.40408627978913453,0.6091753618228049,-0.06639218505587807,0.8129951984305875,0.5899168765495136,0.45,False,True,ACTIVE,MR_BLOCK,FIXED_2ATR,OSC_CROSS,H1.0,phase_h_2026-08-30,-0.3066043638898034,-0.4195329602097809,-0.9198227181800503,-1.9752925977909084,-1.6781414673497637,,,,,2026-09-04T02:56:42.332996+00:00
BTCUSD_2026-09-02T21:00:00,BTCUSD,2026-09-02 21:00:00,2026-09-03T02:05:56.192938+00:00,yahoo,FLAT,77378.109375,77404.2578125,77216.1484375,77264.90625,0.0,0.3219136648242843,0.09185898404611299,0.2600690598736074,423.33154538215115,0.5478962777906058,1.074352282947223,1.0,-1.4145003990558176,-1.5639180562707526,0.14941765721493505,0.0493152261226415,0.15320390449791144,1.4145003990558176,0.16666666666666666,0.08333333333333333,0.4856569381861827,0.30296780678191615,-0.020077380861102504,0.9623387996123774,0.6785700738189296,0.45,False,True,ACTIVE,MR_BLOCK,FIXED_2ATR,OSC_CROSS,H1.0,phase_h_2026-08-30,-0.33819323698461096,-0.3068178187299619,0.5294184738624464,0.3961614203084599,5.6109318711559295,,,,,2026-09-04T02:56:42.399215+00:00
BTCUSD_2026-09-02T22:00:00,BTCUSD,2026-09-02 22:00:00,2026-09-03T02:05:57.071718+00:00,yahoo,FLAT,77256.671875,77256.671875,76989.640625,77003.6015625,0.0,0.27895750481478704,0.08530402730508463,0.24258992293986686,412.75540821199746,0.5360209130958432,1.0479978017689098,1.0,-1.4014641745151541,-1.5422575387033395,0.14079336418818533,0.013036224540663444,0.10859491100059837,1.4014641745151541,0.16666666666666666,0.16666666666666666,0.18627006850387684,0.6063789266078979,-0.33141488353550685,0.9613422461426724,1.2275602541731205,0.45,False,True,ACTIVE,MR_BLOCK,FIXED_2ATR,OSC_CROSS,H1.0,phase_h_2026-08-30,0.40582517396457,0.4154635218462286,0.9180171260252539,0.9155111555760227,5.391904863216118,,,,,2026-09-04T02:56:42.458622+00:00
BTCUSD_2026-09-02T23:00:00,BTCUSD,2026-09-02 23:00:00,2026-09-03T02:05:57.785689+00:00,yahoo,FLAT,77006.59375,77347.359375,76980.0,77316.1015625,0.0,0.15302938601387917,0.05978993945593605,0.17864258430856889,409.5128344111405,0.5296604796868899,1.0324762668827794,1.0,-1.3460435232925654,-1.5160956699819028,0.17005214668933744,0.05542065122258877,0.11777210188589371,1.3460435232925654,0.16666666666666666,0.16666666666666666,0.4543213889157702,0.6501435848746941,-0.32345908054616684,0.876104997838099,0.5813784821407502,0.45,False,True,ACTIVE,MR_BLOCK,FIXED_2ATR,OSC_CROSS,H1.0,phase_h_2026-08-30,-0.3728302470954011,0.609025792149335,0.6014170115963676,0.7684969404719525,5.1171221712488935,,,,,2026-09-04T02:56:42.512710+00:00
BTCUSD_2026-09-03T00:00:00,BTCUSD,2026-09-03 00:00:00,2026-09-03T02:05:58.499631+00:00,yahoo,FLAT,77302.84375,77363.3125,76955.75,77027.84375,510392320.0,0.0016436622018948057,0.13702589434686074,0.12250932885271822,409.3735248103448,0.5314617479609052,1.0326795018850767,1.0,-1.3303552817604878,-1.4913302848857142,0.1609750031252264,0.015688241532077596,0.08414511729532981,1.3303552817604878,0.16666666666666666,0.16666666666666666,0.3645831042142351,0.6047804495988588,-0.3650394013448202,0.6815962329112203,0.3678477701604356,0.45,False,True,ACTIVE,MR_BLOCK,FIXED_2ATR,OSC_CROSS,H1.0,phase_h_2026-08-30,0.38386078735327445,0.8388099108642126,0.9998312298596571,2.068661453995329,5.127326117057509,,,,,2026-09-04T02:56:42.569151+00:00
BTCUSD_2026-09-03T01:00:00,BTCUSD,2026-09-03 01:00:00,2026-09-03T02:05:59.210502+00:00,yahoo,FLAT,77035.1015625,77512.4921875,76937.859375,77323.5234375,1347536896.0,0.04409493460538406,0.07466856511355499,0.08092595880681819,421.1777596453202,0.5446955091043606,1.0545099201000847,1.0,-1.2708139316723561,-1.4619281044572665,0.19111417278491039,0.05954135008813166,0.13065024284279803,1.2708139316723561,0.16666666666666666,0.08333333333333333,0.152978671153568,0.4665213283797662,-0.271834504159441,0.6301806748248354,0.016887595199511673,0.45,False,True,ACTIVE,MR_BLOCK,FIXED_2ATR,OSC_CROSS,H1.0,phase_h_2026-08-30,0.5993688652517309,0.500474315960002,0.38563620324547504,1.9404165392343513,4.722719911298015,,,,,2026-09-04T02:56:42.619763+00:00
ETHUSD_2026-09-02T21:00:00,ETHUSD,2026-09-02 21:00:00,2026-09-03T02:06:02.465063+00:00,yahoo,FLAT,2392.820068359375,2394.280029296875,2388.429931640625,2389.64990234375,0.0,0.1510637097229276,0.05956320204845999,0.32846343371237696,16.996779662312235,0.7112665183984451,1.0818712315702999,0.0,-1.8384089021844532,-1.7469427138571716,-0.0914661883272816,0.007567055076140861,0.014547010848426023,1.8384089021844532,0.16666666666666666,0.16666666666666666,0.5118731780638947,0.6197930668685061,-0.24774902824690256,0.9825065701893959,1.5060318401706527,0.45,False,True,ACTIVE,MR_BLOCK,FIXED_2ATR,OSC_CROSS,H1.0,phase_h_2026-08-30,-0.45696743545110213,-0.4414790918599764,0.5293723767639701,0.1188495389152806,5.101590661060077,,,,,2026-09-04T02:56:42.663958+00:00
ETHUSD_2026-09-02T22:00:00,ETHUSD,2026-09-02 22:00:00,2026-09-03T02:06:03.296240+00:00,yahoo,FLAT,2389.39990234375,2389.429931640625,2377.85009765625,2378.72998046875,0.0,0.031970367693558585,0.2055017031745682,0.3237342018451886,16.625567164111363,0.698926204345192,1.0589983482020975,0.0,-1.8595859986076861,-1.7619618184905737,-0.09762418011711249,-0.021177096423232955,-0.012896993080106611,1.8595859986076861,0.16666666666666666,0.16666666666666666,0.3728376473572875,0.6845910552418972,-0.365885203133681,0.8856563122169963,1.498449593492435,0.45,False,True,ACTIVE,MR_BLOCK,FIXED_2ATR,OSC_CROSS,H1.0,phase_h_2026-08-30,0.508678906626702,0.2934330725244625,1.0282781626471091,0.715929484922836,4.9694568912023245,,,,,2026-09-04T02:56:42.707420+00:00
ETHUSD_2026-09-02T23:00:00,ETHUSD,2026-09-02 23:00:00,2026-09-03T02:06:04.048969+00:00,yahoo,FLAT,2378.830078125,2392.429931640625,2377.010009765625,2390.830078125,0.0,0.19977785043422178,0.1478634024113814,0.27367095691102405,16.53944964346055,0.6917869151299767,1.0440867797500124,0.0,-1.8399684114185282,-1.7723626975476343,-0.06760571387089387,0.01961758718915796,0.0060075458420658645,1.8399684114185282,0.16666666666666666,0.16666666666666666,0.3688223010580389,0.6824888485947664,-0.18704102791014157,0.9467924508812551,1.9333073194682062,0.45,False,True,ACTIVE,MR_BLOCK,FIXED_2ATR,OSC_CROSS,H1.0,phase_h_2026-08-30,-0.49062376185049483,0.5905845495280225,0.5311942194501288,0.6370164324138861,4.8761237802312705,,,,,2026-09-04T02:56:42.751439+00:00
ETHUSD_2026-09-03T00:00:00,ETHUSD,2026-09-03 00:00:00,2026-09-03T02:06:04.837742+00:00,yahoo,FLAT,2390.800048828125,2394.419921875,2378.389892578125,2379.10009765625,237778944.0,0.24818851251840943,0.21487094496853215,0.2409466344218815,16.503062475847297,0.6936682694479794,1.04264870532587,0.0,-1.8527051811702695,-1.7830750286973192,-0.06963015247295035,-0.012736769751741317,-0.014296278985816313,1.8527051811702695,0.16666666666666666,0.16666666666666666,0.134488227527683,0.7886637695354108,-0.6289437584140471,0.9498294357916277,2.3125779088381084,0.45,False,True,ACTIVE,MR_BLOCK,FIXED_2ATR,OSC_CROSS,H1.0,phase_h_2026-08-30,0.27783039846712,0.9751565810421442,1.1907794048801852,1.8204284256804197,5.144798340529312,,,,,2026-09-04T02:56:42.791297+00:00
ETHUSD_2026-09-03T01:00:00,ETHUSD,2026-09-03 01:00:00,2026-09-03T02:06:05.646317+00:00,yahoo,FLAT,2378.35009765625,2392.9599609375,2369.97998046875,2385.7099609375,704827392.0,0.07260509155801995,0.22127209475113,0.23011463660613582,16.965699475340347,0.7111383928947266,1.0640248771304517,0.0,-1.8387559309163901,-1.7904991489931954,-0.048256781923194714,0.013949250253879386,0.020830067691296028,1.8387559309163901,0.16666666666666666,0.08333333333333333,0.2803193631119323,0.803732003714381,-0.2396730300340776,0.8466249221165334,0.8858694647449145,0.45,False,True,ACTIVE,MR_BLOCK,FIXED_2ATR,OSC_CROSS,H1.0,phase_h_2026-08-30,0.8064681184805198,0.7326951203188581,0.4879108068181028,1.8367726620949036,5.068928479181258,,,,,2026-09-04T02:56:42.819926+00:00
EURCAD_2026-09-02T21:00:00,EURCAD,2026-09-02 21:00:00,2026-09-03T02:06:08.755090+00:00,yahoo,FLAT,1.6036299467086792,1.6039999723434448,1.6022800207138062,1.6034899950027466,0.0,0.8896586993315231,0.3874308348199438,0.22642536339299543,0.001731114732333376,0.10795918513544643,1.325057546041888,1.0,-1.3798192803300928,-0.5298902679530675,-0.8499290123770253,-0.19627708727143145,-0.6251702557563893,1.3798192803300928,0.5,0.3333333333333333,0.7590708654189324,0.3687619985260175,-0.11309730225371334,0.8421724485414281,0.28525468744792404,0.45,False,True,ACTIVE,MR_BLOCK,FIXED_2ATR,OSC_CROSS,H1.0,phase_h_2026-08-30,0.018712295226937316,0.0031149986889498363,0.0006244866106725208,-0.07733225862161383,-0.010601403652607318,,,,,2026-09-04T02:56:42.849106+00:00
EURCAD_2026-09-02T22:00:00,EURCAD,2026-09-02 22:00:00,2026-09-03T02:06:09.885124+00:00,yahoo,FLAT,1.6036900281906128,1.6043299436569214,1.603350043296814,1.603790044784546,0.0,0.8143308746048472,0.4723964767604165,0.20028990146907125,0.001677456562888665,0.10459327692821635,1.2791751090985526,1.0,-1.549730334353482,-0.6658689434731229,-0.8838613908803592,-0.16991105402338924,-0.5648460307806611,1.549730334353482,0.3333333333333333,0.25,0.2228242709879092,0.6596103501216172,-0.1823389290550449,0.9082483469968121,0.2645668013982139,0.45,False,True,ACTIVE,MR_BLOCK,FIXED_2ATR,OSC_CROSS,H1.0,phase_h_2026-08-30,-0.005611895017276461,-0.05861642927979095,-0.01683568505182938,-0.1402973754319115,-0.04489516013821169,,,,,2026-09-04T02:56:42.877157+00:00
EURCAD_2026-09-02T23:00:00,EURCAD,2026-09-02 23:00:00,2026-09-03T02:06:10.712774+00:00,yahoo,FLAT,1.603790044784546,1.6038700342178345,1.6032400131225586,1.603700041770935,0.0,0.7663013744052185,0.5276839889379383,0.18136219640972184,0.001602639743773466,0.09993388426951101,1.2183206537973368,1.0,-1.710133192448696,-0.805104176669866,-0.90502901577883,-0.16040285809521393,-0.5265909993900346,1.710133192448696,0.5,0.25,0.3952786270523407,0.648288562306075,-0.09450776985570356,0.9234022799927074,0.3056673595371647,0.45,False,True,ACTIVE,MR_BLOCK,FIXED_2ATR,OSC_CROSS,H1.0,phase_h_2026-08-30,-0.009983043692504117,-0.04240749386873968,0.04988548489977299,-0.14466864954841036,-0.01808543954122302,,,,,2026-09-04T02:56:42.905522+00:00
EURCAD_2026-09-03T00:00:00,EURCAD,2026-09-03 00:00:00,2026-09-03T02:06:12.777502+00:00,yahoo,FLAT,1.603700041770935,1.6037299633026123,1.602749943733215,1.6035399436950684,0.0,0.5253712246203576,0.5434359046029645,0.17123767394710165,0.001558166874175161,0.09717044344930048,1.1812076992055602,1.0,-1.8595017162231422,-0.9456905152769695,-0.9138112009461727,-0.1493685237744462,-0.4796824358930494,1.8595017162231422,0.5,0.25,0.32977737135658564,0.6806097537776058,-0.06426567528817713,0.8975052109207803,0.2480418616143247,0.45,False,True,ACTIVE,MR_BLOCK,FIXED_2ATR,OSC_CROSS,H1.0,phase_h_2026-08-30,-0.043028760875764634,-0.002490434501275251,0.06174047323310735,-0.0249415156769368,-0.0081032047951941,,,,,2026-09-04T02:56:42.935176+00:00
EURCAD_2026-09-03T01:00:00,EURCAD,2026-09-03 01:00:00,2026-09-03T02:06:13.723036+00:00,yahoo,FLAT,1.6035300493240356,1.6038000583648682,1.6025400161743164,1.6028499603271484,0.0,0.6576707857309396,0.5571750934911054,0.1866413421969046,0.0015368722539163466,0.09588372536145956,1.162775275998044,1.0,-2.0136635313443882,-1.088086917419292,-0.9255766139250963,-0.15416181512124605,-0.4639331969909062,2.0136635313443882,0.5,0.25,0.4854780759338147,0.5400250365478827,0.05023447548022088,0.6202918056695126,0.2106628911439451,0.45,False,True,ACTIVE,MR_BLOCK,FIXED_2ATR,OSC_CROSS,H1.0,phase_h_2026-08-30,0.01060563690346537,0.04180524897216058,0.014978788726193097,0.08422779658596664,0.03369111863440051,,,,,2026-09-04T02:56:42.963738+00:00
GOLD_2026-09-03T02:00:00,GOLD,2026-09-03 02:00:00,2026-09-03T03:05:39.911481+00:00,yahoo,FLAT,4455.2001953125,4466.0,4452.2001953125,4465.60009765625,5699.0,0.5911996563747537,0.5372043740833177,0.12473008850724114,16.954475217777283,0.3796684621776984,0.8222022403886202,1.0,-0.8107837040595256,-1.759306449194986,0.9485227451354603,0.20330704895783303,0.577149637049295,0.8107837040595256,0.0,0.08333333333333333,0.8755677106240956,0.13332486903138718,0.8907023222078181,0.8754923754932875,0.5173796297593694,0.45,False,True,ACTIVE,MR_BLOCK,FIXED_2ATR,OSC_CROSS,H1.0,phase_h_2026-08-30,0.2485467455497089,0.24630541871921183,0.33811235235669507,1.4755911854847739,1.1598702348298253,,,,,2026-09-04T02:56:42.987501+00:00
USDJPY_2026-09-03T02:00:00,USDJPY,2026-09-03 02:00:00,2026-09-03T03:07:31.357717+00:00,yahoo,FLAT,158.5,158.5290069580078,158.39500427246094,158.43699645996094,0.0,0.3817125435038974,0.39227655934209643,0.36080246707115576,0.248193775469978,0.15665140151321902,1.7231717171136407,1.0,-2.2273825389053235,-1.3563404272242132,-0.8710421116811102,-0.05181114761598993,-0.18186065251985228,2.2273825389053235,0.0,0.08333333333333333,0.22964993252665192,0.6543948745840653,-0.06391996813924146,0.7392384250626397,0.4763547795169346,0.45,False,True,ACTIVE,MR_BLOCK,FIXED_2ATR,OSC_CROSS,H1.0,phase_h_2026-08-30,-0.16073571884478083,-0.41323351483614057,-0.8378612473964695,-1.6491392054754046,-1.2707063352816157,,,,,2026-09-04T02:56:43.016644+00:00
BTCUSD_2026-09-03T02:00:00,BTCUSD,2026-09-03 02:00:00,2026-09-03T03:07:33.329677+00:00,yahoo,FLAT,77319.71875,77343.0,77244.09375,77244.09375,47515648.0,0.06342530922930542,0.08450850934264928,0.10491283118757742,401.4741542604996,0.5197473810229013,1.0021636848312196,1.0,-1.2091599787726406,-1.4208666069188067,0.21170662814616614,0.048956015204423275,0.12221532263664514,1.2091599787726406,0.16666666666666666,0.16666666666666666,0.4330285846988573,0.40499044017991953,-0.18367442008744256,0.19572659537123827,-0.13250744014149013,0.45,False,False,ACTIVE,MR_BLOCK,FIXED_2ATR,OSC_CROSS,H1.0,phase_h_2026-08-30,-0.14528862027333664,-0.007562721627666425,0.020769864974786407,3.5599428045323704,3.8505803058091446,,,,,2026-09-04T02:56:43.047323+00:00
ETHUSD_2026-09-03T02:00:00,ETHUSD,2026-09-03 02:00:00,2026-09-03T03:07:35.772511+00:00,yahoo,FLAT,2385.800048828125,2386.5400390625,2382.510009765625,2382.510009765625,26872832.0,0.037911786794405995,0.2260309020738135,0.25782398530222805,16.20290221229454,0.6800769837642139,1.0123381810886998,0.0,-1.8227125148595753,-1.790359234566372,-0.03235328029320339,0.008822620320916075,0.008444707110233152,1.8227125148595753,0.16666666666666666,0.16666666666666666,0.6237886382451605,0.7380252247849775,-0.13229761718030653,0.798373474423484,0.6759284990046613,0.45,False,True,ACTIVE,MR_BLOCK,FIXED_2ATR,OSC_CROSS,H1.0,phase_h_2026-08-30,-0.11018534262880461,-0.0590416392785266,-0.10768805183401138,3.5156677080504637,4.156009613554401,,,,,2026-09-04T02:56:43.076555+00:00
EURCAD_2026-09-03T02:00:00,EURCAD,2026-09-03 02:00:00,2026-09-03T03:07:37.550629+00:00,yahoo,FLAT,1.6028499603271484,1.6029499769210815,1.602620005607605,1.6027899980545044,0.0,0.5845596662541686,0.550944806960322,0.2065137415142274,0.001470353882815628,0.0917371511302398,1.1089995705340812,1.0,-2.1510355138989175,-1.231765733376498,-0.9192697805224195,-0.134685983991083,-0.4370744630147172,2.1510355138989175,0.5,0.3333333333333333,0.3409482875538669,0.4880385487102847,-0.07162129078216148,0.7471355594428218,0.20758863207476164,0.45,False,True,ACTIVE,MR_BLOCK,FIXED_2ATR,OSC_CROSS,H1.0,phase_h_2026-08-30,0.02994696405306939,0.09233213451279505,-0.030564197233246503,-0.07423158559173892,0.02994696405306939,,,,,2026-09-04T02:56:43.106201+00:00
GOLD_2026-09-03T03:00:00,GOLD,2026-09-03 03:00:00,2026-09-03T04:05:26.873308+00:00,yahoo,FLAT,4476.2998046875,4476.2998046875,4476.2998046875,4476.2998046875,0.0,0.7355673581971302,0.5504554278034941,0.1654317737810433,16.373467344176998,0.3657812938943678,0.792534618526765,1.0,-0.6212579013293711,-1.6130503982300355,0.9917924969006644,0.2077106026667962,0.6070151523787817,0.6212579013293711,0.16666666666666666,0.16666666666666666,0.956039542769031,0.07696675596133344,0.9586010676743073,0.9810025875903617,0.8442683058847117,0.45,False,True,ACTIVE,MR_BLOCK,FIXED_2ATR,OSC_CROSS,H1.0,phase_h_2026-08-30,0.1317795495981558,-0.2389983489111964,-0.07147919954202707,1.4227894315920393,0.8197204938630298,,,,,2026-09-04T11:15:23.514327+00:00
USDJPY_2026-09-03T03:00:00,USDJPY,2026-09-03 03:00:00,2026-09-03T04:05:40.788919+00:00,yahoo,FLAT,158.0330047607422,158.0330047607422,157.85899353027344,157.88400268554688,0.0,0.6247650443885371,0.5282709288029507,0.43693266982433,0.271751572199801,0.17212103036242435,1.8710764089423215,1.0,-2.3336293092078266,-1.486645611488695,-0.8469836977191316,-0.10624677030250318,-0.22548842701145633,2.3336293092078266,0.16666666666666666,0.08333333333333333,0.484472087453221,0.4769360069439631,-0.25724768091498446,0.9827743913784105,0.8916304226365473,0.45,False,True,ACTIVE,MR_BLOCK,FIXED_2ATR,OSC_CROSS,H1.0,phase_h_2026-08-30,-0.056414807547455946,-0.40756385908619813,-0.8613969517240898,-1.508547235045772,-1.0749956187368732,,,,,2026-09-04T03:05:26.429672+00:00
BTCUSD_2026-09-03T03:00:00,BTCUSD,2026-09-03 03:00:00,2026-09-03T04:05:42.702295+00:00,yahoo,FLAT,77760.3125,77760.3125,77680.109375,77680.109375,0.0,0.1760604348462971,0.05808165855092635,0.05112309629395492,409.670196813321,0.5273810761975656,1.0129775013100057,1.0,-1.0979028007344263,-1.3778047660942228,0.2799019653597965,0.11125717803821433,0.21878686413106485,1.0979028007344263,0.16666666666666666,0.16666666666666666,0.799715192492295,0.22257970475661804,0.5052223358223525,0.8606972388932977,0.7925113359869728,0.45,False,True,ACTIVE,MR_BLOCK,FIXED_2ATR,OSC_CROSS,H1.0,phase_h_2026-08-30,0.0470516432519867,0.15968189146398906,-0.13255528140614206,4.743224055439268,4.125658665171636,,,,,2026-09-04T03:05:26.459548+00:00
ETHUSD_2026-09-03T03:00:00,ETHUSD,2026-09-03 03:00:00,2026-09-03T04:05:45.025529+00:00,yahoo,FLAT,2405.3798828125,2405.3798828125,2402.800048828125,2402.800048828125,40218624.0,0.14116607714503576,0.07586873055659733,0.18252346455075036,16.679114414764573,0.6941532410447212,1.0284976567257584,1.0,-1.7453301446460145,-1.7843553559103242,0.03902521126430969,0.07738237021356076,0.09938288524777938,1.7453301446460145,0.0,0.16666666666666666,0.40185709217045584,0.7122082703604711,-0.031123526252721693,0.9774256606781964,0.9446631902308694,0.45,False,True,ACTIVE,MR_BLOCK,FIXED_2ATR,OSC_CROSS,H1.0,phase_h_2026-08-30,0.0370433567846407,0.2135404698926942,-0.4083610870563601,4.773755538845676,4.510254810529582,,,,,2026-09-04T03:05:26.488454+00:00
EURCAD_2026-09-03T03:00:00,EURCAD,2026-09-03 03:00:00,2026-09-03T04:05:46.640350+00:00,yahoo,FLAT,1.6030000448226929,1.6033400297164917,1.6028599739074707,1.6032700538635254,0.0,0.23874755381608653,0.7026237979312069,0.22699421149230553,0.0014046165813278908,0.08760948150581845,1.0572439367474786,1.0,-2.2497694878081944,-1.3674995673007242,-0.8822699205074702,-0.09873397390927696,-0.38701237132790234,2.2497694878081944,0.5,0.3333333333333333,0.32572311201411425,0.7448677658843482,-0.08361962790136193,0.7320018662239449,0.1311735850290961,0.45,False,True,ACTIVE,MR_BLOCK,FIXED_2ATR,OSC_CROSS,H1.0,phase_h_2026-08-30,0.001248965421723211,0.06423250740290799,-0.07795625840589042,-0.11474869812083387,-0.004363944658058638,,,,,2026-09-04T03:05:26.517445+00:00
GOLD_2026-09-03T04:00:00,GOLD,2026-09-03 04:00:00,2026-09-03T05:05:35.731883+00:00,yahoo,FLAT,4477.2998046875,4483.89990234375,4470.7998046875,4481.10009765625,4107.0,0.7239566741000318,0.5578921089923858,0.14648624109881175,16.139655223610784,0.36017171837005624,0.7809193632305572,1.0,-0.4216318634735533,-1.454194593595838,1.0325627301222848,0.19962603785581778,0.6118350501675097,0.4216318634735533,0.3333333333333333,0.25,0.9714434815711682,0.1268439441806507,1.036801200700808,0.8758177445019064,0.6875535070192534,0.45,False,True,ACTIVE,MR_BLOCK,FIXED_2ATR,OSC_CROSS,H1.0,phase_h_2026-08-30,-0.13383894713361588,-0.1851395201316083,-0.21859925691501228,1.1309434600156145,0.8342605920979254,,,,,2026-09-04T11:15:23.538247+00:00
USDJPY_2026-09-03T04:00:00,USDJPY,2026-09-03 04:00:00,2026-09-03T05:05:49.358134+00:00,yahoo,FLAT,157.76499938964844,157.84800720214844,157.75,157.84300231933594,0.0,0.6947646376755108,0.6078854507228793,0.440668477225081,0.2649876626180328,0.1678805260444362,1.7994003145434492,1.0,-2.459750768489109,-1.62760470466695,-0.8321460638221589,-0.07835456812975217,-0.2841793771997754,2.459750768489109,0.3333333333333333,0.08333333333333333,0.19822412152270902,0.7226868664693946,-0.6150700727035474,0.9905487790930728,0.680240946294146,0.45,False,True,ACTIVE,MR_BLOCK,FIXED_2ATR,OSC_CROSS,H1.0,phase_h_2026-08-30,-0.1966004077358525,-0.3989103173699209,-0.8637798973470266,-1.4764191281474475,-0.8618735043403343,,,,,2026-09-04T11:15:23.579348+00:00
BTCUSD_2026-09-03T04:00:00,BTCUSD,2026-09-03 04:00:00,2026-09-03T05:05:50.069047+00:00,yahoo,FLAT,77673.9609375,77737.859375,77673.9609375,77710.5078125,39565312.0,0.1858741275561952,0.24892222464819785,0.03466166012211834,393.38654128747885,0.5062205258478587,0.9677446065351915,1.0,-0.9159131477587176,-1.3005415585869922,0.3846284108282746,0.11096351299867269,0.3422028462183463,0.9159131477587176,0.0,0.16666666666666666,0.7799596624178605,0.14769754575812938,0.3254122855665821,0.7548549186896361,0.7620614360472069,0.45,False,True,ACTIVE,MR_BLOCK,FIXED_2ATR,OSC_CROSS,H1.0,phase_h_2026-08-30,0.09083190869156309,-0.11426623953384682,-0.002483174482215394,4.1994903962975565,4.325519041273476,,,,,2026-09-04T11:15:23.616522+00:00
ETHUSD_2026-09-03T04:00:00,ETHUSD,2026-09-03 04:00:00,2026-09-03T05:05:51.063019+00:00,yahoo,FLAT,2402.389892578125,2404.60009765625,2402.389892578125,2403.18994140625,7165952.0,0.13158458959119043,0.07342853397228641,0.14710398706896552,15.713315729885021,0.6538524258590322,0.9641217493768981,1.0,-1.603106405628612,-1.7459276438935794,0.1428212382649674,0.07787717402591077,0.22842872955187943,1.603106405628612,0.16666666666666666,0.16666666666666666,0.6245027789071109,0.34021226332487425,0.6997745123483076,0.9080505573683321,0.8838092860887791,0.45,False,True,ACTIVE,MR_BLOCK,FIXED_2ATR,OSC_CROSS,H1.0,phase_h_2026-08-30,0.014151519393676985,-0.24300383625036143,-0.3091695547076609,3.766661052113148,4.411220600548628,,,,,2026-09-04T11:15:23.645591+00:00
EURCAD_2026-09-03T04:00:00,EURCAD,2026-09-03 04:00:00,2026-09-03T05:05:52.074273+00:00,yahoo,FLAT,1.6034799814224243,1.6035900115966797,1.6033400297164917,1.6035200357437134,0.0,0.008343265792611795,0.7451165115742788,0.23394955268271592,0.0013446724478435742,0.0838575395298952,1.0101934827188785,1.0,-2.3178214992692574,-1.4926908388627944,-0.825130660406463,-0.07470386313577793,-0.30147196936142295,2.3178214992692574,0.16666666666666666,0.25,0.23510604031538954,0.6936024302392766,-0.04304509637303291,0.9533959508871163,0.2820291234012377,0.45,False,True,ACTIVE,MR_BLOCK,FIXED_2ATR,OSC_CROSS,H1.0,phase_h_2026-08-30,0.05862483938756594,-0.02930498565378962,-0.12596980768733262,-0.08418306888470667,-0.009976481671090881,,,,,2026-09-04T11:15:23.674716+00:00
GOLD_2026-09-03T05:00:00,GOLD,2026-09-03 05:00:00,2026-09-03T08:05:27.095173+00:00,yahoo,FLAT,4483.10009765625,4486.0,4468.2001953125,4477.0,8903.0,0.7025944480747356,0.6070257291958585,0.14617616287737362,16.2582373281743,0.36315026419866653,0.787659689310697,1.0,-0.24463864151461706,-1.2929204666516751,1.048281825137058,0.17699322195893624,0.5843298624815503,0.24463864151461706,0.3333333333333333,0.16666666666666666,0.9627005572070878,0.08097900901770112,0.7813806124062931,0.7635941197867165,0.33355427133203275,0.45,False,True,ACTIVE,MR_BLOCK,FIXED_2ATR,OSC_CROSS,H1.0,phase_h_2026-08-30,-0.2367678725988385,0.09158136377596605,0.29484465741568017,1.3446547981349117,0.9202634646526693,,,,,2026-09-04T11:15:23.697483+00:00
GOLD_2026-09-03T06:00:00,GOLD,2026-09-03 06:00:00,2026-09-03T08:05:39.744000+00:00,yahoo,FLAT,4477.0,4482.2001953125,4462.7998046875,4466.39990234375,7623.0,0.38835406907214454,0.5516676498837204,0.17020494204645711,16.482676849376134,0.36903719348388003,0.8004011492380536,1.0,-0.09936129867771835,-1.1337792442551475,1.0344179455774292,0.1452773428368987,0.5218966026516527,0.09936129867771835,0.16666666666666666,0.08333333333333333,0.8844336572697402,0.0797133309256343,0.002938572875742904,0.4698075327072027,0.3637092862941562,0.45,False,True,ACTIVE,MR_BLOCK,FIXED_2ATR,OSC_CROSS,H1.0,phase_h_2026-08-30,0.18583855342631564,0.16792047653557318,1.6680100669200268,1.2650009232346513,0.9649851916222987,,,,,2026-09-04T11:15:23.721904+00:00
GOLD_2026-09-03T07:00:00,GOLD,2026-09-03 07:00:00,2026-09-03T08:05:40.097162+00:00,yahoo,FLAT,4466.0,4477.5,4464.60009765625,4475.2998046875,6116.0,0.5163702555776941,0.5692991515441054,0.16951809876366794,16.226764384688554,0.3625849684459661,0.7865221502589449,1.0,0.04305542914077843,-0.9768679544690241,1.0199233836098025,0.1424167278184968,0.4646872926143317,0.04305542914077843,0.3333333333333333,0.08333333333333333,0.6826866380252719,0.043592323746293134,0.14067958846258927,0.6080779801495606,0.4201872763553175,0.45,False,True,ACTIVE,MR_BLOCK,FIXED_2ATR,OSC_CROSS,H1.0,phase_h_2026-08-30,0.14302415948345004,-0.03352179888099172,0.9475473326272514,1.0771605901495234,1.2425326155536345,,,,,2026-09-04T11:15:23.746301+00:00
USDJPY_2026-09-03T05:00:00,USDJPY,2026-09-03 05:00:00,2026-09-03T08:05:40.955926+00:00,yahoo,FLAT,157.6790008544922,157.7310028076172,157.66299438476562,157.70899963378906,0.0,0.6877859171774555,0.6265311127460816,0.44338518345103084,0.25891768204319565,0.16417432273644494,1.74030085054934,1.0,-2.529482317353018,-1.7478550530250925,-0.7816272643279254,-0.06973154886390898,-0.24526388709465374,2.529482317353018,0.5,0.08333333333333333,0.19421744185374695,0.7189270646949126,-0.6648263287747823,0.9792444911788151,0.6507506499605545,0.45,False,True,ACTIVE,MR_BLOCK,FIXED_2ATR,OSC_CROSS,H1.0,phase_h_2026-08-30,-0.1550516879360556,-0.42638971777800294,-0.814014089525842,-1.2111698107353246,-0.6615028019549447,,,,,2026-09-04T11:15:23.774810+00:00
USDJPY_2026-09-03T06:00:00,USDJPY,2026-09-03 06:00:00,2026-09-03T08:05:41.163675+00:00,yahoo,FLAT,157.36500549316406,157.43600463867188,156.99400329589844,157.125,0.0,0.7666035852121176,0.6957931787092113,0.5210434416518461,0.2914947288894406,0.18551772721682774,1.940801093161128,0.0,-2.633555739722115,-1.865948477918029,-0.7676072618040859,-0.10407342236909711,-0.25215953936275826,2.633555739722115,0.6666666666666666,0.08333333333333333,0.18612672789893425,0.4784730642795148,-0.6451863184899013,0.9781149211870438,0.9973577303912047,0.45,False,True,ACTIVE,MR_BLOCK,FIXED_2ATR,OSC_CROSS,H1.0,phase_h_2026-08-30,-0.04773075464896579,-0.45569032169848844,-0.996655059790175,-1.0373937201670644,-0.5403335073587908,,,,,2026-09-04T11:15:23.802538+00:00
USDJPY_2026-09-03T07:00:00,USDJPY,2026-09-03 07:00:00,2026-09-03T08:05:41.375610+00:00,yahoo,FLAT,157.1230010986328,157.36099243164062,156.34300231933594,157.0500030517578,0.0,0.7714014667785603,0.6810969542922284,0.5237387290682697,0.34338725627624395,0.21864836014239128,2.250381182009789,0.0,-2.708722938496153,-1.9783184059951124,-0.7304045325010406,-0.0751671987740381,-0.2489721700070442,2.708722938496153,0.6666666666666666,0.16666666666666666,0.12374878436925418,0.7448781332845333,-0.700723181643274,0.9705675786251764,1.1548592883270354,0.45,False,True,ACTIVE,MR_BLOCK,FIXED_2ATR,OSC_CROSS,H1.0,phase_h_2026-08-30,-0.22413562435067563,-0.46673141976495536,-1.0652684609240441,-0.8284050344189889,-0.4794689377988422,,,,,2026-09-04T11:15:23.831162+00:00
BTCUSD_2026-09-03T05:00:00,BTCUSD,2026-09-03 05:00:00,2026-09-03T08:05:42.106494+00:00,yahoo,FLAT,77754.9921875,77793.0,77714.53125,77719.640625,34131968.0,0.204211869814933,0.2826766222533638,0.04347532073430246,371.1798017312303,0.4775881601436964,0.9101980531602278,1.0,-0.8058980848186211,-1.234589095417876,0.42869101059925485,0.11001506294009644,0.3286704664543695,0.8058980848186211,0.0,0.16666666666666666,0.8394839792528681,0.16961585339926918,0.2090346490396216,0.688135050374384,0.703463247898796,0.45,False,True,ACTIVE,MR_BLOCK,FIXED_2ATR,OSC_CROSS,H1.0,phase_h_2026-08-30,0.021725636250775913,0.028334729479167292,0.16608108895357362,4.205904391129754,4.116822251551329,,,,,2026-09-04T11:15:23.859316+00:00
BTCUSD_2026-09-03T06:00:00,BTCUSD,2026-09-03 06:00:00,2026-09-03T08:05:42.310170+00:00,yahoo,FLAT,77781.09375,77818.046875,77658.8515625,77797.9921875,699545600.0,0.21431904008039207,0.32433466309634407,0.04634873276027391,356.0380525004282,0.4576442688165334,0.8697307380539607,1.0,-0.6916953276822326,-1.1622032597197902,0.4705079320375576,0.1142027571363885,0.33518133307515763,0.6916953276822326,0.16666666666666666,0.08333333333333333,0.8308928966816214,0.11361556716677115,0.2572141087463544,0.4265508185955598,0.5607398706307658,0.45,False,True,ACTIVE,MR_BLOCK,FIXED_2ATR,OSC_CROSS,H1.0,phase_h_2026-08-30,-0.22658843119645902,-0.2917712669922494,1.0582495149949143,4.460821661227399,3.848438408647074,,,,,2026-09-04T11:15:23.888008+00:00
BTCUSD_2026-09-03T07:00:00,BTCUSD,2026-09-03 07:00:00,2026-09-03T08:05:42.526678+00:00,yahoo,FLAT,77797.25,78147.203125,77560.8671875,77621.7109375,1415012352.0,0.17644149973922618,0.23353816859961918,0.035619003945047904,372.48790142896905,0.4798759225094787,0.9089278035909879,1.0,-0.6092860126818137,-1.0884809601147265,0.4791949474329128,0.08240931500041893,0.30662713507690387,0.6092860126818137,0.16666666666666666,0.08333333333333333,0.5769591282338887,0.38973338840076677,0.027616842494992765,0.4923569177774857,-0.23099204925358247,0.45,False,False,ACTIVE,MR_BLOCK,FIXED_2ATR,OSC_CROSS,H1.0,phase_h_2026-08-30,0.23372568423038054,0.11191094147608308,1.5488075732677482,5.330610324773222,3.902429843293481,,,,,2026-09-04T11:15:23.915961+00:00
ETHUSD_2026-09-03T05:00:00,ETHUSD,2026-09-03 05:00:00,2026-09-03T08:05:43.205879+00:00,yahoo,FLAT,2407.409912109375,2409.06005859375,2406.0400390625,2406.0400390625,69698560.0,0.2013694388292968,0.21612793843896835,0.1296989198194325,15.010230119714663,0.6238562067139712,0.9166859117057178,1.0,-1.5139856305367858,-1.7150020421126735,0.20101641157588768,0.08912077509182614,0.24057203200603805,1.5139856305367858,0.16666666666666666,0.16666666666666666,0.6912614513638617,0.313251890972076,0.30426741578501826,0.8721672519490696,1.0971433775931543,0.45,False,True,ACTIVE,MR_BLOCK,FIXED_2ATR,OSC_CROSS,H1.0,phase_h_2026-08-30,0.16225727559937628,-0.0486751511626525,0.1052630616649766,4.034064886048648,4.386045549255708,,,,,2026-09-04T11:15:23.946019+00:00
ETHUSD_2026-09-03T06:00:00,ETHUSD,2026-09-03 06:00:00,2026-09-03T08:05:43.435710+00:00,yahoo,FLAT,2404.97998046875,2409.06005859375,2399.6201171875,2407.429931640625,688654336.0,0.20623009437126744,0.26175618079339535,0.14235108115497544,14.612352354467188,0.6069689573274144,0.8888488458147031,1.0,-1.422213873417381,-1.6759636196199679,0.25374974620258683,0.09177175711940477,0.2587697062371417,1.422213873417381,0.16666666666666666,0.08333333333333333,0.887638335124472,0.2354612363235239,0.39948598627845744,0.8052594816993585,1.4951214566985804,0.45,False,True,ACTIVE,MR_BLOCK,FIXED_2ATR,OSC_CROSS,H1.0,phase_h_2026-08-30,-0.41869687885394674,-0.6205763752413208,0.6222395207382581,4.390988063584486,4.165854953633227,,,,,2026-09-04T11:15:23.973838+00:00
ETHUSD_2026-09-03T07:00:00,ETHUSD,2026-09-03 07:00:00,2026-09-03T08:05:43.670703+00:00,yahoo,FLAT,2406.550048828125,2418.3701171875,2394.550048828125,2397.35009765625,813778944.0,0.09940934334360836,0.12118030438172024,0.17045111102350824,15.270046354817746,0.6369552102442769,0.9291003735282545,1.0,-1.3654944195511294,-1.6345677262774563,0.2690733067263269,0.05671945386625166,0.23761198607748257,1.3654944195511294,0.16666666666666666,0.08333333333333333,0.6010124485855797,0.5203928974833415,0.19339554202813342,0.4749127147854259,0.7981342293619785,0.45,False,True,ACTIVE,MR_BLOCK,FIXED_2ATR,OSC_CROSS,H1.0,phase_h_2026-08-30,0.2089811484156192,-0.06632689535748394,1.3423125672001537,5.022207747690168,4.456163248280522,,,,,2026-09-04T11:15:24.001747+00:00
EURCAD_2026-09-03T05:00:00,EURCAD,2026-09-03 05:00:00,2026-09-03T08:05:44.427196+00:00,yahoo,FLAT,1.6035499572753906,1.603659987449646,1.6033799648284912,1.6035200357437134,0.0,0.021122510561259238,0.7415739098228304,0.3146351216598586,0.0012686260316515177,0.07911507205228828,0.9521828415814207,1.0,-2.3726893260395947,-1.6100239704863677,-0.762665355553227,-0.0548678267703373,-0.2291393319948618,2.3726893260395947,0.08333333333333333,0.20833333333333334,0.24069253502971105,0.750679994285032,-0.030719212062782386,0.8966960113156345,0.19947120331993598,0.45,False,True,ACTIVE,MR_BLOCK,FIXED_2ATR,OSC_CROSS,H1.0,phase_h_2026-08-30,0.0018648507725608679,-0.12278296361491785,-0.19445712856667569,-0.0729223519230475,-0.062327622035908845,,,,,2026-09-04T11:15:24.029892+00:00
EURCAD_2026-09-03T06:00:00,EURCAD,2026-09-03 06:00:00,2026-09-03T08:05:44.646243+00:00,yahoo,FLAT,1.6045000553131104,1.6048200130462646,1.6036499738693235,1.6045299768447876,0.0,0.2611039404753758,0.5895115661808669,0.3281751003605435,0.001270865408144357,0.0792048404507492,0.952430100652214,1.0,-2.374585875507964,-1.7119655578225808,-0.6626203176853833,-0.0018965494683693684,-0.1314682393744846,2.374585875507964,0.08333333333333333,0.125,0.13422604193425608,0.7824527249803713,-0.17306399911525736,0.9626507786003587,0.1918069561030798,0.45,False,True,ACTIVE,MR_BLOCK,FIXED_2ATR,OSC_CROSS,H1.0,phase_h_2026-08-30,-0.08974148375310638,-0.14209749302607108,-0.08662850406168171,-0.038641067720830063,-0.0573338049609009,,,,,2026-09-04T11:15:24.059181+00:00
EURCAD_2026-09-03T07:00:00,EURCAD,2026-09-03 07:00:00,2026-09-03T08:05:44.857609+00:00,yahoo,FLAT,1.60453999042511,1.605389952659607,1.6028300523757937,1.6030900478363037,0.0,0.09172932330827067,0.6586908927925189,0.3528791685138728,0.0013629393278349927,0.08501951151618443,1.020589473963691,1.0,-2.40594745886369,-1.8044964779613952,-0.6014509809022948,-0.03136158335572592,-0.08812595959443259,2.40594745886369,0.08333333333333333,0.20833333333333334,0.7733367039567647,0.6038285713237452,-0.008610293618996782,0.9415296818326213,0.24184259217901855,0.45,False,True,ACTIVE,MR_BLOCK,FIXED_2ATR,OSC_CROSS,H1.0,phase_h_2026-08-30,-0.03493535769033607,-0.09669315794960831,0.06923863675065776,-0.003747854464876005,0.07796875806365017,,,,,2026-09-04T11:15:24.087236+00:00
GOLD_2026-09-03T08:00:00,GOLD,2026-09-03 08:00:00,2026-09-03T09:05:18.807043+00:00,yahoo,FLAT,4474.5,4490.0,4473.60009765625,4481.2998046875,9383.0,0.6080269332318725,0.5207324421154217,0.19760026403483558,16.35393996553919,0.3649374216925355,0.791296229201401,1.0,0.18004406510970197,-0.8200808558299388,1.0001249209396408,0.13243966518244954,0.4192464886727378,0.18004406510970197,0.3333333333333333,0.08333333333333333,0.7739725242337543,0.02591052267617805,0.2801256982200758,0.7954622878876093,0.5501160379763583,0.45,False,True,ACTIVE,MR_BLOCK,FIXED_2ATR,OSC_CROSS,H1.0,phase_h_2026-08-30,-0.1606791893862384,0.20307731266725385,1.133645836522818,0.8591640258189424,0.9640424469394189,,,,,2026-09-04T11:15:24.112195+00:00
USDJPY_2026-09-03T08:00:00,USDJPY,2026-09-03 08:00:00,2026-09-03T09:05:30.168335+00:00,yahoo,FLAT,157.0399932861328,157.14500427246094,156.97500610351562,156.9770050048828,0.0,0.889114337269113,0.6836026329146301,0.565938357724812,0.3314602591118407,0.21115211052824617,2.136891572005183,0.0,-2.7770149314153794,-2.093890371993314,-0.6831245594220654,-0.04382729949305375,-0.21038740629477948,2.7770149314153794,0.6666666666666666,0.25,0.2835230836235844,0.6958656858648671,-0.9066827622536243,0.9405759076151434,0.9326963420663369,0.45,False,True,ACTIVE,MR_BLOCK,FIXED_2ATR,OSC_CROSS,H1.0,phase_h_2026-08-30,-0.18443213598510522,-0.3892842397189309,-0.818132775557581,-0.5698894575708711,-0.18378944744365766,,,,,2026-09-04T11:15:24.142977+00:00
GOLD_2026-09-03T09:00:00,GOLD,2026-09-03 09:00:00,2026-09-03T10:05:15.678876+00:00,yahoo,FLAT,4481.2998046875,4488.2001953125,4472.10009765625,4473.39990234375,7026.0,0.4638943943756778,0.47102369326687515,0.14285560090397004,16.547090570183087,0.36989964973874934,0.8012141790019133,1.0,0.29143966508732844,-0.6636680154738211,0.9551076805611496,0.10181242036060911,0.3739569478549712,0.29143966508732844,0.3333333333333333,0.08333333333333333,0.5523180298744985,0.08011017395393771,-0.12453027193323919,0.19794452493213197,0.0320398090552368,0.45,False,True,ACTIVE,MR_BLOCK,FIXED_2ATR,OSC_CROSS,H1.0,phase_h_2026-08-30,-0.015639756063461394,1.4975748555505364,1.4953374863997968,1.0371242843283641,0.8471334444450872,,,,,2026-09-04T11:15:24.170348+00:00
USDJPY_2026-09-03T09:00:00,USDJPY,2026-09-03 09:00:00,2026-09-03T10:05:25.699313+00:00,yahoo,FLAT,156.69400024414062,156.85499572753906,156.58999633789062,156.7969970703125,0.0,0.9334835535887077,0.5657172414129634,0.5853024231224435,0.34477963291921165,0.21988918114586217,2.1789124537293345,0.0,-2.814660082602958,-2.1939564101192315,-0.6207036724837267,-0.03341164431678756,-0.1435191951155219,2.814660082602958,0.5,0.25,0.2489936354059159,0.7800190063307563,-0.8618834904035998,0.9857856576373671,1.158511822234011,0.45,False,True,ACTIVE,MR_BLOCK,FIXED_2ATR,OSC_CROSS,H1.0,phase_h_2026-08-30,-0.058817102128498146,-0.5434411468017897,-0.6527732522179579,-0.3586682301798365,0.04475914157663784,,,,,2026-09-04T11:15:24.202681+00:00
BTCUSD_2026-09-03T08:00:00,BTCUSD,2026-09-03 08:00:00,2026-09-03T10:05:26.334342+00:00,yahoo,FLAT,77639.3671875,77875.7578125,77639.3671875,77875.1796875,45037568.0,0.43005057513800227,0.3566013890931255,0.04277408503462644,408.60354583965096,0.524690340978099,0.9854823256687906,1.0,-0.49193617219669317,-1.0068660588068656,0.5149298866101725,0.11043628936054295,0.30631718200926483,0.49193617219669317,0.16666666666666666,0.0,0.6486912108104614,0.17929133060238292,-0.03043356771430747,0.35998849968505137,-0.359804959277577,0.45,False,False,ACTIVE,MR_BLOCK,FIXED_2ATR,OSC_CROSS,H1.0,phase_h_2026-08-30,-0.2983592101097311,0.13770734047201064,3.538438010760532,4.729525170750977,4.288869714336093,,,,,2026-09-04T11:15:24.232802+00:00
BTCUSD_2026-09-03T09:00:00,BTCUSD,2026-09-03 09:00:00,2026-09-03T10:05:26.546485+00:00,yahoo,FLAT,77803.8203125,77805.59375,77766.7578125,77793.3671875,0.0,0.26573809855233854,0.21253143469023872,0.07935529476403132,387.1619979225331,0.49767995899879636,0.9311394601575245,1.0,-0.40037514062897717,-0.9260006030498138,0.5256254624208366,0.091561031567716,0.2840452155320293,0.40037514062897717,0.16666666666666666,0.0,0.7262239501613721,0.12223140498597733,0.10360639025491192,0.5333028537270667,-0.16572264382761398,0.45,False,False,ACTIVE,MR_BLOCK,FIXED_2ATR,OSC_CROSS,H1.0,phase_h_2026-08-30,0.1773576787717059,1.3539712811488829,4.882251018421833,5.194193061840121,4.478749709943148,,,,,2026-09-04T11:15:24.262685+00:00
ETHUSD_2026-09-03T08:00:00,ETHUSD,2026-09-03 08:00:00,2026-09-03T10:05:27.198107+00:00,yahoo,FLAT,2397.659912109375,2405.860107421875,2397.659912109375,2405.860107421875,0.0,0.35674271827517906,0.20251720109924984,0.08965138419130153,16.610054833491258,0.6903998608335806,0.9977092334155377,1.0,-1.2932159133832992,-1.5918663512816245,0.29865043789832524,0.08046646674922853,0.22987282113139185,1.2932159133832992,0.16666666666666666,0.0,0.5429016887164977,0.2743661842601356,0.2514957195130539,0.8972167599371402,1.5125994927383666,0.45,False,True,ACTIVE,MR_BLOCK,FIXED_2ATR,OSC_CROSS,H1.0,phase_h_2026-08-30,-0.4108508610764541,0.15401317897530575,3.627261887546091,4.290773629895,5.18322690282495,,,,,2026-09-04T11:15:24.294095+00:00
ETHUSD_2026-09-03T09:00:00,ETHUSD,2026-09-03 09:00:00,2026-09-03T10:05:27.367405+00:00,yahoo,FLAT,2402.3701171875,2402.820068359375,2400.7099609375,2401.8701171875,63268864.0,0.16249820324852665,0.0012160566939472014,0.056478191305074504,15.791489951411526,0.657466439938175,0.9459130495211164,1.0,-1.2278598479392486,-1.5433321508359743,0.3154723028967257,0.06535606544405059,0.20300456061201255,1.2278598479392486,0.16666666666666666,0.0,0.7284047358335519,0.26142697410662924,0.29598072499745465,0.7809670160778205,0.6032018013055149,0.45,False,True,ACTIVE,MR_BLOCK,FIXED_2ATR,OSC_CROSS,H1.0,phase_h_2026-08-30,0.13667850417755184,1.2505766794062516,5.203365144369094,4.976826187168731,5.358432081018495,,,,,2026-09-04T11:15:24.324040+00:00
EURCAD_2026-09-03T08:00:00,EURCAD,2026-09-03 08:00:00,2026-09-03T10:05:27.986017+00:00,yahoo,FLAT,1.6030900478363037,1.60316002368927,1.602429986000061,1.6031099557876587,0.0,0.166691015339664,0.6284047235741557,0.3301972191991275,0.0013898922741033255,0.08669974689418154,1.0361044531964927,1.0,-2.389281852992446,-1.8710279073401046,-0.5182539456523414,-0.014865465667852629,-0.054633911630811216,2.389281852992446,0.16666666666666666,0.16666666666666666,0.2982222743554385,0.7240569401223117,-0.1122151276320073,0.9897557096796548,0.25320395461875955,0.45,False,True,ACTIVE,MR_BLOCK,FIXED_2ATR,OSC_CROSS,H1.0,phase_h_2026-08-30,-0.017473783373870955,-0.07176227680197285,-0.043680739025721185,0.0436807390257489,0.11170129039690056,,,,,2026-09-04T11:15:24.353618+00:00
EURCAD_2026-09-03T09:00:00,EURCAD,2026-09-03 09:00:00,2026-09-03T10:05:28.160879+00:00,yahoo,FLAT,1.602489948272705,1.6029399633407593,1.602489948272705,1.6027100086212158,0.0,0.22552613713509845,0.5772512651125512,0.3585318424890685,0.0013349005055926318,0.08329020836033986,0.993547791522406,1.0,-2.3976173748416425,-1.9412398363403098,-0.45637753850133267,-0.008335521849196503,-0.057932372427351275,2.3976173748416425,0.16666666666666666,0.16666666666666666,0.23124573776209162,0.7566113176189898,-0.14530514521205323,0.9721183961481654,0.3288300271532727,0.45,False,True,ACTIVE,MR_BLOCK,FIXED_2ATR,OSC_CROSS,H1.0,phase_h_2026-08-30,-0.044313342951421905,0.05554792116779693,-0.03682114410118696,0.06678249938414424,0.08363436670868597,,,,,2026-09-04T11:15:24.382266+00:00
GOLD_2026-09-03T10:00:00,GOLD,2026-09-03 10:00:00,2026-09-03T14:53:52.974711+00:00,yahoo,FLAT,4474.10009765625,4476.10009765625,4464.89990234375,4473.2001953125,4737.0,0.39829903651718807,0.272727875021532,0.21646994282825643,16.292746107346094,0.36423020200212336,0.7887463107528185,1.0,0.37803188501756346,-0.5242406541291532,0.9022725391467167,0.08583628761798578,0.31878709343500466,0.37803188501756346,0.3333333333333333,0.08333333333333333,0.6937474745623599,0.060309590671270695,-0.14323813189880988,0.39046207029759983,0.23415033173961997,0.45,False,True,ACTIVE,MR_BLOCK,FIXED_2ATR,OSC_CROSS,H1.0,phase_h_2026-08-30,0.3800411172702359,0.9813981138101764,1.3524992702852514,1.0819972330875918,1.021633395239924,,,,,2026-09-04T11:15:24.407766+00:00
GOLD_2026-09-03T11:00:00,GOLD,2026-09-03 11:00:00,2026-09-03T14:54:22.696026+00:00,yahoo,FLAT,4473.10009765625,4493.39990234375,4471.10009765625,4490.2001953125,6932.0,0.4160798799492093,0.4241629271660338,0.2843606344687284,16.72182172021423,0.37240704184349754,0.8064339896192472,1.0,0.4692901897861393,-0.39176987494044757,0.8610600647265869,0.09125830476857583,0.2788233544934057,0.4692901897861393,0.3333333333333333,0.08333333333333333,0.5077021916872241,0.1206515052720616,-0.06544979013800659,0.6466315824676674,0.4636776970486014,0.45,False,True,ACTIVE,MR_BLOCK,FIXED_2ATR,OSC_CROSS,H1.0,phase_h_2026-08-30,1.1291190776789297,0.9286825802284271,1.0467239311304022,0.8173289705337036,0.6124448533209801,,,,,2026-09-04T11:15:24.432983+00:00
GOLD_2026-09-03T12:00:00,GOLD,2026-09-03 12:00:00,2026-09-03T14:54:22.887474+00:00,yahoo,FLAT,4490.0,4542.60009765625,4484.10009765625,4540.89990234375,27504.0,0.6025769449845816,0.599009900990099,0.4167731432128447,19.7059773116275,0.43396634445644605,0.938153661668577,1.0,0.6100554762923158,-0.25819316144274584,0.8682486377350617,0.14076528650617653,0.31785987889273815,0.6100554762923158,0.3333333333333333,0.08333333333333333,0.7543434668560691,0.013612686473433581,0.1696420139247983,0.8989021667972666,0.6530344539340042,0.45,False,True,ACTIVE,MR_BLOCK,FIXED_2ATR,OSC_CROSS,H1.0,phase_h_2026-08-30,-0.5241208835106873,-0.002204357250824564,-0.3963971985092523,-0.17617653267077882,-2.2088089771750097,,,,,2026-09-04T20:29:58.511782+00:00
GOLD_2026-09-03T13:00:00,GOLD,2026-09-03 13:00:00,2026-09-03T14:54:23.188348+00:00,yahoo,FLAT,4540.89990234375,4543.7001953125,4502.7998046875,4517.10009765625,25953.0,0.2919728841589028,0.46153846153846156,0.3525493663424698,21.219863976868393,0.46976740648006815,1.0130441988102623,1.0,0.7053982153167645,-0.12971431120814447,0.835112526524909,0.09534273902444867,0.32736633029920104,0.7053982153167645,0.16666666666666666,0.08333333333333333,0.4282391596979337,0.29987139342391067,-0.24116264845273194,0.4188498813932421,1.3451829105503377,0.45,False,True,ACTIVE,MR_BLOCK,FIXED_2ATR,OSC_CROSS,H1.0,phase_h_2026-08-30,0.32763951135771935,0.36749457168025024,0.12839663859805311,0.17932074740723214,-1.2663034707196104,,,,,2026-09-04T20:29:58.533901+00:00
USDJPY_2026-09-03T10:00:00,USDJPY,2026-09-03 10:00:00,2026-09-03T14:54:23.796284+00:00,yahoo,FLAT,156.4010009765625,156.4199981689453,156.2100067138672,156.2100067138672,0.0,0.9433553458032247,0.7161432269197584,0.620601469837463,0.3620803988853617,0.23179078376751575,2.257732255609644,0.0,-2.87168663172808,-2.284320439667078,-0.587366192061002,-0.05702654912512184,-0.13283407561302774,2.87168663172808,0.6666666666666666,0.3333333333333333,0.24357545496785968,0.7494689751153862,-0.829555357225159,0.9468639557672545,1.1007841200347392,0.45,False,True,ACTIVE,MR_BLOCK,FIXED_2ATR,OSC_CROSS,H1.0,phase_h_2026-08-30,-0.1464996796783723,-0.6013437011531481,-0.6179771935686562,-0.12538568666502478,0.003836245609914733,,,,,2026-09-04T11:15:24.509676+00:00
USDJPY_2026-09-03T11:00:00,USDJPY,2026-09-03 11:00:00,2026-09-03T14:54:23.988807+00:00,yahoo,FLAT,156.3179931640625,156.36500549316406,155.8300018310547,156.08799743652344,0.0,0.941636435963355,0.7490362830960674,0.6331586737091672,0.3744320605442198,0.23988523569628772,2.2954439198945993,0.0,-2.9212489774168757,-2.3692442447003845,-0.5520047327164912,-0.049562345688795695,-0.1400005391307051,2.9212489774168757,0.8333333333333334,0.3333333333333333,0.17295255624146028,0.7362153768443443,-0.8341892388630807,0.9410250729737226,1.231193231362338,0.45,False,True,ACTIVE,MR_BLOCK,FIXED_2ATR,OSC_CROSS,H1.0,phase_h_2026-08-30,-0.33890607087446034,-0.4305244998647524,-0.400415157004093,-0.290858207186103,0.11339882376092479,,,,,2026-09-04T11:15:24.538638+00:00
USDJPY_2026-09-03T12:00:00,USDJPY,2026-09-03 12:00:00,2026-09-03T14:54:24.199562+00:00,yahoo,FLAT,156.08399963378906,156.16000366210938,155.38600158691406,155.5590057373047,0.0,0.9425968641420187,0.8028853330148968,0.6579005322477601,0.4029727758764407,0.2590481817278699,2.432017232218748,0.0,-2.988760419105446,-2.4518464012877264,-0.5369140178177196,-0.06751144168857026,-0.1741003365024878,2.988760419105446,0.8333333333333334,0.3333333333333333,0.19382794954893634,0.8307440656088563,-0.5388011057190336,0.956635501086612,1.3192351084375333,0.45,False,True,ACTIVE,MR_BLOCK,FIXED_2ATR,OSC_CROSS,H1.0,phase_h_2026-08-30,-0.11700179946177995,-0.10992950759290475,-0.041148771691999236,0.13113657419555133,0.42363126384602223,,,,,2026-09-04T12:05:17.208255+00:00
USDJPY_2026-09-03T13:00:00,USDJPY,2026-09-03 13:00:00,2026-09-03T14:54:24.443783+00:00,yahoo,FLAT,155.56300354003906,155.74200439453125,155.3679962158203,155.3769989013672,0.0,0.9409705333069112,0.8245307191800542,0.6655011704708746,0.40090387607890476,0.25802009236476325,2.377804924455484,0.0,-3.0441221891082315,-2.5308165063304604,-0.5133056827777711,-0.055361770002785526,-0.17243555738015148,3.0441221891082315,0.8333333333333334,0.3333333333333333,0.2088245890753633,0.7248470456374027,-0.8676457823490185,0.943633325016227,1.1744032667985849,0.45,False,True,ACTIVE,MR_BLOCK,FIXED_2ATR,OSC_CROSS,H1.0,phase_h_2026-08-30,0.02510118300618485,-0.016734122004123234,0.23941382648974197,0.3031390129244577,0.298631406117009,,,,,2026-09-04T20:29:58.562026+00:00
US500_2026-09-03T13:30:00,US500,2026-09-03 13:30:00,2026-09-03T14:54:24.845645+00:00,yahoo,FLAT,7686.7099609375,7716.68994140625,7686.7099609375,7703.52001953125,471906767.0,0.6435193692264003,0.13963278516309932,0.07896558322849105,20.18390272215741,0.26200883065123226,1.1379764622635173,1.0,-0.6630381036501077,-0.6112219957084045,-0.051816107941703216,0.1054982009803137,0.1441941701137397,0.6630381036501077,0.16666666666666666,0.0,0.4185511167686354,0.5685292798172472,0.25460054378806546,0.7579956471790305,0.235432183990479,0.45,False,True,RESEARCH_ONLY,RESEARCH_ONLY,FIXED_2ATR,OSC_CROSS,H1.0,phase_h_2026-08-30,0.5474110765998371,0.5078213217894696,0.574799377998428,0.15655257029479155,,,,,,
BTCUSD_2026-09-03T10:00:00,BTCUSD,2026-09-03 10:00:00,2026-09-03T14:54:25.427207+00:00,yahoo,FLAT,77571.0,77615.6484375,77549.8828125,77611.296875,0.0,0.3452768428449902,0.17768996413223218,0.06854194558345061,376.8993105709236,0.48562429149709224,0.9052213632315532,1.0,-0.342270065246443,-0.8481698646760311,0.5058997994295881,0.05810507538253418,0.2601023963107931,0.342270065246443,0.16666666666666666,0.0,0.7420315194392416,0.12207079606878256,0.14708337327509208,0.11606299854175306,-0.38164452289430045,0.45,False,False,ACTIVE,MR_BLOCK,FIXED_2ATR,OSC_CROSS,H1.0,phase_h_2026-08-30,0.2595534719160067,1.4352903848091096,4.2020779157062975,4.435783613818375,4.46606501976837,,,,,2026-09-04T11:15:24.636750+00:00
BTCUSD_2026-09-03T11:00:00,BTCUSD,2026-09-03 11:00:00,2026-09-03T14:54:25.622526+00:00,yahoo,FLAT,77715.1015625,77971.6015625,77675.203125,77910.2734375,472891392.0,0.34655174004928063,0.19508473475748328,0.0889142886802838,375.7139803515719,0.4822393296475483,0.8956133833106726,1.0,-0.24687663444334354,-0.7679974339783394,0.5211207995349959,0.09539343080309945,0.24505953775334963,0.24687663444334354,0.16666666666666666,0.0,0.6495770536666016,0.16497403247541206,-0.13274475154985357,0.17451709102279947,-0.2821564609271233,0.45,False,False,ACTIVE,MR_BLOCK,FIXED_2ATR,OSC_CROSS,H1.0,phase_h_2026-08-30,0.9126083039233333,3.396054054568983,4.03312504418394,4.315461044681307,4.200354674823753,,,,,2026-09-04T11:15:24.665087+00:00
BTCUSD_2026-09-03T12:00:00,BTCUSD,2026-09-03 12:00:00,2026-09-03T14:54:25.862384+00:00,yahoo,FLAT,77901.8515625,78764.9765625,77852.890625,78621.2890625,866549760.0,0.42990910042430536,0.37342962535523605,0.1560900219255413,414.026263005031,0.5266083371844753,0.9735704277894273,1.0,-0.06349288124311814,-0.6740634936136433,0.6105706123705251,0.1833837532002254,0.33688225938585903,0.06349288124311814,0.3333333333333333,0.08333333333333333,0.7260076826458366,0.04165795590673065,0.6671575991945111,0.6782019226900656,0.301330664595033,0.45,False,True,ACTIVE,MR_BLOCK,FIXED_2ATR,OSC_CROSS,H1.0,phase_h_2026-08-30,0.257732752688546,3.481146019908531,3.3669415040952346,2.9966736307605935,3.2663306346434275,,,,,2026-09-04T12:05:17.276991+00:00
BTCUSD_2026-09-03T13:00:00,BTCUSD,2026-09-03 13:00:00,2026-09-03T14:54:26.087313+00:00,yahoo,FLAT,78614.90625,78982.03125,78421.96875,78823.921875,1020973056.0,0.5664025673684089,0.3720221940180371,0.21353259540763503,424.4574227903859,0.5384880791182859,0.9906737932747418,1.0,0.13220656928427577,-0.5665608185605874,0.6987673878448631,0.1956994505273939,0.47447663453071875,0.13220656928427577,0.3333333333333333,0.08333333333333333,0.6942224661173643,0.008920022387936963,0.727434108907259,0.6926750378019523,0.4443725085156839,0.45,False,True,ACTIVE,MR_BLOCK,FIXED_2ATR,OSC_CROSS,H1.0,phase_h_2026-08-30,2.1975899210483174,2.727638004880736,3.7241232485934335,2.729342753855458,0.6839016788011095,,,,,2026-09-04T20:29:58.603150+00:00
ETHUSD_2026-09-03T10:00:00,ETHUSD,2026-09-03 10:00:00,2026-09-03T14:54:26.699673+00:00,yahoo,FLAT,2392.090087890625,2393.5,2391.169921875,2392.93994140625,88581120.0,0.21246420700718108,0.004510048324754936,0.06889549018024503,15.42782604863213,0.6447226602588997,0.9235681087285539,1.0,-1.192987744828172,-1.4966195633682675,0.30363181854009547,0.03487210311107658,0.1806946353043557,1.192987744828172,0.16666666666666666,0.0,0.6857056976876429,0.33451724364627444,0.19238420721977445,0.8348041665696728,1.3452020597530296,0.45,False,True,ACTIVE,MR_BLOCK,FIXED_2ATR,OSC_CROSS,H1.0,phase_h_2026-08-30,0.4299282393119436,1.4095743894879391,4.088470914140409,4.223291616363667,5.442109488473135,,,,,2026-09-04T11:15:24.752367+00:00
ETHUSD_2026-09-03T11:00:00,ETHUSD,2026-09-03 11:00:00,2026-09-03T14:54:26.889222+00:00,yahoo,FLAT,2395.64990234375,2410.1298828125,2394.39990234375,2406.06005859375,670995456.0,0.2840212895004055,0.11869305869681301,0.040199967396620115,15.553691431319123,0.6464382040575355,0.9219413479375729,1.0,-1.1153341240202002,-1.4457815047885252,0.330447380768325,0.07765362080797189,0.17788178936309906,1.1153341240202002,0.16666666666666666,0.0,0.6965280533675074,0.2934965088152088,0.2948201526686636,0.8717514847804131,1.3929931445371255,0.45,False,True,ACTIVE,MR_BLOCK,FIXED_2ATR,OSC_CROSS,H1.0,phase_h_2026-08-30,0.6795280715137619,3.467907673718563,3.924670595954104,4.2122744672824215,4.858145255378316,,,,,2026-09-04T11:15:24.781800+00:00
ETHUSD_2026-09-03T12:00:00,ETHUSD,2026-09-03 12:00:00,2026-09-03T14:54:27.103549+00:00,yahoo,FLAT,2406.330078125,2425.699951171875,2404.3798828125,2422.409912109375,481005568.0,0.25392699900582305,0.2595544700383206,0.008065216888725198,15.965575497608828,0.6590781939009818,0.9355473237959273,1.0,-0.988299463581321,-1.3847838992942312,0.39648443571291014,0.12703466043887912,0.2395603843579276,0.988299463581321,0.3333333333333333,0.08333333333333333,0.7621925672356293,0.1977689700235663,0.7396041677503803,0.865328117062324,1.7236995823974925,0.45,False,True,ACTIVE,MR_BLOCK,FIXED_2ATR,OSC_CROSS,H1.0,phase_h_2026-08-30,0.2939270167244311,3.9039663719434547,3.7454429167912613,3.2649341259405307,4.150413955949849,,,,,2026-09-04T12:05:17.333182+00:00
ETHUSD_2026-09-03T13:00:00,ETHUSD,2026-09-03 13:00:00,2026-09-03T14:54:27.370738+00:00,yahoo,FLAT,2423.199951171875,2435.52001953125,2415.39990234375,2429.530029296875,598427648.0,0.37184197366227706,0.25632258773970346,0.049286591343911515,16.262328475458197,0.6693610813349216,0.9454879174561782,1.0,-0.843664140673258,-1.3126345981447682,0.4689704574715102,0.14463532290806302,0.34932360415491404,0.843664140673258,0.3333333333333333,0.08333333333333333,0.8177147714367514,0.07070041176316863,0.8089837271917872,0.8480388433109027,1.4949106697269894,0.45,False,True,ACTIVE,MR_BLOCK,FIXED_2ATR,OSC_CROSS,H1.0,phase_h_2026-08-30,2.468377421969169,2.6416603568056813,3.6311537474042477,3.1738592382645376,0.9191110155350704,,,,,2026-09-04T20:29:58.631693+00:00
EURCAD_2026-09-03T10:00:00,EURCAD,2026-09-03 10:00:00,2026-09-03T14:54:28.001428+00:00,yahoo,FLAT,1.6022599935531616,1.602579951286316,1.6021000146865845,1.6022499799728394,0.0,0.2750565567728324,0.39821568509255356,0.3451782160304029,0.0012831214648096828,0.08008247657031856,0.9540592973271719,1.0,-2.4026671797024153,-2.002763482121924,-0.39990369758049127,-0.0050498048607727775,-0.02825079237782191,2.4026671797024153,0.0,0.16666666666666666,0.1704426302782221,0.7684415845923444,-0.15817333805951173,0.9041001092103546,0.2823440263344593,0.45,False,True,ACTIVE,MR_BLOCK,FIXED_2ATR,OSC_CROSS,H1.0,phase_h_2026-08-30,-0.00998906487689222,0.16609239468179804,0.04183944386960593,0.09553625014523966,0.18107599199713637,,,,,2026-09-04T11:15:24.870790+00:00
EURCAD_2026-09-03T11:00:00,EURCAD,2026-09-03 11:00:00,2026-09-03T14:54:28.179828+00:00,yahoo,FLAT,1.601539969444275,1.6023800373077393,1.6011500358581543,1.6013799905776978,0.0,0.30185307581209764,0.48147739345192114,0.3834428251403329,0.001279327178007917,0.079889044794821,0.950562979068629,1.0,-2.4188793858096176,-2.0582456026136167,-0.3606337831960009,-0.01621220610720231,-0.02959753281717159,2.4188793858096176,0.0,0.25,0.23217577757823632,0.75629360614279,-0.2175112392813528,0.9184584171191255,0.2708548448595967,0.45,False,True,ACTIVE,MR_BLOCK,FIXED_2ATR,OSC_CROSS,H1.0,phase_h_2026-08-30,0.10990557901832121,0.028101704199005026,0.12177157014233757,0.12676660153771035,0.1910841443931815,,,,,2026-09-04T11:15:24.898940+00:00
EURCAD_2026-09-03T12:00:00,EURCAD,2026-09-03 12:00:00,2026-09-03T14:54:28.427256+00:00,yahoo,FLAT,1.6013799905776978,1.6039999723434448,1.601140022277832,1.6031399965286257,0.0,0.01858310727269372,0.12759181020472377,0.28925022753074564,0.0013922288128368368,0.08684386989604855,1.031144475542402,1.0,-2.3727700788505155,-2.1001821994452032,-0.27258787940531226,0.04610930695910209,0.024847295991127005,2.3727700788505155,0.16666666666666666,0.16666666666666666,0.30521093996056764,0.5406801378942921,-0.08224446331161696,0.8177859277855746,0.4186577993118577,0.45,False,True,ACTIVE,MR_BLOCK,FIXED_2ATR,OSC_CROSS,H1.0,phase_h_2026-08-30,0.06612080073983716,-0.0923177846587378,0.048029043182475764,0.016842511659428627,0.032435777420952196,,,,,2026-09-04T12:05:17.388711+00:00
EURCAD_2026-09-03T13:00:00,EURCAD,2026-09-03 13:00:00,2026-09-03T14:54:28.677851+00:00,yahoo,FLAT,1.6031399965286257,1.6042399406433103,1.6026099920272827,1.604200005531311,0.0,0.09943441595827547,0.029504856841417276,0.2663247579682743,0.001409208798779035,0.0878449566089052,1.0406374296562104,1.0,-2.2899666734733337,-2.125486795982287,-0.16447987749104653,0.08280340537718178,0.11270050622908157,2.2899666734733337,0.3333333333333333,0.08333333333333333,0.37720431948160005,0.7228639453363779,-0.3125900257562365,0.9612451771032887,0.31150368670518125,0.45,False,True,ACTIVE,MR_BLOCK,FIXED_2ATR,OSC_CROSS,H1.0,phase_h_2026-08-30,-0.14773718223334242,-0.1240469183150337,-0.07293599132943669,-0.05049414784343275,0.27552936184537347,,,,,2026-09-04T20:29:58.659717+00:00
GOLD_2026-09-03T14:00:00,GOLD,2026-09-03 14:00:00,2026-09-03T15:05:18.445239+00:00,yahoo,FLAT,4517.10009765625,4527.2998046875,4502.89990234375,4524.2001953125,14089.0,0.2981217671500042,0.4585994477408692,0.3610496424263721,21.45194554387488,0.47415995353391144,1.0206715200222987,0.0,0.7944279424820347,-0.006596163996450646,0.8010241064784854,0.08904241278336045,0.3251738543404686,0.7944279424820347,0.16666666666666666,0.08333333333333333,0.2532148102755945,0.30375915689537514,-0.440855188941374,0.6955589295723982,1.331526538954596,0.45,False,True,ACTIVE,MR_BLOCK,FIXED_2ATR,OSC_CROSS,H1.0,phase_h_2026-08-30,0.19638347129307207,0.08385650721863061,-0.26258087336827013,-0.13018606921787404,-1.2709922747071514,,,,,2026-09-04T20:29:58.683905+00:00
USDJPY_2026-09-03T14:00:00,USDJPY,2026-09-03 14:00:00,2026-09-03T15:05:27.131560+00:00,yahoo,FLAT,155.37899780273438,155.7830047607422,155.33599853515625,155.54800415039062,0.0,0.8095212465351597,0.7433529810161809,0.6215676505660007,0.4188315880222572,0.26926194926764374,2.416659922103474,0.0,-3.0709652196974835,-2.6095785466574126,-0.46138667304007086,-0.019913883425860757,-0.13713424957620823,3.0709652196974835,0.5,0.25,0.17317809176969395,0.8204269421886041,-0.9127383999826698,0.983111085760618,1.244698776181334,0.45,False,True,ACTIVE,MR_BLOCK,FIXED_2ATR,OSC_CROSS,H1.0,phase_h_2026-08-30,-0.01801608448532367,0.03023953145220539,0.25029103094515326,0.4150179331221344,0.45233626398246973,,,,,2026-09-04T20:29:58.711504+00:00
BTCUSD_2026-09-03T14:00:00,BTCUSD,2026-09-03 14:00:00,2026-09-03T15:05:27.802424+00:00,yahoo,FLAT,78785.4375,80475.1875,78678.96875,80231.03125,1885788160.0,0.7739364062706152,0.5524808274515558,0.33517715978135415,526.4114670046216,0.6561195323095409,1.1975397555042575,1.0,0.45657962730029383,-0.43433046256514507,0.890910089865439,0.33146755193113286,0.7118971588607073,0.45657962730029383,0.3333333333333333,0.16666666666666666,0.9141125633604114,0.008161598297602334,0.15944176474346558,0.8699055862593897,0.7488064743481923,0.45,False,True,ACTIVE,MR_BLOCK,FIXED_2ATR,OSC_CROSS,H1.0,phase_h_2026-08-30,0.9956564651576972,0.6161463272851128,1.1503816194973477,0.3368380381424564,-2.062536544046772,,,,,2026-09-04T20:29:58.739307+00:00
ETHUSD_2026-09-03T14:00:00,ETHUSD,2026-09-03 14:00:00,2026-09-03T15:05:28.480846+00:00,yahoo,FLAT,2428.5,2484.60009765625,2425.199951171875,2477.56005859375,1278189568.0,0.655994004703207,0.4542776661456182,0.1901215414288082,19.474833481305033,0.7860488957171374,1.102222074950791,1.0,-0.5718432714712356,-1.218514812330572,0.6466715408593364,0.27998269713206114,0.5527875732367193,0.5718432714712356,0.3333333333333333,0.16666666666666666,0.9630702538456681,0.02637248739315992,1.2300989929755315,0.9363027587494801,1.1746138647947033,0.45,False,True,ACTIVE,MR_BLOCK,FIXED_2ATR,OSC_CROSS,H1.0,phase_h_2026-08-30,1.1038353271239205,0.44145371497790725,0.6402868610664793,0.7290581379293031,-1.9815255322353886,,,,,2026-09-04T20:29:58.767317+00:00
EURCAD_2026-09-03T14:00:00,EURCAD,2026-09-03 14:00:00,2026-09-03T15:05:29.061986+00:00,yahoo,FLAT,1.6040199995040894,1.6041899919509888,1.602139949798584,1.602329969406128,0.0,0.12921471932072015,0.10077519379844961,0.3022345766802478,0.0014853174103030915,0.09269734940135926,1.093139633921715,1.0,-2.2730101571100967,-2.151825102339951,-0.12118505477014585,0.027214198213139085,0.15886413593667426,2.2730101571100967,0.16666666666666666,0.08333333333333333,0.43644910713247786,0.5138342407573084,-0.10724623774635314,0.7609624909541773,0.36711627818415815,0.45,False,True,ACTIVE,MR_BLOCK,FIXED_2ATR,OSC_CROSS,H1.0,phase_h_2026-08-30,-0.010612389972749098,0.09364355050976682,0.08739965486662175,0.10425594048250204,0.37519189374154766,,,,,2026-09-04T20:29:58.795374+00:00
GOLD_2026-09-03T15:00:00,GOLD,2026-09-03 15:00:00,2026-09-03T16:05:17.854743+00:00,yahoo,FLAT,4532.0,4558.5,4530.89990234375,4537.89990234375,21065.0,0.4185574344845176,0.5113036869402027,0.3820049379990179,22.36964976841953,0.4929515910402955,1.0588156750109143,0.0,0.8830639886178547,0.11191440838217347,0.7711495802356813,0.0887885048804834,0.27322385495822776,0.8830639886178547,0.16666666666666666,0.16666666666666666,0.31191778669180403,0.3369207334352867,-0.2893563554068409,0.6806072430379516,1.422422778121907,0.45,False,True,ACTIVE,MR_BLOCK,FIXED_2ATR,OSC_CROSS,H1.0,phase_h_2026-08-30,-0.1563515169215569,-0.39420153086845633,-0.4514623168111861,-0.5946089050683915,-1.266296742275278,,,,,2026-09-04T20:29:58.819812+00:00
USDJPY_2026-09-03T15:00:00,USDJPY,2026-09-03 15:00:00,2026-09-03T16:05:26.589932+00:00,yahoo,FLAT,155.4199981689453,155.47300720214844,155.343994140625,155.447998046875,0.0,0.8488695898428281,0.7735756315092108,0.6433865061138353,0.4033037568285459,0.2594460925170169,2.2839258305337533,0.0,-3.086420781925587,-2.6819608525148784,-0.4044599294107085,-0.0061033884124004345,-0.07181504693457219,3.086420781925587,0.6666666666666666,0.4166666666666667,0.11337725883279938,0.8883545459950701,-0.9044930601431245,0.9641199039464026,0.9638396457148161,0.45,False,True,ACTIVE,MR_BLOCK,FIXED_2ATR,OSC_CROSS,H1.0,phase_h_2026-08-30,-0.023813012176157767,0.06885642943472917,0.296037475494692,0.6287518996400847,0.46270892113012524,,,,,2026-09-04T20:29:58.849771+00:00
US500_2026-09-03T14:30:00,US500,2026-09-03 14:30:00,2026-09-03T16:05:26.993786+00:00,yahoo,FLAT,7703.2998046875,7720.2099609375,7692.2099609375,7720.2099609375,197678333.0,0.683476713141501,0.2113401939657727,0.09477885933232626,20.931157975760815,0.27112161562532233,1.1730635836951153,2.0,-0.5029442767068708,-0.5802668966975412,0.07732261999067036,0.1371769140826533,0.2561640796279897,0.5029442767068708,0.3333333333333333,0.0,0.6799383365822571,0.30148675352764814,0.7972087025593385,0.8298526156893333,0.45964296639970753,0.45,False,True,RESEARCH_ONLY,RESEARCH_ONLY,FIXED_2ATR,OSC_CROSS,H1.0,phase_h_2026-08-30,-0.06042296834309252,0.10909545019776308,-0.22825824316484475,-0.3599405995257065,,,,,,
BTCUSD_2026-09-03T15:00:00,BTCUSD,2026-09-03 15:00:00,2026-09-03T16:05:27.639835+00:00,yahoo,FLAT,80519.4375,80939.0234375,80519.4375,80721.0,589223936.0,0.7825696353631604,0.5891598725009758,0.35474194382575475,545.0197369744666,0.6751895256184469,1.2214552821135982,1.0,0.7670802627387702,-0.2870683998076873,1.0541486625464573,0.33235371895748556,0.8642288327882364,0.7670802627387702,0.6666666666666666,0.25,0.8880449292919265,0.044198452699379775,0.18141515931305177,0.9434042980258736,1.4583297523085434,0.45,False,True,ACTIVE,MR_BLOCK,FIXED_2ATR,OSC_CROSS,H1.0,phase_h_2026-08-30,-0.47230366557001824,-0.11036263146073436,0.2974211941384604,-0.6240342789617405,-2.3786877688186627,,,,,2026-09-04T20:29:58.889599+00:00
ETHUSD_2026-09-03T15:00:00,ETHUSD,2026-09-03 15:00:00,2026-09-03T16:05:28.262701+00:00,yahoo,FLAT,2488.72998046875,2502.8701171875,2488.72998046875,2490.199951171875,96610304.0,0.6847597554153888,0.503457710882848,0.2060742669196118,20.028821686521006,0.8043057617560208,1.118921259282833,1.0,-0.2993959290002469,-1.1083772688458933,0.8089813398456464,0.29426795579007514,0.7223756691030386,0.2993959290002469,0.6666666666666666,0.3333333333333333,0.9538171214773778,0.05321568953960372,0.8234006855032195,0.5157089276673448,0.7593095296070711,0.45,False,True,ACTIVE,MR_BLOCK,FIXED_2ATR,OSC_CROSS,H1.0,phase_h_2026-08-30,-0.924521438860086,-0.15256727985217589,-0.2153343259405115,-0.4823197908735105,-2.5784830569714488,,,,,2026-09-04T20:29:58.916413+00:00
EURCAD_2026-09-03T15:00:00,EURCAD,2026-09-03 15:00:00,2026-09-03T16:05:28.890838+00:00,yahoo,FLAT,1.601889967918396,1.6020900011062622,1.6015700101852417,1.6020699739456177,0.0,0.29890467602164256,0.1219471673035435,0.30748712047909704,0.001463719373606162,0.09136425982700852,1.0727252537034058,0.0,-2.2574680765215875,-2.17109470940873,-0.08637336711285748,0.02346091360449787,0.136997162813437,2.2574680765215875,0.08333333333333333,0.20833333333333334,0.1906007460938255,0.794608731480727,-0.27165215417797844,0.979095219701644,0.27770828826428207,0.45,False,True,ACTIVE,MR_BLOCK,FIXED_2ATR,OSC_CROSS,H1.0,phase_h_2026-08-30,0.034341349440884,0.14047651264565386,0.10364180558391431,0.08803413116312873,0.3571306827527819,,,,,2026-09-04T20:29:58.945190+00:00
GOLD_2026-09-03T16:00:00,GOLD,2026-09-03 16:00:00,2026-09-03T18:05:15.816593+00:00,yahoo,FLAT,4540.7001953125,4543.39990234375,4533.0,4533.7001953125,5945.0,0.48382974989030275,0.4428048269617978,0.3849417854907985,21.514667809514567,0.4745498573496124,1.0173340974301195,0.0,0.9532037858707807,0.22408632538065443,0.7291174604901263,0.07013979725292596,0.2479900909799897,0.9532037858707807,0.0,0.16666666666666666,0.3384059722543003,0.3406282002246804,-0.39297871739930607,0.38966272883114644,1.4301176723927336,0.45,False,True,ACTIVE,MR_BLOCK,FIXED_2ATR,OSC_CROSS,H1.0,phase_h_2026-08-30,0.04411407710787421,-0.2382224784055346,-0.26689232051031025,-0.2933650747903774,-1.1050597855599202,,,,,2026-09-04T20:29:58.969380+00:00
GOLD_2026-09-03T17:00:00,GOLD,2026-09-03 17:00:00,2026-09-03T18:05:23.149554+00:00,yahoo,FLAT,4533.89990234375,4542.0,4530.60009765625,4537.2001953125,7137.0,0.4653800846410029,0.4744152540465095,0.4168455048129015,20.792184561959953,0.4582602412703963,0.980545728631925,0.0,1.013657039949978,0.3293624206565643,0.6842946192934137,0.06045325407919733,0.2193815562126067,1.013657039949978,0.16666666666666666,0.25,0.25737135425743,0.5253849890643366,-0.4508480731753288,0.746342805691218,1.5176524238328963,0.45,False,True,ACTIVE,MR_BLOCK,FIXED_2ATR,OSC_CROSS,H1.0,phase_h_2026-08-30,-0.28221206026753465,-0.3461471137075075,-0.1940228099256829,-0.3858279702456015,-1.5807966184934321,,,,,2026-09-04T20:29:58.992670+00:00
USDJPY_2026-09-03T16:00:00,USDJPY,2026-09-03 16:00:00,2026-09-03T18:05:23.706258+00:00,yahoo,FLAT,155.38400268554688,155.4409942626953,155.33999633789062,155.41299438476562,0.0,0.92340992889123,0.8099731879255287,0.6842238378573021,0.381770259236767,0.24564886658807605,2.123835042976034,0.0,-3.0828008722266897,-2.734784532682196,-0.34801633954449374,0.008123362847731741,-0.02333720589619226,3.0828008722266897,0.6666666666666666,0.4166666666666667,0.0761375268065621,0.9020053918435521,-0.7679449433261167,0.9582142701643256,0.8689904073815174,0.45,False,True,ACTIVE,MR_BLOCK,FIXED_2ATR,OSC_CROSS,H1.0,phase_h_2026-08-30,0.0720944913227797,0.25619081977821023,0.4956545389130017,0.623754859870998,0.4119699250069958,,,,,2026-09-04T20:29:59.020777+00:00
USDJPY_2026-09-03T17:00:00,USDJPY,2026-09-03 17:00:00,2026-09-03T18:05:23.915216+00:00,yahoo,FLAT,155.3509979248047,155.49099731445312,155.3459930419922,155.46299743652344,0.0,0.8676855822334941,0.7862415692214253,0.6915913200723327,0.3648584030384935,0.23469147582045533,1.9983833241053872,0.0,-3.058963521659836,-2.7780083978792147,-0.2809551237806214,0.023837350566853654,0.026320918491990586,3.058963521659836,0.5,0.4166666666666667,0.12513774194658525,0.8649652335160884,-0.6954597860163828,0.9775563713867415,0.909117020716277,0.45,False,True,ACTIVE,MR_BLOCK,FIXED_2ATR,OSC_CROSS,H1.0,phase_h_2026-08-30,0.02058218430860203,0.21998497706661765,0.10999739606414065,0.5564060306487079,0.43418888281336576,,,,,2026-09-04T20:29:59.048585+00:00
US500_2026-09-03T15:30:00,US500,2026-09-03 15:30:00,2026-09-03T18:05:24.250936+00:00,yahoo,FLAT,7745.6298828125,7749.68017578125,7739.39013671875,7745.0498046875,145538070.0,0.7295798920980685,0.3207648847952094,0.13791132257751032,21.541090609188615,0.2781272057947439,1.2004836715925755,2.0,-0.3177558804260191,-0.5452654278613382,0.22750954743531915,0.1851883962808517,0.4259156917213227,0.3177558804260191,0.5,0.08333333333333333,0.8960152256127104,0.19666783474195562,1.0818279394813657,0.8549043152409974,0.540413334790328,0.45,False,True,RESEARCH_ONLY,RESEARCH_ONLY,FIXED_2ATR,OSC_CROSS,H1.0,phase_h_2026-08-30,0.021061478322762017,0.12324024063196293,-0.3949074493420669,,,,,,,
US500_2026-09-03T16:30:00,US500,2026-09-03 16:30:00,2026-09-03T18:05:24.393947+00:00,yahoo,FLAT,7741.0498046875,7748.64013671875,7737.6201171875,7742.64013671875,204555000.0,0.6101668549720817,0.28042955992250207,0.11169464794860041,20.789585532192998,0.2685077075143958,1.156619005060232,2.0,-0.14744262636199496,-0.49222238766142584,0.3447797612994309,0.17031325406402414,0.49267856442752916,0.14744262636199496,0.3333333333333333,0.08333333333333333,0.9192271697331429,0.10844400086925522,0.7012493276723413,0.32273146170486333,0.06771798823361021,0.45,False,True,RESEARCH_ONLY,RESEARCH_ONLY,FIXED_2ATR,OSC_CROSS,H1.0,phase_h_2026-08-30,0.14852814798226668,0.06663964587842272,-0.2632225020648704,,,,,,,
BTCUSD_2026-09-03T16:00:00,BTCUSD,2026-09-03 16:00:00,2026-09-03T18:05:24.920934+00:00,yahoo,FLAT,81366.609375,81387.1328125,80816.3203125,80832.5078125,118827008.0,0.7879108752626924,0.5932549505780762,0.3957882343203243,547.5277881721478,0.6773608823843489,1.2155904756281322,1.0,1.0854193937667755,-0.09292318481632011,1.1783425785830957,0.2865811867597111,0.9730998991317735,1.0854193937667755,0.6666666666666666,0.3333333333333333,0.8706183567616731,0.04462956538850562,-0.1348743827982773,0.6700338762966208,1.6206548415808453,0.45,False,True,ACTIVE,MR_BLOCK,FIXED_2ATR,OSC_CROSS,H1.0,phase_h_2026-08-30,0.09699299523978873,0.9700264340404215,0.22428122623536542,0.12094938708106946,-1.5140478236346449,,,,,2026-09-04T20:29:59.102351+00:00
BTCUSD_2026-09-03T17:00:00,BTCUSD,2026-09-03 17:00:00,2026-09-03T18:05:25.093729+00:00,yahoo,FLAT,80969.7890625,81197.9921875,80880.8125,81052.4921875,1263570944.0,0.8808061520440623,0.6387622943799943,0.4411492857022382,534.5246872312802,0.6594796443701643,1.1762344447270043,1.0,1.3460833432040158,0.098944352253058,1.2471389909509578,0.26066394943724025,0.8713104190705387,1.3460833432040158,0.6666666666666666,0.3333333333333333,0.9076494538642966,0.034789885425353204,-0.027414236051878718,0.786589265432041,1.6754600496323269,0.45,False,True,ACTIVE,MR_BLOCK,FIXED_2ATR,OSC_CROSS,H1.0,phase_h_2026-08-30,0.2664072154628959,0.5309637783924557,0.27139048296151447,-0.08548665269873815,-1.9526119213445687,,,,,2026-09-04T20:29:59.130074+00:00
ETHUSD_2026-09-03T16:00:00,ETHUSD,2026-09-03 16:00:00,2026-09-03T18:05:25.613043+00:00,yahoo,FLAT,2516.699951171875,2518.75,2498.580078125,2499.169921875,246905856.0,0.6969011326101592,0.5230266556152173,0.2574913636771084,20.42906629850059,0.8174340655946156,1.1284284307895445,1.0,0.021458222078604577,-0.9475689678844148,0.9690271899630194,0.28657780781084735,0.8890796300576881,0.021458222078604577,0.6666666666666666,0.4166666666666667,0.8578071312784972,0.02088055512451036,0.43365787559384444,0.4871150265891733,0.5837620505472232,0.45,False,True,ACTIVE,MR_BLOCK,FIXED_2ATR,OSC_CROSS,H1.0,phase_h_2026-08-30,0.2718852393855008,0.9640270696702133,0.12952510594037575,0.6211624638396841,-1.3329533408078684,,,,,2026-09-04T20:29:59.159351+00:00
ETHUSD_2026-09-03T17:00:00,ETHUSD,2026-09-03 17:00:00,2026-09-03T18:05:25.799688+00:00,yahoo,FLAT,2494.419921875,2506.18994140625,2492.050048828125,2500.489990234375,888484864.0,0.8393537273726102,0.5505131037593657,0.29606189957427087,19.979839604188047,0.799036976041456,1.0962780736835067,1.0,0.2842521274127704,-0.7833261551781234,1.067578282590894,0.2627939053341658,0.8387349531425335,0.2842521274127704,0.6666666666666666,0.4166666666666667,0.8893829590946566,0.01569534423051487,0.33175995566929734,0.6390225512085854,0.5199117464332884,0.45,False,True,ACTIVE,MR_BLOCK,FIXED_2ATR,OSC_CROSS,H1.0,phase_h_2026-08-30,0.5058969399259344,0.19795924763574171,0.2767426345246591,0.33833212572496774,-2.2003695174197793,,,,,2026-09-04T20:29:59.188781+00:00
EURCAD_2026-09-03T16:00:00,EURCAD,2026-09-03 16:00:00,2026-09-03T18:05:26.337800+00:00,yahoo,FLAT,1.6016600131988523,1.601989984512329,1.6014800071716309,1.6017199754714966,0.0,0.31467093845948474,0.16487575554061593,0.2948387208476942,0.0014543502407666433,0.0907992822115194,1.061218834979682,0.0,-2.2636627215305833,-2.1941894274457368,-0.06947329408484659,0.01878114862690694,0.0610236805476414,2.2636627215305833,0.16666666666666666,0.16666666666666666,0.17453722700268606,0.7406920320486196,-0.19777661240694716,0.9821062771573617,0.43154174083922275,0.45,False,True,ACTIVE,MR_BLOCK,FIXED_2ATR,OSC_CROSS,H1.0,phase_h_2026-08-30,0.06990165109262345,0.051174407260769966,0.05367434922641677,0.07426910922899808,0.35325816841156665,,,,,2026-09-04T20:29:59.217207+00:00
EURCAD_2026-09-03T17:00:00,EURCAD,2026-09-03 17:00:00,2026-09-03T18:05:26.592098+00:00,yahoo,FLAT,1.6022100448608398,1.603600025177002,1.6020699739456177,1.6033300161361694,0.0,0.026369912362288275,0.011885362051863397,0.21687283523008744,0.001484757345390838,0.09260459982960481,1.080275319320028,0.0,-2.1952000457992846,-2.1943241765595434,-0.000875869239741256,0.06846267573129872,0.1138252768773329,2.1952000457992846,0.16666666666666666,0.08333333333333333,0.2416372867201177,0.7964250427018265,-0.18560325967139757,0.9574943730030709,0.43694926926463934,0.45,False,True,ACTIVE,MR_BLOCK,FIXED_2ATR,OSC_CROSS,H1.0,phase_h_2026-08-30,0.036171791697767096,-0.006238054107795805,0.004988956264995215,0.010602461451390726,0.2307708264574091,,,,,2026-09-04T20:29:59.244934+00:00
GOLD_2026-09-03T18:00:00,GOLD,2026-09-03 18:00:00,2026-09-03T20:22:26.445864+00:00,yahoo,FLAT,4534.60009765625,4537.10009765625,4521.2001953125,4522.89990234375,6450.0,0.2939524215037222,0.41067586224721664,0.4518321844624263,20.4498856646771,0.4521410180685194,0.9656257439114273,0.0,1.0491208006423984,0.4253302046546755,0.6237905959877229,0.03546376069242041,0.1660568120245437,1.0491208006423984,0.16666666666666666,0.16666666666666666,0.1612771248975045,0.665208623511507,-0.5787434923039557,0.6325446486754206,1.4747475632081548,0.45,False,True,ACTIVE,MR_BLOCK,FIXED_2ATR,OSC_CROSS,H1.0,phase_h_2026-08-30,0.0,-0.05748740216210929,0.22109708850328608,-0.29626793944314844,-1.1408631358282109,,,,,2026-09-04T20:29:59.269393+00:00
GOLD_2026-09-03T19:00:00,GOLD,2026-09-03 19:00:00,2026-09-03T20:22:33.621872+00:00,yahoo,FLAT,4522.7998046875,4528.7001953125,4520.2998046875,4522.89990234375,4938.0,0.3629655885820933,0.40753925205111047,0.4354052748004028,19.58920744755731,0.43311167327418093,0.9234368552665687,0.0,1.0756944214062574,0.5120454335548864,0.563648987851371,0.02657362076385894,0.12249063553547668,1.0756944214062574,0.08333333333333333,0.20833333333333334,0.20875845413946564,0.6784797677852172,-0.5262340081339493,0.8931071052022042,1.0020938112834734,0.45,False,True,ACTIVE,MR_BLOCK,FIXED_2ATR,OSC_CROSS,H1.0,phase_h_2026-08-30,-0.06411599651469804,-0.028738303202917356,0.05085880780952053,0.16360968634117679,-0.9042849328271851,,,,,2026-09-04T20:29:59.291548+00:00
USDJPY_2026-09-03T18:00:00,USDJPY,2026-09-03 18:00:00,2026-09-03T20:22:34.194044+00:00,yahoo,FLAT,155.46499633789062,155.468994140625,155.4149932861328,155.4149932861328,0.0,0.8094632972322503,0.8326799748447568,0.6831710020771226,0.3609541439309823,0.2322518157990289,1.9423356751577237,0.0,-3.0320572736505498,-2.8135089243540596,-0.21854834929649014,0.03256642658809339,0.06243452325533427,3.0320572736505498,0.6666666666666666,0.5833333333333334,0.2117293108693772,0.8090688258918195,-0.678134045341378,0.6277568273244419,0.7162558965657413,0.45,False,True,ACTIVE,MR_BLOCK,FIXED_2ATR,OSC_CROSS,H1.0,phase_h_2026-08-30,0.1633478958875504,0.22702472494043482,0.17235626837492102,0.5022707379015007,0.4643237047765963,,,,,2026-09-04T20:29:59.319065+00:00
USDJPY_2026-09-03T19:00:00,USDJPY,2026-09-03 19:00:00,2026-09-03T20:22:34.379632+00:00,yahoo,FLAT,155.48899841308594,155.8509979248047,155.4759979248047,155.74899291992188,0.0,0.40490900921141315,0.7378899066188155,0.6046668571168329,0.3663148935553318,0.23519567394164284,1.9387665535508627,0.0,-2.9713787882015996,-2.834558239533732,-0.13682054866786775,0.06067848544895016,0.11804857908603994,2.9713787882015996,0.5,0.5,0.11297434735912916,0.8825001582752932,-0.6838695821977352,0.91227623298299,1.0058666256399627,0.45,False,True,ACTIVE,MR_BLOCK,FIXED_2ATR,OSC_CROSS,H1.0,phase_h_2026-08-30,0.03595513191418656,0.23885180274328838,0.06357298392129608,0.3518508467482551,0.30947865450605977,,,,,2026-09-04T20:29:59.346864+00:00
US500_2026-09-03T17:30:00,US500,2026-09-03 17:30:00,2026-09-03T20:22:34.707163+00:00,yahoo,FLAT,7742.6201171875,7755.52001953125,7742.56982421875,7753.81005859375,132024000.0,0.5907957423653439,0.30077437006605784,0.15250186591716192,20.543669863379225,0.26494935661481855,1.1372556446632383,2.0,0.07118725977703465,-0.403662379088652,0.47484963886568665,0.1803187135064473,0.5188617142489531,0.07118725977703465,0.3333333333333333,0.08333333333333333,0.9888153595784783,0.007953756540026391,0.8643808010114366,0.321338979189491,0.20260238773278538,0.45,False,True,RESEARCH_ONLY,RESEARCH_ONLY,FIXED_2ATR,OSC_CROSS,H1.0,phase_h_2026-08-30,-0.04630212980351537,-0.33698605690672173,-0.5155952789585252,,,,,,,
US500_2026-09-03T18:30:00,US500,2026-09-03 18:30:00,2026-09-03T20:22:34.860504+00:00,yahoo,FLAT,7754.0498046875,7755.5400390625,7747.7099609375,7750.5498046875,260674000.0,0.7581012209156435,0.28051642706647406,0.07683808106305717,19.63555616778071,0.25334404219820905,1.0853878144796096,2.0,0.23534558513680406,-0.3184613171919245,0.5538069023287285,0.16415832535976943,0.5110187525478176,0.23534558513680406,0.16666666666666666,0.08333333333333333,0.9587384690321616,0.028689372324081135,0.7172247841421878,0.22773183241742592,-0.1597487985280745,0.45,False,False,RESEARCH_ONLY,RESEARCH_ONLY,FIXED_2ATR,OSC_CROSS,H1.0,phase_h_2026-08-30,-0.03548135383036713,-0.5175099095162478,-0.470802033575491,,,,,,,
BTCUSD_2026-09-03T18:00:00,BTCUSD,2026-09-03 18:00:00,2026-09-03T20:22:35.419483+00:00,yahoo,FLAT,81048.1875,81198.0078125,81036.359375,81198.0078125,9750528.0,0.7336056994293818,0.6372253226576019,0.39739000232003313,544.6971774238395,0.6708257900632709,1.1857194234692094,0.0,1.6016522527633228,0.3123156106092033,1.2893366421541195,0.22083562402475154,0.7535896959695636,1.6016522527633228,0.5,0.3333333333333333,0.8602228300393606,0.05298976541256863,0.0667265404690196,0.7658692199939233,1.3366270117507357,0.45,False,True,ACTIVE,MR_BLOCK,FIXED_2ATR,OSC_CROSS,H1.0,phase_h_2026-08-30,0.6041707082182713,0.4082343637855955,-0.3582072449342736,-0.5862324676770402,-2.030924142391562,,,,,2026-09-04T20:29:59.399754+00:00
BTCUSD_2026-09-03T19:00:00,BTCUSD,2026-09-03 19:00:00,2026-09-03T20:22:35.566894+00:00,yahoo,FLAT,81253.390625,81803.078125,81174.7109375,81759.421875,1487642624.0,0.8449616068389,0.6504440212947238,0.4166707545897156,550.6736067149939,0.6735292325781186,1.1830515649004634,0.0,1.8217031061495232,0.513567276681246,1.3081358294682772,0.22005085338620045,0.6891120925611138,1.8217031061495232,0.6666666666666666,0.4166666666666667,0.6391034051197728,0.29969436273297545,-0.11310512500521686,0.7749658835659592,1.7918335685581586,0.45,False,True,ACTIVE,MR_BLOCK,FIXED_2ATR,OSC_CROSS,H1.0,phase_h_2026-08-30,-0.3382733220922742,-0.738580779011899,-0.9590637776265464,-1.3559025976172854,-2.3812526958379987,,,,,2026-09-04T20:29:59.427454+00:00
ETHUSD_2026-09-03T18:00:00,ETHUSD,2026-09-03 18:00:00,2026-09-03T20:22:36.129961+00:00,yahoo,FLAT,2501.18994140625,2504.0,2500.330078125,2504.0,87941120.0,0.6052869943486561,0.5209388363432572,0.24821001630856437,20.29751305331891,0.8106035564424484,1.102286135636349,1.0,0.5556113149676037,-0.5912024998484111,1.146813814816015,0.23745173071530157,0.7567275121677993,0.5556113149676037,0.5,0.3333333333333333,0.8510219841759862,0.020014126476636817,0.5387945584375466,0.5927012206463368,0.6851769705858242,0.45,False,True,ACTIVE,MR_BLOCK,FIXED_2ATR,OSC_CROSS,H1.0,phase_h_2026-08-30,0.18344014336367417,-0.06286295438787988,-0.46316134698670197,-0.21566335765892958,-2.4853356202716173,,,,,2026-09-04T20:29:59.454840+00:00
ETHUSD_2026-09-03T19:00:00,ETHUSD,2026-09-03 19:00:00,2026-09-03T20:22:36.304304+00:00,yahoo,FLAT,2512.8798828125,2527.5,2507.5400390625,2517.75,1282355200.0,0.7291034584683946,0.5242033553758009,0.2651386926746644,20.526262120938984,0.8152621237588714,1.101799094463375,1.0,0.7950063663449958,-0.40637465102262355,1.2013810173676194,0.23939505137739203,0.7323563068182738,0.7950063663449958,0.6666666666666666,0.4166666666666667,0.847520986814739,0.034232571106703746,0.37075904978685903,0.6733718939411718,1.3945132995142064,0.45,False,True,ACTIVE,MR_BLOCK,FIXED_2ATR,OSC_CROSS,H1.0,phase_h_2026-08-30,-0.4889309341177639,-0.8265339526859299,-0.4412712708519511,-0.5389760047413366,-2.43352276958594,,,,,2026-09-04T20:29:59.483004+00:00
EURCAD_2026-09-03T18:00:00,EURCAD,2026-09-03 18:00:00,2026-09-03T20:22:36.834182+00:00,yahoo,FLAT,1.6033200025558472,1.6035000085830688,1.6032700538635254,1.603410005569458,0.0,0.10653773993363637,0.029505951168945544,0.2698721850273889,0.0015103121388968844,0.09419375790663664,1.0946404185249146,1.0,-2.1217042000651114,-2.184981894077317,0.06327769401220573,0.07037226789169271,0.17260429156045243,2.1217042000651114,0.16666666666666666,0.0,0.28474614669283094,0.725885104749429,0.04229155323392194,0.9760375481281309,0.39862695816379445,0.45,False,True,ACTIVE,MR_BLOCK,FIXED_2ATR,OSC_CROSS,H1.0,phase_h_2026-08-30,-0.054866107966881905,-0.036783035536173125,-0.031171560120975977,-0.018699963105478196,0.17955978086854046,,,,,2026-09-04T20:29:59.511735+00:00
EURCAD_2026-09-03T19:00:00,EURCAD,2026-09-03 19:00:00,2026-09-03T20:22:36.979854+00:00,yahoo,FLAT,1.6039199829101562,1.604099988937378,1.6029200553894043,1.60302996635437,0.0,0.09329949093809431,0.05087844748777214,0.3037697112654474,0.0014867136681166522,0.09274397230999708,1.0771525319209754,1.0,-2.0632158686156994,-2.1687464240157683,0.10553055540006895,0.05848833144941201,0.19716708453668197,2.0632158686156994,0.16666666666666666,0.0,0.5202811466344096,0.5246751218011451,0.17170175442676264,0.8080153346960378,0.378283021901449,0.45,False,True,ACTIVE,MR_BLOCK,FIXED_2ATR,OSC_CROSS,H1.0,phase_h_2026-08-30,0.012478443451768456,0.0024986632895189456,0.02245822361403182,0.0817196752630242,0.21397035365754383,,,,,2026-09-04T20:29:59.540339+00:00
GOLD_2026-09-03T20:00:00,GOLD,2026-09-03 20:00:00,2026-09-04T02:56:15.223442+00:00,yahoo,FLAT,4522.7001953125,4523.2998046875,4518.7998046875,4519.60009765625,800.0,0.337210746514409,0.3606946841079878,0.42785571264844424,18.39166924184186,0.4069313400400029,0.8667900742193215,0.0,1.0945040746576595,0.592906297842346,0.5015977768153135,0.013758586276035212,0.07456991093624787,1.0945040746576595,0.08333333333333333,0.125,0.44409189066720584,0.549718447329635,-0.4020140359091597,0.7186369961404273,0.9850354944534176,0.45,False,True,ACTIVE,MR_BLOCK,FIXED_2ATR,OSC_CROSS,H1.0,phase_h_2026-08-30,0.006632847068584071,0.15265270672013273,0.1327433628318584,0.095128422289823,-0.9358363868915929,,,,,2026-09-04T20:29:59.563665+00:00
GOLD_2026-09-03T21:00:00,GOLD,2026-09-03 21:00:00,2026-09-04T02:56:28.690849+00:00,yahoo,FLAT,4520.2998046875,4520.2998046875,4520.2998046875,4520.2998046875,1.0,0.24814427179776186,0.31776211679838046,0.42177116297468353,17.127957655371016,0.37891198361687245,0.8071281125339099,0.0,1.1008719520339443,0.6606350517345592,0.4402369002993851,0.006367877376284747,0.04609949118303902,1.1008719520339443,0.08333333333333333,0.20833333333333334,0.1455269076062821,0.762140576664739,-0.44132187941139883,0.9599584693425587,0.9191703962664124,0.45,False,True,ACTIVE,MR_BLOCK,FIXED_2ATR,OSC_CROSS,H1.0,phase_h_2026-08-30,0.02876563557579988,0.27874473377150427,-0.1437957719808667,-0.18804062489805645,-0.9667435550609695,,,,,2026-09-07T01:45:21.999064+00:00
GOLD_2026-09-03T22:00:00,GOLD,2026-09-03 22:00:00,2026-09-04T02:56:28.919282+00:00,yahoo,FLAT,4522.0,4526.2998046875,4518.5,4521.60009765625,0.0,0.268427843803056,0.28396471794053324,0.40412153391278205,16.4616610148088,0.36406715895423003,0.7781162859872089,0.0,1.1017076978917946,0.7194447378888572,0.38226296000293736,0.0008357458578502897,0.02096220951017025,1.1017076978917946,0.25,0.2916666666666667,0.12906598205363431,0.7581375289015191,-0.35227504690115324,0.8746400824993675,0.7940559803615408,0.45,False,True,ACTIVE,MR_BLOCK,FIXED_2ATR,OSC_CROSS,H1.0,phase_h_2026-08-30,0.11721082300593386,0.07961999244727753,-0.026543597102320387,-0.05971769405037906,-0.9952229084417601,,,,,2026-09-07T03:06:43.092183+00:00
GOLD_2026-09-03T23:00:00,GOLD,2026-09-03 23:00:00,2026-09-04T02:56:29.094530+00:00,yahoo,FLAT,4521.5,4527.2001953125,4519.0,4526.89990234375,2361.0,0.18351895539584134,0.2621055823683304,0.40981885671676066,15.871556321786743,0.350605417927828,0.7531270016479655,0.0,1.1022406879704878,0.7704841978997413,0.3317564900707465,0.0005329900786932296,0.007736613312828267,1.1022406879704878,0.25,0.2916666666666667,0.15213943789714104,0.7353915133762092,-0.3925459255792857,0.7562788551743941,0.7272527870282595,0.45,False,True,ACTIVE,MR_BLOCK,FIXED_2ATR,OSC_CROSS,H1.0,phase_h_2026-08-30,0.13254103535387585,-0.0684816921762498,-0.19217802953287808,-0.3048400668270865,,,,,,
GOLD_2026-09-04T00:00:00,GOLD,2026-09-04 00:00:00,2026-09-04T02:56:29.322892+00:00,yahoo,FLAT,4527.0,4533.5,4519.2998046875,4532.89990234375,2941.0,0.022421721042259687,0.26249412441597336,0.41660253955821513,15.752173392551976,0.34750763819883307,0.7513986326162664,0.0,1.1038321785311935,0.8149305953172683,0.28890158321392523,0.0015914905607057328,0.002960226497249252,1.1038321785311935,0.25,0.2916666666666667,0.11791727258855299,0.6003414283081,-0.4347945771632674,0.4737565234557034,-0.09307720980811443,0.45,False,False,ACTIVE,MR_BLOCK,FIXED_2ATR,OSC_CROSS,H1.0,phase_h_2026-08-30,-0.16986271916723425,-0.4213659703002538,-0.5162236724365126,-2.0362197859206224,,,,,,
GOLD_2026-09-04T01:00:00,GOLD,2026-09-04 01:00:00,2026-09-04T02:56:29.514231+00:00,yahoo,FLAT,4532.60009765625,4533.60009765625,4513.0,4525.2001953125,5656.0,0.27429577836133345,0.251305994847303,0.42570665756213655,16.098453697101835,0.3557511933677028,0.7741425981231441,0.0,1.094732683553104,0.8522375404153797,0.24249514313772425,-0.009099494978089595,-0.006975014338690633,1.094732683553104,0.25,0.20833333333333334,0.11962860821378082,0.8023687914044346,-0.4414754888291623,0.7632132301240965,0.3958539466833868,0.45,False,True,ACTIVE,MR_BLOCK,FIXED_2ATR,OSC_CROSS,H1.0,phase_h_2026-08-30,-0.030946489979617183,-0.10607912935481749,0.11269356392856411,-1.443036554192505,,,,,,
USDJPY_2026-09-03T20:00:00,USDJPY,2026-09-03 20:00:00,2026-09-04T02:56:30.628374+00:00,yahoo,FLAT,155.74899291992188,155.79600524902344,155.7220001220703,155.76199340820312,0.0,0.3578364339331215,0.7199419777531668,0.5962651445622064,0.3454356245123171,0.22177144562283502,1.8072713532609899,0.0,-2.9025345431512033,-2.8436217466827283,-0.058912796468475026,0.06884424505039632,0.16208915708743987,2.9025345431512033,0.3333333333333333,0.4166666666666667,0.06801478255135993,0.881220928084984,-0.6472601475470091,0.9832789126290721,0.6135396853087662,0.45,False,True,ACTIVE,MR_BLOCK,FIXED_2ATR,OSC_CROSS,H1.0,phase_h_2026-08-30,0.027607925541062454,-0.10974615594648665,0.16431563488043488,0.38831296477585187,0.29203289524971315,,,,,2026-09-04T20:29:59.707045+00:00
USDJPY_2026-09-03T21:00:00,USDJPY,2026-09-03 21:00:00,2026-09-04T02:56:30.872292+00:00,yahoo,FLAT,155.7790069580078,155.88999938964844,155.7689971923828,155.84800720214844,0.0,0.17044518618058868,0.6686727809039404,0.5609455761956941,0.3299049357218168,0.21168376910581946,1.7076435917613497,1.0,-2.8211399128436128,-2.840624168837513,0.019484255993900135,0.08139463030759053,0.21091736080693702,2.8211399128436128,0.16666666666666666,0.3333333333333333,0.14002304292224824,0.8392399308334041,-0.23210665326817598,0.9718296690913822,0.6722391037645711,0.45,False,True,ACTIVE,MR_BLOCK,FIXED_2ATR,OSC_CROSS,H1.0,phase_h_2026-08-30,0.17516745964103936,-0.05454462677660446,0.33173237200590777,0.40487954605868315,0.22457190888080714,,,,,2026-09-07T01:45:22.145861+00:00
USDJPY_2026-09-03T22:00:00,USDJPY,2026-09-03 22:00:00,2026-09-04T02:56:31.180487+00:00,yahoo,FLAT,155.84800720214844,156.1230010986328,155.7740020751953,156.12100219726562,0.0,0.48783427595067486,0.5049119735434296,0.48709895507954576,0.3312687991300799,0.21218721022012624,1.6951693177624885,1.0,-2.7192524460904073,-2.8244412724712324,0.10518882638082516,0.10188746675320548,0.25212634211119234,2.7192524460904073,0.0,0.3333333333333333,0.33631545077970115,0.7868544234858231,-0.21531067201113147,0.9294990421102057,0.7547307461989378,0.45,False,True,ACTIVE,MR_BLOCK,FIXED_2ATR,OSC_CROSS,H1.0,phase_h_2026-08-30,-0.31193721848096073,-0.17486115978953717,0.12746851746549348,0.12938416149426488,-0.14859924394612506,,,,,2026-09-07T01:45:22.189022+00:00
USDJPY_2026-09-03T23:00:00,USDJPY,2026-09-03 23:00:00,2026-09-04T02:56:31.400716+00:00,yahoo,FLAT,156.10800170898438,156.16700744628906,155.6199951171875,155.63400268554688,0.0,0.17639050341931362,0.5337653713160365,0.5384590434449442,0.34667905127090004,0.2227527695033026,1.7606071537357824,1.0,-2.6416932354522076,-2.8000748675353626,0.15838163208315503,0.0775592106381997,0.2608413076989957,2.6416932354522076,0.0,0.4166666666666667,0.24427567469460593,0.6812205457055073,-0.12011543844794953,0.9345141624328968,1.0501032403147739,0.45,False,True,ACTIVE,MR_BLOCK,FIXED_2ATR,OSC_CROSS,H1.0,phase_h_2026-08-30,0.08288535956696468,0.27436289355594273,0.44591813624611876,0.4054362756296062,0.2711470906297581,,,,,2026-09-07T01:45:22.220651+00:00
USDJPY_2026-09-04T00:00:00,USDJPY,2026-09-04 00:00:00,2026-09-04T02:56:31.587045+00:00,yahoo,FLAT,155.63400268554688,155.95599365234375,155.28199768066406,155.76300048828125,0.0,0.22430339793855106,0.5133250236299345,0.5446150714903577,0.37005883130009914,0.23757813482023948,1.8553210365488806,1.0,-2.555583253533484,-2.7674759856684457,0.21189273213496174,0.08610998191872365,0.26555665931012884,2.555583253533484,0.16666666666666666,0.3333333333333333,0.38383519032866925,0.670367780552903,-0.13437775277463793,0.921566357808172,0.9958741294124411,0.45,False,True,ACTIVE,MR_BLOCK,FIXED_2ATR,OSC_CROSS,H1.0,phase_h_2026-08-30,0.05457439417622347,0.3864878071144399,0.32934681963823964,-0.05007795782244739,0.17397975957094397,,,,,2026-09-07T02:05:26.158664+00:00
USDJPY_2026-09-04T01:00:00,USDJPY,2026-09-04 01:00:00,2026-09-04T02:56:31.778257+00:00,yahoo,FLAT,155.76100158691406,156.07699584960938,155.66799926757812,155.84800720214844,0.0,0.2867838015239581,0.41522952595184537,0.5287095844991408,0.37284009920946704,0.23923315151913424,1.8457369676754254,1.0,-2.46522250551277,-2.727175521647689,0.26195301613491884,0.09036074802071381,0.25402994057763717,2.46522250551277,0.3333333333333333,0.25,0.45692507972395274,0.602029555331454,0.12505382168119242,0.9552198585620223,1.0353873276506131,0.45,False,True,ACTIVE,MR_BLOCK,FIXED_2ATR,OSC_CROSS,H1.0,phase_h_2026-08-30,0.13666997759372135,0.3028592604704193,0.28809471242175305,-0.004493983789348671,0.19505260359783055,,,,,2026-09-07T03:06:43.222511+00:00
US500_2026-09-03T19:30:00,US500,2026-09-03 19:30:00,2026-09-04T02:56:32.193942+00:00,yahoo,FLAT,7750.509765625,7752.0400390625,7744.25,7747.7998046875,399806000.0,0.7408137995815721,0.4503440758604236,0.058087826570316844,18.86580242769643,0.24349883713157408,1.0412570132527832,2.0,0.3870409885695922,-0.22426012100852358,0.6113011095781158,0.1511021855116149,0.4961724422990048,0.3870409885695922,0.0,0.08333333333333333,0.954118724575632,0.03592297343365532,0.48644549645036006,0.32210950163699703,-0.09896465174149532,0.45,False,False,RESEARCH_ONLY,RESEARCH_ONLY,FIXED_2ATR,OSC_CROSS,H1.0,phase_h_2026-08-30,-0.25542785773229215,-0.32964247536504504,-0.415856467316137,,,,,,,
BTCUSD_2026-09-03T20:00:00,BTCUSD,2026-09-03 20:00:00,2026-09-04T02:56:33.397298+00:00,yahoo,FLAT,81771.9921875,81794.7734375,81406.0,81411.3515625,991092736.0,0.716560003991346,0.6361185464332562,0.36963309480009404,539.1093089139229,0.6622041012303368,1.1568557150112646,0.0,1.980937571859817,0.7092166493717221,1.271720922488095,0.15923446571029376,0.6001209431212458,1.980937571859817,0.5,0.3333333333333333,0.5786691318377802,0.5017951323668759,-0.41188979868678605,0.6200060916999968,1.7172911701525482,0.45,False,True,ACTIVE,MR_BLOCK,FIXED_2ATR,OSC_CROSS,H1.0,phase_h_2026-08-30,0.14400077470288275,-0.25820233455946684,-0.8042911636411227,-0.420755709239051,-2.090834871792905,,,,,2026-09-04T20:29:59.887099+00:00
BTCUSD_2026-09-03T21:00:00,BTCUSD,2026-09-03 21:00:00,2026-09-04T02:56:33.846724+00:00,yahoo,FLAT,81468.7890625,82272.0,81314.359375,81600.1875,1717960704.0,0.715852891472222,0.6303877932920685,0.3755706094016598,569.0044029200712,0.6973077150344431,1.2114272617163022,0.0,2.121068464912887,0.8974635581105441,1.223604906802343,0.14013089305307003,0.5194162121495642,2.121068464912887,0.6666666666666666,0.4166666666666667,0.5914763867793048,0.4882917206037611,-0.48221694299873896,0.7126522841514176,1.599632100596544,0.45,False,True,ACTIVE,MR_BLOCK,FIXED_2ATR,OSC_CROSS,H1.0,phase_h_2026-08-30,-0.544882326403968,-0.7633254519176197,-0.9187229961940957,-0.6801167736287371,-2.2448726756908495,,,,,2026-09-04T21:05:16.320311+00:00
BTCUSD_2026-09-03T22:00:00,BTCUSD,2026-09-03 22:00:00,2026-09-04T02:56:34.128527+00:00,yahoo,FLAT,81603.2109375,81627.2109375,80921.203125,81155.5625,1133797376.0,0.5184493205068988,0.4979173523179343,0.3241662518666003,578.790360747209,0.7131863090064947,1.2320026283044165,0.0,2.2063910446657653,1.0719872229845735,1.1344038216811918,0.08532257975287827,0.38468793851624206,2.2063910446657653,0.5,0.4166666666666667,0.21626011424410102,0.7664412233357712,-0.7549034072703915,0.6687279015419474,1.8045298405401822,0.45,False,True,ACTIVE,MR_BLOCK,FIXED_2ATR,OSC_CROSS,H1.0,phase_h_2026-08-30,0.14404242161466135,-0.2221235605384412,-0.10310060385571229,0.028995239851858583,-1.806696090609932,,,,,2026-09-05T02:59:51.239061+00:00
BTCUSD_2026-09-03T23:00:00,BTCUSD,2026-09-03 23:00:00,2026-09-04T02:56:34.397166+00:00,yahoo,FLAT,81153.3984375,81341.3125,81079.953125,81272.4609375,642990080.0,0.5098525653435018,0.531596307743444,0.3478316306653085,556.1167189081227,0.6842621873303265,1.176042548503217,0.0,2.2756709852871957,1.2324783912915898,1.043192593995606,0.06927994062143039,0.2947334134273787,2.2756709852871957,0.5,0.4166666666666667,0.27093646027467033,0.5083270392875725,-0.6221925198828628,0.7781589052940717,1.813889403585349,0.45,False,True,ACTIVE,MR_BLOCK,FIXED_2ATR,OSC_CROSS,H1.0,phase_h_2026-08-30,-0.36315922281100177,-0.5475024933011308,-0.3559112264638381,-0.06504932530670608,-2.077521838914723,,,,,2026-09-05T02:59:51.268037+00:00
BTCUSD_2026-09-04T00:00:00,BTCUSD,2026-09-04 00:00:00,2026-09-04T02:56:34.681748+00:00,yahoo,FLAT,81261.453125,81438.0,80965.0078125,80977.3125,526274560.0,0.12514654093744415,0.46483792686004205,0.39058527241407787,550.1792523789711,0.6794239465269623,1.1622872883031081,0.0,2.310788582069542,1.3762530833953166,0.9345354986742254,0.03511759678234627,0.18972011715665493,2.310788582069542,0.3333333333333333,0.4166666666666667,0.23509538532576033,0.7567068892862691,-0.7839321814423451,0.42800934537363156,0.9178209225849586,0.45,False,True,ACTIVE,MR_BLOCK,FIXED_2ATR,OSC_CROSS,H1.0,phase_h_2026-08-30,-0.002489123110871332,-0.15659285741299453,-0.22884496197623252,-1.905105365160149,-1.7613633293893274,,,,,2026-09-05T02:59:51.296865+00:00
BTCUSD_2026-09-04T01:00:00,BTCUSD,2026-09-04 01:00:00,2026-09-04T02:56:34.973710+00:00,yahoo,FLAT,80979.109375,81094.9921875,80780.0078125,80975.296875,0.0,0.14926559487880717,0.4589856598554535,0.402249651969422,533.3796182804732,0.6586942423981983,1.1222386154214237,0.0,2.329753074040376,1.5033864154813246,0.8263666585590512,0.01896449197083383,0.1233620293746105,2.329753074040376,0.16666666666666666,0.3333333333333333,0.18548985602558068,0.6466906324869606,-0.5187115167799164,0.7534680175232209,0.886053539131681,0.45,False,True,ACTIVE,MR_BLOCK,FIXED_2ATR,OSC_CROSS,H1.0,phase_h_2026-08-30,-0.18253059044434655,0.11928792326517791,-0.40068161219692966,-1.991097207693936,-1.7172000179838796,,,,,2026-09-05T02:59:51.325316+00:00
ETHUSD_2026-09-03T20:00:00,ETHUSD,2026-09-03 20:00:00,2026-09-04T02:56:35.941187+00:00,yahoo,FLAT,2518.320068359375,2518.409912109375,2506.43994140625,2507.840087890625,1320845312.0,0.6281109332457688,0.5357479220577344,0.2326836788530327,19.915098448237988,0.7941135698563947,1.0687213464036225,1.0,0.9850143905790455,-0.220856112142401,1.2058705027214465,0.19000802423404972,0.6668548063267433,0.9850143905790455,0.5,0.3333333333333333,0.7901216624699844,0.0522930092429652,0.4749500723386954,0.5129414194829666,1.6785904401305989,0.45,False,True,ACTIVE,MR_BLOCK,FIXED_2ATR,OSC_CROSS,H1.0,phase_h_2026-08-30,0.24427315484021975,0.0786277360142705,0.08820650221851241,0.8557355956501682,-2.081466870623902,,,,,2026-09-04T20:30:00.054318+00:00
ETHUSD_2026-09-03T21:00:00,ETHUSD,2026-09-03 21:00:00,2026-09-04T02:56:36.225948+00:00,yahoo,FLAT,2505.27001953125,2525.909912109375,2501.0,2511.56005859375,279736320.0,0.6138722444306175,0.5300967678907479,0.22550515830339363,20.271870852604916,0.8071425878605252,1.0825353051061943,1.0,1.1581569000386458,-0.03698771051826141,1.1951446105569072,0.1731425094596003,0.6025455850710421,1.1581569000386458,0.6666666666666666,0.4166666666666667,0.7486419060132199,0.05476510629826784,0.6134904063841838,0.6197720187643678,1.4434305022848446,0.45,False,True,ACTIVE,MR_BLOCK,FIXED_2ATR,OSC_CROSS,H1.0,phase_h_2026-08-30,-0.5821129834213864,-0.4005501902822398,-0.2675616169373065,0.3635144133328797,-2.3061429814286476,,,,,2026-09-04T21:05:16.456887+00:00
ETHUSD_2026-09-03T22:00:00,ETHUSD,2026-09-03 22:00:00,2026-09-04T02:56:36.589913+00:00,yahoo,FLAT,2511.43994140625,2512.949951171875,2490.47998046875,2496.93994140625,406458368.0,0.4380766101315485,0.3951633286383844,0.1877423028342995,20.428877984784926,0.8181565621990732,1.0936986808749203,1.0,1.2799782168302065,0.13860774646153431,1.1413704703686722,0.12182131679156072,0.48497185048521074,1.2799782168302065,0.5,0.4166666666666667,0.3127781183296861,0.5713219028099266,0.3099849605283381,0.4846943907266772,1.652812005612437,0.45,False,True,ACTIVE,MR_BLOCK,FIXED_2ATR,OSC_CROSS,H1.0,phase_h_2026-08-30,0.4193120759335695,0.3884735476021138,0.49100138783155084,1.1694294559375704,-1.8058040965376956,,,,,2026-09-05T02:59:51.354807+00:00
ETHUSD_2026-09-03T23:00:00,ETHUSD,2026-09-03 23:00:00,2026-09-04T02:56:36.865016+00:00,yahoo,FLAT,2496.8798828125,2509.409912109375,2495.60009765625,2507.409912109375,206487552.0,0.44892720532977565,0.43684769131175055,0.2163909877586706,19.956087732523503,0.7958845355179806,1.0608598391671513,1.0,1.4006977480727145,0.306886413343025,1.0938113347296894,0.120719531242508,0.415683357493669,1.4006977480727145,0.5,0.4166666666666667,0.257892428976227,0.5656881139919004,-0.047390177880811894,0.6275678278848595,1.7019049398597368,0.45,False,True,ACTIVE,MR_BLOCK,FIXED_2ATR,OSC_CROSS,H1.0,phase_h_2026-08-30,-0.23569788413268447,0.009571240554485431,0.06141951721026867,0.6209622241732536,-2.1962832623734085,,,,,2026-09-05T02:59:51.383563+00:00
ETHUSD_2026-09-04T00:00:00,ETHUSD,2026-09-04 00:00:00,2026-09-04T02:56:37.033023+00:00,yahoo,FLAT,2506.889892578125,2515.60009765625,2501.5,2501.5,94779392.0,0.1004857465286296,0.40023655700228605,0.27332982416639534,19.537802727075395,0.7810434829932199,1.0386506164782219,1.0,1.4929865712445225,0.4650331010632247,1.0279534701812978,0.09228882317180798,0.3348296712058767,1.4929865712445225,0.3333333333333333,0.4166666666666667,0.17728151920784566,0.6663482764974258,-0.2946542613420271,0.12491035216641323,0.4187669185498861,0.45,False,True,ACTIVE,MR_BLOCK,FIXED_2ATR,OSC_CROSS,H1.0,phase_h_2026-08-30,0.2054724196731961,0.13352340158404957,0.2486496383419948,-2.0020019238456923,-1.972420063586848,,,,,2026-09-05T02:59:51.412864+00:00
ETHUSD_2026-09-04T01:00:00,ETHUSD,2026-09-04 01:00:00,2026-09-04T02:56:37.202799+00:00,yahoo,FLAT,2501.97998046875,2510.080078125,2497.43994140625,2506.639892578125,105693184.0,0.1065111822532498,0.41173178911246294,0.3361191735368549,19.045112297909295,0.7597865315356905,1.0088941172844386,1.0,1.5774010299604784,0.6133488249161919,0.9640522050442865,0.08441445871595588,0.29742281313027186,1.5774010299604784,0.3333333333333333,0.4166666666666667,0.11240721220442762,0.5461747749210689,-0.5992715849830826,0.3809135305476374,0.44559121975235194,0.45,False,True,ACTIVE,MR_BLOCK,FIXED_2ATR,OSC_CROSS,H1.0,phase_h_2026-08-30,0.04029337315725022,0.10213108796880005,-0.09813778775258719,-2.1853871119839234,-2.1231598069073767,,,,,2026-09-05T02:59:51.442807+00:00
EURCAD_2026-09-03T20:00:00,EURCAD,2026-09-03 20:00:00,2026-09-04T02:56:38.347033+00:00,yahoo,FLAT,1.6029900312423706,1.6030700206756592,1.6021499633789062,1.602429986000061,0.0,0.10788081958211135,0.08155453757149222,0.3234930766459052,0.0014462382130192434,0.09025281763662579,1.0480838234731542,1.0,-2.021751233683504,-2.1491470653048,0.12739583162129575,0.04146463493219521,0.17032523427329993,2.021751233683504,0.16666666666666666,0.08333333333333333,0.3671908862363878,0.6301581905152933,-0.10394381867065765,0.8722171153421318,0.3692914994263872,0.45,False,True,ACTIVE,MR_BLOCK,FIXED_2ATR,OSC_CROSS,H1.0,phase_h_2026-08-30,0.0056138553817317565,0.011227710763463513,0.016841566145195268,0.06799085246432535,0.21020356508815466,,,,,2026-09-04T20:30:00.222423+00:00
EURCAD_2026-09-03T21:00:00,EURCAD,2026-09-03 21:00:00,2026-09-04T02:56:38.567730+00:00,yahoo,FLAT,1.6032299995422363,1.6036299467086792,1.6016199588775637,1.6033200025558472,0.0,0.2160361077923695,0.03403627197942004,0.27636476426799006,0.001486506042883262,0.09271424547274577,1.0761482811502718,1.0,-1.953003924419607,-2.1229946465201075,0.1699907221005006,0.06874730926389727,0.1687002756455045,1.953003924419607,0.0,0.0,0.24206774627427893,0.8049300838481277,-0.23207611813963805,0.9705035366056767,0.3078507502792755,0.45,False,True,ACTIVE,MR_BLOCK,FIXED_2ATR,OSC_CROSS,H1.0,phase_h_2026-08-30,-0.015591515093025286,0.005613540245700568,-0.015591515093025286,0.016840620737101703,0.2076935539382777,,,,,2026-09-04T21:05:16.596568+00:00
EURCAD_2026-09-03T22:00:00,EURCAD,2026-09-03 22:00:00,2026-09-04T02:56:38.767760+00:00,yahoo,FLAT,1.603350043296814,1.6037499904632568,1.602679967880249,1.6030700206756592,0.0,0.00936756937908886,0.0036045932817086687,0.2657812254132697,0.0014567572243207299,0.09087296284829395,1.0542122229821738,1.0,-1.8920953433800305,-2.092208072768097,0.20011272938806668,0.060908581039576415,0.1711205252356689,1.8920953433800305,0.0,0.08333333333333333,0.4474221680047426,0.7434736735229099,0.019927844217796226,0.9009791323771955,0.35298941496513014,0.45,False,True,ACTIVE,MR_BLOCK,FIXED_2ATR,OSC_CROSS,H1.0,phase_h_2026-08-30,0.021208362043694876,0.019959061614767376,0.02058371182921035,0.08545809838925018,0.2189547727961262,,,,,2026-09-07T01:45:22.347432+00:00
EURCAD_2026-09-03T23:00:00,EURCAD,2026-09-03 23:00:00,2026-09-04T02:56:39.001068+00:00,yahoo,FLAT,1.603060007095337,1.6035100221633911,1.602530002593994,1.603410005569458,0.0,0.1170372463486492,0.006545694147022148,0.3318238565937434,0.0014227045346833346,0.08872992745096754,1.0288487426277737,1.0,-1.8224662083893834,-2.0562424908509356,0.23377628246155213,0.06962913499064705,0.19928502529412073,1.8224662083893834,0.16666666666666666,0.0,0.3627154040134828,0.6672795308944824,0.0868828480793893,0.9553524065873116,0.3676434315063831,0.45,False,True,ACTIVE,MR_BLOCK,FIXED_2ATR,OSC_CROSS,H1.0,phase_h_2026-08-30,0.0,0.005613225145047969,0.005613225145047969,0.02494353690282905,0.21516867406997783,,,,,2026-09-07T01:45:22.379269+00:00
EURCAD_2026-09-04T00:00:00,EURCAD,2026-09-04 00:00:00,2026-09-04T02:56:39.206769+00:00,yahoo,FLAT,1.603410005569458,1.6038999557495115,1.602929949760437,1.603410005569458,0.0,0.36073158782860637,0.00801389190362466,0.35781641339604653,0.0013903689242827026,0.08671324985208054,1.0053420009561147,1.0,-1.7542844047526969,-2.0159814127045035,0.2616970079518066,0.06818180363668658,0.19871951966691004,1.7542844047526969,0.08333333333333333,0.041666666666666664,0.4670522601708413,0.6145460918331475,0.16954751086682712,0.9891914203209768,0.3761790332065906,0.45,False,True,ACTIVE,MR_BLOCK,FIXED_2ATR,OSC_CROSS,H1.0,phase_h_2026-08-30,-0.001249035528950468,-0.021203865051227556,0.012475485819060252,0.3317899318517294,0.19396480901875027,,,,,2026-09-07T01:45:22.411253+00:00
EURCAD_2026-09-04T01:00:00,EURCAD,2026-09-04 01:00:00,2026-09-04T02:56:39.404335+00:00,yahoo,FLAT,1.603410005569458,1.6038800477981567,1.6028599739074707,1.6033899784088137,0.0,0.40897305827989305,0.0869289221634956,0.35410959846930495,0.0013639192790257978,0.08506472520049901,0.9857683953425775,1.0,-1.6873500252708638,-1.9721638943800182,0.2848138691091544,0.06693437948183312,0.20474531810916674,1.6873500252708638,0.08333333333333333,0.041666666666666664,0.49707184901668305,0.362890950798972,0.22702249753121104,0.9825017138485227,0.4205928975279051,0.45,False,True,ACTIVE,MR_BLOCK,FIXED_2ATR,OSC_CROSS,H1.0,phase_h_2026-08-30,0.0068623463871429315,0.0006245255650006558,0.05924814556797355,0.32618821564866374,0.21517136163671896,,,,,2026-09-07T02:05:26.251678+00:00
GOLD_2026-09-04T02:00:00,GOLD,2026-09-04 02:00:00,2026-09-04T03:05:15.591462+00:00,yahoo,FLAT,4525.2998046875,4528.89990234375,4516.2998046875,4526.0,3321.0,0.17949418379658086,0.3274756997636378,0.44055958205867213,15.848571122755276,0.3501672806618488,0.7669562290769433,0.0,1.0838094139321692,0.8831137902176183,0.20069562371455096,-0.010923269620934706,-0.018431274038318568,1.0838094139321692,0.25,0.20833333333333334,0.20361189069669722,0.6970934168022871,-0.28869649920069046,0.952401033937219,0.44346952825143837,0.45,False,True,ACTIVE,MR_BLOCK,FIXED_2ATR,OSC_CROSS,H1.0,phase_h_2026-08-30,-0.22105310649773086,-0.1237811047517567,0.011052655324886543,-1.0942128771637678,,,,,,
USDJPY_2026-09-04T02:00:00,USDJPY,2026-09-04 02:00:00,2026-09-04T03:05:23.634932+00:00,yahoo,FLAT,155.84800720214844,156.05799865722656,155.7689971923828,156.01400756835938,0.0,0.40501290978067356,0.31842593240501016,0.5193004704438535,0.3728983428713044,0.2390159375323492,1.8053931812575483,1.0,-2.358715997965157,-2.6736805707693314,0.31496457280417456,0.0983579248490698,0.2743619020331516,2.358715997965157,0.5,0.16666666666666666,0.6031536190606339,0.2978512238846595,0.1858804834068175,0.9368586377641032,0.7934579806530366,0.45,False,True,ACTIVE,MR_BLOCK,FIXED_2ATR,OSC_CROSS,H1.0,phase_h_2026-08-30,0.19479616653502957,0.17108584661094953,0.22362987105301393,0.037164093208836395,0.01857715787866065,,,,,2026-09-07T04:06:17.449851+00:00
BTCUSD_2026-09-04T02:00:00,BTCUSD,2026-09-04 02:00:00,2026-09-04T03:05:24.170313+00:00,yahoo,FLAT,80968.3984375,80974.0,80667.9375,80782.2265625,1034665984.0,0.08593238440394278,0.4267802715433638,0.3916730239919178,528.3417355559709,0.6540321529107653,1.1073357814287057,0.0,2.325760188752909,1.615518865549101,0.7102413232038081,-0.006436118797935375,0.046118200027611245,2.325760188752909,0.0,0.25,0.03380451167383607,0.8641918731469109,-0.6911157485818981,0.36582231423428857,0.9560010266664386,0.45,False,True,ACTIVE,MR_BLOCK,FIXED_2ATR,OSC_CROSS,H1.0,phase_h_2026-08-30,0.02847499579302718,0.19264600853727928,0.38664520764177646,-2.3913197077997617,-1.5374757911791113,,,,,2026-09-05T08:04:26.482767+00:00
ETHUSD_2026-09-04T02:00:00,ETHUSD,2026-09-04 02:00:00,2026-09-04T03:05:24.749186+00:00,yahoo,FLAT,2506.739990234375,2506.739990234375,2498.110107421875,2504.89990234375,439717888.0,0.13926481401581214,0.3851501338542797,0.3406915522584982,18.78805469846117,0.7500521150917777,0.9923691301766743,0.0,1.6442961314212834,0.7551183772519298,0.8891777541693536,0.06385701040381919,0.23841035002520305,1.6442961314212834,0.16666666666666666,0.3333333333333333,0.2079201220695533,0.45392837162020805,-0.15061896407601927,0.21153252270131778,0.5213810945824542,0.45,False,True,ACTIVE,MR_BLOCK,FIXED_2ATR,OSC_CROSS,H1.0,phase_h_2026-08-30,-0.11204971038815406,0.05184331460743074,0.7668526795058948,-2.6909649710543926,-2.1625818029089503,,,,,2026-09-05T08:04:26.511425+00:00
EURCAD_2026-09-04T02:00:00,EURCAD,2026-09-04 02:00:00,2026-09-04T03:05:25.308882+00:00,yahoo,FLAT,1.6033899784088137,1.603659987449646,1.6028599739074707,1.6035000085830688,0.0,0.3593225967126017,0.08142033246635472,0.33516994126942945,0.001375166832476241,0.08576032585689887,0.9891042725839185,1.0,-1.5950168770332203,-1.9057262636789316,0.31070938664571135,0.06732615677354059,0.197926795820198,1.5950168770332203,0.25,0.125,0.4530780762556146,0.37303130325039086,0.24784181317104198,0.9908901697048488,0.37052478132466987,0.45,False,True,ACTIVE,MR_BLOCK,FIXED_2ATR,OSC_CROSS,H1.0,phase_h_2026-08-30,-0.0268155849771168,0.0,0.05114067342878747,0.27065378061461437,0.19706890118475523,,,,,2026-09-07T03:06:43.344410+00:00
GOLD_2026-09-04T03:00:00,GOLD,2026-09-04 03:00:00,2026-09-04T11:14:59.093703+00:00,yahoo,FLAT,4523.5,4525.0,4513.60009765625,4513.7998046875,1781.0,0.4534993754494871,0.20396436049088382,0.3896870230208809,15.602237638540615,0.34565639402833,0.76173871019147,0.0,1.0595621336526508,0.907660971386087,0.1519011622665638,-0.02491086796069819,-0.045299331575009205,1.0595621336526508,0.08333333333333333,0.125,0.43297551284736824,0.5912109756938655,0.056420021701815336,0.7912022692470514,0.7693316340049726,0.45,False,True,ACTIVE,MR_BLOCK,FIXED_2ATR,OSC_CROSS,H1.0,phase_h_2026-08-30,0.14622043382154248,-0.09525909153159008,-0.04430856676282001,-0.6757056431330051,,,,,,
GOLD_2026-09-04T04:00:00,GOLD,2026-09-04 04:00:00,2026-09-04T11:15:09.283943+00:00,yahoo,FLAT,4513.10009765625,4521.5,4511.60009765625,4520.39990234375,1960.0,0.05694836829577559,0.2047948133371331,0.3638237847222222,15.194927974627,0.33614123314064953,0.7454368320745923,0.0,1.0378521807395562,0.925019799299883,0.11283238143967322,-0.021709952913094632,-0.05772423874316557,1.0378521807395562,0.25,0.125,0.5230725349668608,0.35202292026816573,-0.00838757270837634,0.5423445879497647,0.1555493654807179,0.45,False,True,ACTIVE,MR_BLOCK,FIXED_2ATR,OSC_CROSS,H1.0,phase_h_2026-08-30,-0.048661779461358926,0.21900501189324137,-0.0331829048846381,-0.8140829458123812,,,,,,
GOLD_2026-09-04T05:00:00,GOLD,2026-09-04 05:00:00,2026-09-04T11:15:09.523494+00:00,yahoo,FLAT,4520.2998046875,4523.89990234375,4512.7998046875,4518.2001953125,4261.0,0.10194786624439948,0.2370293154843547,0.360661515725978,14.902440094742929,0.3298313366061949,0.7362176671762305,0.0,1.011709180494934,0.9365783834592232,0.0751307970357109,-0.026143000244622128,-0.07276382111841495,1.011709180494934,0.08333333333333333,0.125,0.5091012063693323,0.616972733764682,-0.06426187340348817,0.2953909412263059,0.2230603744061881,0.45,False,True,ACTIVE,MR_BLOCK,FIXED_2ATR,OSC_CROSS,H1.0,phase_h_2026-08-30,-0.19255887159507,0.13500086563955632,-0.11287896586656787,-1.199597029116397,,,,,,
GOLD_2026-09-04T06:00:00,GOLD,2026-09-04 06:00:00,2026-09-04T11:15:09.765926+00:00,yahoo,FLAT,4518.10009765625,4519.5,4506.60009765625,4509.5,4647.0,0.19612026054555282,0.1862498496813244,0.22375001785178733,14.75940168395772,0.32729574640110254,0.7354935723556839,0.0,0.9760885024874464,0.9418463993296531,0.0342421031577933,-0.035620678007487694,-0.08347363116520445,0.9760885024874464,0.08333333333333333,0.125,0.39006501889981054,0.6177452698839746,-0.008205226664234769,0.6665134239663005,0.5857269545039104,0.45,False,True,ACTIVE,MR_BLOCK,FIXED_2ATR,OSC_CROSS,H1.0,phase_h_2026-08-30,0.46124414430646415,0.050999106053886245,-1.5278834093303026,-0.8471048966071627,,,,,,
GOLD_2026-09-04T07:00:00,GOLD,2026-09-04 07:00:00,2026-09-04T11:15:10.058491+00:00,yahoo,FLAT,4509.2998046875,4537.7998046875,4508.0,4530.2998046875,7045.0,0.13966556643661857,0.2018115959836239,0.299801596609206,15.83371618421074,0.349507027500202,0.7901242676530351,0.0,0.9571685720348193,0.943889355690342,0.013279216344477263,-0.018919930452627076,-0.0806836087047369,0.9571685720348193,0.16666666666666666,0.125,0.08751119733387343,0.9402647447926966,-0.41690452862201427,0.7613046977895028,0.626676432425072,0.45,False,True,ACTIVE,MR_BLOCK,FIXED_2ATR,OSC_CROSS,H1.0,phase_h_2026-08-30,-0.132441565871464,-0.25163681953133704,-1.5539788839340662,-1.066150294016396,,,,,,
GOLD_2026-09-04T08:00:00,GOLD,2026-09-04 08:00:00,2026-09-04T11:15:10.319578+00:00,yahoo,FLAT,4530.39990234375,4533.60009765625,4521.0,4524.2998046875,3787.0,0.03538310902912435,0.10779386725599181,0.2935887524767702,15.602743432213545,0.34486537377668874,0.7844555359972314,1.0,0.9307242704879444,0.9421340109966891,-0.01140974050874477,-0.026444301546874938,-0.08098491000698971,0.9307242704879444,0.16666666666666666,0.041666666666666664,0.23066367577964972,0.7413506694662821,-0.21872332844393289,0.31169536508690243,0.11561094786413842,0.45,False,True,ACTIVE,MR_BLOCK,FIXED_2ATR,OSC_CROSS,H1.0,phase_h_2026-08-30,-0.2762858461998717,-0.24754564274556468,-1.1051433847994867,-1.05430031364919,,,,,,
GOLD_2026-09-04T09:00:00,GOLD,2026-09-04 09:00:00,2026-09-04T11:15:10.531540+00:00,yahoo,FLAT,4524.5,4525.7001953125,4510.0,4511.7998046875,4836.0,0.18084055038682628,0.03714323842503088,0.26617090279112465,15.609704280805435,0.34597510874901527,0.7924074610256725,1.0,0.8923588054913475,0.9354973169293103,-0.04313851143796277,-0.038365464996596876,-0.08372969699609889,0.8923588054913475,0.0,0.041666666666666664,0.2190175590858836,0.6649682387009961,-0.22138669085292711,0.6149480408496063,0.5435341967935858,0.45,False,True,ACTIVE,MR_BLOCK,FIXED_2ATR,OSC_CROSS,H1.0,phase_h_2026-08-30,0.157367302708631,-1.578077709859325,-0.6316769633792294,-0.7801699666434564,,,,,,
GOLD_2026-09-04T10:00:00,GOLD,2026-09-04 10:00:00,2026-09-04T11:15:10.720409+00:00,yahoo,FLAT,4511.7001953125,4523.10009765625,4511.60009765625,4518.89990234375,2424.0,0.16548539766824424,0.0962969928891268,0.26373958305240164,15.316153975033618,0.33893545566454836,0.7813756757100959,1.0,0.8628470200242022,0.9258106106752958,-0.06296359065109358,-0.02951178546714528,-0.0943215520106171,0.8628470200242022,0.0,0.125,0.30492099688310464,0.26054804860079855,0.021214262553121904,0.8564545253894026,0.7316082569236971,0.45,False,True,ACTIVE,MR_BLOCK,FIXED_2ATR,OSC_CROSS,H1.0,phase_h_2026-08-30,-0.1283455002951471,-1.3056275039285414,-0.7811592522594178,-0.9360642103526347,,,,,,
USDJPY_2026-09-04T03:00:00,USDJPY,2026-09-04 03:00:00,2026-09-04T11:15:11.908634+00:00,yahoo,FLAT,156.06500244140625,156.11599731445312,156.0500030517578,156.07200622558594,0.0,0.38471622455274523,0.28167986569512443,0.4900807704190688,0.35354772881576485,0.22652859879608916,1.6929119361355778,1.0,-2.259834976327808,-2.618501158177128,0.35866618184932,0.0988810216373488,0.287372408183737,2.259834976327808,0.6666666666666666,0.08333333333333333,0.5179182439745498,0.33261491739565124,0.1353751058146286,0.9896370719841818,0.8293406799552011,0.45,False,True,ACTIVE,MR_BLOCK,FIXED_2ATR,OSC_CROSS,H1.0,phase_h_2026-08-30,-0.02877764676526662,-0.05692099477171929,0.07290532349383076,-0.1650055032736159,-0.20337569896063806,,,,,2026-09-07T05:06:00.910350+00:00
USDJPY_2026-09-04T04:00:00,USDJPY,2026-09-04 04:00:00,2026-09-04T11:15:12.149946+00:00,yahoo,FLAT,156.35800170898438,156.447998046875,156.2480010986328,156.32000732421875,0.0,0.4585920271416455,0.11222964218080335,0.43764052752499855,0.35515087827814323,0.22719476819210688,1.6801636221446474,1.0,-2.1506294741894436,-2.55611826697877,0.40548879278932626,0.10920550213836444,0.30644444862478304,2.1506294741894436,0.8333333333333334,0.0,0.5583558365475155,0.37930622348234194,0.17890757362784002,0.94268264842633,0.7629021400113329,0.45,False,True,ACTIVE,MR_BLOCK,FIXED_2ATR,OSC_CROSS,H1.0,phase_h_2026-08-30,0.005114895786926717,-0.014719967264666962,0.0019132052943466346,-0.21047210488113333,-0.2942724490238163,,,,,2026-09-07T06:05:57.510911+00:00
USDJPY_2026-09-04T05:00:00,USDJPY,2026-09-04 05:00:00,2026-09-04T11:15:12.389539+00:00,yahoo,FLAT,156.31700134277344,156.41799926757812,156.22999572753906,156.3280029296875,0.0,0.37283106368763386,0.026236963076466807,0.34686724734473406,0.3432117826896375,0.21954593947189727,1.608233726297389,1.0,-2.044960031866553,-2.4879638356304743,0.44300380376392123,0.10566944232289055,0.3137559660986038,2.044960031866553,0.8333333333333334,0.08333333333333333,0.4963582957847128,0.519760791721269,0.040403875839876216,0.9678515763591308,0.7335042040830201,0.45,False,True,ACTIVE,MR_BLOCK,FIXED_2ATR,OSC_CROSS,H1.0,phase_h_2026-08-30,-0.033264643666169776,0.05245428258861397,-0.04413812167207152,-0.12154088701031283,-0.31408148588321927,,,,,2026-09-07T07:07:13.194231+00:00
USDJPY_2026-09-04T06:00:00,USDJPY,2026-09-04 06:00:00,2026-09-04T11:15:12.567448+00:00,yahoo,FLAT,156.3280029296875,156.44700622558594,156.0749969482422,156.2760009765625,0.0,0.3040702943378384,0.013455923961760537,0.3899147949942964,0.3452687465935027,0.2209352328162559,1.6029427894359045,1.0,-1.9470587667720884,-2.4158431597826895,0.46878439301060104,0.09790126509446462,0.3127762095557196,1.9470587667720884,0.6666666666666666,0.08333333333333333,0.4321429529991934,0.5131428820302646,-0.01666328640164377,0.9464246140062035,1.087328183470084,0.45,False,True,ACTIVE,MR_BLOCK,FIXED_2ATR,OSC_CROSS,H1.0,phase_h_2026-08-30,0.013435264288052067,0.12990025878506153,-0.3781792561081633,-0.037757388809518413,-1.1652455489828646,,,,,2026-09-07T11:42:55.559683+00:00
USDJPY_2026-09-04T07:00:00,USDJPY,2026-09-04 07:00:00,2026-09-04T11:15:12.855349+00:00,yahoo,FLAT,156.27000427246094,156.41200256347656,156.20799255371094,156.2969970703125,0.0,0.2940353541914402,0.07361722482895026,0.39609651874586677,0.33517883682008287,0.21444995303991526,1.5416572186407296,1.0,-1.8531895322895122,-2.3408226761169324,0.4876331438274202,0.09386923448257622,0.2974399418999314,1.8531895322895122,0.6666666666666666,0.16666666666666666,0.4073651054419716,0.3535437654094365,0.055125537788970384,0.9148477288239208,0.7429257251451055,0.45,False,True,ACTIVE,MR_BLOCK,FIXED_2ATR,OSC_CROSS,H1.0,phase_h_2026-08-30,0.07230247152223745,0.016635621317025735,-0.2917481851161955,-0.04222362804937577,-1.1522901314838896,,,,,2026-09-07T11:42:55.589051+00:00
USDJPY_2026-09-04T08:00:00,USDJPY,2026-09-04 08:00:00,2026-09-04T11:15:13.048039+00:00,yahoo,FLAT,156.30299377441406,156.43699645996094,156.28399658203125,156.41000366210938,0.0,0.21141224271107736,0.3512138291507919,0.38226751506807916,0.3221660540421975,0.20597535100003506,1.4679720794926756,1.0,-1.7577209104225402,-2.263075774024347,0.5053548636018068,0.09546862186697203,0.28723912144401287,1.7577209104225402,0.6666666666666666,0.25,0.3475437501575305,0.45125684952066475,0.014017938502631111,0.9876876512412742,0.9253103180823877,0.45,False,True,ACTIVE,MR_BLOCK,FIXED_2ATR,OSC_CROSS,H1.0,phase_h_2026-08-30,0.0441149814750247,-0.0965417639709961,-0.18604971510619106,-0.12084305075876403,-1.1278099399384576,,,,,2026-09-07T11:42:55.619466+00:00
USDJPY_2026-09-04T09:00:00,USDJPY,2026-09-04 09:00:00,2026-09-04T11:15:13.256394+00:00,yahoo,FLAT,156.4080047607422,156.58099365234375,156.3000030517578,156.47900390625,0.0,0.8904074348007847,0.47705579665629605,0.374061526210509,0.3192249502238932,0.20400497335421938,1.4416041309349437,1.0,-1.6636322476956762,-2.183149970513858,0.5195177228181818,0.094088662726864,0.28342651907641225,1.6636322476956762,0.6666666666666666,0.3333333333333333,0.4864555941576348,0.4614149224601855,-0.23099111383502743,0.9553588356795906,0.8607561499614244,0.45,False,True,ACTIVE,MR_BLOCK,FIXED_2ATR,OSC_CROSS,H1.0,phase_h_2026-08-30,-0.09969763066006385,-0.5074203745136034,-0.23773750347147465,-0.17958055225310404,-1.1611790063937542,,,,,2026-09-07T11:42:55.649395+00:00
USDJPY_2026-09-04T10:00:00,USDJPY,2026-09-04 10:00:00,2026-09-04T11:15:13.416504+00:00,yahoo,FLAT,156.4720001220703,156.48300170898438,156.27499389648438,156.322998046875,0.0,0.573760240135076,0.37370879621770814,0.4013535155240998,0.31128086895790086,0.1991267266154659,1.3957851923629565,1.0,-1.585477927728495,-2.103460364809143,0.5179824370806481,0.07815431996718125,0.2677116045610173,1.585477927728495,0.5,0.3333333333333333,0.5812624607373295,0.2923600461205925,-0.07299242592799397,0.8935995395893299,0.7288156722228625,0.45,False,True,ACTIVE,MR_BLOCK,FIXED_2ATR,OSC_CROSS,H1.0,phase_h_2026-08-30,-0.04093790557224047,-0.3083325134038941,-0.21238124688622034,-0.2776242036923375,-0.9992109155254029,,,,,2026-09-07T12:06:06.191000+00:00
BTCUSD_2026-09-04T03:00:00,BTCUSD,2026-09-04 03:00:00,2026-09-04T11:15:14.109370+00:00,yahoo,FLAT,80836.0078125,80951.4921875,80836.0078125,80878.5234375,0.0,0.0773575860320019,0.4711514770669783,0.3891680410047103,502.6934419448301,0.6215413197216606,1.05083486441565,0.0,2.3117569341900417,1.7083506080345598,0.6034063261554818,-0.01400325456286744,-0.0022045334732276878,2.3117569341900417,0.0,0.3333333333333333,0.14527471053907481,0.5808393752209131,-0.07214188373550964,0.25624075409734787,0.43715731072246067,0.45,False,True,ACTIVE,MR_BLOCK,FIXED_2ATR,OSC_CROSS,H1.0,phase_h_2026-08-30,0.2738174669396113,-0.07236542364790728,0.24081867914983912,-1.7656718876900994,-1.5513005532490762,,,,,2026-09-05T08:04:26.983173+00:00
BTCUSD_2026-09-04T04:00:00,BTCUSD,2026-09-04 04:00:00,2026-09-04T11:15:14.356343+00:00,yahoo,FLAT,80840.0,81281.9921875,80814.0,81071.890625,479719424.0,0.08827595887286381,0.4720637961555776,0.4282062023518786,500.21478091305653,0.6170014996033732,1.0422262011413401,0.0,2.294959247977871,1.7865650933603345,0.5083941546175366,-0.016797686212170593,-0.03723705957297341,2.294959247977871,0.16666666666666666,0.3333333333333333,0.09528393036697974,0.8742028684956509,-0.7647637766256165,0.30498038213826156,0.4221959779391815,0.45,False,True,ACTIVE,MR_BLOCK,FIXED_2ATR,OSC_CROSS,H1.0,phase_h_2026-08-30,-0.10939364965623682,-0.5193500136163871,0.1322321758793941,-1.6330220805184288,-1.9253070336300673,,,,,2026-09-05T08:04:27.011485+00:00
BTCUSD_2026-09-04T05:00:00,BTCUSD,2026-09-04 05:00:00,2026-09-04T11:15:14.531705+00:00,yahoo,FLAT,81071.8828125,81138.5,80856.9375,80983.203125,0.0,0.42555487977248,0.5032040573204818,0.38466471732773894,484.59676084783825,0.5983916937687048,1.0102500561374046,0.0,2.260016231665708,1.849691911801051,0.4103243198646571,-0.0349430163121629,-0.06574395708720093,2.260016231665708,0.0,0.25,0.3840962729208001,0.40788139421249037,0.1384302847237797,0.6634713639942108,1.332113579405064,0.45,False,True,ACTIVE,MR_BLOCK,FIXED_2ATR,OSC_CROSS,H1.0,phase_h_2026-08-30,-0.2361022009772474,0.1936261859857127,0.2919008089061678,-1.8687227771962744,-1.7199650776347335,,,,,2026-09-05T08:04:27.039057+00:00
BTCUSD_2026-09-04T06:00:00,BTCUSD,2026-09-04 06:00:00,2026-09-04T11:15:14.763923+00:00,yahoo,FLAT,80983.203125,81082.796875,80576.046875,80792.0,0.0,0.3973497733063128,0.4511502858854218,0.37051433384360954,486.17913507299266,0.6017664311726317,1.0156511229867602,0.0,2.2044897815021813,1.8969982944278685,0.30749148707431284,-0.055526450163526864,-0.10726715268786036,2.2044897815021813,0.16666666666666666,0.16666666666666666,0.43277890914625305,0.5412618657393716,0.21307899664862018,0.6667013665466568,1.5013858804364042,0.45,False,True,ACTIVE,MR_BLOCK,FIXED_2ATR,OSC_CROSS,H1.0,phase_h_2026-08-30,-0.17471562778492922,0.3134109039261313,-1.6801052393801368,-1.4532108686503615,-1.4011288246361024,,,,,2026-09-05T08:04:27.067917+00:00
BTCUSD_2026-09-04T07:00:00,BTCUSD,2026-09-04 07:00:00,2026-09-04T11:15:14.972652+00:00,yahoo,FLAT,80768.796875,80955.0625,80635.34375,80650.84375,741949440.0,0.5386443022039398,0.4045696056982252,0.3371002583366468,474.2891075677789,0.5880770560044871,0.992486644519676,0.0,2.1306416588927686,1.9281507430231888,0.2024909158695798,-0.07384812260941276,-0.16431758908510252,2.1306416588927686,0.3333333333333333,0.16666666666666666,0.5642844946056629,0.13133873701419782,0.6384689942681123,0.7644367339769582,1.0822449822612386,0.45,False,True,ACTIVE,MR_BLOCK,FIXED_2ATR,OSC_CROSS,H1.0,phase_h_2026-08-30,0.6065207005351385,0.6549838482005962,-1.596813734512232,-1.0394439456809774,-1.145737393478912,,,,,2026-09-05T08:04:27.095828+00:00
BTCUSD_2026-09-04T08:00:00,BTCUSD,2026-09-04 08:00:00,2026-09-04T11:15:15.168354+00:00,yahoo,FLAT,80664.7421875,81223.546875,80523.609375,81140.0078125,1239855104.0,0.008607980215912874,0.3844088329279344,0.38257791712402106,490.4068498843661,0.6043958622947244,1.019483426374822,0.0,2.070391444999287,1.9471161699533353,0.12327527504595182,-0.06025021389348151,-0.18962478666642113,2.070391444999287,0.16666666666666666,0.16666666666666666,0.35197600074960167,0.5012265217371601,-0.09261945472514777,0.35709419958752403,0.540991838037712,0.45,False,True,ACTIVE,MR_BLOCK,FIXED_2ATR,OSC_CROSS,H1.0,phase_h_2026-08-30,-0.11683123721045058,0.09808470524665072,-2.767265416326583,-1.7457864353098775,-1.7876508015033044,,,,,2026-09-05T08:04:27.123207+00:00
BTCUSD_2026-09-04T09:00:00,BTCUSD,2026-09-04 09:00:00,2026-09-04T11:15:15.357980+00:00,yahoo,FLAT,81142.9921875,81288.8515625,80926.0234375,81045.2109375,1273368576.0,0.12731761121907664,0.3446877534468775,0.3572691578785103,481.29408382119715,0.5938587588998427,1.0016094140815812,0.0,1.9958396421380253,1.9536126329112942,0.04222700922673117,-0.07455180286126173,-0.208650139364156,1.9958396421380253,0.3333333333333333,0.16666666666666666,0.4172689428114682,0.45774943822698744,0.27238625065464744,0.5503400913913823,0.6111820470756737,0.45,False,True,ACTIVE,MR_BLOCK,FIXED_2ATR,OSC_CROSS,H1.0,phase_h_2026-08-30,0.1651952175227812,-1.9872877667528746,-2.001670171172784,-1.5754709442173818,-1.7400395824591348,,,,,2026-09-05T16:06:10.377716+00:00
BTCUSD_2026-09-04T10:00:00,BTCUSD,2026-09-04 10:00:00,2026-09-04T11:15:15.559308+00:00,yahoo,FLAT,81039.90625,81190.8125,80816.5,81179.09375,2408402944.0,0.12427703944646001,0.1285481444939375,0.3659005060808804,473.6525421196831,0.5834661613473396,0.9838640785608777,1.0,1.9230808457599073,1.9495417279577758,-0.026460882197868463,-0.072758796378118,-0.20756081313286123,1.9230808457599073,0.16666666666666666,0.16666666666666666,0.42774351558654733,0.41882632679756854,0.13669576362923502,0.746005431620977,0.4478651892087937,0.45,False,True,ACTIVE,MR_BLOCK,FIXED_2ATR,OSC_CROSS,H1.0,phase_h_2026-08-30,0.0498896921967671,-2.237144646616605,-1.7629231048172422,-1.8785528601691244,-1.9191556015615168,,,,,2026-09-05T16:06:10.404281+00:00
ETHUSD_2026-09-04T03:00:00,ETHUSD,2026-09-04 03:00:00,2026-09-04T11:15:16.770722+00:00,yahoo,FLAT,2507.43994140625,2512.919921875,2507.43994140625,2510.64990234375,0.0,0.12808753597316055,0.4554944839228927,0.33475626756689547,18.018909329374658,0.7176990034553837,0.9517295182556138,0.0,1.7019995680959086,0.8813692026977936,0.820630365398115,0.057703436674625186,0.2049265277113299,1.7019995680959086,0.16666666666666666,0.4166666666666667,0.25355363526290137,0.35472157081968336,-0.16921923119808321,0.2961458204564937,0.4501391764646437,0.45,False,True,ACTIVE,MR_BLOCK,FIXED_2ATR,OSC_CROSS,H1.0,phase_h_2026-08-30,0.1740575497145419,0.1149727212696123,0.6327690774452781,-2.10632247626056,-2.0759808281330336,,,,,2026-09-05T08:04:27.208369+00:00
ETHUSD_2026-09-04T04:00:00,ETHUSD,2026-09-04 04:00:00,2026-09-04T11:15:17.026531+00:00,yahoo,FLAT,2504.840087890625,2524.409912109375,2502.300048828125,2509.199951171875,190857216.0,0.057838147803024875,0.4357605316562079,0.34332495326500356,18.311120325937186,0.7297593130186902,0.970106682292166,0.0,1.7419520158989552,0.9961135777912818,0.7458384381076734,0.03995244780304663,0.161512894881491,1.7419520158989552,0.16666666666666666,0.3333333333333333,0.04688449517235502,0.8493665322220245,-0.7558322488301202,0.17035802422221274,0.35054163577557745,0.45,False,True,ACTIVE,MR_BLOCK,FIXED_2ATR,OSC_CROSS,H1.0,phase_h_2026-08-30,-0.009963335121349821,-0.20006454762226078,0.6751132526659949,-1.942052503467951,-2.3912004291239572,,,,,2026-09-05T08:04:27.236883+00:00
ETHUSD_2026-09-04T05:00:00,ETHUSD,2026-09-04 05:00:00,2026-09-04T11:15:17.283573+00:00,yahoo,FLAT,2508.10009765625,2516.35009765625,2504.199951171875,2508.949951171875,79532032.0,0.13801831054407052,0.4943960433391995,0.2966988575566628,17.8710507658256,0.7122920390451961,0.9494252517384445,0.0,1.7654614544162444,1.0986932946746102,0.6667681597416342,0.02350943851728915,0.12116532299496097,1.7654614544162444,0.0,0.25,0.08719342310130924,0.8022227933057999,-0.24403208403955032,0.5084433246797064,0.6481562057580798,0.45,False,True,ACTIVE,MR_BLOCK,FIXED_2ATR,OSC_CROSS,H1.0,phase_h_2026-08-30,-0.04902371480848008,0.7146388724195285,0.5591992494837087,-2.5301413620905393,-2.3049417130606358,,,,,2026-09-05T08:04:27.264808+00:00
ETHUSD_2026-09-04T06:00:00,ETHUSD,2026-09-04 06:00:00,2026-09-04T11:15:17.459106+00:00,yahoo,FLAT,2508.360107421875,2518.919921875,2500.030029296875,2507.719970703125,0.0,0.043280794523976145,0.4794448080393268,0.3222727758050017,17.943825180989844,0.7155434175514692,0.9563591214412919,0.0,1.7722697977017703,1.1885034950782316,0.5837663026235387,0.006808343285525931,0.07027022960586171,1.7722697977017703,0.16666666666666666,0.16666666666666666,0.17424617500320752,0.6003023427342283,-0.07202713126074138,0.19509036459192916,0.40032833432527826,0.45,False,True,ACTIVE,MR_BLOCK,FIXED_2ATR,OSC_CROSS,H1.0,phase_h_2026-08-30,-0.14116564464362538,0.5172017152891447,-2.2450692057271193,-2.274577693238487,-2.152552162896197,,,,,2026-09-05T08:04:27.293419+00:00
ETHUSD_2026-09-04T07:00:00,ETHUSD,2026-09-04 07:00:00,2026-09-04T11:15:17.616787+00:00,yahoo,FLAT,2507.77001953125,2515.830078125,2503.820068359375,2504.179931640625,871499776.0,0.14730835392209893,0.4327036021399448,0.32152721745045176,17.519981222749497,0.6996294875373114,0.9376787459884144,0.0,1.7582920595510456,1.2644753036746068,0.4938167558764388,-0.013977738150724672,0.016340043652090408,1.7582920595510456,0.3333333333333333,0.16666666666666666,0.42503661479764193,0.4235284107600348,0.17400748141924788,0.6369095012114707,0.7003580081620168,0.45,False,True,ACTIVE,MR_BLOCK,FIXED_2ATR,OSC_CROSS,H1.0,phase_h_2026-08-30,0.9064824330335968,0.8769322307887369,-2.0892997167528784,-1.9048132512037248,-1.8512992095930232,,,,,2026-09-05T08:04:27.322670+00:00
ETHUSD_2026-09-04T08:00:00,ETHUSD,2026-09-04 08:00:00,2026-09-04T11:15:17.774152+00:00,yahoo,FLAT,2504.169921875,2531.0,2502.919921875,2526.8798828125,1125687296.0,0.5146115885591513,0.44815719000145576,0.38201309084035,18.274273858624532,0.7231951935239861,0.9712035537356252,0.0,1.7632537587467254,1.3309790976842226,0.4322746610625028,0.004961699195679792,-0.00220769566951895,1.7632537587467254,0.16666666666666666,0.16666666666666666,0.12357313467376178,0.8072623721002793,-0.45419545797450195,0.8251331484406801,1.5706481902397535,0.45,False,True,ACTIVE,MR_BLOCK,FIXED_2ATR,OSC_CROSS,H1.0,phase_h_2026-08-30,-0.24496381677471718,-0.15433667307562246,-3.4315030772649537,-2.983517067467947,-2.7472584805943905,,,,,2026-09-05T08:04:27.351431+00:00
ETHUSD_2026-09-04T09:00:00,ETHUSD,2026-09-04 09:00:00,2026-09-04T11:15:17.937066+00:00,yahoo,FLAT,2527.14990234375,2545.89990234375,2519.419921875,2520.68994140625,1845340160.0,0.24638429518102303,0.39262614759692077,0.3459862713381556,18.860395759347778,0.7482235498121551,1.0066716893521612,0.0,1.7442447905377114,1.3860811900646879,0.35816360047302354,-0.019008968209013988,-0.02802500716405887,1.7442447905377114,0.3333333333333333,0.16666666666666666,0.20030769331122714,0.8684123011124192,-0.4666174667405327,0.7657757056886458,1.4967525741412073,0.45,False,True,ACTIVE,MR_BLOCK,FIXED_2ATR,OSC_CROSS,H1.0,phase_h_2026-08-30,0.2162087086694433,-2.7480579183255456,-2.7218684120655365,-2.659987955151633,-2.4695619630739585,,,,,2026-09-05T16:06:10.435932+00:00
ETHUSD_2026-09-04T10:00:00,ETHUSD,2026-09-04 10:00:00,2026-09-04T11:15:18.151671+00:00,yahoo,FLAT,2520.4599609375,2528.110107421875,2514.419921875,2526.139892578125,1632888832.0,0.46107844615307303,0.2062361291475137,0.3528699708333116,18.49109502988544,0.731990143705534,0.9865331083343759,0.0,1.72165322204739,1.4308241276623817,0.29082909438500826,-0.022591568490321512,-0.03663883750365571,1.72165322204739,0.16666666666666666,0.16666666666666666,0.4363855933762489,0.4273914475736242,-0.1588683486346706,0.931957346847096,1.6944275641090771,0.45,False,True,ACTIVE,MR_BLOCK,FIXED_2ATR,OSC_CROSS,H1.0,phase_h_2026-08-30,-0.1250885637275638,-2.940446226849362,-2.5996154079962164,-2.954701471498837,-2.847028467675242,,,,,2026-09-05T16:06:10.477687+00:00
EURCAD_2026-09-04T03:00:00,EURCAD,2026-09-04 03:00:00,2026-09-04T11:15:19.523798+00:00,yahoo,FLAT,1.6035399436950684,1.6035499572753906,1.6029499769210815,1.6034300327301023,0.0,0.03937673065180758,0.030140344944178738,0.34925608378196754,0.0013257723496087857,0.08268351736878979,0.9501525555839161,1.0,-1.529476491845985,-1.855696323523397,0.32621983167741186,0.06601276243433252,0.19797042310316249,1.529476491845985,0.25,0.041666666666666664,0.5418612179291097,0.432715862373698,0.20680338140068744,0.9518793829204157,0.1637604483839642,0.45,False,True,ACTIVE,MR_BLOCK,FIXED_2ATR,OSC_CROSS,H1.0,phase_h_2026-08-30,0.02058371182921035,0.033686493708954345,0.032437193280012995,0.2688598631450871,0.20959989220322015,,,,,2026-09-07T04:06:18.019881+00:00
EURCAD_2026-09-04T04:00:00,EURCAD,2026-09-04 04:00:00,2026-09-04T11:15:19.937814+00:00,yahoo,FLAT,1.6030399799346924,1.6035200357437134,1.6023399829864502,1.6033999919891355,0.0,0.2562597340362636,0.08092882964802611,0.321986447049519,0.0013153638072983856,0.08203591205377145,0.9417047004319498,1.0,-1.4634883947706125,-1.8034019330230258,0.3399135382524132,0.06598809707537256,0.19933689664750642,1.4634883947706125,0.08333333333333333,0.041666666666666664,0.4773217836295279,0.31350696671842765,0.20751414254632933,0.9483773811371441,0.21882335722273938,0.45,False,True,ACTIVE,MR_BLOCK,FIXED_2ATR,OSC_CROSS,H1.0,phase_h_2026-08-30,0.006237781865599835,0.05862325388576535,0.06486103575135134,0.2787820102668527,0.18523015184650884,,,,,2026-09-07T05:06:01.181431+00:00
EURCAD_2026-09-04T05:00:00,EURCAD,2026-09-04 05:00:00,2026-09-04T11:15:20.183057+00:00,yahoo,FLAT,1.603410005569458,1.603710055351257,1.6028499603271484,1.6035000085830688,0.0,0.3884346369816904,0.11826137952811747,0.2566233237432302,0.00128284460849912,0.0800027815174572,0.9178294697686108,1.0,-1.395901124744125,-1.7490684919191724,0.35316736717504726,0.06758727002648746,0.19958812953619254,1.395901124744125,0.08333333333333333,0.041666666666666664,0.5368240108038413,0.2845639754328571,0.27586554052581375,0.9606578522064092,0.3000169588514305,0.45,False,True,ACTIVE,MR_BLOCK,FIXED_2ATR,OSC_CROSS,H1.0,phase_h_2026-08-30,0.006861875501491212,0.05114067342878747,0.01932922676476398,0.22014502421468882,0.16900435078591522,,,,,2026-09-07T06:05:57.748187+00:00
EURCAD_2026-09-04T06:00:00,EURCAD,2026-09-04 06:00:00,2026-09-04T11:15:20.379244+00:00,yahoo,FLAT,1.6034400463104248,1.604140043258667,1.6029900312423706,1.6036100387573242,0.0,0.3392933163048106,0.20762838524539312,0.09648936785486843,0.001273356566198925,0.0794056245236329,0.91030167127876,1.0,-1.3273878959023249,-1.6928444124502595,0.36545651654793465,0.06851322884180022,0.20208859594366024,1.3273878959023249,0.08333333333333333,0.041666666666666664,0.5343113359373356,0.3199063288597907,0.22610793755696648,0.9453406396465566,0.2546459306714281,0.45,False,True,ACTIVE,MR_BLOCK,FIXED_2ATR,OSC_CROSS,H1.0,phase_h_2026-08-30,0.045517205697032485,-0.0012488797251513078,0.31927461497335424,0.19829682540720914,0.1933087403144917,,,,,2026-09-07T07:07:13.426280+00:00
EURCAD_2026-09-04T07:00:00,EURCAD,2026-09-04 07:00:00,2026-09-04T11:15:20.602896+00:00,yahoo,FLAT,1.6036100387573242,1.6044000387191772,1.6031800508499146,1.6043399572372437,0.0,0.5795177458683284,0.2808315237060929,0.06269891194000889,0.0012695445164177658,0.07913188914174941,0.9063097751254098,1.0,-1.2400890604885875,-1.6324770321887032,0.39238797170011575,0.0872988354137374,0.22339933428202507,1.2400890604885875,0.25,0.041666666666666664,0.5316296909445685,0.3428378102817367,0.2497676541378275,0.9162703259519888,0.14600720080313537,0.45,False,True,ACTIVE,MR_BLOCK,FIXED_2ATR,OSC_CROSS,H1.0,phase_h_2026-08-30,-0.001240881102845618,0.006234127217359792,0.26678200668901786,0.13214269181588387,0.13962513056186873,,,,,2026-09-07T11:42:55.709694+00:00
EURCAD_2026-09-04T08:00:00,EURCAD,2026-09-04 08:00:00,2026-09-04T11:15:20.789283+00:00,yahoo,FLAT,1.604349970817566,1.604769945144653,1.6032600402832031,1.604320049285889,0.0,0.8170484650150681,0.13409826738372913,0.0005584735057633243,0.001286713112491495,0.08020301890911564,0.9174383192129439,1.0,-1.158176600681124,-1.5692369746543595,0.41106037397323547,0.08191245980746342,0.23772452406300104,1.158176600681124,0.08333333333333333,0.041666666666666664,0.39559735971979104,0.31174529700784737,0.1527683933975639,0.9134838987592717,0.3702598189473326,0.45,False,True,ACTIVE,MR_BLOCK,FIXED_2ATR,OSC_CROSS,H1.0,phase_h_2026-08-30,-0.04550449204534712,-0.03179518639158489,0.21940090408596852,0.1259101269934965,0.12403763646517776,,,,,2026-09-07T11:42:55.739017+00:00
EURCAD_2026-09-04T09:00:00,EURCAD,2026-09-04 09:00:00,2026-09-04T11:15:21.034172+00:00,yahoo,FLAT,1.604320049285889,1.6043299436569214,1.6030499935150146,1.6035900115966797,0.0,0.09375388054141313,0.07201869079955896,0.017522098473670727,0.0012862300431640123,0.08020940725886194,0.9162765421540773,1.0,-1.1028004624894276,-1.5070454396990351,0.4042449772096075,0.0553761381916964,0.22458743341289722,1.1028004624894276,0.08333333333333333,0.041666666666666664,0.4547573126626719,0.3954872186171943,0.25220299104685445,0.7032624060126893,0.10912165372345094,0.45,False,True,ACTIVE,MR_BLOCK,FIXED_2ATR,OSC_CROSS,H1.0,phase_h_2026-08-30,0.05300371219266768,0.3205274977014379,0.2363460058543455,0.20640968762155812,0.15776967515637952,,,,,2026-09-07T11:42:55.768650+00:00
EURCAD_2026-09-04T10:00:00,EURCAD,2026-09-04 10:00:00,2026-09-04T11:15:21.450963+00:00,yahoo,FLAT,1.6035900115966797,1.604599952697754,1.603019952774048,1.6044399738311768,0.0,0.37183680495782406,0.3755403087478079,0.05026487068828011,0.0013072136060598568,0.08147475925437178,0.9292599218385903,1.0,-1.0237356281302663,-1.442604131489866,0.4188685033595998,0.07906483435916134,0.21635343235832116,1.0237356281302663,0.08333333333333333,0.125,0.5828035742664397,0.3676546599638006,0.10199152987360083,0.8549424546928707,0.21368566301004766,0.45,False,True,ACTIVE,MR_BLOCK,FIXED_2ATR,OSC_CROSS,H1.0,phase_h_2026-08-30,-0.03926735219464005,0.26053163759792874,0.21378231309297602,0.133382688098047,0.11780205658392015,,,,,2026-09-07T11:42:55.798464+00:00
GOLD_2026-09-04T11:00:00,GOLD,2026-09-04 11:00:00,2026-09-04T12:05:11.323482+00:00,yahoo,FLAT,4519.2001953125,4519.2998046875,4511.2998046875,4515.10009765625,2861.0,0.12515655914759216,0.1978438765115606,0.26130229215370393,14.793571548245502,0.3276465909565265,0.7600971636790526,1.0,0.8306430307645974,0.913121600020536,-0.08247856925593855,-0.03220398925960477,-0.10008123972334693,0.8306430307645974,0.16666666666666666,0.041666666666666664,0.4483619362523295,0.38164557699773755,0.09396160162785216,0.5081180453938733,0.4715535847960144,0.45,False,True,ACTIVE,MR_BLOCK,FIXED_2ATR,OSC_CROSS,H1.0,phase_h_2026-08-30,-1.606434566732761,-0.8597259561980428,-1.0879461255855756,,,,,,,
USDJPY_2026-09-04T11:00:00,USDJPY,2026-09-04 11:00:00,2026-09-04T12:05:14.425495+00:00,yahoo,FLAT,156.32000732421875,156.36700439453125,156.25799560546875,156.26499938964844,0.0,0.4013393643893556,0.34432456072034073,0.38551676533710894,0.3029853257161854,0.1938919955841732,1.3442421320433864,1.0,-1.5074114671568863,-2.0157755475840835,0.5083640804271972,0.06754152927708668,0.23747658299841667,1.5074114671568863,0.3333333333333333,0.25,0.6013713780687207,0.2813244321663942,0.17981534252163062,0.832315777923955,0.7237511885646134,0.45,False,True,ACTIVE,MR_BLOCK,FIXED_2ATR,OSC_CROSS,H1.0,phase_h_2026-08-30,-0.36734211603042405,-0.089594447194937,-0.07743694455104637,-0.14847777325329886,-1.1205799665839566,,,,,2026-09-07T15:35:01.196158+00:00
BTCUSD_2026-09-04T11:00:00,BTCUSD,2026-09-04 11:00:00,2026-09-04T12:05:14.988330+00:00,yahoo,FLAT,81191.9765625,81204.7421875,81074.0625,81182.78125,78905344.0,0.1351882393663592,0.044332874637962996,0.3724410992790129,450.3454058484315,0.5547302012992212,0.9351435141742895,1.0,1.847200058284956,1.9362228591067285,-0.08902280082177261,-0.07611525082891846,-0.2235465978961333,1.847200058284956,0.16666666666666666,0.16666666666666666,0.6808694916099097,0.3201492037447655,0.3355830428283933,0.7370449989357131,0.30333165377533566,0.45,False,True,ACTIVE,MR_BLOCK,FIXED_2ATR,OSC_CROSS,H1.0,phase_h_2026-08-30,-2.197726302958761,-2.862542405292442,-2.1543350646222605,-1.9016058701968084,-1.967101534535809,,,,,2026-09-05T16:06:10.838994+00:00
ETHUSD_2026-09-04T11:00:00,ETHUSD,2026-09-04 11:00:00,2026-09-04T12:05:15.554402+00:00,yahoo,FLAT,2526.02001953125,2526.02001953125,2520.010009765625,2522.949951171875,66177024.0,0.3215103855853081,0.039119229421730344,0.3497949091591601,17.810877881817618,0.7059544670533284,0.9518009954261346,0.0,1.6823780935754977,1.462477049840921,0.21990104373457675,-0.03685269366709898,-0.07772802243585586,1.6823780935754977,0.16666666666666666,0.16666666666666666,0.5486781421309487,0.5256615275764623,0.11345454814701704,0.9119785576055766,1.6225233874987675,0.45,False,True,ACTIVE,MR_BLOCK,FIXED_2ATR,OSC_CROSS,H1.0,phase_h_2026-08-30,-2.836330813075049,-3.2822320920027486,-3.0721611097058426,-2.65201914511203,-2.745960326011121,,,,,2026-09-05T16:06:10.886716+00:00
EURCAD_2026-09-04T11:00:00,EURCAD,2026-09-04 11:00:00,2026-09-04T12:05:16.057826+00:00,yahoo,FLAT,1.6044299602508545,1.604599952697754,1.6038299798965454,1.6044399738311768,0.0,0.3079289609844326,0.3736580676173877,0.05018100189327364,0.0012885833274076902,0.0803135890668901,0.9137904885552993,1.0,-0.9521147555349293,-1.3821074371069668,0.4299926815720375,0.07835597599511013,0.21394840071984433,0.9521147555349293,0.16666666666666666,0.25,0.41367408389016325,0.5243468598934844,0.046151397358877196,0.8972798824443773,0.20528828473438926,0.45,False,True,ACTIVE,MR_BLOCK,FIXED_2ATR,OSC_CROSS,H1.0,phase_h_2026-08-30,0.30676987569175035,0.25127598414506963,0.20077698881046624,0.19017770012233778,0.15276057581935168,,,,,2026-09-07T12:06:06.289829+00:00
GOLD_2026-09-04T12:00:00,GOLD,2026-09-04 12:00:00,2026-09-04T20:29:00.235443+00:00,yahoo,FLAT,4513.2998046875,4523.5,4419.0,4440.60009765625,45018.0,0.553108525636363,0.4811386697015042,0.006969258517363299,21.213888534920564,0.47772571428166344,1.1109673056088174,1.0,0.7321727391083188,0.8889044479927433,-0.15673170888442445,-0.09869082292901299,-0.1602956603977116,0.7321727391083188,0.3333333333333333,0.041666666666666664,0.5460986796482629,0.18200191860633283,0.40908625032861645,0.6238713026941844,1.3705709231824112,0.45,False,True,ACTIVE,MR_BLOCK,FIXED_2ATR,OSC_CROSS,H1.0,phase_h_2026-08-30,0.43462154355413457,0.9615751495791507,0.6913414033263953,,,,,,,
GOLD_2026-09-04T13:00:00,GOLD,2026-09-04 13:00:00,2026-09-04T20:29:43.263509+00:00,yahoo,FLAT,4440.89990234375,4481.7998046875,4412.0,4459.89990234375,32312.0,0.3337465344020124,0.35958509857151794,0.05925968625562741,24.684311117247667,0.5534723123331907,1.2876946080997513,1.0,0.6561437749217774,0.8578696915832812,-0.20172591666150375,-0.07602896418654137,-0.20686921586681928,0.6561437749217774,0.16666666666666666,0.041666666666666664,0.5008333929199512,0.43855812181565257,0.412919859060936,0.6745459043483952,0.9763480467189961,0.45,False,True,ACTIVE,MR_BLOCK,FIXED_2ATR,OSC_CROSS,H1.0,phase_h_2026-08-30,0.3228750119746548,0.5314064403114779,0.495529006035226,,,,,,,
GOLD_2026-09-04T14:00:00,GOLD,2026-09-04 14:00:00,2026-09-04T20:29:43.497947+00:00,yahoo,FLAT,4460.0,4489.39990234375,4458.7998046875,4474.2998046875,17547.0,0.27229937270170884,0.22881517633617093,0.1007018722486431,25.10686729860498,0.561135113751246,1.3052695420747062,1.0,0.5973079985163334,0.8231281325076882,-0.2258201339913548,-0.05883577640544402,-0.23355556352099838,0.5973079985163334,0.16666666666666666,0.041666666666666664,0.641559666276558,0.2983540772067716,0.8056444069060649,0.6545969368869139,0.35017659788543415,0.45,False,True,ACTIVE,MR_BLOCK,FIXED_2ATR,OSC_CROSS,H1.0,phase_h_2026-08-30,0.2011487918304256,-0.23019925210888662,0.051411239057787286,,,,,,,
GOLD_2026-09-04T15:00:00,GOLD,2026-09-04 15:00:00,2026-09-04T20:29:43.729841+00:00,yahoo,FLAT,4474.39990234375,4496.2001953125,4469.5,4483.2998046875,11986.0,0.19818550846799685,0.17886309753542481,0.11629977567422599,25.220676442454625,0.562547175990444,1.3078486176108206,1.0,0.550174935152947,0.7867343728603894,-0.23655943770744237,-0.04713306336338641,-0.1819978039553718,0.550174935152947,0.0,0.041666666666666664,0.5939493855037875,0.30914714002644866,0.39575283759867547,0.5416204701181183,0.2874006203507295,0.45,False,True,ACTIVE,MR_BLOCK,FIXED_2ATR,OSC_CROSS,H1.0,phase_h_2026-08-30,0.006698034524392717,-0.26765999426256165,-0.14943696212876825,,,,,,,
GOLD_2026-09-04T16:00:00,GOLD,2026-09-04 16:00:00,2026-09-04T20:29:44.015426+00:00,yahoo,FLAT,4483.7998046875,4491.0,4479.5,4483.60009765625,6089.0,0.15444214424849104,0.1663620478418928,0.09784390688373547,24.24062812513644,0.5406509857515605,1.2562285457212967,1.0,0.5055661389671264,0.7492452750079543,-0.24367913604082792,-0.04460879618582059,-0.150577635954651,0.5055661389671264,0.0,0.125,0.5401776543807003,0.31328322146691556,0.15245616823399938,0.49018490231278034,-0.10147434286579857,0.45,False,False,ACTIVE,MR_BLOCK,FIXED_2ATR,OSC_CROSS,H1.0,phase_h_2026-08-30,-0.437150888334036,-0.035687787077318345,-0.15612453937761242,,,,,,,
GOLD_2026-09-04T17:00:00,GOLD,2026-09-04 17:00:00,2026-09-04T20:29:44.229425+00:00,yahoo,FLAT,4483.5,4488.0,4461.10009765625,4464.0,9254.0,0.39819702515015015,0.23645483852444896,0.02019754850501761,24.430576283608836,0.5472799346686567,1.2701371396467092,1.0,0.44394660982686257,0.7085387863171422,-0.2645921764902796,-0.06161952914026386,-0.15336138868947086,0.44394660982686257,0.0,0.041666666666666664,0.4292214362853924,0.29930715040858474,0.43369685147429365,0.3806114009838512,0.2213961222862783,0.45,False,True,ACTIVE,MR_BLOCK,FIXED_2ATR,OSC_CROSS,H1.0,phase_h_2026-08-30,0.16352609066980286,0.282260252156138,,,,,,,,
GOLD_2026-09-04T18:00:00,GOLD,2026-09-04 18:00:00,2026-09-04T20:29:44.418105+00:00,yahoo,FLAT,4464.7001953125,4474.5,4459.0,4471.2998046875,5254.0,0.3158525726457425,0.2060650310552794,0.011993264147941234,23.792677977636778,0.5321199431246738,1.2334532233868325,1.0,0.39226547523288335,0.6663690115059078,-0.2741035362730244,-0.05168113459397922,-0.15790945992006367,0.39226547523288335,0.16666666666666666,0.125,0.699517947968012,0.09650806240349533,0.182781289967687,0.6872303103506561,0.053407501289122035,0.45,False,True,ACTIVE,MR_BLOCK,FIXED_2ATR,OSC_CROSS,H1.0,phase_h_2026-08-30,0.2393083841365864,0.11854031713984875,,,,,,,,
GOLD_2026-09-04T19:00:00,GOLD,2026-09-04 19:00:00,2026-09-04T20:29:44.670084+00:00,yahoo,FLAT,4471.60009765625,4485.60009765625,4470.0,4482.0,4751.0,0.17951689570783133,0.1799598806203826,0.011098343377324873,23.207493668966293,0.5177932545507875,1.1994099572566113,1.0,0.3539634596283233,0.6247149379222299,-0.27075147829390656,-0.038302015604560036,-0.15160267933880311,0.3539634596283233,0.16666666666666666,0.16666666666666666,0.5751669725974756,0.2541050896492177,0.17571826411326721,0.6412370610330117,-0.02814291275230612,0.45,False,False,ACTIVE,MR_BLOCK,FIXED_2ATR,OSC_CROSS,H1.0,phase_h_2026-08-30,-0.12047974885653727,-0.12047974885653727,,,,,,,,
USDJPY_2026-09-04T12:00:00,USDJPY,2026-09-04 12:00:00,2026-09-04T20:29:45.923848+00:00,yahoo,FLAT,156.26199340820312,156.2740020751953,156.1909942626953,156.21800231933594,0.0,0.17983675038889763,0.3390700338950685,0.383614506802279,0.2872726462007436,0.18389215195154646,1.267251542374899,1.0,-1.4478578264707878,-1.9400531847689775,0.4921953582981897,0.059553640686098586,0.2040874355227058,1.4478578264707878,0.16666666666666666,0.25,0.4366222456001695,0.3234349193748282,0.1472737063226858,0.836884574391916,0.5949368097087594,0.45,False,True,ACTIVE,MR_BLOCK,FIXED_2ATR,OSC_CROSS,H1.0,phase_h_2026-08-30,0.1002060968117917,0.2710582759611611,0.34171415936454597,0.32116132436705697,-0.8998946581447053,,,,,2026-09-07T15:35:01.474610+00:00
USDJPY_2026-09-04T13:00:00,USDJPY,2026-09-04 13:00:00,2026-09-04T20:29:46.164480+00:00,yahoo,FLAT,155.6840057373047,156.14500427246094,155.47799682617188,155.84100341796875,0.0,0.553913899059632,0.1339493789978534,0.41487652991637053,0.3196107066981235,0.20508768532561425,1.4025296318966323,1.0,-1.4159878898955132,-1.8701778121191823,0.45418992222366916,0.03186993657527459,0.15896510653845985,1.4159878898955132,0.0,0.25,0.40931974057683324,0.3938711161475721,-0.1608151408064206,0.977260745235321,0.9035116643850516,0.45,False,True,ACTIVE,MR_BLOCK,FIXED_2ATR,OSC_CROSS,H1.0,phase_h_2026-08-30,0.17838686342649254,0.09624803048918282,0.2502546705262486,0.13089927971616327,-0.9958880648134041,,,,,2026-09-07T15:35:01.499667+00:00
USDJPY_2026-09-04T14:00:00,USDJPY,2026-09-04 14:00:00,2026-09-04T20:29:46.366028+00:00,yahoo,FLAT,155.83900451660156,156.1959991455078,155.8280029296875,156.11900329589844,0.0,0.17048675372409955,0.20339193793052,0.3839517089900535,0.32306681449256563,0.20693625226407866,1.4039773893020588,1.0,-1.3703289889186174,-1.803531302359107,0.43320231344048965,0.04565890097689573,0.1370824782382689,1.3703289889186174,0.0,0.25,0.2478614856271582,0.5538791330925645,-0.38219016070278844,0.9536888566487404,0.7501148112024656,0.45,False,True,ACTIVE,MR_BLOCK,FIXED_2ATR,OSC_CROSS,H1.0,phase_h_2026-08-30,-0.007691995681926694,0.012168404858956459,0.06532820729097588,-0.05124413387591061,-1.1030048140946291,,,,,2026-09-07T16:05:56.249317+00:00
USDJPY_2026-09-04T15:00:00,USDJPY,2026-09-04 15:00:00,2026-09-04T20:29:46.553934+00:00,yahoo,FLAT,156.1179962158203,156.17100524902344,155.92599487304688,156.10699462890625,0.0,0.18681800593318715,0.1266805611049318,0.40784958997504,0.3174913545985654,0.2033806078666098,1.3693066569030297,1.0,-1.3290229323960252,-1.740263519697363,0.41124058730133783,0.04130605652259223,0.11883489407476255,1.3290229323960252,0.16666666666666666,0.25,0.31294793855949404,0.3895840963898882,-0.20191704191086607,0.9714528627744182,0.3675319139599686,0.45,False,True,ACTIVE,MR_BLOCK,FIXED_2ATR,OSC_CROSS,H1.0,phase_h_2026-08-30,-0.07430628891989817,0.07046488250770139,0.05829554158356652,-0.1985801849114248,-1.146009805067685,,,,,2026-09-07T17:05:57.534976+00:00
USDJPY_2026-09-04T16:00:00,USDJPY,2026-09-04 16:00:00,2026-09-04T20:29:46.756148+00:00,yahoo,FLAT,156.10899353027344,156.13600158691406,155.96400451660156,155.99099731445312,0.0,0.22854975282658704,0.06445029555139634,0.4010319657122523,0.30709890572098936,0.19686963415069822,1.3162488753063484,1.0,-1.2983420455546637,-1.6813406564783364,0.3829986109236727,0.0306808868413615,0.11764584434084946,1.2983420455546637,0.16666666666666666,0.25,0.43465383527295565,0.3317308482901947,-0.16571365969536325,0.9474722673587413,0.427356144037237,0.45,False,True,ACTIVE,MR_BLOCK,FIXED_2ATR,OSC_CROSS,H1.0,phase_h_2026-08-30,0.09423824217995729,0.15385855420890057,-0.06538181552115782,-0.0826956715164375,,,,,,
USDJPY_2026-09-04T17:00:00,USDJPY,2026-09-04 17:00:00,2026-09-04T20:29:46.912781+00:00,yahoo,FLAT,156.0240020751953,156.1929931640625,155.98599243164062,156.13800048828125,0.0,0.11580093796537085,0.0969875429312131,0.3525721056717529,0.29994903619962404,0.19210508349127756,1.2758791839869115,1.0,-1.2600387841471656,-1.625167073500847,0.36512828935368136,0.03830326140749807,0.1102902047714518,1.2600387841471656,0.16666666666666666,0.25,0.22061839187669924,0.44039996690066674,-0.27100636374128695,0.8205856902722637,0.35458069669046993,0.45,False,True,ACTIVE,MR_BLOCK,FIXED_2ATR,OSC_CROSS,H1.0,phase_h_2026-08-30,0.050592905461532,0.0531533345190791,-0.07109588318189014,-0.3804289402755491,,,,,,
USDJPY_2026-09-04T18:00:00,USDJPY,2026-09-04 18:00:00,2026-09-04T20:29:47.079986+00:00,yahoo,FLAT,156.13800048828125,156.2830047607422,156.11399841308594,156.2169952392578,0.0,0.14414322017480885,0.03433221093762791,0.28582785041354464,0.2905959870179545,0.18602072493641642,1.228250673421921,1.0,-1.218358861629254,-1.5709259785846346,0.35256711695538057,0.04167992251791164,0.1106640707667712,1.218358861629254,0.0,0.25,0.22275582461402083,0.5219541372004969,-0.2751067197117932,0.9539241127575366,0.39439486220142606,0.45,False,True,ACTIVE,MR_BLOCK,FIXED_2ATR,OSC_CROSS,H1.0,phase_h_2026-08-30,0.008966737798228278,-0.012160771850538352,-0.020482842225364596,-1.1279140310594904,,,,,,
USDJPY_2026-09-04T19:00:00,USDJPY,2026-09-04 19:00:00,2026-09-04T20:29:47.262371+00:00,yahoo,FLAT,156.218994140625,156.25799560546875,156.19200134277344,156.2310028076172,0.0,0.19314549192503774,0.25699384528477875,0.253003393338407,0.2745530067091944,0.1757352905474715,1.1542610934056758,1.0,-1.1775038786065615,-1.518469698587558,0.3409658199809966,0.040854983022692526,0.12083816694810223,1.1775038786065615,0.0,0.25,0.1638832615109532,0.6029937501390145,-0.29482515280959376,0.9913806581222077,0.49892950613645376,0.45,False,True,ACTIVE,MR_BLOCK,FIXED_2ATR,OSC_CROSS,H1.0,phase_h_2026-08-30,-0.006407028979597617,-0.21890356786542897,-0.11905744399587645,-1.1105354117761388,,,,,,
US500_2026-09-04T13:30:00,US500,2026-09-04 13:30:00,2026-09-04T20:29:47.766642+00:00,yahoo,FLAT,7750.18994140625,7750.18994140625,7723.77978515625,7728.009765625,456113809.0,0.4575620059231823,0.3308107365610553,0.002065848934796643,19.404684843575257,0.25109550106793777,1.0711027574428233,2.0,0.4902825782799624,-0.12898776110339213,0.6192703393833545,0.10324158971037023,0.4184395654347679,0.4902825782799624,0.0,0.0,0.907910886779674,0.022239305881013704,0.04024522670017283,0.25601092950319865,-0.07539876162601665,0.45,False,False,RESEARCH_ONLY,RESEARCH_ONLY,FIXED_2ATR,OSC_CROSS,H1.0,phase_h_2026-08-30,-0.22735251056361788,-0.1792131453638234,-0.1319836198528031,,,,,,,
US500_2026-09-04T14:30:00,US500,2026-09-04 14:30:00,2026-09-04T20:29:48.021172+00:00,yahoo,FLAT,7728.08984375,7728.47021484375,7706.18017578125,7710.43994140625,293414073.0,0.2730049559340252,0.2927406425195406,0.05005085624502816,19.610781573498453,0.2543406306582525,1.0817131186511606,1.0,0.5488274758667203,-0.038612396174043814,0.5874398720407641,0.058544897586757905,0.312888672808743,0.5488274758667203,0.0,0.08333333333333333,0.8470459254788031,0.03024817165626204,0.14388205971172346,0.33318489047780203,-0.22408842565635778,0.45,False,False,RESEARCH_ONLY,RESEARCH_ONLY,FIXED_2ATR,OSC_CROSS,H1.0,phase_h_2026-08-30,0.15329636581793116,0.046950851248570305,,,,,,,,
US500_2026-09-04T15:30:00,US500,2026-09-04 15:30:00,2026-09-04T20:29:48.271092+00:00,yahoo,FLAT,7710.39013671875,7726.830078125,7706.1201171875,7722.259765625,225164262.0,0.3616115148703675,0.37547120117203575,0.020473830449890013,19.68929438521285,0.25496804022131075,1.0813682886573468,1.0,0.6245144610493326,0.049804518122406376,0.5747099429269262,0.0756869851826123,0.23747347247974043,0.6245144610493326,0.0,0.08333333333333333,0.8772465471454786,0.019516941915761428,0.1068977836549578,0.5045957045819194,-0.3434607134859416,0.45,False,False,RESEARCH_ONLY,RESEARCH_ONLY,FIXED_2ATR,OSC_CROSS,H1.0,phase_h_2026-08-30,-0.10488651794717838,-0.0864991298238124,,,,,,,,
US500_2026-09-04T16:30:00,US500,2026-09-04 16:30:00,2026-09-04T20:29:48.430023+00:00,yahoo,FLAT,7722.18994140625,7728.759765625,7713.8798828125,7714.16015625,186414000.0,0.08608518051775153,0.3570612178608768,0.007272643131431722,19.34576498716193,0.25078251676545793,1.0606391837426017,1.0,0.6742253248030204,0.13306062567982158,0.5411646991231989,0.04971086375368783,0.18394274652305803,0.6742253248030204,0.16666666666666666,0.08333333333333333,0.9015512419053278,0.08252649668102632,0.15523082466551721,0.1303024182349527,-0.46912808181817056,0.45,False,False,RESEARCH_ONLY,RESEARCH_ONLY,FIXED_2ATR,OSC_CROSS,H1.0,phase_h_2026-08-30,-0.001297583330168496,0.04731431899029028,,,,,,,,
US500_2026-09-04T17:30:00,US500,2026-09-04 17:30:00,2026-09-04T20:29:48.600436+00:00,yahoo,FLAT,7714.1298828125,7715.31005859375,7706.990234375,7714.06005859375,188721000.0,0.38795261537724435,0.3512929667762465,0.033929692145074984,18.558197789418223,0.2405762678596688,1.0149178073672387,1.0,0.7143808623287119,0.2105699905663403,0.5038108717623716,0.040155537525691454,0.16555338646199158,0.7143808623287119,0.16666666666666666,0.08333333333333333,0.5440865724774869,0.2460231066946377,-0.24892504369973628,0.7026152484154643,-0.12030086738537908,0.45,False,False,RESEARCH_ONLY,RESEARCH_ONLY,FIXED_2ATR,OSC_CROSS,H1.0,phase_h_2026-08-30,0.019704533276956298,,,,,,,,,
US500_2026-09-04T18:30:00,US500,2026-09-04 18:30:00,2026-09-04T20:29:48.774592+00:00,yahoo,FLAT,7714.14990234375,7719.35009765625,7711.64013671875,7715.580078125,221051000.0,0.3244819379197767,0.34891952654217695,0.031183468746525448,17.783323728566923,0.23048589410646791,0.9705228214486119,1.0,0.7476194120842552,0.28217658010206226,0.46544283198219294,0.0332385497555433,0.12310495103492258,0.7476194120842552,0.16666666666666666,0.0,0.35408578006372543,0.5719890982017838,-0.23345641606575332,0.7516615032274793,0.02889087918260329,0.45,False,True,RESEARCH_ONLY,RESEARCH_ONLY,FIXED_2ATR,OSC_CROSS,H1.0,phase_h_2026-08-30,0.028902304767367774,,,,,,,,,
BTCUSD_2026-09-04T12:00:00,BTCUSD,2026-09-04 12:00:00,2026-09-04T20:29:50.042627+00:00,yahoo,FLAT,81221.1875,81263.546875,81150.0078125,81189.3203125,0.0,0.25965128665134274,0.06016880528897047,0.36958512916747793,426.2878098949721,0.5250540443671387,0.8856622159055282,1.0,1.7767178395322436,1.9149555231634638,-0.13823768363122024,-0.07048221875271232,-0.2194158694077355,1.7767178395322436,0.0,0.16666666666666666,0.5743392179979608,0.4897836141012237,0.10563021072618746,0.718977211825767,0.43251422012943314,0.45,False,True,ACTIVE,MR_BLOCK,FIXED_2ATR,OSC_CROSS,H1.0,phase_h_2026-08-30,-0.09014883507759429,-0.014674019412586807,0.230771576070333,0.18807726087593665,0.3476031287527182,,,,,2026-09-05T16:06:11.877824+00:00
BTCUSD_2026-09-04T13:00:00,BTCUSD,2026-09-04 13:00:00,2026-09-04T20:29:50.295056+00:00,yahoo,FLAT,79452.390625,79691.0703125,78979.5234375,79363.0,1449725952.0,0.4653085463338816,0.3171466408164522,0.17447402340907672,553.6813145453312,0.6976567349335726,1.1740559151465215,1.0,1.6287359633514515,1.876792915188529,-0.24805695183707743,-0.14798187618079206,-0.29457934576242284,1.6287359633514515,0.0,0.08333333333333333,0.9038679458360612,0.09988204239407143,1.0867651406674637,0.8734536967171515,1.8325115254408537,0.45,False,True,ACTIVE,MR_BLOCK,FIXED_2ATR,OSC_CROSS,H1.0,phase_h_2026-08-30,-0.5901384303768759,0.48507333392134877,0.5664143713065282,0.23689605042652118,0.32950847687209406,,,,,2026-09-05T16:06:11.937459+00:00
BTCUSD_2026-09-04T14:00:00,BTCUSD,2026-09-04 14:00:00,2026-09-04T20:29:50.474132+00:00,yahoo,FLAT,79361.3984375,79547.0703125,78627.578125,78894.6484375,0.0,0.6322228649856513,0.42543899566920146,0.154594586309041,579.8106626135219,0.7349176073366313,1.2329915577904276,1.0,1.467884868044005,1.8222718422359256,-0.35438697419192056,-0.16085109530744646,-0.37931519024095084,1.467884868044005,0.0,0.0,0.7384194187593867,0.16119506624072125,0.9940222546112166,0.8944103657690273,1.9002859721056815,0.45,False,True,ACTIVE,MR_BLOCK,FIXED_2ATR,OSC_CROSS,H1.0,phase_h_2026-08-30,0.6696331094225241,0.7290774930769524,1.0505505017321854,0.8747622794044471,1.050184111228235,,,,,2026-09-05T16:06:12.000741+00:00
BTCUSD_2026-09-04T15:00:00,BTCUSD,2026-09-04 15:00:00,2026-09-04T20:29:50.684984+00:00,yahoo,FLAT,78889.6015625,79556.2890625,78783.6015625,79422.953125,0.0,0.4017735718481681,0.415971915066443,0.16925083330352206,593.587579569699,0.7473753571407497,1.249829409231649,1.0,1.3416823680974326,1.7581932456841265,-0.4165108775866939,-0.1262024999465725,-0.435035471434811,1.3416823680974326,0.0,0.0,0.7287364533923347,0.1752336833734196,0.7633520336142325,0.8827451406500437,1.8684046638847736,0.45,False,True,ACTIVE,MR_BLOCK,FIXED_2ATR,OSC_CROSS,H1.0,phase_h_2026-08-30,0.4092212795065343,0.24548161750312653,0.43490458225139184,0.21822446242614454,0.4772608831396938,,,,,2026-09-05T16:06:12.080507+00:00
BTCUSD_2026-09-04T16:00:00,BTCUSD,2026-09-04 16:00:00,2026-09-04T20:29:50.844288+00:00,yahoo,FLAT,79421.359375,79869.8203125,79377.7578125,79747.96875,0.0,0.2598890712635452,0.30622770328877785,0.21787389976108562,586.3357881718633,0.7352360158663769,1.2265751616398293,1.0,1.239492230503811,1.689033110326751,-0.4495408798229401,-0.10219013759362161,-0.3892437328476406,1.239492230503811,0.0,0.08333333333333333,0.5662653899895148,0.3112173575993621,0.2798618077157858,0.5978134038067829,1.5102705822198303,0.45,False,True,ACTIVE,MR_BLOCK,FIXED_2ATR,OSC_CROSS,H1.0,phase_h_2026-08-30,-0.3487451678824108,0.08094837838738056,-0.11770480047493372,-0.2971372703458356,0.12462112083575795,,,,,2026-09-05T16:06:12.143365+00:00
BTCUSD_2026-09-04T17:00:00,BTCUSD,2026-09-04 17:00:00,2026-09-04T20:29:51.006994+00:00,yahoo,FLAT,79759.5703125,79763.390625,79393.4609375,79469.8515625,965926912.0,0.28429010691415835,0.36565277850412276,0.17215665484824672,570.8782095524446,0.7183582180262041,1.1960428252029982,1.0,1.132421087430934,1.6148181739406422,-0.48239708650970825,-0.10707114307287702,-0.33546378061307114,1.132421087430934,0.0,0.0,0.5791399821009594,0.2854276569134309,0.35847672533176583,0.6035231008950006,1.5476125048429628,0.45,False,True,ACTIVE,MR_BLOCK,FIXED_2ATR,OSC_CROSS,H1.0,phase_h_2026-08-30,0.18632262372297043,0.31914618564567676,0.2582937063102055,0.1515905058728541,0.7579426985921646,,,,,2026-09-05T20:11:03.542046+00:00
BTCUSD_2026-09-04T18:00:00,BTCUSD,2026-09-04 18:00:00,2026-09-04T20:29:51.185258+00:00,yahoo,FLAT,79476.1171875,79668.2734375,79476.1171875,79617.921875,447496192.0,0.39917430722737285,0.27807636228001764,0.1506713512853235,544.2741856558414,0.6836076260698577,1.1372943183978683,1.0,1.0399490927698314,1.5381689631178674,-0.49821987034803605,-0.09247199466110256,-0.3017332753276012,1.0399490927698314,0.16666666666666666,0.0,0.6075669782251109,0.2024281551770183,0.44993358358355046,0.6498468670394316,1.4204151662813602,0.45,False,True,ACTIVE,MR_BLOCK,FIXED_2ATR,OSC_CROSS,H1.0,phase_h_2026-08-30,0.2444192939443008,0.045461262549437775,-0.042596015697627755,0.05285006693098896,0.47992884767817867,,,,,2026-09-05T20:11:03.570666+00:00
BTCUSD_2026-09-04T19:00:00,BTCUSD,2026-09-04 19:00:00,2026-09-04T20:29:51.437397+00:00,yahoo,FLAT,79630.03125,79832.1796875,79627.0234375,79812.5234375,273457152.0,0.3150324448437656,0.2603653184345088,0.17481199166223893,520.7015875732812,0.6524058695889184,1.085196483470284,1.0,0.9639698062985665,1.4616090755419606,-0.4976392692433941,-0.07597928647126484,-0.2755224242052444,0.9639698062985665,0.3333333333333333,0.0,0.6162290491204776,0.20650600034732916,0.20533202516261467,0.691143842503399,1.2618504365254528,0.45,False,True,ACTIVE,MR_BLOCK,FIXED_2ATR,OSC_CROSS,H1.0,phase_h_2026-08-30,-0.11157005337606106,-0.19849250240040064,-0.32766239399107455,-0.10740991364235111,-0.07431477849017859,,,,,2026-09-05T20:11:03.598252+00:00
ETHUSD_2026-09-04T12:00:00,ETHUSD,2026-09-04 12:00:00,2026-09-04T20:29:52.663285+00:00,yahoo,FLAT,2523.10009765625,2524.89990234375,2520.919921875,2522.949951171875,144263168.0,0.30772743566199035,0.22607144542494456,0.3481240554612877,16.822956638027073,0.6667970813377825,0.9007639234314943,0.0,1.6445474071261075,1.4867530974789458,0.15779430964716168,-0.03783068644939025,-0.09691759690746338,1.6445474071261075,0.08333333333333333,0.125,0.6058817825321334,0.3451168185452069,0.28574369243664943,0.9399180251971812,1.3120532066759012,0.45,False,True,ACTIVE,MR_BLOCK,FIXED_2ATR,OSC_CROSS,H1.0,phase_h_2026-08-30,0.017956350233880716,0.02692954577504906,-0.030186188329945893,0.03753604216943784,0.30187184245100296,,,,,2026-09-05T16:06:12.422089+00:00
ETHUSD_2026-09-04T13:00:00,ETHUSD,2026-09-04 13:00:00,2026-09-04T20:29:52.906301+00:00,yahoo,FLAT,2450.39990234375,2463.510009765625,2435.5400390625,2451.860107421875,631670784.0,0.44898474321679366,0.2511233150274588,0.14089719508344747,21.86488202883764,0.8917671103115468,1.2030337723204467,0.0,1.5111433194648252,1.4900051270770631,0.021138192387762045,-0.1334040876612823,-0.20808746777777154,1.5111433194648252,0.25,0.041666666666666664,0.776020456713772,0.2181453257964964,0.8809316796327069,0.8956596610354597,1.9152585412724243,0.45,False,True,ACTIVE,MR_BLOCK,FIXED_2ATR,OSC_CROSS,H1.0,phase_h_2026-08-30,-0.47678843958056,0.3511563834815703,0.18842319073957223,0.012227642457760118,0.1084854760401437,,,,,2026-09-05T16:06:12.485569+00:00
ETHUSD_2026-09-04T14:00:00,ETHUSD,2026-09-04 14:00:00,2026-09-04T20:29:53.106494+00:00,yahoo,FLAT,2451.830078125,2458.110107421875,2432.81005859375,2440.169921875,0.0,0.5507868885031879,0.37869160488915526,0.1389103241340253,22.110251085929598,0.9060947308513795,1.2202410339050174,1.0,1.3667755891383622,1.4735745220185699,-0.1067989328802077,-0.144367730326463,-0.31560250443713556,1.3667755891383622,0.4166666666666667,0.041666666666666664,0.7483071749331094,0.07758686437573474,0.839828878937094,0.9212744972922357,2.1530869143140894,0.45,False,True,ACTIVE,MR_BLOCK,FIXED_2ATR,OSC_CROSS,H1.0,phase_h_2026-08-30,0.48808716734154173,0.21719999007497395,0.46390492145222345,0.5429949726541521,0.7060975678083382,,,,,2026-09-05T16:06:12.564506+00:00
ETHUSD_2026-09-04T15:00:00,ETHUSD,2026-09-04 15:00:00,2026-09-04T20:29:53.305712+00:00,yahoo,FLAT,2439.47998046875,2458.080078125,2437.5400390625,2452.080078125,0.0,0.41513889408690974,0.32836644456869124,0.13854037815868528,21.998093084256055,0.8971196854662695,1.2059786956682172,1.0,1.2458504994902289,1.443211319014791,-0.1973608195245622,-0.12092508964813331,-0.3986969076358786,1.2458504994902289,0.25,0.041666666666666664,0.6461590862144513,0.14540178745654175,0.7585866861460673,0.9412953668769454,2.1996738865009178,0.45,False,True,ACTIVE,MR_BLOCK,FIXED_2ATR,OSC_CROSS,H1.0,phase_h_2026-08-30,0.3421541022648979,-0.05710035723815479,0.06361188882206992,0.030994492080623513,0.33970481056819585,,,,,2026-09-05T16:06:12.627942+00:00
ETHUSD_2026-09-04T16:00:00,ETHUSD,2026-09-04 16:00:00,2026-09-04T20:29:53.483413+00:00,yahoo,FLAT,2451.39990234375,2464.239990234375,2450.409912109375,2460.469970703125,0.0,0.32778378085421334,0.22935720413746216,0.18545024785791667,21.414663444309195,0.8703484984289224,1.1682613431318947,1.0,1.1437158674347698,1.4032785921374549,-0.25956272470268504,-0.10213463205545903,-0.36742745203005533,1.1437158674347698,0.25,0.041666666666666664,0.49603550486268827,0.3707352227948467,0.4706902449593013,0.8409767218831031,1.8585369263907097,0.45,False,True,ACTIVE,MR_BLOCK,FIXED_2ATR,OSC_CROSS,H1.0,phase_h_2026-08-30,-0.6096396289572871,-0.16216374440183823,-0.3645633074140573,-0.4580433683581752,0.013822070363566093,,,,,2026-09-05T16:06:12.706840+00:00
ETHUSD_2026-09-04T17:00:00,ETHUSD,2026-09-04 17:00:00,2026-09-04T20:29:53.698830+00:00,yahoo,FLAT,2460.840087890625,2461.110107421875,2443.35009765625,2445.469970703125,532774912.0,0.37728945774720807,0.3224701687844636,0.13364363263111056,21.15361675297461,0.86501232917992,1.1596643146429815,1.0,1.0268533657823624,1.3530885619567758,-0.32623519617441343,-0.11686250165240741,-0.33992222335599975,1.0268533657823624,0.25,0.041666666666666664,0.3917434562461492,0.34471578987000173,0.3983449633301562,0.6341033120585167,1.8614474767672602,0.45,False,True,ACTIVE,MR_BLOCK,FIXED_2ATR,OSC_CROSS,H1.0,phase_h_2026-08-30,0.21304538595507777,0.24617024961950834,0.43345850831291316,0.23104542489027013,1.465570557806531,,,,,2026-09-05T20:11:03.627141+00:00
ETHUSD_2026-09-04T18:00:00,ETHUSD,2026-09-04 18:00:00,2026-09-04T20:29:53.900058+00:00,yahoo,FLAT,2445.889892578125,2452.260009765625,2445.080078125,2450.679931640625,545644544.0,0.5516943325455731,0.2365765255097518,0.10558041325789218,20.15549638780678,0.8224450744293459,1.1024913361572621,1.0,0.9233120930927438,1.295785032774905,-0.3724729396821612,-0.10354127268961866,-0.3225384063974851,0.9233120930927438,0.08333333333333333,0.041666666666666664,0.5149254022169428,0.18801769281102232,0.8476148210171939,0.8929238504491889,1.8720242604335822,0.45,False,True,ACTIVE,MR_BLOCK,FIXED_2ATR,OSC_CROSS,H1.0,phase_h_2026-08-30,0.23667100518679793,0.07140875384850645,0.06774267943217688,0.12486569764748603,1.2310936906161944,,,,,2026-09-05T20:11:03.655690+00:00
ETHUSD_2026-09-04T19:00:00,ETHUSD,2026-09-04 19:00:00,2026-09-04T20:29:54.139594+00:00,yahoo,FLAT,2451.300048828125,2458.31005859375,2451.159912109375,2456.47998046875,463253504.0,0.4662017718943103,0.26683132920014174,0.12418627633672281,19.26082714247237,0.7840823982126238,1.0514766225694547,1.0,0.8340028885408359,1.2342140802103625,-0.40021119166952657,-0.08930920455190783,-0.3097129788939339,0.8340028885408359,0.08333333333333333,0.041666666666666664,0.5744591269135645,0.19928672810477333,0.5454860562596417,0.8906668461081727,1.4866577111868546,0.45,False,True,ACTIVE,MR_BLOCK,FIXED_2ATR,OSC_CROSS,H1.0,phase_h_2026-08-30,-0.20313579895012215,-0.202728314838524,-0.17586417938364945,0.05455317776981362,0.8630215324543205,,,,,2026-09-05T20:11:03.685004+00:00
EURCAD_2026-09-04T12:00:00,EURCAD,2026-09-04 12:00:00,2026-09-04T20:29:55.307168+00:00,yahoo,FLAT,1.6038000583648682,1.6039799451828003,1.6031899452209473,1.603659987449646,0.0,0.0392122487143525,0.18904552448748038,0.002519768181316115,0.001285829419037819,0.08018092545182952,0.9115374317958164,1.0,-0.9021261813949888,-1.3181099363453697,0.41598375495038087,0.04998857413994051,0.20798562742207571,0.9021261813949888,0.08333333333333333,0.16666666666666666,0.3437393867219296,0.39178124062883557,0.16877102816184134,0.6456820962082392,0.10077371416736182,0.45,False,True,ACTIVE,MR_BLOCK,FIXED_2ATR,OSC_CROSS,H1.0,phase_h_2026-08-30,-0.006832157527914958,-0.08391252911725487,-0.12059276747211282,-0.11872540988313825,-0.18461645623695583,,,,,2026-09-07T15:35:01.842137+00:00
EURCAD_2026-09-04T13:00:00,EURCAD,2026-09-04 13:00:00,2026-09-04T20:29:55.535021+00:00,yahoo,FLAT,1.6087700128555298,1.6094499826431274,1.6067800521850586,1.608620047569275,0.0,0.6446105919003116,0.4596072582649764,0.2084536242273896,0.0016075555457837924,0.0999338251573396,1.1327195922323392,1.0,-0.7092568404111452,-1.23692952355414,0.5276726831429948,0.19286934098384356,0.3212138911188942,0.7092568404111452,0.25,0.16666666666666666,0.7099402143939153,0.17256010674928693,0.19460967934268877,0.9071809610843621,0.3231021002699822,0.45,False,True,ACTIVE,MR_BLOCK,FIXED_2ATR,OSC_CROSS,H1.0,phase_h_2026-08-30,-0.04849532939733659,-0.0466278442188328,-0.13428107712098702,-0.12495847253940857,-0.17282389622177366,,,,,2026-09-07T15:35:01.875887+00:00
EURCAD_2026-09-04T14:00:00,EURCAD,2026-09-04 14:00:00,2026-09-04T20:29:55.737609+00:00,yahoo,FLAT,1.6086599826812744,1.60971999168396,1.6073700189590454,1.6078399419784546,0.0,0.49005934132446877,0.3356068858099785,0.1614141615709499,0.0016605853442931322,0.10328051324871146,1.1666305590668782,1.0,-0.5504397501624895,-1.1453975537685865,0.5949578036060971,0.15881709024865576,0.40167500537243983,0.5504397501624895,0.08333333333333333,0.16666666666666666,0.7024587314786945,0.19794567339965796,0.09386427754606326,0.6457718477321563,0.13460694868984488,0.45,False,True,ACTIVE,MR_BLOCK,FIXED_2ATR,OSC_CROSS,H1.0,phase_h_2026-08-30,-0.028604180495789482,-0.05037242153664949,-0.09328610653135562,-0.08147520463147502,-0.11505434757222945,,,,,2026-09-07T15:35:01.905316+00:00
EURCAD_2026-09-04T15:00:00,EURCAD,2026-09-04 15:00:00,2026-09-04T20:29:55.992228+00:00,yahoo,FLAT,1.6078499555587769,1.6086299419403076,1.6066800355911257,1.6073800325393677,0.0,0.41189572260187296,0.38530414858460915,0.14454006573833642,0.0016812511303566163,0.104595745643334,1.1774995798346855,1.0,-0.413075537308241,-1.0477546182405404,0.6346790809322994,0.1373642128542485,0.4890506440867478,0.413075537308241,0.08333333333333333,0.16666666666666666,0.5260568872148462,0.3130300845977115,-0.004165387791904842,0.23213124547550665,0.10340883066054482,0.45,False,True,ACTIVE,MR_BLOCK,FIXED_2ATR,OSC_CROSS,H1.0,phase_h_2026-08-30,0.03048129068019334,-0.03671104351994088,-0.02986573176863304,-0.0647004330642214,-0.09767362488031375,,,,,2026-09-07T16:05:56.553354+00:00
EURCAD_2026-09-04T16:00:00,EURCAD,2026-09-04 16:00:00,2026-09-04T20:29:56.226559+00:00,yahoo,FLAT,1.6073800325393677,1.6084200143814087,1.6070499420166016,1.6078699827194214,0.0,0.43469534224579415,0.4006938510793965,0.1678969774568823,0.0016590240756745099,0.10318148192981191,1.1581714558303762,1.0,-0.269372575391835,-0.943970345860713,0.674597770468878,0.14370296191640597,0.4398842650193102,0.269372575391835,0.08333333333333333,0.16666666666666666,0.5536210375194336,0.25903782378044277,-0.014412069542291888,0.5984886825414858,0.23536744634281798,0.45,False,True,ACTIVE,MR_BLOCK,FIXED_2ATR,OSC_CROSS,H1.0,phase_h_2026-08-30,-0.05223983675310508,-0.08769412278111367,-0.08022811148245106,-0.1007503749131344,-0.13682744639208794,,,,,2026-09-07T17:05:57.753858+00:00
EURCAD_2026-09-04T17:00:00,EURCAD,2026-09-04 17:00:00,2026-09-04T20:29:56.481564+00:00,yahoo,FLAT,1.6078699827194214,1.6079200506210327,1.606070041656494,1.6070300340652466,0.0,0.2714543486106099,0.30089915885140794,0.1611450420268448,0.0016726658534505303,0.10408429326110646,1.1649551679912973,0.0,-0.15801388187517884,-0.8391761506626418,0.681162268787463,0.11135869351665617,0.39242586828731063,0.15801388187517884,0.08333333333333333,0.08333333333333333,0.6373361566888447,0.2549001854896363,0.06263102540222827,0.13760488147278693,-0.08261407041758462,0.45,False,False,ACTIVE,MR_BLOCK,FIXED_2ATR,OSC_CROSS,H1.0,phase_h_2026-08-30,-0.014939827138633658,-0.042935312551332566,-0.010578050397066335,-0.02054040781870735,,,,,,
EURCAD_2026-09-04T18:00:00,EURCAD,2026-09-04 18:00:00,2026-09-04T20:29:56.645457+00:00,yahoo,FLAT,1.6070599555969238,1.6073299646377563,1.6059600114822388,1.6067899465560913,0.0,0.2438189157065757,0.3019439364471259,0.1449444742353938,0.001651043517883891,0.10275416033207392,1.1474847714026288,0.0,-0.06071061944724122,-0.7353807465005885,0.6746701270533473,0.09730326242793763,0.35236491786099977,0.06071061944724122,0.25,0.0,0.5621096555311473,0.18296660349926688,0.0637985681758806,0.39662823714909723,0.06266339402624668,0.45,False,True,ACTIVE,MR_BLOCK,FIXED_2ATR,OSC_CROSS,H1.0,phase_h_2026-08-30,-0.02053605788260037,0.006847825659565893,0.0018696122060748895,0.039833126723887155,,,,,,
EURCAD_2026-09-04T19:00:00,EURCAD,2026-09-04 19:00:00,2026-09-04T20:29:56.818795+00:00,yahoo,FLAT,1.6068099737167358,1.606879949569702,1.6054600477218628,1.6064599752426147,0.0,0.29496085566214575,0.24776541452408823,0.11446194128927374,0.0016345333985949798,0.10174753332078039,1.1336998962388807,0.0,0.02075249352680968,-0.6345629811636021,0.6553154746904117,0.0814631129740509,0.2901250689186447,0.02075249352680968,0.4166666666666667,0.0,0.778075060288741,0.025284940767394237,0.059788982244317494,0.09105908380269301,-0.0984747421897424,0.45,False,False,ACTIVE,MR_BLOCK,FIXED_2ATR,OSC_CROSS,H1.0,phase_h_2026-08-30,-0.007465143678400848,0.007472564298373333,0.00933513990799767,0.007472564298373333,,,,,,
GOLD_2026-09-04T20:00:00,GOLD,2026-09-04 20:00:00,2026-09-04T21:05:10.259778+00:00,yahoo,FLAT,4481.7998046875,4482.2998046875,4475.60009765625,4478.10009765625,1660.0,0.25061335156892034,0.22150337297749637,0.011148847952378254,22.02836605198656,0.491913212558955,1.13987751073102,1.0,0.31374317963714315,0.5832520368175517,-0.2695088571804085,-0.04022027999118016,-0.13020343018971942,0.31374317963714315,0.16666666666666666,0.16666666666666666,0.4996222103767114,0.22451455814393853,0.14394257661206106,0.19182944417569509,-0.19474208417258787,0.45,False,False,ACTIVE,MR_BLOCK,FIXED_2ATR,OSC_CROSS,H1.0,phase_h_2026-08-30,0.0,,,,,,,,,
USDJPY_2026-09-04T20:00:00,USDJPY,2026-09-04 20:00:00,2026-09-04T21:05:13.116333+00:00,yahoo,FLAT,156.2310028076172,156.2760009765625,156.16900634765625,156.2209930419922,0.0,0.08963408911116773,0.20779823182847212,0.24316208430460406,0.2625845511518412,0.1680853168570363,1.09858862578473,1.0,-1.1384057693811616,-1.4677945080267052,0.32938873864554363,0.03909810922539991,0.12163301476600408,1.1384057693811616,0.16666666666666666,0.16666666666666666,0.1708952005915452,0.5997118581280496,-0.20475942528890068,0.9624455305065819,0.3756159928971097,0.45,False,True,ACTIVE,MR_BLOCK,FIXED_2ATR,OSC_CROSS,H1.0,phase_h_2026-08-30,-0.014719529475149635,-0.1241832101838437,-0.11649623626417366,-1.0081852109458993,,,,,,
US500_2026-09-04T19:30:00,US500,2026-09-04 19:30:00,2026-09-04T21:05:13.433000+00:00,yahoo,FLAT,7715.47998046875,7720.02978515625,7712.18994140625,7717.81005859375,386383000.0,0.31442527669572745,0.23645241913347492,0.11415296552997566,17.073075158669287,0.22121657606303083,0.9298461466199015,1.0,0.7756186069062418,0.34796885034261954,0.4276497565636223,0.02799919482198665,0.1013932821032214,0.7756186069062418,0.16666666666666666,0.08333333333333333,0.5885246341679164,0.5667972651866782,-0.09024353062819626,0.42712157858050837,-0.012732222019392251,0.45,False,False,RESEARCH_ONLY,RESEARCH_ONLY,FIXED_2ATR,OSC_CROSS,H1.0,phase_h_2026-08-30,,,,,,,,,,
BTCUSD_2026-09-04T20:00:00,BTCUSD,2026-09-04 20:00:00,2026-09-04T21:05:13.961436+00:00,yahoo,FLAT,79775.78125,79884.78125,79758.46875,79779.1796875,74739712.0,0.3614641811789055,0.22162987070230025,0.16830999702522456,517.0130857510188,0.6480551539589542,1.0682761238140936,1.0,0.8465256693178073,1.3431095890364593,-0.496583919718652,-0.06800229456475981,-0.22729547846407117,0.8465256693178073,0.0,0.08333333333333333,0.8053164549652472,0.1306686842207217,0.4500100739955061,0.7215979593467751,0.883639459651561,0.45,False,True,ACTIVE,MR_BLOCK,FIXED_2ATR,OSC_CROSS,H1.0,phase_h_2026-08-30,-0.08699993777319162,-0.06065888880559317,-0.17432325896004794,-0.08802888499848842,0.06331455259659732,,,,,2026-09-05T20:11:04.002934+00:00
ETHUSD_2026-09-04T20:00:00,ETHUSD,2026-09-04 20:00:00,2026-09-04T21:05:14.498954+00:00,yahoo,FLAT,2456.10009765625,2458.669921875,2453.18994140625,2453.2900390625,80734208.0,0.5342843483601347,0.2550389659367711,0.11400378216338856,19.476632950164962,0.7938985052744828,1.0539058611343266,1.0,0.6877046254035267,1.1157700010293838,-0.4280653756258571,-0.08416402144119761,-0.2659984576812947,0.6877046254035267,0.0,0.0,0.7352431710248677,0.10025946030976345,0.6636996745753461,0.5461135483759664,1.0299150661745569,0.45,False,True,ACTIVE,MR_BLOCK,FIXED_2ATR,OSC_CROSS,H1.0,phase_h_2026-08-30,0.03834163753449129,0.18682834289533937,0.07383503913784895,0.22149515854665475,1.1221750802659773,,,,,2026-09-05T20:11:04.032053+00:00
EURCAD_2026-09-04T20:00:00,EURCAD,2026-09-04 20:00:00,2026-09-04T21:05:15.041728+00:00,yahoo,FLAT,1.6064300537109375,1.6066999435424805,1.6058499813079834,1.606600046157837,0.0,0.2416193295463637,0.257887940173091,0.11755974332497217,0.00178528610798546,0.1111220002921666,1.211946683649303,0.0,0.1683432173191351,-0.47051938300031737,0.6388626003194524,0.07093852690648209,0.23497361795034388,0.1683432173191351,0.3333333333333333,0.041666666666666664,0.6524945528191873,0.05608784247726005,-0.0039012697650742225,0.3889918995988936,0.0041971554086513525,0.45,False,True,ACTIVE,MR_BLOCK,FIXED_2ATR,OSC_CROSS,H1.0,phase_h_2026-08-30,0.03485725408993883,0.032371160813337935,0.011821930118204736,-0.0018701358379102802,,,,,,
BTCUSD_2026-09-04T21:00:00,BTCUSD,2026-09-04 21:00:00,2026-09-05T02:59:40.334745+00:00,yahoo,FLAT,79718.65625,79772.8203125,79716.796875,79768.3671875,20103168.0,0.3776078352451868,0.22289440841443092,0.16247747635536292,484.5394948045175,0.6074331365785393,1.001605102639366,1.0,0.7830219982548117,1.2684312435989062,-0.4854092453440946,-0.06350367106299559,-0.20285443163861605,0.7830219982548117,0.0,0.16666666666666666,0.627632984447119,0.33368601520486746,0.3455628581581653,0.7249752885223141,0.8695452520050789,0.45,False,True,ACTIVE,MR_BLOCK,FIXED_2ATR,OSC_CROSS,H1.0,phase_h_2026-08-30,-1.9616060728185447e-05,-0.0880172644873681,-0.07261865681574252,-0.024010058331298986,0.321673971851149,,,,,2026-09-06T02:49:15.098647+00:00
BTCUSD_2026-09-04T22:00:00,BTCUSD,2026-09-04 22:00:00,2026-09-05T02:59:47.805334+00:00,yahoo,FLAT,79654.1328125,79733.046875,79654.1328125,79689.328125,0.0,0.11917973462002412,0.21289856830334375,0.1538520690091266,458.08912910419485,0.5748437587347206,0.9485478553075486,1.0,0.7196931387418275,1.1952661629512957,-0.47557302420946823,-0.06332885951298417,-0.19483482514073958,0.7196931387418275,0.16666666666666666,0.16666666666666666,0.6578720211711248,0.26469018527864313,0.30231361442420907,0.3108464260502073,-0.06288387967690323,0.45,False,False,ACTIVE,MR_BLOCK,FIXED_2ATR,OSC_CROSS,H1.0,phase_h_2026-08-30,0.026383606854833767,-0.12942679407300609,-0.17964391938778262,-0.041380088223250434,0.17107169916803366,,,,,2026-09-06T02:49:15.128912+00:00
BTCUSD_2026-09-05T00:00:00,BTCUSD,2026-09-05 00:00:00,2026-09-05T02:59:48.003883+00:00,yahoo,FLAT,79675.1171875,79732.8828125,79574.46875,79584.0078125,91312128.0,0.1018011047735574,0.23331241688590557,0.16055119761091452,436.68376720389523,0.5487079366909023,0.9063695193204808,1.0,0.6552148219580601,1.123259317485531,-0.46804449552747085,-0.06447831678376736,-0.19131084735974713,0.6552148219580601,0.3333333333333333,0.25,0.8315925113584085,0.14651768536751505,0.29091934312967177,0.17221976529166957,-0.13354103237715415,0.45,False,False,ACTIVE,MR_BLOCK,FIXED_2ATR,OSC_CROSS,H1.0,phase_h_2026-08-30,-0.04146561715985456,0.015412173044737612,0.09548675618226926,0.15922639922652487,0.36217624988060476,,,,,2026-09-06T02:49:15.160935+00:00
BTCUSD_2026-09-05T01:00:00,BTCUSD,2026-09-05 01:00:00,2026-09-05T02:59:48.221241+00:00,yahoo,FLAT,79601.5,79731.5703125,79551.0078125,79551.0078125,448290816.0,0.3781688872884408,0.2902469752428379,0.14476560225177132,418.3893909750456,0.5259385172858907,0.8698623076673165,1.0,0.5928853179052203,1.0525427842081563,-0.459657466302936,-0.06232950405283988,-0.1901366803495914,0.5928853179052203,0.3333333333333333,0.25,0.8310207053222396,0.14551772078838335,0.12137059980406185,0.33355824058515715,0.2960807204485607,0.45,False,True,ACTIVE,MR_BLOCK,FIXED_2ATR,OSC_CROSS,H1.0,phase_h_2026-08-30,0.04210152507299513,-0.05028220395935037,0.22097653736119974,0.09239354977530631,0.5069860346088875,,,,,2026-09-06T02:49:15.193574+00:00
ETHUSD_2026-09-04T21:00:00,ETHUSD,2026-09-04 21:00:00,2026-09-05T02:59:48.787501+00:00,yahoo,FLAT,2451.590087890625,2453.830078125,2451.550048828125,2453.639892578125,2766848.0,0.519244726964922,0.28766865523702506,0.11402347022445819,18.24830411778711,0.7437238110199204,0.9878628092429792,1.0,0.6092146161239368,1.0482292830419908,-0.439014666918054,-0.07849000927958993,-0.24638053437861207,0.6092146161239368,0.16666666666666666,0.0,0.5527544491844055,0.14356057734462427,0.6921079490798114,0.7989750082156755,0.36112386614935105,0.45,False,True,ACTIVE,MR_BLOCK,FIXED_2ATR,OSC_CROSS,H1.0,phase_h_2026-08-30,-0.03791878530869564,-0.0036634583863481224,0.01672448393767621,0.245063464936771,1.4862790044113812,,,,,2026-09-06T02:49:15.251660+00:00
ETHUSD_2026-09-04T22:00:00,ETHUSD,2026-09-04 22:00:00,2026-09-05T02:59:48.980526+00:00,yahoo,FLAT,2452.4599609375,2455.280029296875,2451.6298828125,2451.85009765625,0.0,0.006745737015796204,0.3015887258524227,0.10156439705820786,17.205578572543388,0.7017386009442579,0.9331271625950792,1.0,0.5326530617968324,0.9794857868759698,-0.4468327250791374,-0.07656155432710443,-0.23921558504789198,0.5326530617968324,0.0,0.0,0.6954348155290222,0.10928013292246011,0.5121452572343472,0.18316384617454534,-0.1201534823576369,0.45,False,False,ACTIVE,MR_BLOCK,FIXED_2ATR,OSC_CROSS,H1.0,phase_h_2026-08-30,0.18641926817764634,0.02691870729655313,-0.0938221019018968,0.11095128301550072,1.2041615146338975,,,,,2026-09-06T02:49:15.288997+00:00
ETHUSD_2026-09-05T00:00:00,ETHUSD,2026-09-05 00:00:00,2026-09-05T02:59:49.165313+00:00,yahoo,FLAT,2456.580078125,2457.47998046875,2451.8798828125,2452.340087890625,433106944.0,0.0075208679219298715,0.2873567826303088,0.128550433896738,16.378743161111718,0.6678822094043187,0.8892085735759494,1.0,0.46183026930095583,0.9104650511993013,-0.4486347818983455,-0.07082279249587653,-0.2258743561025709,0.46183026930095583,0.16666666666666666,0.0,0.6560568384562581,0.1820649484880583,0.38695249453642255,0.2054520922883324,-0.36483846217742,0.45,False,False,ACTIVE,MR_BLOCK,FIXED_2ATR,OSC_CROSS,H1.0,phase_h_2026-08-30,-0.00734709603042773,0.02038868925517072,0.05708434774860786,0.2642366163138385,1.5519794599884418,,,,,2026-09-06T02:49:15.324047+00:00
ETHUSD_2026-09-05T01:00:00,ETHUSD,2026-09-05 01:00:00,2026-09-05T02:59:49.367985+00:00,yahoo,FLAT,2452.56005859375,2456.639892578125,2452.0,2452.159912109375,691345408.0,0.22921110234713737,0.31951620446980245,0.11774675269949353,15.540253833755525,0.6337373740192835,0.8451278873534966,1.0,0.39568763518159916,0.8418280623969411,-0.4461404272153419,-0.06614263411935667,-0.21352698094233763,0.39568763518159916,0.16666666666666666,0.0,0.8823035738530333,0.13238457491914007,0.4850303324632236,0.3891115624177046,-0.14633501337472848,0.45,False,False,ACTIVE,MR_BLOCK,FIXED_2ATR,OSC_CROSS,H1.0,phase_h_2026-08-30,0.04649520258119063,-0.1207083160801617,0.2308232926428958,0.0962460649576809,2.1866484694864528,,,,,2026-09-06T02:49:15.354397+00:00
EURCAD_2026-09-04T21:00:00,EURCAD,2026-09-04 21:00:00,2026-09-05T02:59:49.916735+00:00,yahoo,FLAT,1.606899976730347,1.606899976730347,1.6066499948501587,1.606899976730347,0.0,0.3491655104597776,0.2723119323752013,0.09426417568011278,0.0017262879011873667,0.10742970478473372,1.1679864271711304,0.0,0.23391045084460266,-0.3773847750667356,0.6112952259113382,0.07239831930591809,0.21067146717667656,0.23391045084460266,0.3333333333333333,0.125,0.624101126509888,0.081205560668233,-0.07585169986915576,0.35503839314639085,-0.19972735780741324,0.45,False,False,ACTIVE,MR_BLOCK,FIXED_2ATR,OSC_CROSS,H1.0,phase_h_2026-08-30,-0.019911490309779928,-0.004977872577455345,-0.03484510804209069,-0.048539821571101614,,,,,,
BTCUSD_2026-09-04T23:00:00,BTCUSD,2026-09-04 23:00:00,2026-09-05T08:04:15.118628+00:00,yahoo,FLAT,79654.1015625,79772.03125,79614.59375,79675.1171875,0.0,0.14112223811794627,0.21491690451089798,0.16744794088903442,441.09205025164874,0.5536133059128407,0.9141264771058979,1.0,0.6558145539443201,1.1223430687649385,-0.4665285148206184,-0.05961045117783759,-0.18794893880355001,0.6558145539443201,0.0,0.08333333333333333,0.7268099737308801,0.23492696989177658,0.31044763467775166,0.4113615524063275,-0.08199296595339947,0.45,False,False,ACTIVE,MR_BLOCK,FIXED_2ATR,OSC_CROSS,H1.0,phase_h_2026-08-30,-0.11435110259780563,-0.113733359546557,-0.10642830282941027,-0.06676527676114377,0.22783932601291473,,,,,2026-09-06T02:49:15.414929+00:00
BTCUSD_2026-09-05T02:00:00,BTCUSD,2026-09-05 02:00:00,2026-09-05T08:04:22.119566+00:00,yahoo,FLAT,79551.0078125,79635.2578125,79500.0,79584.7890625,751988736.0,0.1557208997174404,0.2355228362178681,0.1580671127864187,384.5568940289258,0.48320401242368477,0.8013315700337951,1.0,0.484179705730847,0.916780339250826,-0.432600633519979,-0.05246420992064971,-0.17163484821347308,0.484179705730847,0.16666666666666666,0.0,0.6934015840601383,0.33626995702426515,0.07347451121463541,0.34017660668554356,-0.12634249655687735,0.45,False,False,ACTIVE,MR_BLOCK,FIXED_2ATR,OSC_CROSS,H1.0,phase_h_2026-08-30,0.014793631297551658,0.007313374463620428,0.0864450678209953,0.17426446104455012,0.38341715409407606,,,,,2026-09-06T02:49:15.447211+00:00
BTCUSD_2026-09-05T03:00:00,BTCUSD,2026-09-05 03:00:00,2026-09-05T08:04:22.306948+00:00,yahoo,FLAT,79584.90625,79642.34375,79527.2578125,79596.2734375,23539712.0,0.1618167636647267,0.21108325892473184,0.14435549467014855,365.30896856257397,0.45895235139295704,0.7624527243254504,1.0,0.43628363411660703,0.8527141118995969,-0.41643047778298986,-0.04789607161423998,-0.15890550260529618,0.43628363411660703,0.16666666666666666,0.0,0.44184965206923205,0.5876569955266415,-0.02799319844510141,0.6272868820706354,-0.1903832125141217,0.45,False,False,ACTIVE,MR_BLOCK,FIXED_2ATR,OSC_CROSS,H1.0,phase_h_2026-08-30,-0.10712263441196358,0.08006224380597278,0.04864392304798346,0.25847237077191215,0.5472539494478139,,,,,2026-09-06T05:45:39.272431+00:00
BTCUSD_2026-09-05T04:00:00,BTCUSD,2026-09-05 04:00:00,2026-09-05T08:04:22.525232+00:00,yahoo,FLAT,79606.4765625,79606.4765625,79511.0,79511.0078125,154109952.0,0.1488098474386438,0.3547401444058062,0.08049021825172453,346.0352252723901,0.4352041746073675,0.7244447325434284,1.0,0.38737749973620694,0.7906692302778116,-0.4032917305416046,-0.04890613438040009,-0.14926641591528977,0.38737749973620694,0.0,0.08333333333333333,0.769767646388754,0.1498797195500847,0.22720574845242372,0.19031193500320928,-0.49585936053166785,0.45,False,False,ACTIVE,MR_BLOCK,FIXED_2ATR,OSC_CROSS,H1.0,phase_h_2026-08-30,0.0997503392071597,0.27139520481096907,0.13851266073712867,0.665975004050638,0.44868001276159775,,,,,2026-09-06T05:45:39.301535+00:00
BTCUSD_2026-09-05T05:00:00,BTCUSD,2026-09-05 05:00:00,2026-09-05T08:04:22.712615+00:00,yahoo,FLAT,79514.9765625,79617.453125,79463.75,79590.3203125,303773696.0,0.36839105768981684,0.3178970512422201,0.07011603929683116,332.2972181100766,0.4175095876048232,0.696597482049342,1.0,0.34601331217482667,0.7313817745307469,-0.38536846235592026,-0.04136418756138027,-0.13816639355602034,0.34601331217482667,0.16666666666666666,0.0,0.42244280930152933,0.18454637008536598,0.03709304869660265,0.31820070574984427,-0.4047833244729537,0.45,False,False,ACTIVE,MR_BLOCK,FIXED_2ATR,OSC_CROSS,H1.0,phase_h_2026-08-30,0.08754794204422432,0.07912590658352868,0.03970528372787167,0.6054344116319893,0.5527525184879875,,,,,2026-09-06T05:45:39.330462+00:00
BTCUSD_2026-09-05T06:00:00,BTCUSD,2026-09-05 06:00:00,2026-09-05T08:04:22.904985+00:00,yahoo,FLAT,79591.5,79728.7265625,79591.4921875,79660.0,282179584.0,0.10872910728384654,0.33664826831582373,0.09669397591986438,318.4478632450711,0.3997588039732251,0.6685501839345618,1.0,0.31274898883175467,0.6755640697708813,-0.3628150809391267,-0.033264323343072,-0.12353464528485236,0.31274898883175467,0.16666666666666666,0.08333333333333333,0.4292130738127915,0.2207358411816315,0.032249582609533936,0.09563504054093444,-0.771681137052331,0.45,False,False,ACTIVE,MR_BLOCK,FIXED_2ATR,OSC_CROSS,H1.0,phase_h_2026-08-30,0.08385246673361788,-0.03139318666834044,0.06367883818729601,0.42685318855134324,0.382592816344464,,,,,2026-09-06T06:05:17.412592+00:00
BTCUSD_2026-09-05T07:00:00,BTCUSD,2026-09-05 07:00:00,2026-09-05T08:04:23.082262+00:00,yahoo,FLAT,79654.1171875,79775.78125,79654.1171875,79726.796875,246753280.0,0.06863061227122054,0.3289038374811087,0.19119738137203288,304.3918774775661,0.3817936872025703,0.6402412927644248,1.0,0.2871035533176478,0.6237693342437836,-0.33666578092613575,-0.025645435514106862,-0.10027394641855913,0.2871035533176478,0.16666666666666666,0.16666666666666666,0.5775544846654808,0.2969141614525436,-0.010437913619826232,0.12231155388384654,-0.41812300664883517,0.45,False,False,ACTIVE,MR_BLOCK,FIXED_2ATR,OSC_CROSS,H1.0,phase_h_2026-08-30,-0.09218983187702534,-0.13252288332322393,-0.1282994758467148,0.03313072083080598,0.1044386934678291,,,,,2026-09-06T08:54:02.736389+00:00
ETHUSD_2026-09-04T23:00:00,ETHUSD,2026-09-04 23:00:00,2026-09-05T08:04:23.628330+00:00,yahoo,FLAT,2451.530029296875,2456.489990234375,2450.550048828125,2456.070068359375,0.0,0.05859367036133443,0.2557019059687928,0.13474062442403154,16.560333262424482,0.6742614339780048,0.8974041224159476,1.0,0.4646347743928113,0.9100312553882793,-0.445396480995468,-0.06514654840795386,-0.22045663585451125,0.4646347743928113,0.16666666666666666,0.0,0.5593568984973603,0.14266925346403586,0.6081699325324579,0.2191466543549614,-0.3774096611661083,0.45,False,False,ACTIVE,MR_BLOCK,FIXED_2ATR,OSC_CROSS,H1.0,phase_h_2026-08-30,-0.1518678362153398,-0.11278259390622106,-0.20153949334114507,-0.09650038970928909,1.0895458606968964,,,,,2026-09-06T02:49:15.643994+00:00
ETHUSD_2026-09-05T02:00:00,ETHUSD,2026-09-05 02:00:00,2026-09-05T08:04:23.794278+00:00,yahoo,FLAT,2452.1298828125,2453.590087890625,2450.419921875,2453.419921875,831799296.0,0.15656327429070227,0.2856990547048313,0.13636985664636686,14.1382221828477,0.5762658914109866,0.771054462726972,1.0,0.28231983857221304,0.7089135512670808,-0.42659371269486773,-0.05474559831522202,-0.18231493582059827,0.28231983857221304,0.16666666666666666,0.08333333333333333,0.8218009229843034,0.221770062288555,0.39246345346281547,0.6437841486963188,-0.10711099133185162,0.45,False,False,ACTIVE,MR_BLOCK,FIXED_2ATR,OSC_CROSS,H1.0,phase_h_2026-08-30,-0.0187486621426397,-0.08885711479385876,0.14755117494103973,0.16711586165676673,2.0103561479540124,,,,,2026-09-06T02:49:15.679122+00:00
ETHUSD_2026-09-05T03:00:00,ETHUSD,2026-09-05 03:00:00,2026-09-05T08:04:24.005582+00:00,yahoo,FLAT,2453.2900390625,2455.43994140625,2451.2099609375,2452.840087890625,116805632.0,0.2407758936974589,0.2743977389275564,0.11324145699583406,13.430490631840723,0.5475485620993163,0.7341060649905153,1.0,0.23148237414181203,0.6452560609837117,-0.41377368684189963,-0.05083746443040102,-0.16717182613851936,0.23148237414181203,0.0,0.08333333333333333,0.7388813303797456,0.16497787553959406,0.41179955496918036,0.0770080101504635,-0.2881865744231671,0.45,False,False,ACTIVE,MR_BLOCK,FIXED_2ATR,OSC_CROSS,H1.0,phase_h_2026-08-30,-0.14840497498067304,0.036688178254779394,0.2283007988686584,0.308614664939688,2.316491176871358,,,,,2026-09-06T05:45:39.416194+00:00
ETHUSD_2026-09-05T04:00:00,ETHUSD,2026-09-05 04:00:00,2026-09-05T08:04:24.212697+00:00,yahoo,FLAT,2453.030029296875,2453.300048828125,2448.81005859375,2449.199951171875,160686080.0,0.050963446211790026,0.4622697020019091,0.06690983769492402,12.791883460593171,0.5222882457788963,0.7017366021142392,1.0,0.1798032474093685,0.583195685840466,-0.4033924384310975,-0.051679126732443514,-0.15726218947806656,0.1798032474093685,0.16666666666666666,0.16666666666666666,0.8842467555386856,0.051265483898420366,0.4803404930094881,0.07509286898778922,-0.5369133980993016,0.45,False,False,ACTIVE,MR_BLOCK,FIXED_2ATR,OSC_CROSS,H1.0,phase_h_2026-08-30,0.07839972455928938,0.35195644942649584,0.2049656880340888,0.8994785944828325,2.265637405709753,,,,,2026-09-06T05:45:39.445098+00:00
ETHUSD_2026-09-05T05:00:00,ETHUSD,2026-09-05 05:00:00,2026-09-05T08:04:24.420017+00:00,yahoo,FLAT,2449.419921875,2452.64990234375,2444.9599609375,2451.1201171875,335904768.0,0.213029809035864,0.4248006869368698,0.05463214593942419,12.427459028140088,0.5070114247358789,0.6828609106844955,1.0,0.13568397430826348,0.5235274576361724,-0.38784348332790886,-0.04411927310110503,-0.14663586426394956,0.13568397430826348,0.0,0.08333333333333333,0.7159519651355446,0.19798350061782335,0.28300381301718536,0.6578438144950989,-0.20852703557572339,0.45,False,False,ACTIVE,MR_BLOCK,FIXED_2ATR,OSC_CROSS,H1.0,phase_h_2026-08-30,0.10688472704802132,0.23661854214451541,0.10525122642031884,1.2316793940270452,2.6734628261074835,,,,,2026-09-06T05:45:39.492730+00:00
ETHUSD_2026-09-05T06:00:00,ETHUSD,2026-09-05 06:00:00,2026-09-05T08:04:24.648128+00:00,yahoo,FLAT,2451.530029296875,2454.989990234375,2450.7099609375,2453.739990234375,308952064.0,0.09872734284612418,0.44985528176064754,0.10584892393587769,11.845499761621154,0.48275285110749255,0.6518050224592046,1.0,0.1016211812823609,0.46727328745566415,-0.36565210617330324,-0.03406279302590258,-0.12986119285945114,0.1016211812823609,0.0,0.0,0.5459225018761571,0.1360117146477764,0.2954007414373451,0.17069028963685992,-0.297664081595069,0.45,False,False,ACTIVE,MR_BLOCK,FIXED_2ATR,OSC_CROSS,H1.0,phase_h_2026-08-30,0.1662799702184534,0.19154234721609897,0.20703408450847166,1.104848416285766,2.374335096525861,,,,,2026-09-06T06:05:17.468185+00:00
ETHUSD_2026-09-05T07:00:00,ETHUSD,2026-09-05 07:00:00,2026-09-05T08:04:24.835465+00:00,yahoo,FLAT,2453.739990234375,2459.75,2453.429931640625,2457.820068359375,347367424.0,0.1690994923657337,0.40256809772829083,0.1881436114995415,11.450826090032143,0.4658935874697983,0.6308038498691757,1.0,0.07927164899808334,0.4155397356613201,-0.3362680866632367,-0.022349532284277565,-0.10053159841128517,0.07927164899808334,0.0,0.08333333333333333,0.6110814028530729,0.20607061144417493,0.22706083671542024,0.5154433491189081,0.1343793038771728,0.45,False,True,ACTIVE,MR_BLOCK,FIXED_2ATR,OSC_CROSS,H1.0,phase_h_2026-08-30,-0.036623774700312334,-0.14647523236528495,-0.13426730746518084,0.8080275499787379,1.6152505093009188,,,,,2026-09-06T08:54:02.778873+00:00
BTCUSD_2026-09-05T08:00:00,BTCUSD,2026-09-05 08:00:00,2026-09-05T16:05:12.364318+00:00,yahoo,FLAT,79721.828125,79721.828125,79660.2265625,79660.2421875,21096448.0,0.01100470430107527,0.08000387817005776,0.15991779433176512,287.4046228363114,0.36078803546671856,0.6067119924001083,1.0,0.2618993924679153,0.5755200086736678,-0.3136206162057525,-0.025204160849732482,-0.08411391970691134,0.2618993924679153,0.16666666666666666,0.08333333333333333,0.7717662599982695,0.1444044378555492,0.07179244403121171,0.1326733151690985,-0.24625020665172065,0.45,False,False,ACTIVE,MR_BLOCK,FIXED_2ATR,OSC_CROSS,H1.0,phase_h_2026-08-30,-0.022980451805686794,-0.039389455591821665,0.08774354325807684,0.10894872328534738,0.2274799909215936,,,,,2026-09-06T08:54:02.807381+00:00
BTCUSD_2026-09-05T09:00:00,BTCUSD,2026-09-05 09:00:00,2026-09-05T16:05:59.085556+00:00,yahoo,FLAT,79653.3125,79733.2578125,79613.9921875,79634.9921875,0.0,0.07136703443292666,0.0980535738929367,0.1736786485534437,275.394694419432,0.34582121107140595,0.5833639977619371,1.0,0.23952354248827132,0.5307204798489483,-0.291196937360677,-0.022375849979644008,-0.07322544634348335,0.23952354248827132,0.0,0.08333333333333333,0.8548805741565313,0.15385411232274193,0.1305660159039844,0.08713619590134794,-0.3126488060596918,0.45,False,False,ACTIVE,MR_BLOCK,FIXED_2ATR,OSC_CROSS,H1.0,phase_h_2026-08-30,-0.017393814100447953,0.095101880366465,0.20972642856140794,0.34576704905261596,0.32081923785270666,,,,,2026-09-06T19:45:11.750057+00:00
BTCUSD_2026-09-05T10:00:00,BTCUSD,2026-09-05 10:00:00,2026-09-05T16:05:59.587185+00:00,yahoo,FLAT,79634.9921875,79673.1328125,79590.703125,79621.140625,0.0,0.07656620004188347,0.3132222914596561,0.20695666171323351,261.6114796394726,0.3285703741316788,0.5561996933372849,0.0,0.21665562950687237,0.48884516647000487,-0.27218953696313253,-0.022867912981398952,-0.07044792381077544,0.21665562950687237,0.0,0.0,0.6347571211548191,0.30786722240848213,0.08056983532941248,0.2643954016935993,-0.05833662068140322,0.45,False,False,ACTIVE,MR_BLOCK,FIXED_2ATR,OSC_CROSS,H1.0,phase_h_2026-08-30,0.0009812092540592136,0.00422901188499521,0.5267327517640671,0.21253973652176628,0.4766027709741818,,,,,2026-09-06T19:45:11.806164+00:00
BTCUSD_2026-09-05T11:00:00,BTCUSD,2026-09-05 11:00:00,2026-09-05T16:06:00.136837+00:00,yahoo,FLAT,79621.1328125,79684.0390625,79612.4609375,79621.921875,0.0,0.1566269218159543,0.11103844577567339,0.2861703173603717,248.03766859379598,0.3115193187413827,0.5292455465334258,0.0,0.1939648774578373,0.4495277946017159,-0.2555629171438786,-0.022690752049035062,-0.06793451501007802,0.1939648774578373,0.0,0.0,0.782143447341252,0.1457413113996615,0.22237626084040205,0.8071463722398309,0.1385194422125654,0.45,False,True,ACTIVE,MR_BLOCK,FIXED_2ATR,OSC_CROSS,H1.0,phase_h_2026-08-30,0.11153296153717089,0.12718309557885185,0.5655045927010914,0.2746475874361705,0.37812490004028804,,,,,2026-09-06T19:45:11.855446+00:00
BTCUSD_2026-09-05T12:00:00,BTCUSD,2026-09-05 12:00:00,2026-09-05T16:06:00.618576+00:00,yahoo,FLAT,79621.921875,79788.0078125,79616.9765625,79710.7265625,0.0,0.24801526247769093,0.023939495899601763,0.24337152911892193,242.53721012281056,0.3042717342848967,0.5192611486882752,0.0,0.1755512569138384,0.4129975895766656,-0.2374463326628272,-0.018413620543998893,-0.06397228557443291,0.1755512569138384,0.16666666666666666,0.08333333333333333,0.47192960740883955,0.6016883910740501,-0.06754591031695997,0.45811216825935597,0.14490099556057062,0.45,False,True,ACTIVE,MR_BLOCK,FIXED_2ATR,OSC_CROSS,H1.0,phase_h_2026-08-30,-0.10816455164587811,0.11451564166640449,0.3629432323304198,0.20262721463636138,0.2631193868689058,,,,,2026-09-06T19:45:11.907355+00:00
BTCUSD_2026-09-05T13:00:00,BTCUSD,2026-09-05 13:00:00,2026-09-05T16:06:01.073628+00:00,yahoo,FLAT,79720.4765625,79775.7109375,79563.0078125,79624.5078125,0.0,0.04846972988921971,0.11340253431406247,0.2724908060604036,240.40620404260983,0.3019248854997245,0.5174741924668828,0.0,0.1521843001959348,0.3782224843259015,-0.2260381841299667,-0.02336695671790362,-0.06447132931093758,0.1521843001959348,0.16666666666666666,0.08333333333333333,0.5580644667986241,0.23230175133199463,0.13181136247814806,0.16762717193814894,-0.30077452768213786,0.45,False,False,ACTIVE,MR_BLOCK,FIXED_2ATR,OSC_CROSS,H1.0,phase_h_2026-08-30,0.12393129981082104,0.5224816440682473,0.1616375768413796,0.4142097817127402,0.26183442852914024,,,,,2026-09-06T19:45:11.958124+00:00
BTCUSD_2026-09-05T14:00:00,BTCUSD,2026-09-05 14:00:00,2026-09-05T16:06:01.561369+00:00,yahoo,FLAT,79622.90625,79759.1171875,79622.90625,79723.1875,333406208.0,0.35604819150749223,0.08008701751049084,0.20745528278658845,232.963685003852,0.29221571829883497,0.5030797048269152,0.0,0.13576458771141187,0.34589476477730285,-0.210130177065891,-0.016419712484522925,-0.05820028974642544,0.13576458771141187,0.16666666666666666,0.16666666666666666,0.44554650912419147,0.5012959641986163,-0.024457691256527126,0.35245258044984523,0.13659669149291914,0.45,False,True,ACTIVE,MR_BLOCK,FIXED_2ATR,OSC_CROSS,H1.0,phase_h_2026-08-30,0.09886748758007198,0.43776473438170044,0.0211865901623665,0.23032822163564395,-0.23167075764500758,,,,,2026-09-06T19:45:12.013737+00:00
BTCUSD_2026-09-05T15:00:00,BTCUSD,2026-09-05 15:00:00,2026-09-05T16:06:02.064599+00:00,yahoo,FLAT,79723.203125,79820.8828125,79681.9375,79802.0078125,33576960.0,0.3555159021727721,0.00877318767842943,0.21415129331825392,226.24808696786255,0.2835117726604663,0.4902760263142798,0.0,0.12430393351768497,0.3163493206093538,-0.1920453870916688,-0.011460654193726896,-0.05124732339615344,0.12430393351768497,0.16666666666666666,0.16666666666666666,0.52701414960103,0.6026640398276452,-0.14673744801343686,0.4824661274526137,0.15254700376228086,0.45,False,True,ACTIVE,MR_BLOCK,FIXED_2ATR,OSC_CROSS,H1.0,phase_h_2026-08-30,0.29889403041139806,0.24814342762561678,0.13575590448117839,0.2880370824003195,-0.11824185579603896,,,,,2026-09-06T19:45:12.060871+00:00
ETHUSD_2026-09-05T08:00:00,ETHUSD,2026-09-05 08:00:00,2026-09-05T16:06:03.948026+00:00,yahoo,FLAT,2456.81005859375,2457.77001953125,2455.860107421875,2456.02001953125,841728.0,0.18539584626784963,0.04994645375406898,0.12864769009488286,10.772907150565562,0.43863270921633823,0.5956158354463987,1.0,0.059428159780625045,0.36805819221056074,-0.3086300324299357,-0.019843489217458293,-0.07625581452763844,0.059428159780625045,0.0,0.0,0.6733969118873636,0.19439118092909072,0.23181882925192504,0.29059450449557306,0.1802956454989434,0.45,False,True,ACTIVE,MR_BLOCK,FIXED_2ATR,OSC_CROSS,H1.0,phase_h_2026-08-30,0.061866873141310855,-0.131057210064367,0.019535861322810332,0.852294181850847,1.5311902049615922,,,,,2026-09-06T08:54:03.090532+00:00
ETHUSD_2026-09-05T09:00:00,ETHUSD,2026-09-05 09:00:00,2026-09-05T16:06:04.467360+00:00,yahoo,FLAT,2456.909912109375,2460.239990234375,2456.570068359375,2458.43994140625,0.0,0.10660589753445719,0.06993847199840146,0.14569846220478502,10.304840261462664,0.4191617654718139,0.5709669948939304,1.0,0.048672065301318825,0.3254733752893285,-0.27680130998800967,-0.01075609447930622,-0.05294911598104208,0.048672065301318825,0.0,0.08333333333333333,0.4655528937607191,0.3052209169788587,0.18245521858394992,0.4311883838100121,0.12280423956060758,0.45,False,True,ACTIVE,MR_BLOCK,FIXED_2ATR,OSC_CROSS,H1.0,phase_h_2026-08-30,-0.17165238133542274,0.015462120783294953,0.08013092652563068,1.2381812096999236,1.662441148109639,,,,,2026-09-06T19:45:12.110684+00:00
ETHUSD_2026-09-05T10:00:00,ETHUSD,2026-09-05 10:00:00,2026-09-05T16:06:04.921197+00:00,yahoo,FLAT,2458.56005859375,2458.75,2453.969970703125,2454.219970703125,0.0,0.08274053856568739,0.16222181505546082,0.21029297205167574,9.91021090684926,0.40380287933236975,0.5518528545561427,1.0,0.031123760730021075,0.2862267600147542,-0.2551029992847331,-0.01754830457129775,-0.04814788826806227,0.031123760730021075,0.0,0.0,0.6502816730281283,0.32652612954045235,0.11132356107711004,0.28145095162298184,0.07512368259492502,0.45,False,True,ACTIVE,MR_BLOCK,FIXED_2ATR,OSC_CROSS,H1.0,phase_h_2026-08-30,-0.021188790632366027,0.012225832716984906,0.6930923050370132,1.0919986451111343,1.9456283695026653,,,,,2026-09-06T19:45:12.159578+00:00
ETHUSD_2026-09-05T11:00:00,ETHUSD,2026-09-05 11:00:00,2026-09-05T16:06:05.374364+00:00,yahoo,FLAT,2454.2099609375,2456.31005859375,2453.0,2453.699951171875,0.0,0.06678383128295255,0.021535145942402006,0.23198967162304962,9.4387714559136,0.38467504763187077,0.5274637594278456,1.0,0.013221911121149286,0.2498261134956069,-0.23660420237445762,-0.01790184960887179,-0.04620624865947576,0.013221911121149286,0.16666666666666666,0.0,0.6096821418732193,0.21072644254941708,0.19045386178931534,0.32454780426328705,0.07594797653221669,0.45,False,True,ACTIVE,MR_BLOCK,FIXED_2ATR,OSC_CROSS,H1.0,phase_h_2026-08-30,0.20866924601170805,0.15079069346306673,1.1252438346705167,1.0967174791338217,1.978238579632262,,,,,2026-09-06T19:45:12.214099+00:00
ETHUSD_2026-09-05T12:00:00,ETHUSD,2026-09-05 12:00:00,2026-09-05T16:06:05.833616+00:00,yahoo,FLAT,2453.699951171875,2461.969970703125,2453.2900390625,2458.820068359375,0.0,0.20059855801931709,0.02293117255045672,0.17337243455010146,9.384568611964413,0.3816695956213738,0.5254229271362504,1.0,0.003734850061624586,0.2170139450377426,-0.21327909497611802,-0.0094870610595247,-0.04493721523969424,0.003734850061624586,0.0,0.08333333333333333,0.34457740969161404,0.5983420457727919,-0.23877750534536746,0.7658158089191784,0.4200738761522264,0.45,False,True,ACTIVE,MR_BLOCK,FIXED_2ATR,OSC_CROSS,H1.0,phase_h_2026-08-30,-0.1748826147736043,0.06465880811932727,0.8959593904556966,1.2843491230103043,1.691862452683743,,,,,2026-09-06T19:45:12.265384+00:00
ETHUSD_2026-09-05T13:00:00,ETHUSD,2026-09-05 13:00:00,2026-09-05T16:06:06.337820+00:00,yahoo,FLAT,2458.840087890625,2462.25,2450.7900390625,2454.52001953125,38649856.0,0.05482737464443081,0.1477553102865502,0.21356905188489525,9.532810920931242,0.3883778027914298,0.5366246669797572,0.0,-0.012854417037167208,0.1863648300944213,-0.19921924713158853,-0.016589267098791795,-0.043978177767188285,0.012854417037167208,0.0,0.0,0.46677051077838544,0.06928918201373739,-0.09647776203583938,0.26539457256177307,0.0385580423105677,0.45,False,True,ACTIVE,MR_BLOCK,FIXED_2ATR,OSC_CROSS,H1.0,phase_h_2026-08-30,0.11732977484738476,0.6807832408998307,0.9435617524031418,2.088392409014221,1.6390161884453844,,,,,2026-09-06T19:45:12.316949+00:00
ETHUSD_2026-09-05T14:00:00,ETHUSD,2026-09-05 14:00:00,2026-09-05T16:06:06.789091+00:00,yahoo,FLAT,2454.320068359375,2459.030029296875,2454.02001953125,2457.39990234375,164513280.0,0.27442825744143673,0.11405213456701625,0.1548526014655713,9.209753695552227,0.37477635149120037,0.5198177917992262,0.0,-0.02335178828445567,0.15840261431057104,-0.1817544025950267,-0.01049737124728846,-0.036573699405604954,0.02335178828445567,0.0,0.08333333333333333,0.5641214911863854,0.0590297948463008,0.030986415126808362,0.5536431569747858,0.39660091766478556,0.45,False,True,ACTIVE,MR_BLOCK,FIXED_2ATR,OSC_CROSS,H1.0,phase_h_2026-08-30,0.12248758383827546,0.9729859689176206,0.8325956657933875,1.8751558540004432,0.8598570762932032,,,,,2026-09-06T19:45:12.369903+00:00
ETHUSD_2026-09-05T15:00:00,ETHUSD,2026-09-05 15:00:00,2026-09-05T16:06:07.293675+00:00,yahoo,FLAT,2457.18994140625,2460.409912109375,2456.110107421875,2460.409912109375,85089280.0,0.29996137261239386,0.07001465797337207,0.18960796441698938,8.859043052119924,0.36006370355274786,0.5013402991212048,0.0,-0.028607492604350526,0.1334679333885815,-0.16207542599293204,-0.005255704319894857,-0.03234234266597511,0.028607492604350526,0.16666666666666666,0.08333333333333333,0.5759085412889138,0.07196933338412531,-0.022504325369848293,0.4162510817934936,0.3921309987202308,0.45,False,True,ACTIVE,MR_BLOCK,FIXED_2ATR,OSC_CROSS,H1.0,phase_h_2026-08-30,0.43976689843923883,0.8307634206103113,1.1571230697374706,2.001698975345806,0.7901197865931378,,,,,2026-09-06T19:45:12.419147+00:00
BTCUSD_2026-09-05T16:00:00,BTCUSD,2026-09-05 16:00:00,2026-09-05T20:10:50.865422+00:00,yahoo,FLAT,79802.0078125,79849.8125,79797.8984375,79847.3515625,1851392.0,0.3280529678116578,0.11630090364980636,0.17312537779719547,220.89349573601007,0.2766447370055939,0.47850231244015656,0.0,0.11605306506124115,0.28803945795469654,-0.1719863928934554,-0.007951422745482176,-0.035112119024048996,0.11605306506124115,0.3333333333333333,0.08333333333333333,0.4971456509640612,0.3770860796004898,-0.04989884334636194,0.8496965865982168,0.15286582359706563,0.45,False,True,ACTIVE,MR_BLOCK,FIXED_2ATR,OSC_CROSS,H1.0,phase_h_2026-08-30,0.039550274724094864,-0.35896852258836054,-0.31254672925474863,-0.21585743472935784,-0.4514119213820186,,,,,2026-09-06T19:45:12.469213+00:00
BTCUSD_2026-09-05T17:00:00,BTCUSD,2026-09-05 17:00:00,2026-09-05T20:10:58.384221+00:00,yahoo,FLAT,80056.53125,80162.8828125,79987.671875,80072.1875,746921984.0,0.47369548912461157,0.3425116969731882,0.13380079541087742,227.65333532629506,0.28431012369469116,0.49417013038141133,0.0,0.12255583037437612,0.2659749742773205,-0.14341914390294436,0.00650276531313497,-0.01254959116157947,0.12255583037437612,0.3333333333333333,0.16666666666666666,0.5082955196949378,0.37235742933491844,-0.11500002537947306,0.5101006574487285,0.2937622427051667,0.45,False,True,ACTIVE,MR_BLOCK,FIXED_2ATR,OSC_CROSS,H1.0,phase_h_2026-08-30,-0.09011399869648871,-0.41476246043609083,-0.2892214447119981,-0.05236485827241824,-0.41337699185500587,,,,,2026-09-06T19:45:12.516450+00:00
BTCUSD_2026-09-05T18:00:00,BTCUSD,2026-09-05 18:00:00,2026-09-05T20:10:58.615773+00:00,yahoo,FLAT,80064.7109375,80085.7578125,79931.0234375,80000.03125,383594496.0,0.47641641082891434,0.2675937173281119,0.12398261445697102,222.44483816013116,0.2780559390845627,0.48567113455786287,0.0,0.12465941568794991,0.24713289979873773,-0.12247348411078782,0.002103585313573797,0.0006549278812265913,0.12465941568794991,0.16666666666666666,0.08333333333333333,0.4699689037844891,0.3363928850184492,0.008253363325821075,0.33752573738434094,0.04903606460076068,0.45,False,True,ACTIVE,MR_BLOCK,FIXED_2ATR,OSC_CROSS,H1.0,phase_h_2026-08-30,-0.30852527010731634,-0.1121093312072925,-0.1597362657280212,-0.04407224840927797,-0.07268551848221935,,,,,2026-09-06T19:45:12.564974+00:00
BTCUSD_2026-09-05T19:00:00,BTCUSD,2026-09-05 19:00:00,2026-09-05T20:10:58.867247+00:00,yahoo,FLAT,79997.75,79997.75,79715.703125,79753.2109375,389730304.0,0.12361937128292269,0.051426631133793616,0.15907896525166493,226.8650729344075,0.28445885785362834,0.4992744564259417,0.0,0.11153924432479799,0.22905374573554577,-0.11751450141074778,-0.013120171363151925,-0.004513820736443158,0.11153924432479799,0.0,0.0,0.5228969331864912,0.7536459834808067,-0.3743210762021463,0.5155934238737931,0.09622143408762254,0.45,False,True,ACTIVE,MR_BLOCK,FIXED_2ATR,OSC_CROSS,H1.0,phase_h_2026-08-30,-0.01646681349330469,0.046589033298130335,0.2521646121027063,0.07128435561616787,0.062125241626733094,,,,,2026-09-06T19:45:12.612497+00:00
ETHUSD_2026-09-05T16:00:00,ETHUSD,2026-09-05 16:00:00,2026-09-05T20:11:00.063350+00:00,yahoo,FLAT,2460.409912109375,2460.989990234375,2459.6298828125,2460.81005859375,0.0,0.262335921151564,0.19795896143494968,0.171030352536014,8.482136924148126,0.3446888106835565,0.4808218923535691,0.0,-0.03214733834040111,0.11154407636930533,-0.14369141470970642,-0.004394903884546785,-0.020072378104110666,0.03214733834040111,0.3333333333333333,0.08333333333333333,0.8017220797178195,0.041802692144940964,-0.052079525834347634,0.8646267605041704,0.482342374369899,0.45,False,True,ACTIVE,MR_BLOCK,FIXED_2ATR,OSC_CROSS,H1.0,phase_h_2026-08-30,0.4078972092709875,0.26100165597098957,0.3961605815676855,1.353980050499113,0.5353601475100468,,,,,2026-09-06T19:45:12.662336+00:00
ETHUSD_2026-09-05T17:00:00,ETHUSD,2026-09-05 17:00:00,2026-09-05T20:11:00.282231+00:00,yahoo,FLAT,2472.330078125,2483.989990234375,2471.030029296875,2481.31005859375,58038272.0,0.541613892876242,0.433369602250871,0.10001089264765563,9.531979403896475,0.3841510806311163,0.5379441229922338,0.0,0.0011398915236641512,0.09682351838988651,-0.09568362686622235,0.03328722986406526,0.02367400560658378,0.0011398915236641512,0.3333333333333333,0.16666666666666666,0.8871569411296691,0.03648302406344356,0.4941798225086952,0.4376325696850421,0.827772130589374,0.45,False,True,ACTIVE,MR_BLOCK,FIXED_2ATR,OSC_CROSS,H1.0,phase_h_2026-08-30,-0.018537019825755948,-0.1390374878756674,-0.028208936221041564,1.42424134491392,0.40139928917809964,,,,,2026-09-06T19:45:12.715748+00:00
ETHUSD_2026-09-05T18:00:00,ETHUSD,2026-09-05 18:00:00,2026-09-05T20:11:00.511942+00:00,yahoo,FLAT,2482.050048828125,2482.050048828125,2476.14990234375,2480.85009765625,53946880.0,0.5574208664596626,0.4435499343260674,0.10604514927391745,9.272562766787798,0.37376554010852686,0.525483843855709,0.0,0.03247544507257145,0.08824377528091117,-0.05576833020833972,0.0313355535489073,0.06022787952842577,0.03247544507257145,0.16666666666666666,0.08333333333333333,0.9175344981764313,0.01645822277653051,0.443309106192066,0.42692618961029083,0.7326392610767528,0.45,False,True,ACTIVE,MR_BLOCK,FIXED_2ATR,OSC_CROSS,H1.0,phase_h_2026-08-30,-0.1277854723515932,0.3236707112548248,0.38494081913784517,1.2556140483126512,0.5421509016035133,,,,,2026-09-06T19:45:12.767487+00:00
ETHUSD_2026-09-05T19:00:00,ETHUSD,2026-09-05 19:00:00,2026-09-05T20:11:00.684180+00:00,yahoo,FLAT,2480.800048828125,2482.93994140625,2473.10009765625,2477.679931640625,216477696.0,0.431580330885373,0.33363487648038836,0.10731801431575698,9.313082837017243,0.3758791730153166,0.5306451559051862,0.0,0.05684443809173076,0.08405719698902045,-0.02721275889728969,0.02436899301915931,0.08899177643213187,0.05684443809173076,0.0,0.0,0.6989866930942473,0.041062309216386775,0.2617907884508332,0.2890431115542568,0.5531940675608782,0.45,False,True,ACTIVE,MR_BLOCK,FIXED_2ATR,OSC_CROSS,H1.0,phase_h_2026-08-30,0.007271955467254177,0.1348070768936374,1.1341294449458283,0.8007526572444589,0.5125743244594784,,,,,2026-09-06T19:45:12.819166+00:00
BTCUSD_2026-09-05T20:00:00,BTCUSD,2026-09-05 20:00:00,2026-09-06T02:49:01.994342+00:00,yahoo,FLAT,79753.2109375,79808.9609375,79716.640625,79773.953125,32131072.0,0.15865033660475303,0.13116142571223574,0.1938038211091902,230.06392006021315,0.2883947843222958,0.508019083439118,0.0,0.10971004216737479,0.21719651784041855,-0.10748647567304376,-0.011812635605586555,-0.023972165571107235,0.10971004216737479,0.16666666666666666,0.08333333333333333,0.4837203201753572,0.4204097083959121,0.006978887153364392,0.5419745411044268,0.2272516943422062,0.45,False,True,ACTIVE,MR_BLOCK,FIXED_2ATR,OSC_CROSS,H1.0,phase_h_2026-08-30,0.21352578151866464,0.12606388138022656,0.20909733087874374,0.11840226987487668,0.0723640186426015,,,,,2026-09-06T20:05:17.741884+00:00
BTCUSD_2026-09-05T21:00:00,BTCUSD,2026-09-05 21:00:00,2026-09-06T02:49:09.248090+00:00,yahoo,FLAT,79740.09375,79940.0,79733.390625,79910.34375,0.0,0.2624850691086969,0.23159500707448602,0.15906289960896236,228.38859541305507,0.2858060479974535,0.5061563106136081,0.0,0.10707760255735208,0.20251399580267634,-0.09543639324532427,-0.002632439610022713,-0.028153150692521695,0.10707760255735208,0.3333333333333333,0.16666666666666666,0.5193101526109573,0.5307107739802274,-0.17174922619848554,0.6361972803021599,0.3336042101724165,0.45,False,True,ACTIVE,MR_BLOCK,FIXED_2ATR,OSC_CROSS,H1.0,phase_h_2026-08-30,-0.15013896433151058,-0.04768038868560117,0.1520747274973398,-0.024861847124765996,0.043564447812802706,,,,,2026-09-07T01:45:25.123323+00:00
BTCUSD_2026-09-05T22:00:00,BTCUSD,2026-09-05 22:00:00,2026-09-06T02:49:09.449265+00:00,yahoo,FLAT,79928.9765625,79947.0,79754.9609375,79790.3671875,0.0,0.07047940375281737,0.12567784767564422,0.15008774014401324,225.7922002049797,0.28298177858285684,0.5042688598985013,0.0,0.0968718015775752,0.18842836990599618,-0.09155656832842098,-0.010205800979776872,-0.02465087619538614,0.0968718015775752,0.3333333333333333,0.16666666666666666,0.49596397028115385,0.49955157131103683,-0.10527463537552109,0.05858866879103533,-0.21051811836664436,0.45,False,False,ACTIVE,MR_BLOCK,FIXED_2ATR,OSC_CROSS,H1.0,phase_h_2026-08-30,0.06295794438688802,0.20547984772989614,0.09699244122807352,0.2635029859004558,0.323817284100025,,,,,2026-09-07T01:45:25.204506+00:00
BTCUSD_2026-09-05T23:00:00,BTCUSD,2026-09-05 23:00:00,2026-09-06T02:49:09.662763+00:00,yahoo,FLAT,79784.03125,79899.4921875,79720.4921875,79856.6484375,381138944.0,0.20912686682713286,0.1538347919205347,0.12035499021480081,222.4499001903383,0.278561528116772,0.499397126490458,0.0,0.09113202664717253,0.17545552413815305,-0.08432349749098052,-0.005739774930402675,-0.01857801552020226,0.09113202664717253,0.3333333333333333,0.16666666666666666,0.5132043214369411,0.4085971952450217,0.031735956462191434,0.3121394959876935,0.038274080917690925,0.45,False,True,ACTIVE,MR_BLOCK,FIXED_2ATR,OSC_CROSS,H1.0,phase_h_2026-08-30,0.039629742738387826,0.08292890610070044,0.2375436135103958,0.10319389306642913,0.6246430265303025,,,,,2026-09-07T01:45:25.283024+00:00
BTCUSD_2026-09-06T00:00:00,BTCUSD,2026-09-06 00:00:00,2026-09-06T02:49:09.859966+00:00,yahoo,FLAT,79835.5703125,79945.5078125,79833.9609375,79872.2421875,199804928.0,0.14514153562924587,0.22258701198671352,0.20697527888105752,214.52825553388556,0.26858924910393867,0.4843403739231677,0.0,0.08649021367753994,0.16359348274340463,-0.07710326906586469,-0.004641812969632592,-0.020587388879812138,0.08649021367753994,0.3333333333333333,0.25,0.26486070946242457,0.7396751156794864,-0.032131072805936654,0.32923159004131863,0.14036407995429723,0.45,False,True,ACTIVE,MR_BLOCK,FIXED_2ATR,OSC_CROSS,H1.0,phase_h_2026-08-30,0.10276176397717957,0.19985040563313658,-0.12571834688736808,0.06036984649411311,0.3452583994732995,,,,,2026-09-07T01:45:25.345964+00:00
BTCUSD_2026-09-06T01:00:00,BTCUSD,2026-09-06 01:00:00,2026-09-06T02:49:10.077736+00:00,yahoo,FLAT,79872.2421875,80057.5078125,79872.2421875,79954.3203125,473747456.0,0.14784481451148118,0.22390957497933528,0.17846927011572117,212.438067638608,0.2656992978094213,0.4821111483968435,0.0,0.08718579763092829,0.15340579139507446,-0.06621999376414617,0.000695583953388354,-0.009686003946646912,0.08718579763092829,0.5,0.3333333333333333,0.2607950502096603,0.7557846171193255,-0.25680421878800913,0.4470018455771141,0.15623628348728458,0.45,False,True,ACTIVE,MR_BLOCK,FIXED_2ATR,OSC_CROSS,H1.0,phase_h_2026-08-30,-0.059418693466865305,-0.10826494386003413,-0.1804252877595244,-0.15174680308179875,-0.14423274696010505,,,,,2026-09-07T01:45:25.410230+00:00
ETHUSD_2026-09-05T20:00:00,ETHUSD,2026-09-05 20:00:00,2026-09-06T02:49:10.642820+00:00,yahoo,FLAT,2478.280029296875,2479.469970703125,2475.510009765625,2479.0,85488128.0,0.5945244636047867,0.4275087988537022,0.1207798712907733,9.088642931749709,0.3666253703811903,0.5196491113320371,1.0,0.09799984454939897,0.0924039303204441,0.005595914228954876,0.02515864681086072,0.0790745473114292,0.09799984454939897,0.16666666666666666,0.08333333333333333,0.908193785498723,0.05912887133211704,0.41129692762689496,0.7288708912464915,0.5646964139868014,0.45,False,True,ACTIVE,MR_BLOCK,FIXED_2ATR,OSC_CROSS,H1.0,phase_h_2026-08-30,0.44472952115487596,0.11098285943435592,1.033951552395408,0.6731587304167819,0.47984519152277766,,,,,2026-09-06T20:05:17.910924+00:00
ETHUSD_2026-09-05T21:00:00,ETHUSD,2026-09-05 21:00:00,2026-09-06T02:49:10.810868+00:00,yahoo,FLAT,2477.860107421875,2492.89990234375,2476.6201171875,2488.8798828125,13129728.0,0.6892581591018889,0.5095693536747741,0.07729033022349294,9.602295947785445,0.38580792966732474,0.5494854827422608,1.0,0.14166281773131398,0.09897178197522674,0.04269103575608724,0.043662973181915005,0.09228263172946595,0.14166281773131398,0.16666666666666666,0.08333333333333333,0.9149879974943183,0.047631762658851794,0.493154089609844,0.4747369557206724,0.5123498739867789,0.45,False,True,ACTIVE,MR_BLOCK,FIXED_2ATR,OSC_CROSS,H1.0,phase_h_2026-08-30,-0.3157992209880433,0.06107243430053916,0.8349149125426262,0.4190710790535872,0.7433062610918173,,,,,2026-09-07T01:45:25.505500+00:00
ETHUSD_2026-09-05T22:00:00,ETHUSD,2026-09-05 22:00:00,2026-09-06T02:49:10.988309+00:00,yahoo,FLAT,2489.760009765625,2491.10009765625,2479.139892578125,2481.02001953125,116099584.0,0.41279172700571537,0.35186327223143316,0.10026229201599972,9.770718028523984,0.3938185887903479,0.564055235963219,1.0,0.16820082468622788,0.10820232100336022,0.05999850368286766,0.0265380069549139,0.09535962694768962,0.16820082468622788,0.16666666666666666,0.08333333333333333,0.8262522626874852,0.0741768388899534,-0.17156408847545068,0.29691776739589,0.5303937933373906,0.45,False,True,ACTIVE,MR_BLOCK,FIXED_2ATR,OSC_CROSS,H1.0,phase_h_2026-08-30,-0.016521918652331005,0.9979770243975306,0.9540399387616414,0.8444087918255962,1.0858413553365798,,,,,2026-09-07T01:45:25.568712+00:00
ETHUSD_2026-09-05T23:00:00,ETHUSD,2026-09-05 23:00:00,2026-09-06T02:49:11.165629+00:00,yahoo,FLAT,2480.860107421875,2483.919921875,2478.169921875,2482.830078125,0.0,0.5519601683136269,0.37426382097100985,0.08069610762556947,9.483523883629415,0.3819642740429198,0.550098383583321,1.0,0.19719780829034828,0.12006838597495864,0.07712942231538963,0.028996983604120397,0.0991979637409493,0.19719780829034828,0.3333333333333333,0.08333333333333333,0.7761675048373726,0.1296770497752237,0.06157107090265926,0.4534249817353692,0.29633117629679856,0.45,False,True,ACTIVE,MR_BLOCK,FIXED_2ATR,OSC_CROSS,H1.0,phase_h_2026-08-30,0.39465270630738664,0.9219454914921679,1.4528601175188933,0.8719581826980529,1.3807087174854897,,,,,2026-09-07T01:45:25.632650+00:00
ETHUSD_2026-09-06T00:00:00,ETHUSD,2026-09-06 00:00:00,2026-09-06T02:49:11.368383+00:00,yahoo,FLAT,2480.22998046875,2492.52001953125,2479.0400390625,2490.39990234375,199542784.0,0.5894964543337374,0.49012375439646133,0.14624697810533321,9.768985068280886,0.39226571841282026,0.5677833126189569,1.0,0.24019607043507496,0.13608541056964082,0.10411065986543414,0.042998262144726684,0.09853325270376098,0.24019607043507496,0.3333333333333333,0.16666666666666666,0.7772970473107949,0.43346079213421074,0.3805887956924665,0.5086602591362319,0.6806525922873811,0.45,False,True,ACTIVE,MR_BLOCK,FIXED_2ATR,OSC_CROSS,H1.0,phase_h_2026-08-30,0.6175765963791818,0.773370162257842,0.6308306173373965,0.40234580485728494,0.8950385454770752,,,,,2026-09-07T01:45:25.711594+00:00
ETHUSD_2026-09-06T01:00:00,ETHUSD,2026-09-06 01:00:00,2026-09-06T02:49:11.536321+00:00,yahoo,FLAT,2490.889892578125,2507.8701171875,2489.409912109375,2505.780029296875,767489536.0,0.6637900857973582,0.5604979934558874,0.05764933879452836,10.389786497555466,0.41463282395425805,0.6031299312210627,1.0,0.3131763297735476,0.15969753313016172,0.15347879664338587,0.07298025933847263,0.1449755050873197,0.3131763297735476,0.5,0.25,0.6577228462294714,0.26614875346047706,0.6932743013526186,0.6463729596266491,0.3823631208055181,0.45,False,True,ACTIVE,MR_BLOCK,FIXED_2ATR,OSC_CROSS,H1.0,phase_h_2026-08-30,-0.09178973418390586,-0.0435029363264133,-0.32963826309776956,-0.44018346255118174,-0.22268826711679784,,,,,2026-09-07T01:45:25.801980+00:00
BTCUSD_2026-09-06T02:00:00,BTCUSD,2026-09-06 02:00:00,2026-09-06T05:45:25.299319+00:00,yahoo,FLAT,79973.9921875,80019.6171875,79880.75,79889.640625,280203264.0,0.17619690556123194,0.1416960721929774,0.21336970292421853,207.18300477156458,0.2593365086520748,0.4734632243035789,0.0,0.08331209680127905,0.14405996544923508,-0.06074786864795603,-0.003873700829649246,-0.007819929845893483,0.08331209680127905,0.3333333333333333,0.25,0.5269513532145956,0.5407252337339716,-0.1710908946534736,0.28054447953501543,0.08217574227971645,0.45,False,True,ACTIVE,MR_BLOCK,FIXED_2ATR,OSC_CROSS,H1.0,phase_h_2026-08-30,0.15650065818856182,0.1544865933677432,-0.07735573234134449,-0.4609373105703597,-0.028783528313058415,,,,,2026-09-07T02:05:28.249543+00:00
BTCUSD_2026-09-06T03:00:00,BTCUSD,2026-09-06 03:00:00,2026-09-06T05:45:33.887867+00:00,yahoo,FLAT,79907.0,80113.4765625,79890.921875,80031.8671875,130453504.0,0.04169864828834361,0.17986724950368266,0.19328316557774922,208.37249996645284,0.2603619124345484,0.4782046510694834,0.0,0.08853833220610023,0.1366570810168171,-0.04811874881071686,0.005226235404821186,0.0020481185285602943,0.08853833220610023,0.3333333333333333,0.25,0.17829678160684703,0.7030959073135679,-0.18951735905948758,0.18959339820971394,-0.01699806265128371,0.45,False,False,ACTIVE,MR_BLOCK,FIXED_2ATR,OSC_CROSS,H1.0,phase_h_2026-08-30,-0.20505503715853812,-0.32491939978205947,-0.17666790738337726,-0.4051120652232377,-0.1149639708947969,,,,,2026-09-07T03:06:46.141734+00:00
BTCUSD_2026-09-06T04:00:00,BTCUSD,2026-09-06 04:00:00,2026-09-06T05:45:34.125180+00:00,yahoo,FLAT,80031.8828125,80031.8828125,79867.7578125,79867.7578125,52097024.0,0.12491607581581685,0.12003218231983803,0.0957417599021912,205.21196425456336,0.25693968364095715,0.47477297934622803,0.0,0.08286390726943446,0.1294846578504994,-0.046620750581064935,-0.00567442493666577,-0.00432189036149383,0.08286390726943446,0.16666666666666666,0.25,0.4625607861651319,0.6985540164412268,-0.2830375785154145,0.39104875922136,-0.0911813210302851,0.45,False,False,ACTIVE,MR_BLOCK,FIXED_2ATR,OSC_CROSS,H1.0,phase_h_2026-08-30,0.15266446791488236,-0.07223855292826335,0.1663491985237707,-0.2360640484519674,-0.3063755878491722,,,,,2026-09-07T04:06:19.544562+00:00
ETHUSD_2026-09-06T02:00:00,ETHUSD,2026-09-06 02:00:00,2026-09-06T05:45:35.437593+00:00,yahoo,FLAT,2507.110107421875,2510.199951171875,2500.89990234375,2502.6201171875,610249728.0,0.5172214042625087,0.4984700800438187,0.09175188314366178,10.311948092596147,0.41204608009724397,0.6022463067037594,1.0,0.37567299557559986,0.18849426145622017,0.18717873411937969,0.062496665802052265,0.17847518728525158,0.37567299557559986,0.3333333333333333,0.16666666666666666,0.8258112363025686,0.09885833936029005,0.5320489286051734,0.2811892120450756,0.35052986759035654,0.45,False,True,ACTIVE,MR_BLOCK,FIXED_2ATR,OSC_CROSS,H1.0,phase_h_2026-08-30,0.2468536472765352,0.5260645971905903,-0.3055707416648739,-0.9966107724657494,-0.058317260329225316,,,,,2026-09-07T02:05:28.351912+00:00
ETHUSD_2026-09-06T03:00:00,ETHUSD,2026-09-06 03:00:00,2026-09-06T05:45:35.661201+00:00,yahoo,FLAT,2503.570068359375,2514.580078125,2500.489990234375,2509.659912109375,187513856.0,0.491760999097966,0.5131640638216628,0.05118753313036829,10.58181522102678,0.42164339359163366,0.6190904277235965,1.0,0.44976048443718747,0.22332975785368248,0.226430726583505,0.07408748886158761,0.2095644140021125,0.44976048443718747,0.3333333333333333,0.25,0.6916170757204695,0.2689415478000315,0.1277264437924399,0.44964605353004095,0.1379463905448588,0.45,False,True,ACTIVE,MR_BLOCK,FIXED_2ATR,OSC_CROSS,H1.0,phase_h_2026-08-30,-0.19803363312871058,-0.14144564649464322,-0.41240063905415475,-1.18780294928765,0.1860876046627256,,,,,2026-09-07T03:06:46.312132+00:00
ETHUSD_2026-09-06T04:00:00,ETHUSD,2026-09-06 04:00:00,2026-09-06T05:45:35.880990+00:00,yahoo,FLAT,2509.89990234375,2510.389892578125,2499.10009765625,2504.68994140625,97398784.0,0.383525918477962,0.45456361744043416,0.2751112074965453,10.632385199658795,0.4244990577032971,0.626094587450874,1.0,0.5088430484749015,0.26139819660317837,0.2474448518717231,0.059082564037714,0.19566671870135388,0.5088430484749015,0.16666666666666666,0.25,0.5334119345258258,0.5127793578766998,-0.17935440708826064,0.36066280786346566,0.28345609298781677,0.45,False,True,ACTIVE,MR_BLOCK,FIXED_2ATR,OSC_CROSS,H1.0,phase_h_2026-08-30,0.3565381739919546,-0.2862598582152037,-0.10859510625087117,-0.8076840224539706,-0.2698940756646954,,,,,2026-09-07T04:06:19.649495+00:00
BTCUSD_2026-09-06T05:00:00,BTCUSD,2026-09-06 05:00:00,2026-09-06T06:05:11.371843+00:00,yahoo,FLAT,79867.7578125,80108.9765625,79798.828125,80030.2578125,504999936.0,0.28664963786859804,0.20556639037867708,0.14483736342377085,215.17670437621672,0.26886918805178217,0.4995624770656328,0.0,0.08706433651097133,0.1227054153752475,-0.03564107886427617,0.005229351632486362,0.005005890013768333,0.08706433651097133,0.0,0.16666666666666666,0.2860823607383444,0.6408869791712422,-0.1788685641332013,0.5367737777621974,0.18391225899452399,0.45,False,True,ACTIVE,MR_BLOCK,FIXED_2ATR,OSC_CROSS,H1.0,phase_h_2026-08-30,-0.27235932756956954,-0.18088269190950396,-0.08337988881379241,-0.31066504666617184,-0.31196404223982,,,,,2026-09-07T05:06:02.531347+00:00
ETHUSD_2026-09-06T05:00:00,ETHUSD,2026-09-06 05:00:00,2026-09-06T06:05:14.299631+00:00,yahoo,FLAT,2504.820068359375,2523.760009765625,2501.199951171875,2516.64990234375,279802880.0,0.5563199882895411,0.507807907582999,0.3172071607951605,11.646035708559925,0.46275946835966336,0.6847028824349105,1.0,0.5881687636741527,0.30247305520492807,0.28569570846922465,0.08252537074290212,0.21615283337826174,0.5881687636741527,0.0,0.16666666666666666,0.45748703852326156,0.29025914025494004,-0.19416697219679815,0.7463337053755126,0.5579509569068303,0.45,False,True,ACTIVE,MR_BLOCK,FIXED_2ATR,OSC_CROSS,H1.0,phase_h_2026-08-30,-0.2987726631511838,-0.7077457305841962,-0.45273853735139064,-0.8891597224029866,-0.4435891648118629,,,,,2026-09-07T05:06:02.558955+00:00
BTCUSD_2026-09-06T06:00:00,BTCUSD,2026-09-06 06:00:00,2026-09-06T08:53:50.534722+00:00,yahoo,FLAT,79992.15625,79992.15625,79949.3984375,79964.7734375,22171648.0,0.22053782981757952,0.17404017742324782,0.2545445084943563,205.58260942077268,0.2570914673840161,0.48070340635810843,0.0,0.08766082444010566,0.11803280325056192,-0.030371978810456265,0.0005964879291343317,0.0002661190800070795,0.08766082444010566,0.0,0.08333333333333333,0.36617814099210005,0.37759710224625825,0.0686577799860221,0.39413194712246147,0.027168755982305653,0.45,False,True,ACTIVE,MR_BLOCK,FIXED_2ATR,OSC_CROSS,H1.0,phase_h_2026-08-30,0.047929671287071304,0.14873476048973272,0.1863224348664756,0.21317637002568066,0.0418968397560464,,,,,2026-09-07T06:05:59.071240+00:00
BTCUSD_2026-09-06T07:00:00,BTCUSD,2026-09-06 07:00:00,2026-09-06T08:53:57.991865+00:00,yahoo,FLAT,79782.7265625,79862.2890625,79602.0078125,79810.0625,501905408.0,0.09995172166762704,0.08839637047042932,0.10106016291999624,216.8099676764318,0.2716574337683695,0.5110474172340955,0.0,0.07798419433233504,0.11269298872813167,-0.03470879439579663,-0.009676630107770617,-0.0038507905461499237,0.07798419433233504,0.0,0.0,0.22813906825743344,0.5895410043176864,-0.031370952368224014,0.044585832801208605,-0.5108668505353139,0.45,False,False,ACTIVE,MR_BLOCK,FIXED_2ATR,OSC_CROSS,H1.0,phase_h_2026-08-30,0.04377580834496903,0.23876022838598832,0.028730321442863173,0.02495181920199599,-0.26615926406522983,,,,,2026-09-07T07:07:16.074209+00:00
ETHUSD_2026-09-06T06:00:00,ETHUSD,2026-09-06 06:00:00,2026-09-06T08:53:59.136057+00:00,yahoo,FLAT,2512.8798828125,2513.419921875,2510.93994140625,2512.0,0.0,0.45813498628907284,0.502173843852446,0.3642305892489731,11.22203036776993,0.44673687769784753,0.664010387574878,1.0,0.6557331942561241,0.34957440707842086,0.30615878717770323,0.06756443058197137,0.20940562054797424,0.6557331942561241,0.0,0.08333333333333333,0.5608318860581841,0.28315794206469413,-0.1449330747273507,0.8258686504580162,1.1301881852652402,0.45,False,True,ACTIVE,MR_BLOCK,FIXED_2ATR,OSC_CROSS,H1.0,phase_h_2026-08-30,-0.34276578132721913,-0.2713387894644603,-0.2270524958190563,-0.47125058706616163,0.005582060329700059,,,,,2026-09-07T06:05:59.135324+00:00
ETHUSD_2026-09-06T07:00:00,ETHUSD,2026-09-06 07:00:00,2026-09-06T08:53:59.408420+00:00,yahoo,FLAT,2506.179931640625,2508.179931640625,2484.929931640625,2497.52001953125,452008960.0,0.11080011521458717,0.3396383866481224,0.227449590614689,12.354033081456008,0.49465201419184973,0.7379580476197877,1.0,0.6865027689462571,0.394498188660799,0.29200458028545806,0.030769574690132973,0.18085937601500646,0.6865027689462571,0.0,0.0,0.28312150996497115,0.598165963413223,-0.3338377731452031,0.21100813406605437,0.44941775048477595,0.45,False,True,ACTIVE,MR_BLOCK,FIXED_2ATR,OSC_CROSS,H1.0,phase_h_2026-08-30,-0.06766477918231777,0.1781747948795299,-0.11091080390097913,-0.28107961002721255,-0.031632942131462054,,,,,2026-09-07T07:07:16.235841+00:00
BTCUSD_2026-09-06T08:00:00,BTCUSD,2026-09-06 08:00:00,2026-09-06T19:44:22.997874+00:00,yahoo,FLAT,79813.2421875,79892.9765625,79760.15625,79834.4921875,400936960.0,0.04860919856788763,0.059963965600775194,0.024511594039311507,210.81070659240095,0.26405968249574263,0.499775842551782,0.0,0.0699914060485315,0.10699944437085165,-0.03700803832232015,-0.007992788283803537,-0.017072930462439823,0.0699914060485315,0.16666666666666666,0.08333333333333333,0.32843012509631436,0.6546546711791559,0.006649295156940774,0.049809587893247576,-0.4538444714103348,0.45,False,False,ACTIVE,MR_BLOCK,FIXED_2ATR,OSC_CROSS,H1.0,phase_h_2026-08-30,0.05695605548249734,0.09767948838374352,-0.3838785302774125,0.059186940321873625,-0.534972055232012,,,,,2026-09-07T11:42:56.787338+00:00
BTCUSD_2026-09-06T09:00:00,BTCUSD,2026-09-06 09:00:00,2026-09-06T19:45:01.941948+00:00,yahoo,FLAT,79844.53125,79996.9609375,79810.0625,79890.4765625,308307968.0,0.05459770114942529,0.13077649987323392,0.12716287902048684,209.10268737151517,0.26173668798674615,0.49831817812064605,0.0,0.06560539299485216,0.10148023752071839,-0.03587484452586623,-0.004386013053679347,-0.0220554314452535,0.06560539299485216,0.16666666666666666,0.16666666666666666,0.27382573763728835,0.5288741789956323,0.007592434899626281,0.0889233196632275,-0.427052958209942,0.45,False,False,ACTIVE,MR_BLOCK,FIXED_2ATR,OSC_CROSS,H1.0,phase_h_2026-08-30,0.1378645237068209,0.037531851467355555,-0.22884845962455827,0.06844331120896861,-0.737464698985848,,,,,2026-09-07T11:42:56.817269+00:00
BTCUSD_2026-09-06T10:00:00,BTCUSD,2026-09-06 10:00:00,2026-09-06T19:45:02.165879+00:00,yahoo,FLAT,79890.4765625,80021.671875,79890.4765625,80000.6171875,0.0,0.12941028225806453,0.13564741070098438,0.11703807769407391,203.53787488069267,0.2544203807873812,0.4871935839589908,0.0,0.06830662818978712,0.09705708960992755,-0.028750461420140427,0.0027012351949349672,-0.009677566142547916,0.06830662818978712,0.3333333333333333,0.25,0.23102344587930113,0.661424733334121,-0.14022910018582616,0.5798910935265806,-0.10770378546368954,0.45,False,False,ACTIVE,MR_BLOCK,FIXED_2ATR,OSC_CROSS,H1.0,phase_h_2026-08-30,-0.09703050142484253,-0.2095296335116165,-0.4017449474755029,0.06015578590751107,-0.8124546695391706,,,,,2026-09-07T11:42:56.846773+00:00
BTCUSD_2026-09-06T11:00:00,BTCUSD,2026-09-06 11:00:00,2026-09-06T19:45:02.445608+00:00,yahoo,FLAT,80000.6328125,80005.3125,79893.3828125,79922.9921875,173490176.0,0.031723177697261205,0.059189102417098564,0.03503763944435359,196.9944329249289,0.24648030251767644,0.47470649379335317,0.0,0.06543564284409663,0.09284089670781677,-0.02740525386372014,-0.0028709853456904966,-0.004555763204434876,0.06543564284409663,0.16666666666666666,0.16666666666666666,0.23561947825764143,0.6460229903488298,-0.14578276354339537,0.031144420374661686,-0.6196640970293246,0.45,False,False,ACTIVE,MR_BLOCK,FIXED_2ATR,OSC_CROSS,H1.0,phase_h_2026-08-30,-0.003167111153773706,-0.481088094271996,-0.22747482610946884,0.5209115845203728,-0.6293362663649961,,,,,2026-09-07T11:42:56.875886+00:00
BTCUSD_2026-09-06T12:00:00,BTCUSD,2026-09-06 12:00:00,2026-09-06T19:45:02.702790+00:00,yahoo,FLAT,79922.9765625,80014.59375,79860.0078125,79920.4609375,0.0,0.014480020555495694,0.06640913627937726,0.06424079981248025,193.9652546802911,0.2426978678613694,0.47053208877281616,0.0,0.06232797873582288,0.08877250764488426,-0.026444528909061377,-0.003107664108273747,-0.0032774142590292765,0.06232797873582288,0.0,0.08333333333333333,0.13189945778204243,0.5875784120953174,-0.12800569271336093,0.21355543138149938,-0.4917912713576302,0.45,False,False,ACTIVE,MR_BLOCK,FIXED_2ATR,OSC_CROSS,H1.0,phase_h_2026-08-30,-0.10944475166178404,-0.2662803711385314,0.02680399330623543,0.2847166699625868,-0.6351920791560437,,,,,2026-09-07T12:06:07.346144+00:00
BTCUSD_2026-09-06T13:00:00,BTCUSD,2026-09-06 13:00:00,2026-09-06T19:45:02.952684+00:00,yahoo,FLAT,79920.46875,79970.96875,79761.1328125,79832.9921875,0.0,0.2197551753310658,0.1283338852259057,0.057992452065550516,195.0988748816989,0.24438376858464647,0.4770641074434567,0.0,0.05367657865867419,0.08409305044672291,-0.030416471788048724,-0.008651400077148694,-0.014630049531112937,0.05367657865867419,0.16666666666666666,0.08333333333333333,0.33940417104096104,0.3733653498538413,0.07455806812295199,0.5128684778778114,-0.19127853819417814,0.45,False,False,ACTIVE,MR_BLOCK,FIXED_2ATR,OSC_CROSS,H1.0,phase_h_2026-08-30,-0.36889510455567254,-0.19261890765517037,-0.0037774169768275043,0.11280384842458716,-0.6114620335831942,,,,,2026-09-07T15:35:02.277086+00:00
BTCUSD_2026-09-06T14:00:00,BTCUSD,2026-09-06 14:00:00,2026-09-06T19:45:03.199260+00:00,yahoo,FLAT,79827.296875,79845.7265625,79333.5,79538.4921875,781266944.0,0.3180158155257757,0.22123482865413638,0.034214712465087026,217.7508525687204,0.27376789096706233,0.5378406528393588,0.0,0.026547444754452604,0.07642030302108686,-0.04987285826663426,-0.027129133904221583,-0.03888819808964403,0.026547444754452604,0.16666666666666666,0.0,0.38532415745576837,0.6238734109597439,-0.1437646546884696,0.36197058529358045,-0.079495829991979,0.45,False,False,ACTIVE,MR_BLOCK,FIXED_2ATR,OSC_CROSS,H1.0,phase_h_2026-08-30,0.21267218594141774,0.2548392695478516,0.44477285811007194,0.4085286143393426,-0.445519352019713,,,,,2026-09-07T15:35:02.310735+00:00
BTCUSD_2026-09-06T15:00:00,BTCUSD,2026-09-06 15:00:00,2026-09-06T19:45:03.431565+00:00,yahoo,FLAT,79542.078125,79722.0078125,79393.109375,79707.6484375,506300416.0,0.30959664117558855,0.022684486487327495,0.009223285917433427,225.68996577809753,0.2831471887607681,0.5597610769530841,0.0,0.012460479595383378,0.06789232656432641,-0.05543184696894303,-0.014086965159069226,-0.0498674991404395,0.012460479595383378,0.16666666666666666,0.0,0.42858732547043493,0.38711103530342406,-0.2563787232398838,0.6513347788571839,-0.13220763139293437,0.45,False,False,ACTIVE,MR_BLOCK,FIXED_2ATR,OSC_CROSS,H1.0,phase_h_2026-08-30,-0.035667452317693395,0.29386687424816804,0.29797367900802335,-0.15097163178055276,-1.0124498913461,,,,,2026-09-07T15:35:02.342577+00:00
BTCUSD_2026-09-06T16:00:00,BTCUSD,2026-09-06 16:00:00,2026-09-06T19:45:03.675126+00:00,yahoo,FLAT,79706.2421875,79780.65625,79595.140625,79679.21875,205217792.0,0.28414064382720366,0.03007141478479058,0.027482675338205812,222.82037000823345,0.27964678055811565,0.5563738063394802,0.0,-0.002534070398126242,0.05850214030266606,-0.0610362107007923,-0.01499454999350962,-0.05621064905680043,0.002534070398126242,0.16666666666666666,0.08333333333333333,0.6464686876393277,0.04546757328963362,-0.009785885271419936,0.3235588667068954,-0.1503410793150957,0.45,False,False,ACTIVE,MR_BLOCK,FIXED_2ATR,OSC_CROSS,H1.0,phase_h_2026-08-30,0.07777278815249428,0.18920593708757968,0.46376388134453184,0.03673911210380687,-1.0365292863768196,,,,,2026-09-07T16:05:56.883552+00:00
BTCUSD_2026-09-06T17:00:00,BTCUSD,2026-09-06 17:00:00,2026-09-06T19:45:03.912202+00:00,yahoo,FLAT,79679.21875,79770.0,79581.8125,79741.1875,164632576.0,0.07550143021084905,0.08830774752434867,0.05444022265409224,220.34659357907393,0.276327203653788,0.5536537528345855,0.0,-0.012943146642836455,0.048976102043265725,-0.06191924868610218,-0.010409076244710214,-0.03949059139728906,0.012943146642836455,0.16666666666666666,0.08333333333333333,0.4510515462721394,0.055397108350379136,-0.10289378251110379,0.19424188123742953,-0.3739087889548824,0.45,False,False,ACTIVE,MR_BLOCK,FIXED_2ATR,OSC_CROSS,H1.0,phase_h_2026-08-30,0.25168337567082255,0.1894507935438007,0.7500926826553718,-0.0012246651079782327,-0.9195863335995593,,,,,2026-09-07T17:05:57.992649+00:00
BTCUSD_2026-09-06T18:00:00,BTCUSD,2026-09-06 18:00:00,2026-09-06T19:45:04.159495+00:00,yahoo,FLAT,79741.1875,79966.96875,79741.1875,79941.8828125,247683072.0,0.09865927882406982,0.07590012523481528,0.09763036412102793,220.7347833234258,0.2761190699512908,0.5571826975591488,0.0,-0.008383704071746052,0.04132812789459749,-0.049711831966343545,0.004559442571090403,-0.02084418366712943,0.008383704071746052,0.0,0.0,0.13991772569974517,0.12166877302663162,-0.2975794873653282,0.2670527128087207,-0.253197382152254,0.45,False,False,ACTIVE,MR_BLOCK,FIXED_2ATR,OSC_CROSS,H1.0,phase_h_2026-08-30,-0.139984506322513,0.0040947715825979435,0.25784356428464,-0.37073807818003723,,,,,,
ETHUSD_2026-09-06T08:00:00,ETHUSD,2026-09-06 08:00:00,2026-09-06T19:45:05.340866+00:00,yahoo,FLAT,2496.93994140625,2500.0,2491.889892578125,2494.5400390625,234618880.0,0.18495337590509525,0.2815264220250568,0.17528427753375345,12.050895534343079,0.4830908843167759,0.7232914713701469,1.0,0.7069801485274727,0.43616244997635556,0.27081769855111715,0.02047737958121565,0.11881138485331999,0.7069801485274727,0.16666666666666666,0.0,0.4007553724910252,0.5019304077698165,0.10710896684995937,0.8391849454503105,1.3181573322414557,0.45,False,True,ACTIVE,MR_BLOCK,FIXED_2ATR,OSC_CROSS,H1.0,phase_h_2026-08-30,0.13943178661282687,0.2568248602160635,-0.6931581192066455,0.13782754829344257,-0.18551451053123766,,,,,2026-09-07T11:42:57.105536+00:00
ETHUSD_2026-09-06T09:00:00,ETHUSD,2026-09-06 09:00:00,2026-09-06T19:45:05.612858+00:00,yahoo,FLAT,2495.93994140625,2503.93994140625,2494.360107421875,2499.31005859375,192408576.0,0.24141517610905366,0.3517092771804978,0.292386100427053,11.874391137916788,0.4751067638481789,0.713896054080417,1.0,0.7351349624693707,0.476025451642091,0.25910951082727973,0.028154813941898005,0.07940176821324663,0.7351349624693707,0.16666666666666666,0.0,0.17608165706180368,0.5379532032386183,-0.26184044644420135,0.8610865903989274,1.2714009456943227,0.45,False,True,ACTIVE,MR_BLOCK,FIXED_2ATR,OSC_CROSS,H1.0,phase_h_2026-08-30,0.10642585541673903,0.04440678648228505,-0.7786133165266117,0.32288207663560275,-0.6041706431872702,,,,,2026-09-07T11:42:57.135343+00:00
ETHUSD_2026-09-06T10:00:00,ETHUSD,2026-09-06 10:00:00,2026-09-06T19:45:05.796290+00:00,yahoo,FLAT,2499.35009765625,2502.72998046875,2498.02001953125,2501.969970703125,18475008.0,0.164511526672244,0.3505875484662671,0.2824491727548219,11.362646123601303,0.4541479816565534,0.684854187897376,1.0,0.7653944122075249,0.5146079797174822,0.25078643249004273,0.030259449738154198,0.07889164326126785,0.7653944122075249,0.0,0.08333333333333333,0.24972533076944922,0.6490045717294742,-0.3909006026669102,0.5761159910603013,0.41035826716548507,0.45,False,True,ACTIVE,MR_BLOCK,FIXED_2ATR,OSC_CROSS,H1.0,phase_h_2026-08-30,0.010792277062147025,-0.2885714372141718,-0.6998489178790658,0.23941095634699572,-0.528382468931464,,,,,2026-09-07T11:42:57.166048+00:00
ETHUSD_2026-09-06T11:00:00,ETHUSD,2026-09-06 11:00:00,2026-09-06T19:45:06.022948+00:00,yahoo,FLAT,2502.139892578125,2504.800048828125,2499.909912109375,2502.239990234375,170782720.0,0.06410823238128924,0.33628263002944064,0.25991100239480935,10.90032402325478,0.4356226447421532,0.6593272590363143,1.0,0.791164702036455,0.5514822093600119,0.23968249267644304,0.025770289828930038,0.08418455350898224,0.791164702036455,0.16666666666666666,0.16666666666666666,0.10252179156989184,0.7885970711597317,-0.551555599033636,0.5246882838259749,-0.07195803158792484,0.45,False,False,ACTIVE,MR_BLOCK,FIXED_2ATR,OSC_CROSS,H1.0,phase_h_2026-08-30,-0.07273756180375493,-0.9475494369058973,-0.43840601804535484,0.5043527893708518,-0.4531974524778824,,,,,2026-09-07T11:42:57.196273+00:00
ETHUSD_2026-09-06T12:00:00,ETHUSD,2026-09-06 12:00:00,2026-09-06T19:45:06.280109+00:00,yahoo,FLAT,2502.0400390625,2504.800048828125,2497.8798828125,2500.419921875,10514432.0,0.05590195081484653,0.25296845775607446,0.28301130113434975,10.616027022709796,0.4245697664554325,0.6455554461853085,1.0,0.8076311944344423,0.585635407369936,0.2219957870645063,0.016466492397987365,0.0724962319650716,0.8076311944344423,0.0,0.08333333333333333,0.1272619425965869,0.7408405219090438,-0.32527745951007403,0.1933984019695555,-0.02182158660184322,0.45,False,False,ACTIVE,MR_BLOCK,FIXED_2ATR,OSC_CROSS,H1.0,phase_h_2026-08-30,-0.22675878661006157,-0.8226547884535019,-0.24475381088332818,0.4907183559011572,-0.4327202852645845,,,,,2026-09-07T12:06:07.582311+00:00
ETHUSD_2026-09-06T13:00:00,ETHUSD,2026-09-06 13:00:00,2026-09-06T19:45:06.465133+00:00,yahoo,FLAT,2500.580078125,2500.800048828125,2486.7900390625,2494.75,0.0,0.27493978615644343,0.1211029275890288,0.23826135721678604,10.858454361489454,0.43525220408816323,0.665279246085568,1.0,0.8066652056542095,0.6151060471411725,0.19155915851303706,-0.000965988780232796,0.041270793446684606,0.8066652056542095,0.16666666666666666,0.08333333333333333,0.39473431656185826,0.7376877623418174,-0.13580600029938553,0.8409077767045425,0.6331829998046249,0.45,False,True,ACTIVE,MR_BLOCK,FIXED_2ATR,OSC_CROSS,H1.0,phase_h_2026-08-30,-0.6501641728880649,-0.41246774476400444,-0.17035775127768313,0.35875142486722117,0.1547292282543341,,,,,2026-09-07T15:35:02.477933+00:00
ETHUSD_2026-09-06T14:00:00,ETHUSD,2026-09-06 14:00:00,2026-09-06T19:45:06.696262+00:00,yahoo,FLAT,2494.580078125,2494.949951171875,2465.60009765625,2478.530029296875,668797952.0,0.3995115676441528,0.01830580303395136,0.1401170141275006,12.17926858678485,0.4913908019197953,0.7544663754266452,1.0,0.762545262038054,0.6347646091274233,0.12778065291063068,-0.044119943616155566,-0.028619439998400997,0.762545262038054,0.16666666666666666,0.0,0.6046891820230038,0.7107484669278671,0.31708310578125537,0.8710187419818934,1.1603469870306238,0.45,False,True,ACTIVE,MR_BLOCK,FIXED_2ATR,OSC_CROSS,H1.0,phase_h_2026-08-30,0.053260131762433605,0.5140139551986449,0.8367859170243199,1.336674658805667,0.45551350716145367,,,,,2026-09-07T15:35:02.502647+00:00
ETHUSD_2026-09-06T15:00:00,ETHUSD,2026-09-06 15:00:00,2026-09-06T19:45:06.890679+00:00,yahoo,FLAT,2478.489990234375,2482.760009765625,2469.699951171875,2479.85009765625,421896192.0,0.671041384714011,0.01737670243398945,0.12538215277357634,12.242182158710934,0.49366621677178135,0.7611974092797652,1.0,0.7212145630929221,0.6462912696561565,0.07492329343676563,-0.04133069894513186,-0.08641663134152022,0.7212145630929221,0.16666666666666666,0.0,0.8695300687939678,0.17020489994268131,0.8824790162634729,0.9722483517958517,1.3320182914651106,0.45,False,True,ACTIVE,MR_BLOCK,FIXED_2ATR,OSC_CROSS,H1.0,phase_h_2026-08-30,0.18589282011871858,0.5826945421230059,1.1101390839014376,0.7076961911563376,-0.12299327410990103,,,,,2026-09-07T15:35:02.551040+00:00
ETHUSD_2026-09-06T16:00:00,ETHUSD,2026-09-06 16:00:00,2026-09-06T19:45:07.140869+00:00,yahoo,FLAT,2479.820068359375,2486.52001953125,2475.3701171875,2484.4599609375,258061312.0,0.5025572485075291,0.051035414987228404,0.16857261103487334,12.16416217192801,0.4896099097261329,0.7580425279767877,1.0,0.6911707402009918,0.6522751990621345,0.03889554113885729,-0.030043822891930305,-0.11549446545321773,0.6911707402009918,0.0,0.0,0.43722427483842086,0.5511587850113522,0.05340084604689807,0.9255257864422745,1.2252844594577579,0.45,False,True,ACTIVE,MR_BLOCK,FIXED_2ATR,OSC_CROSS,H1.0,phase_h_2026-08-30,0.27410619212314674,0.24311275518486591,0.9458796023878115,0.540557378737441,-0.4371116239342444,,,,,2026-09-07T16:05:56.989078+00:00
ETHUSD_2026-09-06T17:00:00,ETHUSD,2026-09-06 17:00:00,2026-09-06T19:45:07.319463+00:00,yahoo,FLAT,2484.35009765625,2494.300048828125,2481.31005859375,2491.27001953125,215166976.0,0.13261225420111478,0.019104377419757713,0.198357125787355,12.223149890674225,0.4906393042442705,0.7634856604880371,1.0,0.6780803238749467,0.6557158823705095,0.02236444150443717,-0.013090416326045129,-0.0844649381631073,0.6780803238749467,0.0,0.0,0.22386929274887296,0.6477856445899061,-0.044779054434607016,0.7388006273299785,0.36040659214044235,0.45,False,True,ACTIVE,MR_BLOCK,FIXED_2ATR,OSC_CROSS,H1.0,phase_h_2026-08-30,0.1216258885275359,0.3211213532568122,0.9469101183605798,0.5326608287024162,-0.366083046638839,,,,,2026-09-07T17:05:58.050634+00:00
ETHUSD_2026-09-06T18:00:00,ETHUSD,2026-09-06 18:00:00,2026-09-06T19:45:07.575943+00:00,yahoo,FLAT,2491.550048828125,2499.610107421875,2491.550048828125,2494.300048828125,430081024.0,0.005086701612944957,0.11040971045233576,0.20596798920708898,11.945788319242139,0.4789234689248602,0.7491440457834815,1.0,0.6715423973479792,0.6578260843675054,0.01371631298047371,-0.006537926526967497,-0.04967216574494293,0.6715423973479792,0.16666666666666666,0.08333333333333333,0.259946406614547,0.38712800700548244,-0.04000118126649971,0.3491434008805131,0.10311599787675695,0.45,False,True,ACTIVE,MR_BLOCK,FIXED_2ATR,OSC_CROSS,H1.0,phase_h_2026-08-30,-0.15234930656840356,0.5243889559526,0.737276679554449,0.14833625062924227,,,,,,
BTCUSD_2026-09-06T19:00:00,BTCUSD,2026-09-06 19:00:00,2026-09-06T20:05:11.717971+00:00,yahoo,FLAT,79943.4765625,79943.4921875,79793.0390625,79802.7578125,315387904.0,0.07486830699473228,0.017507210339518443,0.053432583565487766,219.52916215023353,0.2750896938499628,0.5546546771809542,0.0,-0.017918812715675556,0.02800631733855464,-0.0459251300542302,-0.005021313981558053,-0.009432245834485289,0.017918812715675556,0.0,0.08333333333333333,0.3933886057329144,0.21952080982775357,-0.21995578296163282,0.07521002020146635,-0.43377176397864453,0.45,False,False,ACTIVE,MR_BLOCK,FIXED_2ATR,OSC_CROSS,H1.0,phase_h_2026-08-30,0.07801737227273159,0.27403944535637603,0.1165856693282804,-0.5637469555658182,,,,,,
ETHUSD_2026-09-06T19:00:00,ETHUSD,2026-09-06 19:00:00,2026-09-06T20:05:14.620268+00:00,yahoo,FLAT,2494.669921875,2494.669921875,2489.820068359375,2490.3798828125,383278080.0,0.19275114877113106,0.07892230047550208,0.185363154487579,11.527342134295049,0.46287484948989766,0.7227830513669571,2.0,0.6501292144908781,0.6511164042125971,-0.0009871897217189618,-0.016790469338249348,-0.034826097980867,0.6501292144908781,0.16666666666666666,0.08333333333333333,0.5083324077712773,0.509815933650575,-0.20768727181750438,0.6614147266174099,0.2715285143610487,0.45,False,True,ACTIVE,MR_BLOCK,FIXED_2ATR,OSC_CROSS,H1.0,phase_h_2026-08-30,0.3521389091045975,0.7010624749046376,0.5300120928277454,-0.05340606805862276,,,,,,
USDJPY_2026-09-06T23:00:00,USDJPY,2026-09-06 23:00:00,2026-09-07T01:44:59.221867+00:00,yahoo,FLAT,156.20799255371094,156.24400329589844,156.08299255371094,156.197998046875,0.0,0.04734997573731601,0.14261908759101394,0.19448548511765226,0.3010968127619926,0.19276611514037043,1.2202190421657813,0.0,-1.1194723007771974,-1.4361823219621024,0.316710021184905,0.037058899274817536,0.12064812696246818,1.1194723007771974,0.16666666666666666,0.16666666666666666,0.3035270468899878,0.5608229249560036,-0.22617039093539223,0.8801184651001527,0.19369092577186078,0.45,False,True,ACTIVE,MR_BLOCK,FIXED_2ATR,OSC_CROSS,H1.0,phase_h_2026-08-30,-0.19781974313326156,-0.008323082525903152,-0.256726066644055,-0.9833643853344941,,,,,,
USDJPY_2026-09-07T00:00:00,USDJPY,2026-09-07 00:00:00,2026-09-07T01:45:09.077768+00:00,yahoo,FLAT,156.197998046875,156.25900268554688,155.7949981689453,155.88900756835938,0.0,0.17832848720889907,0.0674493471678694,0.20308684380750852,0.31273307732196187,0.20061265524756408,1.2609725872481334,0.0,-1.1066969213255569,-1.392250935210563,0.2855540138850061,0.012775379451640534,0.09076085968567305,1.1066969213255569,0.16666666666666666,0.08333333333333333,0.38353025035378846,0.5161587787819979,-0.0923883478059424,0.9046240438046804,0.600605417853752,0.45,False,True,ACTIVE,MR_BLOCK,FIXED_2ATR,OSC_CROSS,H1.0,phase_h_2026-08-30,0.08851504775388294,0.10006517009708563,-0.017325183514804027,-0.9038558027912535,,,,,,
BTCUSD_2026-09-06T20:00:00,BTCUSD,2026-09-06 20:00:00,2026-09-07T01:45:11.328624+00:00,yahoo,FLAT,79829.9921875,79829.9921875,79797.78125,79797.78125,22515712.0,0.19019258803448857,0.034877210701386524,0.07578375811629659,206.14928896093113,0.2583396251520854,0.52486558804393,0.0,-0.023186749693090952,0.021180575067668562,-0.04436732476075951,-0.005267936977415396,-0.0050149571344857875,0.023186749693090952,0.16666666666666666,0.08333333333333333,0.31275131660600486,0.16992127486451508,-0.1558867987894607,0.6257375947970738,-0.05176730895219832,0.45,False,False,ACTIVE,MR_BLOCK,FIXED_2ATR,OSC_CROSS,H1.0,phase_h_2026-08-30,0.06621221999276565,0.559581757032347,-0.0360837530310597,-0.5938075390401272,,,,,,
BTCUSD_2026-09-06T21:00:00,BTCUSD,2026-09-06 21:00:00,2026-09-07T01:45:11.900707+00:00,yahoo,FLAT,79928.609375,80028.8984375,79868.2578125,79945.15625,185645056.0,0.019506727999064888,0.004165024446882623,0.09211340216639592,207.93271028515034,0.2600941946187645,0.532421644850363,0.0,-0.015828576644558015,0.01624602150603835,-0.032074598150596365,0.007358173048532937,-0.002931077910440512,0.015828576644558015,0.16666666666666666,0.08333333333333333,0.18992957454034465,0.24047800262546468,-0.30270762466011253,0.3164993272651058,-0.26477962422963164,0.45,False,False,ACTIVE,MR_BLOCK,FIXED_2ATR,OSC_CROSS,H1.0,phase_h_2026-08-30,0.12957124903986914,0.25373840269403436,-0.44761154619670906,-0.8053567973356734,,,,,,
BTCUSD_2026-09-06T22:00:00,BTCUSD,2026-09-06 22:00:00,2026-09-07T01:45:12.394974+00:00,yahoo,FLAT,79945.15625,80088.0078125,79638.3125,80048.7421875,426878976.0,0.10367994342434268,0.06290316437507142,0.10003477967178444,225.20146758621104,0.28133042622795557,0.5797299382475156,0.0,0.0008489876793384313,0.01419308366247836,-0.013344095983139929,0.016677564323896447,0.018767800395013988,0.0008489876793384313,0.16666666666666666,0.16666666666666666,0.2243254652265875,0.15130085640601337,-0.13040015291366872,0.2699885923039454,-0.3412775455470807,0.45,False,False,ACTIVE,MR_BLOCK,FIXED_2ATR,OSC_CROSS,H1.0,phase_h_2026-08-30,0.3630014876678164,-0.15702346978242457,-0.42505352451763034,-0.8720858453526217,,,,,,
BTCUSD_2026-09-06T23:00:00,BTCUSD,2026-09-06 23:00:00,2026-09-07T01:45:12.915532+00:00,yahoo,FLAT,80052.7265625,80538.28125,80010.1484375,80339.3203125,693401600.0,0.3515213971904323,0.126950025161615,0.14903784922280877,246.83942079433882,0.3072460904998882,0.6368406076838524,1.0,0.044620755331910636,0.018250106551736,0.026370648780174637,0.04377176765257221,0.06780750502500159,0.044620755331910636,0.0,0.16666666666666666,0.16771498907815016,0.29397757712276157,-0.03684295415548797,0.6249938617828994,0.5023596899842958,0.45,False,True,ACTIVE,MR_BLOCK,FIXED_2ATR,OSC_CROSS,H1.0,phase_h_2026-08-30,-0.2381305931589188,-0.5923508229207114,-0.7457237286419817,-1.1442871266823054,,,,,,
BTCUSD_2026-09-07T00:00:00,BTCUSD,2026-09-07 00:00:00,2026-09-07T01:45:13.405413+00:00,yahoo,FLAT,80361.0625,80442.9609375,80052.28125,80148.0078125,807239680.0,0.45581379044414067,0.11443227275917289,0.11701756104231614,257.1137255590289,0.3207986481217679,0.6684836727180856,1.0,0.07030444374578271,0.02519068484427556,0.04511375890150715,0.02568368841387207,0.08613302039034072,0.07030444374578271,0.0,0.08333333333333333,0.18706796850569882,0.299934957529394,-0.3438500918498877,0.43067620242147664,-0.14537069711700545,0.45,False,False,ACTIVE,MR_BLOCK,FIXED_2ATR,OSC_CROSS,H1.0,phase_h_2026-08-30,-0.2806818829811447,-0.6995748588183288,-0.6269650534241094,-0.6865423296450074,,,,,,
ETHUSD_2026-09-06T20:00:00,ETHUSD,2026-09-06 20:00:00,2026-09-07T01:45:15.547626+00:00,yahoo,FLAT,2490.719970703125,2491.2900390625,2489.75,2489.75,71410688.0,0.27584553575857107,0.005669571736482054,0.20324819228750124,10.813963343452546,0.43433932497048083,0.6822834713114276,1.0,0.630226863865961,0.6483311321663789,-0.01810426830041789,-0.019902350624917076,-0.042423068299988764,0.630226863865961,0.16666666666666666,0.0,0.5232051263958386,0.46734006886054447,-0.12802783813834312,0.8692171542274524,0.43755728103161956,0.45,False,True,ACTIVE,MR_BLOCK,FIXED_2ATR,OSC_CROSS,H1.0,phase_h_2026-08-30,0.3244892795845662,0.6237856561632742,0.4957404554650235,-0.32289701778155927,,,,,,
ETHUSD_2026-09-06T21:00:00,ETHUSD,2026-09-06 21:00:00,2026-09-07T01:45:16.083119+00:00,yahoo,FLAT,2500.070068359375,2515.800048828125,2499.320068359375,2507.3798828125,204022784.0,0.08335873993799468,0.013688042962867032,0.26140617555641266,11.902255163786293,0.47468894703086106,0.749725582835374,2.0,0.6597350344339044,0.6498516524687157,0.009883381965188676,0.029508170567943304,-0.007184649395223119,0.6597350344339044,0.16666666666666666,0.0,0.05005051570944089,0.8446532213859492,-0.6942858619272033,0.315612080279604,-0.03397891684367775,0.45,False,False,ACTIVE,MR_BLOCK,FIXED_2ATR,OSC_CROSS,H1.0,phase_h_2026-08-30,0.023134832060203534,0.21177718741979243,-0.3980242697630471,-0.9240690664316313,,,,,,
ETHUSD_2026-09-06T22:00:00,ETHUSD,2026-09-06 22:00:00,2026-09-07T01:45:16.586476+00:00,yahoo,FLAT,2508.389892578125,2511.030029296875,2488.469970703125,2507.9599609375,322048000.0,0.12479392274123162,0.03890233922839807,0.25433900032639134,12.66352683735513,0.5049333735224936,0.8010604612524777,2.0,0.6896292979296156,0.6551553385301689,0.03447395939944664,0.029894263495711226,0.039500083438737454,0.6896292979296156,0.16666666666666666,0.08333333333333333,0.14374628736086154,0.8086345465075389,-0.4939054160510375,0.8209673204716917,0.32004922076065856,0.45,False,True,ACTIVE,MR_BLOCK,FIXED_2ATR,OSC_CROSS,H1.0,phase_h_2026-08-30,0.27512985023076914,-0.16985956043861905,-0.40152428731799644,-0.765959633993484,,,,,,
ETHUSD_2026-09-06T23:00:00,ETHUSD,2026-09-06 23:00:00,2026-09-07T01:45:17.063971+00:00,yahoo,FLAT,2508.10009765625,2524.610107421875,2507.10009765625,2514.860107421875,441021440.0,0.3261972366435793,0.04487573844818432,0.26407425491898145,13.009704189374407,0.5173132354750097,0.8240423333373307,2.0,0.7408952960997756,0.6665873328727833,0.07430796322699229,0.051265998170159977,0.1106684322338145,0.7408952960997756,0.16666666666666666,0.16666666666666666,0.17476921921666694,0.7797747729914573,-0.6098461534460434,0.7890120851927391,1.4904423551182977,0.45,False,True,ACTIVE,MR_BLOCK,FIXED_2ATR,OSC_CROSS,H1.0,phase_h_2026-08-30,-0.08629370712193449,-0.12725142456455366,-0.4103635160030704,-0.952745045635479,,,,,,
ETHUSD_2026-09-07T00:00:00,ETHUSD,2026-09-07 00:00:00,2026-09-07T01:45:17.530694+00:00,yahoo,FLAT,2514.77001953125,2521.909912109375,2509.389892578125,2512.68994140625,230922240.0,0.7176400592908689,0.07074632537091732,0.25668529717800564,12.974726713794093,0.5163679967028749,0.8256970036763653,2.0,0.7857201862112931,0.6824717133179179,0.10324847289337524,0.04482489011151758,0.12598515177738878,0.7857201862112931,0.16666666666666666,0.08333333333333333,0.24738096889020098,0.4782544839298171,-0.3086346605822672,0.8454632256008929,1.4281950674829205,0.45,False,True,ACTIVE,MR_BLOCK,FIXED_2ATR,OSC_CROSS,H1.0,phase_h_2026-08-30,-0.3577835086705393,-0.6085127659619949,-0.5846300876274706,-0.2988832661709926,,,,,,
EURCAD_2026-09-06T23:00:00,EURCAD,2026-09-06 23:00:00,2026-09-07T01:45:19.659218+00:00,yahoo,FLAT,1.6065900325775146,1.6067099571228027,1.6059999465942385,1.6065800189971924,0.0,0.5059047939633651,0.23512335399091794,0.07961463498192017,0.0016672694893960119,0.10377755665333752,1.1252594823297009,0.0,0.2907203789072371,-0.2883040878702059,0.579024466777443,0.05680992806263446,0.1933156884945841,0.2907203789072371,0.5,0.125,0.7264714736006642,0.06109260009467875,0.08177464462264816,0.3916044032654101,-0.0717468878694681,0.45,False,False,ACTIVE,MR_BLOCK,FIXED_2ATR,OSC_CROSS,H1.0,phase_h_2026-08-30,0.017429733834830825,0.0018624364378640006,-0.02053874127493049,-0.015559877331477328,,,,,,
EURCAD_2026-09-07T00:00:00,EURCAD,2026-09-07 00:00:00,2026-09-07T01:45:20.198491+00:00,yahoo,FLAT,1.6066299676895142,1.6073600053787231,1.6062300205230713,1.6068600416183472,0.0,0.3982090840435861,0.29267506835191337,0.15331623625001542,0.0016288920155571437,0.10137111965996784,1.0963704404681813,0.0,0.34781503397998786,-0.20348820495684672,0.5513032389368346,0.057094655072750744,0.1863029024413033,0.34781503397998786,0.3333333333333333,0.125,0.3526325831808354,0.07151940703743277,-0.07462711658592848,0.5410891624227252,0.057256160368322116,0.45,False,True,ACTIVE,MR_BLOCK,FIXED_2ATR,OSC_CROSS,H1.0,phase_h_2026-08-30,-0.002492707532183191,-0.02054258082325969,-0.009963411356315554,-0.07966277821602115,,,,,,
GOLD_2026-09-07T01:00:00,GOLD,2026-09-07 01:00:00,2026-09-07T02:05:13.568800+00:00,yahoo,FLAT,4476.60009765625,4476.60009765625,4476.60009765625,4476.60009765625,0.0,0.2302839116719243,0.2028383883464676,0.0009227118941957028,20.449708242927247,0.4568133806196763,1.0599464113439176,1.0,0.27222283719810403,0.5403613876318746,-0.26813855043377055,-0.03908044936153532,-0.11874967900965189,0.27222283719810403,0.25,0.041666666666666664,0.5824508846322715,0.24875242755243146,0.14373033905860422,0.7022191732084121,-0.08545070157625581,0.45,False,False,ACTIVE,MR_BLOCK,FIXED_2ATR,OSC_CROSS,H1.0,phase_h_2026-08-30,0.0,,,,,,,,,
USDJPY_2026-09-07T01:00:00,USDJPY,2026-09-07 01:00:00,2026-09-07T02:05:22.920372+00:00,yahoo,FLAT,155.8820037841797,156.125,155.843994140625,156.05599975585938,0.0,0.18614421222289745,0.12805822725576865,0.16089339389403853,0.3104668474686075,0.1989457937883292,1.2418007699602431,0.0,-1.0829123601650328,-1.351005791871159,0.2680934317061263,0.023784561160524076,0.07361883988698215,1.0829123601650328,0.0,0.16666666666666666,0.43227412121272907,0.6187104030292014,-0.16731418961774977,0.8040262474818599,0.307922398749657,0.45,False,True,ACTIVE,MR_BLOCK,FIXED_2ATR,OSC_CROSS,H1.0,phase_h_2026-08-30,0.10126758063388323,0.007696531719832554,-0.30955313663006334,-0.9735476952701536,,,,,,
BTCUSD_2026-09-07T01:00:00,BTCUSD,2026-09-07 01:00:00,2026-09-07T02:05:23.560751+00:00,yahoo,FLAT,80154.8203125,80228.5625,79824.546875,79839.0,409890816.0,0.08892802928124488,0.07368668185690078,0.0451507821374909,267.60671837624113,0.3351829536645513,0.7016607746352637,1.0,0.06723922462462208,0.03191552739564166,0.03532369722898042,-0.004744404652437015,0.06442972455212591,0.06723922462462208,0.0,0.0,0.35084540144278525,0.12830361981242625,-0.19695180582944166,0.144904665855409,-0.2548817666762215,0.45,False,False,ACTIVE,MR_BLOCK,FIXED_2ATR,OSC_CROSS,H1.0,phase_h_2026-08-30,-0.07459323665830903,-0.26845158673137737,-0.6795403781958231,-0.7234498027888154,,,,,,
ETHUSD_2026-09-07T01:00:00,ETHUSD,2026-09-07 01:00:00,2026-09-07T02:05:24.199037+00:00,yahoo,FLAT,2512.56005859375,2516.02001953125,2500.199951171875,2500.199951171875,0.0,0.3462610552377629,0.14815767658577023,0.18505728099984528,13.183007142908503,0.5272781137656395,0.845745542642366,2.0,0.7917317217613832,0.6981673477343127,0.09356437402707052,0.005381891732839428,0.10106258082732433,0.7917317217613832,0.16666666666666666,0.0,0.09183349134739,0.8837859622595775,-0.6167389463362333,0.8267243693400786,1.7880691456845461,0.45,False,True,ACTIVE,MR_BLOCK,FIXED_2ATR,OSC_CROSS,H1.0,phase_h_2026-08-30,0.3179279104021343,-0.23205890110875946,-0.5803422766403823,-0.2032928805074131,,,,,,
EURCAD_2026-09-07T01:00:00,EURCAD,2026-09-07 01:00:00,2026-09-07T02:05:24.782669+00:00,yahoo,FLAT,1.606850028038025,1.606899976730347,1.6060199737548828,1.6065200567245483,0.0,0.33165588305775223,0.24075317579315642,0.1637308183361374,0.0015753999412647826,0.09806288658958824,1.0582947429337775,0.0,0.3893370199417217,-0.12444484163703762,0.5137818615787593,0.04152198596173384,0.15542656909711905,0.3893370199417217,0.5,0.16666666666666666,0.30998823626065297,0.45158612109511675,-0.1613747497905311,0.28788834509945105,0.0523239752896851,0.45,False,True,ACTIVE,MR_BLOCK,FIXED_2ATR,OSC_CROSS,H1.0,phase_h_2026-08-30,-0.013072202850912418,-0.029868722291571535,0.0379628047605807,-0.06596936875727197,,,,,,
GOLD_2026-09-07T02:00:00,GOLD,2026-09-07 02:00:00,2026-09-07T03:06:18.369676+00:00,yahoo,FLAT,4476.60009765625,4476.60009765625,4476.60009765625,4476.60009765625,0.0,0.4186046511627907,0.19815182654719957,0.02412541055928453,18.989014797003872,0.4241838534325566,0.9857226991282967,1.0,0.23586903114796473,0.4997624067673533,-0.2638933756193885,-0.0363538060501393,-0.11701460517265236,0.23586903114796473,0.16666666666666666,0.0,0.666131554037838,0.15616930916859334,0.2316672796907033,0.6027309856649428,-0.1783991011845699,0.45,False,False,ACTIVE,MR_BLOCK,FIXED_2ATR,OSC_CROSS,H1.0,phase_h_2026-08-30,,,,,,,,,,
USDJPY_2026-09-07T02:00:00,USDJPY,2026-09-07 02:00:00,2026-09-07T03:06:33.171076+00:00,yahoo,FLAT,156.0330047607422,156.2050018310547,156.01400756835938,156.11300659179688,0.0,0.006420414631357109,0.08536048223701596,0.09943716768253145,0.3043315990263787,0.19494314129900955,1.2058311342281798,0.0,-1.057708800067524,-1.3123018542714848,0.2545930542039607,0.027487693300955796,0.0619316666812435,1.057708800067524,0.16666666666666666,0.16666666666666666,0.20165151928264263,0.7325180365653696,-0.2836522208221625,0.4211216140042206,0.1264707471466895,0.45,False,True,ACTIVE,MR_BLOCK,FIXED_2ATR,OSC_CROSS,H1.0,phase_h_2026-08-30,-0.08963689972586251,-0.24842366062443944,-1.1076580686887318,-1.2171469771604204,,,,,,
BTCUSD_2026-09-07T02:00:00,BTCUSD,2026-09-07 02:00:00,2026-09-07T03:06:35.872666+00:00,yahoo,FLAT,79916.9921875,80015.890625,79784.5703125,80013.2109375,279869440.0,0.24022139184671143,0.10592300809412636,0.08981928756669107,268.8675810257183,0.3360289855580679,0.7063192018056585,1.0,0.09504108682141842,0.044138555822586405,0.05090253099883201,0.013309424058164251,0.04207632965296657,0.09504108682141842,0.3333333333333333,0.16666666666666666,0.38156676415714125,0.2628572181180941,-0.11260256368864566,0.6651777055697866,-0.13545759163498078,0.45,False,False,ACTIVE,MR_BLOCK,FIXED_2ATR,OSC_CROSS,H1.0,phase_h_2026-08-30,-0.34573670149206864,-0.154286824998809,-0.5579251063265327,-0.850573131730056,,,,,,
ETHUSD_2026-09-07T02:00:00,ETHUSD,2026-09-07 02:00:00,2026-09-07T03:06:38.610056+00:00,yahoo,FLAT,2503.550048828125,2511.3701171875,2498.320068359375,2510.669921875,164132864.0,0.4669479361489278,0.04450327275499968,0.25971871359940335,13.159918272428776,0.5241596339594009,0.8441254665383928,0.0,0.8651530083552685,0.7324219155057753,0.13273109284949325,0.04038176262520965,0.09999440683309135,0.8651530083552685,0.5,0.16666666666666666,0.1926727748131971,0.9238776196612628,-0.6891549877352309,0.9198417845112546,0.8599076762801786,0.45,False,True,ACTIVE,MR_BLOCK,FIXED_2ATR,OSC_CROSS,H1.0,phase_h_2026-08-30,-0.5677524133292781,-0.283472814633391,-0.8145991755833316,-0.8695382541523378,,,,,,
EURCAD_2026-09-07T02:00:00,EURCAD,2026-09-07 02:00:00,2026-09-07T03:06:41.098738+00:00,yahoo,FLAT,1.6067999601364136,1.6068700551986694,1.60617995262146,1.6065900325775146,0.0,0.2289989287812295,0.24160429502176406,0.18068797117488786,0.0015121644152608319,0.09412260655164205,1.0139861587316459,0.0,0.432853256157306,-0.049262197100328836,0.48211545325763483,0.03593346364138561,0.1421328772500689,0.432853256157306,0.5,0.16666666666666666,0.26298651921162397,0.4869605944036408,-0.12290732118208203,0.7550307700143035,0.13266850834766875,0.45,False,True,ACTIVE,MR_BLOCK,FIXED_2ATR,OSC_CROSS,H1.0,phase_h_2026-08-30,-0.004978771217003862,-0.022400760512868344,-0.0018624017518151556,-0.047925310418223455,,,,,,
USDJPY_2026-09-07T03:00:00,USDJPY,2026-09-07 03:00:00,2026-09-07T04:05:59.621684+00:00,yahoo,FLAT,156.18499755859375,156.21499633789062,156.14700317382812,156.15199279785156,0.0,0.04682513218691945,0.07166510310207073,0.04562458521257432,0.28987860953119093,0.18563875128155216,1.1408849479684986,0.0,-1.027045502602263,-1.274267674048922,0.24722217144665914,0.030663297465261197,0.07979914470416105,1.027045502602263,0.16666666666666666,0.16666666666666666,0.2691695438494412,0.7481483010746195,-0.25586484891959604,0.2876613410657409,0.14271936106489527,0.45,False,True,ACTIVE,MR_BLOCK,FIXED_2ATR,OSC_CROSS,H1.0,phase_h_2026-08-30,-0.003842932597602421,-0.1172730041807782,-0.9926598031694903,-1.061226325750631,,,,,,
BTCUSD_2026-09-07T03:00:00,BTCUSD,2026-09-07 03:00:00,2026-09-07T04:06:11.217827+00:00,yahoo,FLAT,79840.0078125,79970.7265625,79782.3984375,79939.859375,116744192.0,0.14173289786090892,0.05609275190081975,0.07164511233719821,266.14936095245275,0.33293698917324716,0.7028052125696559,1.0,0.1007937915337792,0.05169258725074544,0.04910120428303375,0.005752704712360779,0.022500902254825858,0.1007937915337792,0.16666666666666666,0.08333333333333333,0.4822460956228512,0.1751291368360797,-0.07930025914254321,0.4178561870118926,-0.18328249109704403,0.45,False,False,ACTIVE,MR_BLOCK,FIXED_2ATR,OSC_CROSS,H1.0,phase_h_2026-08-30,0.15226005715421037,0.07312134393280335,-0.35935376006068803,-0.989243731530701,,,,,,
ETHUSD_2026-09-07T03:00:00,ETHUSD,2026-09-07 03:00:00,2026-09-07T04:06:13.288562+00:00,yahoo,FLAT,2509.469970703125,2515.590087890625,2507.199951171875,2514.330078125,55733248.0,0.43525584310255844,0.1723573409698511,0.27497843608166717,12.819219590023149,0.5098463285131906,0.8235996629167635,0.0,0.9204861585336745,0.7574971479094952,0.16298901062417936,0.05533315017840601,0.11148020206261744,0.9204861585336745,0.5,0.16666666666666666,0.17229089038367565,0.8698869385645843,-0.48851759951516743,0.8812545551445679,1.0892272358679733,0.45,False,True,ACTIVE,MR_BLOCK,FIXED_2ATR,OSC_CROSS,H1.0,phase_h_2026-08-30,0.019620014956962074,0.02402889724176023,-0.528146949708437,-1.0959347368112344,,,,,,
EURCAD_2026-09-07T03:00:00,EURCAD,2026-09-07 03:00:00,2026-09-07T04:06:15.426916+00:00,yahoo,FLAT,1.6066099405288696,1.6066999435424805,1.6059999465942385,1.606660008430481,0.0,0.39935473717343406,0.2392216996568522,0.21899633901346705,0.0014541524533309127,0.0905077891838143,0.9737197324871668,0.0,0.4640303234760002,0.0191768056431817,0.4448535178328185,0.031177067318694185,0.11621528949601234,0.4640303234760002,0.3333333333333333,0.16666666666666666,0.3509049495386404,0.4722813724735397,-0.10478566507416322,0.8743473995046962,0.08340800060865633,0.45,False,True,ACTIVE,MR_BLOCK,FIXED_2ATR,OSC_CROSS,H1.0,phase_h_2026-08-30,-0.011820532703088976,0.010581343147912484,-0.013690447480980944,-0.04294867751761393,,,,,,
USDJPY_2026-09-07T04:00:00,USDJPY,2026-09-07 04:00:00,2026-09-07T05:05:49.506472+00:00,yahoo,FLAT,156.04800415039062,156.1009979248047,156.03900146484375,156.08999633789062,0.0,0.10174701251450616,0.07346117224505538,0.04004306574254761,0.27745207207790223,0.1777513476759248,1.0857024102955641,0.0,-0.9960912203193174,-1.2360197977964675,0.23992857747715013,0.025687049190784017,0.08910527304916249,0.9960912203193174,0.16666666666666666,0.0,0.15809637771467966,0.7547017033343277,-0.1584804648207471,0.32933354282959554,0.2125546761640148,0.45,False,True,ACTIVE,MR_BLOCK,FIXED_2ATR,OSC_CROSS,H1.0,phase_h_2026-08-30,-0.15509224761719242,-0.3172252530076748,-0.8927289703322026,-1.123440912200577,,,,,,
BTCUSD_2026-09-07T04:00:00,BTCUSD,2026-09-07 04:00:00,2026-09-07T05:05:57.757654+00:00,yahoo,FLAT,79580.5234375,79635.796875,79565.3125,79623.0625,39278592.0,0.21392064665272295,0.08641216730038023,0.018900468090195372,294.28167472917266,0.36959351410173735,0.7819185111447481,1.0,0.05356865010617066,0.0485783797404301,0.004990270365740561,-0.03197993018179265,-0.028163012657083507,0.05356865010617066,0.16666666666666666,0.08333333333333333,0.6683497487436763,0.16785053315680099,-0.008035330859735639,0.5154209317121399,-0.15178286652857534,0.45,False,False,ACTIVE,MR_BLOCK,FIXED_2ATR,OSC_CROSS,H1.0,phase_h_2026-08-30,0.03979343872844477,-0.4121953363854051,-0.4489405585018927,-0.87508320112143,,,,,,
ETHUSD_2026-09-07T04:00:00,ETHUSD,2026-09-07 04:00:00,2026-09-07T05:05:58.363314+00:00,yahoo,FLAT,2497.27001953125,2497.929931640625,2496.0,2497.929931640625,84525056.0,0.05470762256597442,0.01870852248133172,0.168743916775164,14.66819133498232,0.5872138825506743,0.9483482376831097,0.0,0.9203416211990244,0.7798992667295096,0.1404423544695148,-0.0032545176354904504,0.09557037546896552,0.9203416211990244,0.3333333333333333,0.16666666666666666,0.14961005218777676,0.8925518644349089,-0.3437174848662577,0.3333178735294841,0.20058830812907186,0.45,False,True,ACTIVE,MR_BLOCK,FIXED_2ATR,OSC_CROSS,H1.0,phase_h_2026-08-30,0.2662305694151812,-0.34909347802055973,-0.3659045422811461,-0.6121084427021752,,,,,,
EURCAD_2026-09-07T04:00:00,EURCAD,2026-09-07 04:00:00,2026-09-07T05:05:59.045824+00:00,yahoo,FLAT,1.606529951095581,1.6065900325775146,1.6060500144958496,1.6064300537109375,0.0,0.25209115952917605,0.17118225398592113,0.21572501591342685,0.0014024748908810349,0.0873038255006027,0.9379750889546707,0.0,0.4834331128530325,0.08118237946738138,0.4022507333856511,0.018930677727562906,0.08651332033711207,0.4834331128530325,0.3333333333333333,0.16666666666666666,0.29005844988152374,0.4529233474732072,-0.08230067576633639,0.7056712644973855,0.15824669596440627,0.45,False,True,ACTIVE,MR_BLOCK,FIXED_2ATR,OSC_CROSS,H1.0,phase_h_2026-08-30,-0.005602986339784702,0.06785179351592735,-0.013699487130102621,-0.03175520337468878,,,,,,
USDJPY_2026-09-07T05:00:00,USDJPY,2026-09-07 05:00:00,2026-09-07T06:05:51.224452+00:00,yahoo,FLAT,156.05099487304688,156.06900024414062,156.00999450683594,156.0469970703125,0.0,0.09489562118126273,0.09455326123339373,0.007356947482839721,0.26686409953613377,0.17101520987032434,1.0381567290924985,0.0,-0.9807999350464613,-1.2037511696394931,0.2229512345930318,0.023304779921691665,0.07142674292707252,0.9807999350464613,0.0,0.0,0.1798859381412716,0.7670864372760152,-0.16739812612220759,0.7354791530324425,0.32319202434329564,0.45,False,True,ACTIVE,MR_BLOCK,FIXED_2ATR,OSC_CROSS,H1.0,phase_h_2026-08-30,0.04172252522743673,-0.8613742655464397,-0.7285085901390672,-0.9461023326221569,,,,,,
BTCUSD_2026-09-07T05:00:00,BTCUSD,2026-09-07 05:00:00,2026-09-07T06:05:54.622147+00:00,yahoo,FLAT,79702.421875,79748.1015625,79694.4765625,79740.1484375,15898624.0,0.06351924691739956,0.05875383967120811,0.02520664956933106,275.6881420909008,0.34573316891551065,0.7344047675632559,2.0,0.00013001259333404272,0.03370924587057312,-0.03357923327723908,-0.015409386068277773,-0.0789079788245711,0.00013001259333404272,0.16666666666666666,0.08333333333333333,0.21837914447635,0.6091774242544961,-0.32195142591926723,0.3287147026146765,-0.34186590002368106,0.45,False,False,ACTIVE,MR_BLOCK,FIXED_2ATR,OSC_CROSS,H1.0,phase_h_2026-08-30,-0.11876457797964425,-0.40426200433889464,-0.401557910664387,-0.7923386363941419,,,,,,
ETHUSD_2026-09-07T05:00:00,ETHUSD,2026-09-07 05:00:00,2026-09-07T06:05:55.257716+00:00,yahoo,FLAT,2497.60009765625,2502.590087890625,2496.889892578125,2502.469970703125,14144512.0,0.19057336427347038,0.0289846309570997,0.21055593851946272,13.614867544120335,0.5440571796469922,0.8808827891541916,0.0,0.8820205551516617,0.7811226132468764,0.1008979419047853,0.01773972672588231,0.013570961826177563,0.8820205551516617,0.3333333333333333,0.16666666666666666,0.3085597455783795,0.8123209410952098,-0.4103648324725194,0.8634639362885079,0.9979124238971614,0.45,False,True,ACTIVE,MR_BLOCK,FIXED_2ATR,OSC_CROSS,H1.0,phase_h_2026-08-30,-0.2611273511501964,-0.5326362398909168,-0.5446164367911555,-0.6480223999463474,,,,,,
EURCAD_2026-09-07T05:00:00,EURCAD,2026-09-07 05:00:00,2026-09-07T06:05:55.897842+00:00,yahoo,FLAT,1.6063400506973269,1.6064800024032593,1.6059099435806274,1.606369972229004,0.0,0.2,0.1687205651491152,0.1494690387532636,0.001345761368117556,0.08377655156552592,0.8992688591958875,0.0,0.4919726697764388,0.1352722856824212,0.3567003840940176,0.011616294856451048,0.05861837850390195,0.4919726697764388,0.6666666666666666,0.3333333333333333,0.3529117760481475,0.7007590715144786,-0.1893948362304659,0.698394632397264,0.09534515754325673,0.45,False,True,ACTIVE,MR_BLOCK,FIXED_2ATR,OSC_CROSS,H1.0,phase_h_2026-08-30,0.028009079869813443,0.020542960540446104,0.004979886749508431,-0.041093342670682834,,,,,,
USDJPY_2026-09-07T06:00:00,USDJPY,2026-09-07 06:00:00,2026-09-07T07:06:52.110859+00:00,yahoo,FLAT,155.8000030517578,155.9080047607422,155.79600524902344,155.86000061035156,0.0,0.35951810191161104,0.20801952942398588,0.058366127171050684,0.26975743451191186,0.17307675699700703,1.0444305439523942,0.0,-0.9754787672023995,-1.174172907106048,0.1986941399036486,0.00922748430351683,0.05463398542802422,0.9754787672023995,0.0,0.0,0.1742102192853709,0.8118721373752834,-0.17836786175159494,0.7025058703687657,0.41497073618952285,0.45,False,True,ACTIVE,MR_BLOCK,FIXED_2ATR,OSC_CROSS,H1.0,phase_h_2026-08-30,-0.2040222536979523,-0.8764145967153593,-0.886684238948044,,,,,,,
BTCUSD_2026-09-07T06:00:00,BTCUSD,2026-09-07 06:00:00,2026-09-07T07:07:06.957002+00:00,yahoo,FLAT,79734.5625,79805.25,79733.6875,79805.25,0.0,0.06140249314962757,0.07772497412482866,0.018019378036395577,263.33930112886867,0.3299774151811675,0.7043237261010058,2.0,0.002359022580132968,0.031688156567887225,-0.029329133987754257,-0.007540410380764867,-0.04310034607707267,0.002359022580132968,0.16666666666666666,0.16666666666666666,0.10929507377125768,0.693088860544892,-0.16589312081659233,0.1549603859093486,-0.5658733214215769,0.45,False,False,ACTIVE,MR_BLOCK,FIXED_2ATR,OSC_CROSS,H1.0,phase_h_2026-08-30,-0.3334404159054404,-0.4321591034491215,-0.05995316159250585,,,,,,,
ETHUSD_2026-09-07T06:00:00,ETHUSD,2026-09-07 06:00:00,2026-09-07T07:07:08.913376+00:00,yahoo,FLAT,2504.840087890625,2506.25,2503.47998046875,2506.25,0.0,0.12071848398865018,0.03885976481541002,0.21366407893472295,13.227105101641031,0.5277647920854277,0.857084416524561,0.0,0.9206612323625645,0.7996968587400128,0.12096437362255164,0.03878075884669663,0.056124490309973796,0.9206612323625645,0.3333333333333333,0.25,0.13645109539677594,0.87438264976026,-0.31815290807491015,0.7180556652582435,0.07390343333264261,0.45,False,True,ACTIVE,MR_BLOCK,FIXED_2ATR,OSC_CROSS,H1.0,phase_h_2026-08-30,-0.3534859137309848,-0.5520431970576462,0.2874272073909127,,,,,,,
EURCAD_2026-09-07T06:00:00,EURCAD,2026-09-07 06:00:00,2026-09-07T07:07:10.500812+00:00,yahoo,FLAT,1.6062099933624268,1.6065000295639038,1.6058499813079834,1.6062099933624268,0.0,0.12563657060694194,0.22509217533798484,0.09677604504468308,0.0013126971399506665,0.08172637110809385,0.8764441782126731,0.0,0.4930805392137944,0.18250859648624185,0.31057194272755256,0.003235193846901907,0.0318392560688841,0.4930805392137944,0.5,0.3333333333333333,0.23534750692938292,0.7415033273894917,-0.23617572541854095,0.6904454392225539,-0.041122321243449514,0.45,False,False,ACTIVE,MR_BLOCK,FIXED_2ATR,OSC_CROSS,H1.0,phase_h_2026-08-30,0.045437089367141345,-0.024269222619168765,-0.06970631198631011,,,,,,,
USDJPY_2026-09-07T07:00:00,USDJPY,2026-09-07 07:00:00,2026-09-07T11:42:40.858244+00:00,yahoo,FLAT,155.8699951171875,155.90499877929688,155.8209991455078,155.83700561523438,0.0,0.39322317825325515,0.24711327248593346,0.092038137805336,0.2564890201745655,0.16458800601433754,0.9883098327136237,0.0,-0.9668221976441488,-1.1465261458444613,0.17970394820031255,0.00865656955825067,0.041343113853967606,0.9668221976441488,0.16666666666666666,0.08333333333333333,0.2940852209315817,0.675409127333383,-0.14794824891513197,0.6302703842584921,0.39145240374808843,0.45,False,True,ACTIVE,MR_BLOCK,FIXED_2ATR,OSC_CROSS,H1.0,phase_h_2026-08-30,-0.7001263129146421,-0.5773351702791479,-0.6660563569848609,,,,,,,
USDJPY_2026-09-07T08:00:00,USDJPY,2026-09-07 08:00:00,2026-09-07T11:42:48.607292+00:00,yahoo,FLAT,155.5469970703125,155.572998046875,154.04800415039062,154.4550018310547,0.0,0.7439002442473326,0.48849402854646085,0.15155307004456595,0.36595419479379293,0.2369325631772543,1.4095287998281152,0.0,-1.0732387862006518,-1.1367544978919533,0.06351571169130144,-0.10641658855650304,-0.08853253469473554,1.0732387862006518,0.3333333333333333,0.08333333333333333,0.7175331098552526,0.5593113316080122,0.4288160296311052,0.9353905969251484,0.8825278246271222,0.45,False,True,ACTIVE,MR_BLOCK,FIXED_2ATR,OSC_CROSS,H1.0,phase_h_2026-08-30,0.02654518515093758,0.1340200899730626,-0.1107152549261472,,,,,,,
USDJPY_2026-09-07T09:00:00,USDJPY,2026-09-07 09:00:00,2026-09-07T11:42:48.791671+00:00,yahoo,FLAT,154.4600067138672,154.56900024414062,154.21099853515625,154.49600219726562,0.0,0.7115463128349069,0.46382606321908293,0.14038365480673173,0.3653861600931202,0.23650201616646563,1.3937838809697143,1.0,-1.1723799386139107,-1.141504556654881,-0.030875381959029724,-0.09914115241325883,-0.1969011714115112,1.1723799386139107,0.3333333333333333,0.08333333333333333,0.7491805046986617,0.5625669671703077,0.30772045026211786,0.9579057451112071,0.8613598976934875,0.45,False,True,ACTIVE,MR_BLOCK,FIXED_2ATR,OSC_CROSS,H1.0,phase_h_2026-08-30,0.09708594031634411,-0.01036044266448067,-0.06925397899269634,,,,,,,
USDJPY_2026-09-07T10:00:00,USDJPY,2026-09-07 10:00:00,2026-09-07T11:42:48.995654+00:00,yahoo,FLAT,154.49899291992188,154.75100708007812,154.4550018310547,154.64599609375,0.0,0.5566625666256663,0.30767145322934836,0.10901536261770889,0.36043038073100003,0.23306803269093285,1.3609348336695752,1.0,-1.2554341424383177,-1.1566951680926725,-0.09873897434564527,-0.08305420382440709,-0.28861194479416896,1.2554341424383177,0.16666666666666666,0.08333333333333333,0.6463982141560666,0.30074352129159904,0.054702101456742216,0.8875616951535229,0.7290981918834235,0.45,False,True,ACTIVE,MR_BLOCK,FIXED_2ATR,OSC_CROSS,H1.0,phase_h_2026-08-30,0.010350393887248788,-0.08923637971046525,-0.23279012677012456,,,,,,,
BTCUSD_2026-09-07T07:00:00,BTCUSD,2026-09-07 07:00:00,2026-09-07T11:42:50.159405+00:00,yahoo,FLAT,79638.703125,79650.3671875,79573.796875,79597.640625,422645760.0,0.2211054776816781,0.1230735131141485,0.04364102880651571,261.0617171196638,0.32797670266330686,0.7034158286129627,2.0,-0.039356461594888766,0.022215540812850428,-0.06157200240773919,-0.04171548417502173,-0.06518091984461681,0.039356461594888766,0.16666666666666666,0.08333333333333333,0.5809885203227535,0.032174810206805,0.023722897777646083,0.22297667620040837,-0.3085060145381852,0.45,False,False,ACTIVE,MR_BLOCK,FIXED_2ATR,OSC_CROSS,H1.0,phase_h_2026-08-30,0.047762776961118164,-0.03689731111214342,-0.044209848363763196,,,,,,,
BTCUSD_2026-09-07T08:00:00,BTCUSD,2026-09-07 08:00:00,2026-09-07T11:42:50.359640+00:00,yahoo,FLAT,79393.4765625,79518.65625,79380.921875,79417.8515625,649238528.0,0.38284013008808443,0.17817893780603994,0.13465732942498246,257.8943623254021,0.32473097326543165,0.6996714803654135,2.0,-0.1219420868470004,0.002994523791536984,-0.1249366106385374,-0.08258562525211163,-0.13184151980789824,0.1219420868470004,0.0,0.0,0.8738473669529052,0.01643434394620389,0.15335126356535794,0.11536901093452077,-0.047955379905887725,0.45,False,False,ACTIVE,MR_BLOCK,FIXED_2ATR,OSC_CROSS,H1.0,phase_h_2026-08-30,-0.14674164587326627,0.0027150696695730702,-0.29428994288024624,,,,,,,
BTCUSD_2026-09-07T09:00:00,BTCUSD,2026-09-07 09:00:00,2026-09-07T11:42:50.589111+00:00,yahoo,FLAT,79426.578125,79538.5234375,79293.0078125,79301.3125,689989632.0,0.7042675331421575,0.18656194744849705,0.16370031189859977,257.01016680215906,0.3240932069089765,0.7019929188937085,2.0,-0.2593240007762621,-0.03198127948416957,-0.22734272129209254,-0.1373819139292617,-0.2616830233563951,0.2593240007762621,0.16666666666666666,0.08333333333333333,0.9673490252828162,0.005997566770463868,0.5359166444353982,0.3214422361603534,0.1022355913614286,0.45,False,True,ACTIVE,MR_BLOCK,FIXED_2ATR,OSC_CROSS,H1.0,phase_h_2026-08-30,0.06221326727725976,0.3738214452629646,-0.6321616681943315,,,,,,,
BTCUSD_2026-09-07T10:00:00,BTCUSD,2026-09-07 10:00:00,2026-09-07T11:42:50.763568+00:00,yahoo,FLAT,79325.0,79445.9765625,79312.546875,79350.6484375,496760832.0,0.5986602848361137,0.07211671125721347,0.13857218353591547,248.98544506629057,0.3137787150692313,0.6830327588974275,2.0,-0.378754019852873,-0.07821764486666336,-0.30053637498620966,-0.11943001907661088,-0.33939755825798423,0.378754019852873,0.16666666666666666,0.08333333333333333,0.8910650992757773,0.011890177431695988,0.41172103761174833,0.5796143692822593,0.2447831151388819,0.45,False,True,ACTIVE,MR_BLOCK,FIXED_2ATR,OSC_CROSS,H1.0,phase_h_2026-08-30,0.08740870599769635,-0.007315236377144445,-0.42806439731559376,,,,,,,
ETHUSD_2026-09-07T07:00:00,ETHUSD,2026-09-07 07:00:00,2026-09-07T11:42:51.705545+00:00,yahoo,FLAT,2497.179931640625,2497.949951171875,2495.77001953125,2496.72998046875,248470528.0,0.17980445822066873,0.04615120352212473,0.15446121260259466,13.030881913577387,0.5219179492982615,0.850360256008895,0.0,0.9218366483314239,0.8159821640188677,0.10585448431255617,0.0011754159688593946,0.057702767316190395,0.9218366483314239,0.3333333333333333,0.25,0.1327533300219017,0.8813943466169218,-0.3712281896755349,0.6687707878477814,0.9511571817157504,0.45,False,True,ACTIVE,MR_BLOCK,FIXED_2ATR,OSC_CROSS,H1.0,phase_h_2026-08-30,0.0815544683806019,-0.016869956177346396,0.3792503462264262,,,,,,,
ETHUSD_2026-09-07T08:00:00,ETHUSD,2026-09-07 08:00:00,2026-09-07T11:42:51.913178+00:00,yahoo,FLAT,2489.389892578125,2493.510009765625,2488.639892578125,2491.199951171875,499289088.0,0.2611389857845505,0.07489801058666969,0.08688249296045426,12.677968054795075,0.5089100956682054,0.8318007827188492,0.0,0.9015248528222741,0.827387855859322,0.07413699696295217,-0.020311795509149744,0.01964437930640628,0.9015248528222741,0.16666666666666666,0.25,0.47147735938655216,0.4400756226853161,-0.03333520339679747,0.825198320401253,1.1446414195741785,0.45,False,True,ACTIVE,MR_BLOCK,FIXED_2ATR,OSC_CROSS,H1.0,phase_h_2026-08-30,-0.28058728208817074,-0.012044349470376926,-0.055390287393466554,,,,,,,
ETHUSD_2026-09-07T09:00:00,ETHUSD,2026-09-07 09:00:00,2026-09-07T11:42:52.087957+00:00,yahoo,FLAT,2491.360107421875,2497.070068359375,2484.2099609375,2484.2099609375,446454784.0,0.47689467466410385,0.08471310333460223,0.012788406670901475,12.690978009586498,0.5108657564836883,0.8381940347687282,0.0,0.8438030480886582,0.8295765481565668,0.014226499932091463,-0.05772180473361588,-0.07685818427390623,0.8438030480886582,0.0,0.16666666666666666,0.516839491474169,0.48817930006479004,0.37364463795446307,0.8744982115964806,0.7030609552908509,0.45,False,True,ACTIVE,MR_BLOCK,FIXED_2ATR,OSC_CROSS,H1.0,phase_h_2026-08-30,0.1827558513124496,0.8441303687233939,-0.5708024628994615,,,,,,,
ETHUSD_2026-09-07T10:00:00,ETHUSD,2026-09-07 10:00:00,2026-09-07T11:42:52.290968+00:00,yahoo,FLAT,2485.35009765625,2492.419921875,2485.1201171875,2488.75,467156992.0,0.3592420811993054,0.09065041090550797,0.03422236605811393,12.37090536158032,0.4970730431574212,0.8185300607896382,1.0,0.813632097023573,0.8274506213388343,-0.013818524315261316,-0.030170951065085272,-0.1082045513078509,0.813632097023573,0.0,0.16666666666666666,0.5962976775375659,0.3149078583139748,0.2979294459175001,0.9005338594144773,1.0146010678564858,0.45,False,True,ACTIVE,MR_BLOCK,FIXED_2ATR,OSC_CROSS,H1.0,phase_h_2026-08-30,0.08638482546459066,0.3961871390005023,-0.24710808011049723,,,,,,,
EURCAD_2026-09-07T07:00:00,EURCAD,2026-09-07 07:00:00,2026-09-07T11:42:53.381493+00:00,yahoo,FLAT,1.6066999435424805,1.606850028038025,1.6062500476837158,1.6067099571228027,0.0,0.15609437094413342,0.20106859266768826,0.25820613094487194,0.0012646498210683436,0.07871052366744527,0.8436241039176409,0.0,0.5046891450775446,0.2254660029650822,0.27922314211246235,0.011608605863750177,0.026585754200457,0.5046891450775446,0.3333333333333333,0.3333333333333333,0.1916560416228047,0.7798293246879912,-0.218086718210478,0.8600589219495732,0.11912403994327272,0.45,False,True,ACTIVE,MR_BLOCK,FIXED_2ATR,OSC_CROSS,H1.0,phase_h_2026-08-30,-0.052877092279068394,-0.08149598415913455,-0.10389273292249286,,,,,,,
EURCAD_2026-09-07T08:00:00,EURCAD,2026-09-07 08:00:00,2026-09-07T11:42:53.580587+00:00,yahoo,FLAT,1.6074199676513672,1.6081700325012207,1.60617995262146,1.6065800189971924,0.0,0.16494591937083147,0.25673689909291847,0.2608783595863717,0.0013164662538320863,0.08194215278824446,0.8772551684032155,0.0,0.5072434272093105,0.263036326197646,0.24420710101166448,0.002554282131765895,0.01739808184241798,0.5072434272093105,0.3333333333333333,0.4166666666666667,0.24447559233259827,0.7941296852925909,-0.1761511807023487,0.4943989438603549,0.03253301964526506,0.45,False,True,ACTIVE,MR_BLOCK,FIXED_2ATR,OSC_CROSS,H1.0,phase_h_2026-08-30,-0.016806448333699174,-0.015559877331477328,-0.04606376655880365,,,,,,,
EURCAD_2026-09-07T09:00:00,EURCAD,2026-09-07 09:00:00,2026-09-07T11:42:53.825182+00:00,yahoo,FLAT,1.606559991836548,1.6070599555969238,1.6059099435806274,1.60631000995636,0.0,0.14287516558373403,0.3941594501184486,0.22067306149949054,0.0013045766654366793,0.08121574648421208,0.8683925505044908,0.0,0.49852064340501845,0.294434235158629,0.20408640824638946,-0.008722783804292034,0.005440104191224038,0.49852064340501845,0.3333333333333333,0.4166666666666667,0.10711301233373957,0.8958162452909975,-0.22134785314362987,0.6589058984880657,0.10966790771489479,0.45,False,True,ACTIVE,MR_BLOCK,FIXED_2ATR,OSC_CROSS,H1.0,phase_h_2026-08-30,-0.011829572521267533,-0.04544811927238379,-0.029262236167707286,,,,,,,
EURCAD_2026-09-07T10:00:00,EURCAD,2026-09-07 10:00:00,2026-09-07T11:42:53.998667+00:00,yahoo,FLAT,1.60631000995636,1.60657000541687,1.6056499481201172,1.606119990348816,0.0,0.4111802887800723,0.4019626633955897,0.15807745822470579,0.001277110996244967,0.07951529175398689,0.8492750349218224,0.0,0.4801221030504372,0.3191926175442034,0.16092948550623376,-0.018398540354581272,-0.02456704202710741,0.4801221030504372,0.5,0.4166666666666667,0.1979678888335469,0.8753520270342082,-0.20940655000597871,0.81503763509968,0.15763575515184847,0.45,False,True,ACTIVE,MR_BLOCK,FIXED_2ATR,OSC_CROSS,H1.0,phase_h_2026-08-30,0.013077900122696235,-0.02241501610132953,-0.018058190124018127,,,,,,,
USDJPY_2026-09-07T11:00:00,USDJPY,2026-09-07 11:00:00,2026-09-07T12:05:53.468723+00:00,yahoo,FLAT,154.64199829101562,154.77200317382812,154.60299682617188,154.66200256347656,0.0,0.614581329522658,0.35225599387277806,0.12359090266986862,0.3519459153362889,0.22755810056955833,1.3144250145749792,1.0,-1.3502062783771474,-1.19167878266475,-0.15852749571239744,-0.07749980180999905,-0.25871962304749085,1.3502062783771474,0.0,0.08333333333333333,0.6348700534608734,0.4174127099461542,-0.004145267538498879,0.9465940650347124,0.6422700101224783,0.45,False,True,ACTIVE,MR_BLOCK,FIXED_2ATR,OSC_CROSS,H1.0,phase_h_2026-08-30,-0.11768038233101277,-0.24440778936000834,-0.2191905645747913,,,,,,,
BTCUSD_2026-09-07T11:00:00,BTCUSD,2026-09-07 11:00:00,2026-09-07T12:06:02.296959+00:00,yahoo,FLAT,79350.640625,79475.9765625,79269.109375,79420.0078125,338552832.0,0.42764350754149316,0.11483017808689143,0.07390092943630831,255.28259713052137,0.32143360868612525,0.7019199864282405,2.0,-0.47453468576157815,-0.13105666797869775,-0.3434780177828804,-0.09578581582059853,-0.3525992363621042,0.47453468576157815,0.16666666666666666,0.0,0.6189358432972958,0.03682390102983067,0.1742699481145628,0.45374181781856965,-0.04807072789137444,0.45,False,False,ACTIVE,MR_BLOCK,FIXED_2ATR,OSC_CROSS,H1.0,phase_h_2026-08-30,0.22381010137853918,-0.29699694887574085,-0.39235626334319684,,,,,,,
ETHUSD_2026-09-07T11:00:00,ETHUSD,2026-09-07 11:00:00,2026-09-07T12:06:02.945284+00:00,yahoo,FLAT,2488.919921875,2493.419921875,2486.360107421875,2490.89990234375,388109312.0,0.21404746449144896,0.09729483387218821,0.05752313450038934,12.43534642648618,0.4992310776834289,0.8234285567660631,1.0,0.799224842985972,0.8270190425914468,-0.0277941996054748,-0.020139338734216916,-0.10895018779231547,0.799224842985972,0.0,0.16666666666666666,0.5631032474159167,0.3563953907575011,0.21680041539569886,0.8672306189620991,0.4231239392348195,0.45,False,True,ACTIVE,MR_BLOCK,FIXED_2ATR,OSC_CROSS,H1.0,phase_h_2026-08-30,0.5732879624523878,-0.04335115928821376,-0.10397221291643037,,,,,,,
EURCAD_2026-09-07T11:00:00,EURCAD,2026-09-07 11:00:00,2026-09-07T12:06:03.987973+00:00,yahoo,FLAT,1.6061300039291382,1.606619954109192,1.6054699420928955,1.6063300371170044,0.0,0.25652228186243914,0.2701215611004479,0.14054095216997003,0.0012762693864896467,0.07945250085594234,0.8473896695242263,0.0,0.46721813980934523,0.3376848773679676,0.12953326244137764,-0.010770240020073207,-0.03754945937429355,0.46721813980934523,0.5,0.5,0.2505251165186545,0.8743817332189987,-0.20179285810842756,0.8958295956439144,0.09749024057160088,0.45,False,True,ACTIVE,MR_BLOCK,FIXED_2ATR,OSC_CROSS,H1.0,phase_h_2026-08-30,-0.0466943176384668,-0.030508636333715353,-0.04607093513979687,,,,,,,
USDJPY_2026-09-07T12:00:00,USDJPY,2026-09-07 12:00:00,2026-09-07T15:33:52.743967+00:00,yahoo,FLAT,154.72300720214844,154.7729949951172,154.6999969482422,154.76100158691406,0.0,0.6586467545116417,0.428662254717799,0.1120939759653812,0.33580421931390303,0.21698245415225928,1.2418280815192448,1.0,-1.4376537986729008,-1.2346802989005359,-0.2029734997723649,-0.06548504001994493,-0.22425475384987248,1.4376537986729008,0.16666666666666666,0.0,0.39664343323444423,0.48023933779199757,-0.07729199668078945,0.9415151114740931,0.6774528126356155,0.45,False,True,ACTIVE,MR_BLOCK,FIXED_2ATR,OSC_CROSS,H1.0,phase_h_2026-08-30,0.01812524514764469,-0.058899638591501526,,,,,,,,
USDJPY_2026-09-07T13:00:00,USDJPY,2026-09-07 13:00:00,2026-09-07T15:34:45.706312+00:00,yahoo,FLAT,154.48199462890625,154.58299255371094,154.3520050048828,154.50799560546875,0.0,0.6756028035816091,0.4690526918876336,0.1895512578484429,0.3410322452222849,0.2207214221412204,1.2526925831790787,1.0,-1.5209724338533697,-1.272852583560914,-0.24811985029245576,-0.08331863518046889,-0.2256583221400379,1.5209724338533697,0.0,0.0,0.41684152573281696,0.6728470016922836,-0.015444920717704971,0.927907458943961,0.7305371314347464,0.45,False,True,ACTIVE,MR_BLOCK,FIXED_2ATR,OSC_CROSS,H1.0,phase_h_2026-08-30,-0.14497568398303115,-0.14368196364231062,,,,,,,,
USDJPY_2026-09-07T14:00:00,USDJPY,2026-09-07 14:00:00,2026-09-07T15:34:46.408647+00:00,yahoo,FLAT,154.50799560546875,154.63600158691406,154.26400756835938,154.28399658203125,0.0,0.703969837558605,0.485357282311597,0.226506330724693,0.34324380046031366,0.22247531050818636,1.2520447278542948,1.0,-1.6181981480306238,-1.3188986588235418,-0.29929948920708194,-0.09722571417725412,-0.24602938937766794,1.6181981480306238,0.16666666666666666,0.0,0.5530786109423608,0.4887328993593624,-0.15692418370626082,0.8209051293946495,0.6510582012298881,0.45,False,True,ACTIVE,MR_BLOCK,FIXED_2ATR,OSC_CROSS,H1.0,phase_h_2026-08-30,0.0680634340920069,0.025279008651434117,,,,,,,,
BTCUSD_2026-09-07T12:00:00,BTCUSD,2026-09-07 12:00:00,2026-09-07T15:34:49.275962+00:00,yahoo,FLAT,79416.7265625,79422.6796875,79395.0234375,79412.8125,40491008.0,0.3756048006355698,0.10408463515435659,0.07147610353712014,262.01546213806466,0.329941043377685,0.7210553016695477,2.0,-0.5838811310281298,-0.20369866703733025,-0.3801824639907995,-0.08745065078885361,-0.2958366509961684,0.5838811310281298,0.0,0.08333333333333333,0.6110988180996768,0.06612462660493536,-0.006533080382453621,0.8735063707778036,-0.13508997358828143,0.45,False,False,ACTIVE,MR_BLOCK,FIXED_2ATR,OSC_CROSS,H1.0,phase_h_2026-08-30,-0.3177401844606765,-1.0022365383447025,,,,,,,,
BTCUSD_2026-09-07T13:00:00,BTCUSD,2026-09-07 13:00:00,2026-09-07T15:34:49.942630+00:00,yahoo,FLAT,79584.4609375,79639.65625,79301.0,79344.84375,689977344.0,0.2445319886542704,0.15448892461919814,0.12632989863449778,267.48980412820293,0.33712310905924864,0.7401965726739723,2.0,-0.6843918989853467,-0.26779109796373246,-0.41660080102161423,-0.10051076795721692,-0.28048270638727696,0.6843918989853467,0.0,0.08333333333333333,0.622131119037524,0.3710126302168142,-0.13871872063054444,0.44600486349725926,-0.1218993743362816,0.45,False,False,ACTIVE,MR_BLOCK,FIXED_2ATR,OSC_CROSS,H1.0,phase_h_2026-08-30,-0.20254742451364396,-0.4207799419858332,,,,,,,,
BTCUSD_2026-09-07T14:00:00,BTCUSD,2026-09-07 14:00:00,2026-09-07T15:34:50.635672+00:00,yahoo,FLAT,79337.0625,79393.4296875,78955.953125,79184.1328125,662235136.0,0.5085467495075011,0.30003588353935434,0.13420847818191253,279.6317154404742,0.3531410972228663,0.778532055914555,2.0,-0.8252102279764901,-0.34211364863210014,-0.48309657934439,-0.14081832899114344,-0.32877974773721397,0.8252102279764901,0.0,0.08333333333333333,0.5049699951510135,0.695611130277947,-0.10206605388487243,0.6598896341782746,0.25124064504138544,0.45,False,True,ACTIVE,MR_BLOCK,FIXED_2ATR,OSC_CROSS,H1.0,phase_h_2026-08-30,-0.4851133666003359,-0.09564337236518246,,,,,,,,
ETHUSD_2026-09-07T12:00:00,ETHUSD,2026-09-07 12:00:00,2026-09-07T15:34:53.318589+00:00,yahoo,FLAT,2489.219970703125,2490.419921875,2488.919921875,2489.60009765625,31689728.0,0.38566142105330553,0.04496258456912458,0.0499574571532758,12.48454344322259,0.5014678242893604,0.8273328992518517,1.0,0.7387438850805911,0.8013153020068682,-0.0625714169262771,-0.03198919417861246,-0.07929187777145463,0.7387438850805911,0.16666666666666666,0.25,0.3407697407785462,0.36355371106745327,-0.014742347239090587,0.8310579366308884,0.7810223917003226,0.45,False,True,ACTIVE,MR_BLOCK,FIXED_2ATR,OSC_CROSS,H1.0,phase_h_2026-08-30,-0.2622495947605435,-1.4030889318489221,,,,,,,,
ETHUSD_2026-09-07T13:00:00,ETHUSD,2026-09-07 13:00:00,2026-09-07T15:34:53.999890+00:00,yahoo,FLAT,2504.75,2511.10009765625,2495.8798828125,2498.610107421875,712918016.0,0.023295596065549116,0.06299408926240448,0.04176241476978017,13.128504625849548,0.525432302817179,0.8696976374691516,1.0,0.7593558906755988,0.7957207138293656,-0.03636482315376677,0.020612005595007754,-0.02975559345375034,0.7593558906755988,0.3333333333333333,0.3333333333333333,0.08532042430796995,0.7360267587724335,-0.6154173469566999,0.24375652163545147,-0.32358008665727545,0.45,False,False,ACTIVE,MR_BLOCK,FIXED_2ATR,OSC_CROSS,H1.0,phase_h_2026-08-30,-0.35179714659722444,-0.640756623775308,,,,,,,,
ETHUSD_2026-09-07T14:00:00,ETHUSD,2026-09-07 14:00:00,2026-09-07T15:34:54.683927+00:00,yahoo,FLAT,2497.89990234375,2499.199951171875,2477.159912109375,2489.820068359375,195055616.0,0.1339389911825726,0.03663698438685461,0.03761988108172422,13.765042799896008,0.5528529139443499,0.9172672598860195,1.0,0.7177191475918014,0.7853205049976903,-0.0676013574058889,-0.04163674308379739,-0.05301393166740209,0.7177191475918014,0.16666666666666666,0.3333333333333333,0.4273469111044763,0.4779658609692759,-0.1439457501794695,0.33389108483374974,0.015452677509472785,0.45,False,True,ACTIVE,MR_BLOCK,FIXED_2ATR,OSC_CROSS,H1.0,phase_h_2026-08-30,-0.7948381215972893,-0.06064734495533228,,,,,,,,
EURCAD_2026-09-07T12:00:00,EURCAD,2026-09-07 12:00:00,2026-09-07T15:34:57.282848+00:00,yahoo,FLAT,1.6063499450683594,1.606600046157837,1.6058599948883057,1.6062599420547483,0.0,0.10903149138447911,0.16868940754041148,0.18095301699668967,0.0012705108782966152,0.07909746393048694,0.8417523058967584,0.0,0.4689494546124393,0.3620709011873652,0.10687855342507413,-0.01203348327510595,-0.04309990484386661,0.4689494546124393,0.6666666666666666,0.5,0.14142990763437693,0.8867735830525232,-0.20640328939219402,0.8361959652040564,0.05958811646555079,0.45,False,True,ACTIVE,MR_BLOCK,FIXED_2ATR,OSC_CROSS,H1.0,phase_h_2026-08-30,0.011211277565171863,0.01619324262890055,,,,,,,,
EURCAD_2026-09-07T13:00:00,EURCAD,2026-09-07 13:00:00,2026-09-07T15:34:57.965397+00:00,yahoo,FLAT,1.6056400537490845,1.6064000129699707,1.6050699949264526,1.6057599782943726,0.0,0.2121112607139079,0.31729528180121214,0.13939481514078725,0.0012747613900981475,0.0793867954943173,0.844188593086135,0.0,0.44521218089642256,0.37315640514857285,0.07205577574784972,-0.02373727371601675,-0.04758940912542331,0.44521218089642256,0.6666666666666666,0.5833333333333334,0.25446955191252973,0.8366556022691242,-0.0850460967617349,0.5866979786101694,0.07419670882229266,0.45,False,True,ACTIVE,MR_BLOCK,FIXED_2ATR,OSC_CROSS,H1.0,phase_h_2026-08-30,0.00498140658440986,0.0043578027795060925,,,,,,,,
EURCAD_2026-09-07T14:00:00,EURCAD,2026-09-07 14:00:00,2026-09-07T15:34:58.765188+00:00,yahoo,FLAT,1.6058000326156616,1.6061400175094604,1.6049200296401978,1.6058399677276611,0.0,0.14206373395648578,0.20204820984029725,0.13891973949673714,0.001270848995752758,0.07913920572988782,0.8409501990322908,0.0,0.42434601218853407,0.37998168608723437,0.0443643261012997,-0.02086616870788849,-0.05663692569901119,0.42434601218853407,0.5,0.5,0.29413743362868794,0.8046592103469818,-0.10792241123984614,0.8122344811710296,0.13693994902165782,0.45,False,True,ACTIVE,MR_BLOCK,FIXED_2ATR,OSC_CROSS,H1.0,phase_h_2026-08-30,0.0,-0.015567048100174289,,,,,,,,
USDJPY_2026-09-07T15:00:00,USDJPY,2026-09-07 15:00:00,2026-09-07T16:05:48.561734+00:00,yahoo,FLAT,154.2830047607422,154.4149932861328,154.22300720214844,154.28900146484375,0.0,0.7119865135512874,0.5712076930329028,0.2384159275308547,0.35708297866922556,0.23143774039563694,1.2821762122973412,1.0,-1.729635954957652,-1.3811423856269278,-0.3484935693307243,-0.08763488508187334,-0.26578812946455344,1.729635954957652,0.0,0.0,0.3637398980053658,0.7247455445395132,-0.36122245471081643,0.8536671020718535,0.4293674597245832,0.45,False,True,ACTIVE,MR_BLOCK,FIXED_2ATR,OSC_CROSS,H1.0,phase_h_2026-08-30,-0.06672242187665237,,,,,,,,,
BTCUSD_2026-09-07T15:00:00,BTCUSD,2026-09-07 15:00:00,2026-09-07T16:05:53.061913+00:00,yahoo,FLAT,79179.0,79179.0,78877.9765625,78900.6484375,717031424.0,0.5566352429296592,0.31798740389858965,0.1889056366776574,291.5822448322843,0.36955620848066534,0.8168242462408201,2.0,-0.9964078571020528,-0.4253501045826167,-0.5710577525194361,-0.20202281033581937,-0.44739178338407126,0.9964078571020528,0.0,0.0,0.6434924474966872,0.6621990997616898,0.1683357180664262,0.7019285342378133,0.6904868069125738,0.45,False,True,ACTIVE,MR_BLOCK,FIXED_2ATR,OSC_CROSS,H1.0,phase_h_2026-08-30,0.26773675444162437,,,,,,,,,
ETHUSD_2026-09-07T15:00:00,ETHUSD,2026-09-07 15:00:00,2026-09-07T16:05:53.665199+00:00,yahoo,FLAT,2489.679931640625,2489.719970703125,2476.550048828125,2476.800048828125,442482688.0,0.37618651895947214,0.09883072761184172,0.015020905681879432,14.488336142764355,0.5849618805369201,0.9689601204265166,3.0,0.6599258850381229,0.7813054847766813,-0.12137959973855839,-0.12906086894640434,-0.15507622501147666,0.6599258850381229,0.0,0.16666666666666666,0.5913828139154548,0.06043698172086854,0.3806265755455064,0.753258792341639,0.7594172613218821,0.45,False,True,ACTIVE,MR_BLOCK,FIXED_2ATR,OSC_CROSS,H1.0,phase_h_2026-08-30,0.5089034631272571,,,,,,,,,
EURCAD_2026-09-07T15:00:00,EURCAD,2026-09-07 15:00:00,2026-09-07T16:05:54.355111+00:00,yahoo,FLAT,1.6058599948883057,1.6061099767684937,1.6049799919128418,1.6059900522232056,0.0,0.06735431271423827,0.1315634680992806,0.15939275233118813,0.0013259946396622006,0.08256555747817981,0.8738662821815876,0.0,0.40043162884341993,0.38335862379301006,0.017073005050409873,-0.015351547603084215,-0.059545997659334604,0.40043162884341993,0.0,0.25,0.10569756283407292,0.9072011600685004,-0.17831312480884662,0.7808251168457284,0.10111190460879112,0.45,False,True,ACTIVE,MR_BLOCK,FIXED_2ATR,OSC_CROSS,H1.0,phase_h_2026-08-30,-0.0006235727422101289,,,,,,,,,
USDJPY_2026-09-07T16:00:00,USDJPY,2026-09-07 16:00:00,2026-09-07T17:05:46.963692+00:00,yahoo,FLAT,154.38499450683594,154.42999267578125,154.38400268554688,154.39700317382812,0.0,0.6779218211602553,0.5572530496493663,0.27047265206067106,0.34164785240267376,0.2212788107150169,1.2161425841291322,1.0,-1.7994974535405814,-1.4369230613487485,-0.36257439219183296,-0.06986149858292934,-0.25352196252667625,1.7994974535405814,0.16666666666666666,0.0,0.31287848291720677,0.6742302732806639,-0.29391424585948867,0.8846151501660287,0.4311336506157948,0.45,False,True,ACTIVE,MR_BLOCK,FIXED_2ATR,OSC_CROSS,H1.0,phase_h_2026-08-30,0.023983099283009176,,,,,,,,,
BTCUSD_2026-09-07T16:00:00,BTCUSD,2026-09-07 16:00:00,2026-09-07T17:05:54.766776+00:00,yahoo,FLAT,78815.046875,78910.8515625,78815.0390625,78853.3203125,230082560.0,0.5422575883976127,0.35732057930515626,0.2041326763790718,277.5986916299783,0.3520443914471066,0.7818270622842335,2.0,-1.1910016163733637,-0.5274369728213829,-0.6635646435519807,-0.19459375927131084,-0.539608318838297,1.1910016163733637,0.16666666666666666,0.0,0.5843122334761668,0.5491337613363683,-0.04606459494289614,0.6950854124173437,0.29653517057874257,0.45,False,True,ACTIVE,MR_BLOCK,FIXED_2ATR,OSC_CROSS,H1.0,phase_h_2026-08-30,0.12330169710399218,,,,,,,,,
ETHUSD_2026-09-07T16:00:00,ETHUSD,2026-09-07 16:00:00,2026-09-07T17:05:55.287109+00:00,yahoo,FLAT,2470.199951171875,2475.969970703125,2470.199951171875,2473.60009765625,180632576.0,0.3465900027049709,0.19293397483182684,0.06799873512787066,13.924890536584758,0.5629402484976723,0.9346041271738709,3.0,0.5147146934820505,0.7457600459373972,-0.23104535245534674,-0.14521119155607243,-0.31865288507420275,0.5147146934820505,0.16666666666666666,0.08333333333333333,0.7504018819573944,0.043868539636846844,0.44406913363710326,0.5328912151800101,0.036596612708361655,0.45,False,True,ACTIVE,MR_BLOCK,FIXED_2ATR,OSC_CROSS,H1.0,phase_h_2026-08-30,0.22999922310849044,,,,,,,,,
EURCAD_2026-09-07T16:00:00,EURCAD,2026-09-07 16:00:00,2026-09-07T17:05:55.835681+00:00,yahoo,FLAT,1.6058900356292725,1.6059000492095947,1.6052500009536743,1.605810046195984,0.0,0.24786665338505415,0.10960115792855285,0.13216266780452365,0.0012841415417957041,0.07996845858809497,0.8459381116539714,1.0,0.38104436883027004,0.38305005646464474,-0.0020056876343746977,-0.019387260013149887,-0.055395432612984796,0.38104436883027004,0.0,0.25,0.20061840402635361,0.873339074670991,-0.14746954397126344,0.8054251567885995,0.12810926368795442,0.45,False,True,ACTIVE,MR_BLOCK,FIXED_2ATR,OSC_CROSS,H1.0,phase_h_2026-08-30,-0.014943568541984302,,,,,,,,,
