timestamp,open,high,low,close,volume
2023-10-18 23:00:00,7077.60009765625,7077.60009765625,6969.2001953125,6972.2998046875,0
2023-10-19 00:00:00,6975.2001953125,6989.7998046875,6973.2998046875,6987.60009765625,0
2023-10-19 01:00:00,6990.7001953125,7000.2998046875,6982.5,6986.2001953125,0
2023-10-19 02:00:00,6986.2001953125,6986.5,6961.7001953125,6961.7001953125,0
2023-10-19 03:00:00,6962.2001953125,6964.10009765625,6952.2998046875,6959.39990234375,0
2023-10-19 04:00:00,6959.2998046875,6974.5,6959.2998046875,6972.60009765625,0
2023-10-19 05:00:00,6972.60009765625,6981.60009765625,6972.60009765625,6981.60009765625,0
2023-10-19 23:00:00,6981.60009765625,6981.60009765625,6885.10009765625,6908.0,0
2023-10-20 00:00:00,6909.0,6914.89990234375,6890.5,6906.10009765625,0
2023-10-20 01:00:00,6906.7001953125,6907.7998046875,6878.2998046875,6890.2998046875,0
2023-10-20 02:00:00,6891.39990234375,6898.5,6888.0,6898.5,0
2023-10-20 03:00:00,6898.39990234375,6907.89990234375,6892.39990234375,6900.89990234375,0
2023-10-20 04:00:00,6900.89990234375,6910.39990234375,6900.89990234375,6902.7001953125,0
2023-10-20 05:00:00,6903.10009765625,6903.10009765625,6900.7001953125,6900.7001953125,0
2023-10-22 23:00:00,6900.7001953125,6900.7001953125,6835.0,6857.89990234375,0
2023-10-23 00:00:00,6857.89990234375,6860.7001953125,6837.60009765625,6846.39990234375,0
2023-10-23 01:00:00,6846.2998046875,6849.0,6839.2001953125,6847.2001953125,0
2023-10-23 02:00:00,6847.39990234375,6847.89990234375,6831.2998046875,6834.39990234375,0
2023-10-23 03:00:00,6833.2998046875,6842.39990234375,6833.2998046875,6836.7001953125,0
2023-10-23 04:00:00,6836.10009765625,6843.39990234375,6834.5,6842.2998046875,0
2023-10-23 05:00:00,6842.2001953125,6844.10009765625,6842.2001953125,6844.10009765625,0
2023-10-23 23:00:00,6844.10009765625,6877.10009765625,6844.10009765625,6871.7998046875,0
2023-10-24 00:00:00,6871.5,6878.5,6850.39990234375,6858.5,0
2023-10-24 01:00:00,6858.2998046875,6870.0,6838.10009765625,6839.7001953125,0
2023-10-24 02:00:00,6839.10009765625,6860.7998046875,6837.7001953125,6857.2001953125,0
2023-10-24 03:00:00,6856.10009765625,6857.7998046875,6842.7001953125,6845.0,0
2023-10-24 04:00:00,6845.2001953125,6858.60009765625,6844.39990234375,6857.7998046875,0
2023-10-24 05:00:00,6857.10009765625,6857.10009765625,6855.7998046875,6856.89990234375,0
2023-10-24 23:00:00,6856.89990234375,6897.39990234375,6856.89990234375,6875.7001953125,0
2023-10-25 00:00:00,6876.60009765625,6885.39990234375,6837.39990234375,6845.10009765625,0
2023-10-25 01:00:00,6845.0,6852.10009765625,6832.2001953125,6846.2998046875,0
2023-10-25 02:00:00,6846.60009765625,6863.7998046875,6844.39990234375,6862.0,0
2023-10-25 03:00:00,6862.5,6864.89990234375,6851.10009765625,6853.0,0
2023-10-25 04:00:00,6852.2998046875,6853.7001953125,6845.10009765625,6848.2998046875,0
2023-10-25 05:00:00,6848.60009765625,6854.2998046875,6848.39990234375,6854.2998046875,0
2023-10-25 23:00:00,6854.2998046875,6854.2998046875,6796.7001953125,6815.7001953125,0
2023-10-26 00:00:00,6816.2998046875,6825.60009765625,6794.2001953125,6795.7998046875,0
2023-10-26 01:00:00,6796.10009765625,6796.10009765625,6777.39990234375,6791.2998046875,0
2023-10-26 02:00:00,6790.0,6797.2001953125,6780.2998046875,6796.39990234375,0
2023-10-26 03:00:00,6795.60009765625,6805.10009765625,6794.5,6796.60009765625,0
2023-10-26 04:00:00,6796.89990234375,6802.89990234375,6789.5,6800.7001953125,0
2023-10-26 05:00:00,6799.7998046875,6812.2998046875,6799.7998046875,6812.2998046875,0
2023-10-26 23:00:00,6812.2998046875,6844.2001953125,6809.7001953125,6831.2998046875,0
2023-10-27 00:00:00,6830.60009765625,6837.7001953125,6824.10009765625,6829.60009765625,0
2023-10-27 01:00:00,6828.5,6843.7001953125,6827.7001953125,6837.2998046875,0
2023-10-27 02:00:00,6837.2001953125,6845.7001953125,6836.39990234375,6843.60009765625,0
2023-10-27 03:00:00,6843.7001953125,6844.2998046875,6828.2001953125,6831.2001953125,0
2023-10-27 04:00:00,6831.10009765625,6834.60009765625,6827.7001953125,6833.0,0
2023-10-27 05:00:00,6833.10009765625,6833.2998046875,6826.89990234375,6826.89990234375,0
2023-10-29 23:00:00,6826.89990234375,6829.5,6751.2998046875,6762.2001953125,0
2023-10-30 00:00:00,6760.5,6786.89990234375,6760.5,6786.89990234375,0
2023-10-30 01:00:00,6788.10009765625,6800.7001953125,6785.7001953125,6799.60009765625,0
2023-10-30 02:00:00,6799.7998046875,6800.89990234375,6788.7001953125,6792.39990234375,0
2023-10-30 03:00:00,6792.10009765625,6794.60009765625,6784.39990234375,6784.39990234375,0
2023-10-30 04:00:00,6784.7001953125,6785.0,6769.89990234375,6775.60009765625,0
2023-10-30 05:00:00,6776.89990234375,6776.89990234375,6772.89990234375,6772.89990234375,0
2023-10-30 23:00:00,6772.89990234375,6816.39990234375,6772.89990234375,6812.39990234375,0
2023-10-31 00:00:00,6812.5,6812.5,6793.2998046875,6805.39990234375,0
2023-10-31 01:00:00,6806.39990234375,6808.39990234375,6784.89990234375,6787.2001953125,0
2023-10-31 02:00:00,6787.5,6794.2998046875,6783.89990234375,6785.39990234375,0
2023-10-31 03:00:00,6785.39990234375,6787.2998046875,6772.5,6783.0,0
2023-10-31 04:00:00,6783.0,6788.60009765625,6770.39990234375,6775.39990234375,0
2023-10-31 05:00:00,6775.2998046875,6780.7001953125,6775.2998046875,6780.7001953125,0
2023-10-31 23:00:00,6780.7001953125,6813.2998046875,6780.7001953125,6805.39990234375,0
2023-11-01 00:00:00,6806.10009765625,6806.10009765625,6794.60009765625,6802.89990234375,0
2023-11-01 01:00:00,6802.5,6816.60009765625,6798.60009765625,6811.2001953125,0
2023-11-01 02:00:00,6811.2001953125,6824.7001953125,6810.2998046875,6824.7001953125,0
2023-11-01 03:00:00,6825.0,6830.0,6823.89990234375,6826.2998046875,0
2023-11-01 04:00:00,6826.0,6832.7998046875,6822.5,6830.10009765625,0
2023-11-01 05:00:00,6829.10009765625,6829.10009765625,6829.10009765625,6829.10009765625,0
2023-11-01 23:00:00,6838.2998046875,6921.89990234375,6838.2998046875,6920.7001953125,0
2023-11-02 00:00:00,6920.5,6928.5,6915.60009765625,6925.5,0
2023-11-02 01:00:00,6924.2001953125,6927.89990234375,6918.7001953125,6925.10009765625,0
2023-11-02 02:00:00,6924.2998046875,6924.7998046875,6908.10009765625,6908.7001953125,0
2023-11-02 03:00:00,6909.10009765625,6913.60009765625,6903.5,6904.0,0
2023-11-02 04:00:00,6904.2001953125,6904.2001953125,6894.2001953125,6897.10009765625,0
2023-11-02 05:00:00,6899.60009765625,6900.2998046875,6899.60009765625,6899.7001953125,0
2023-11-02 23:00:00,6899.7001953125,6980.2998046875,6899.7001953125,6958.5,0
2023-11-03 00:00:00,6958.0,6980.2001953125,6958.0,6980.2001953125,0
2023-11-03 01:00:00,6980.5,6989.39990234375,6977.10009765625,6981.2001953125,0
2023-11-03 02:00:00,6980.89990234375,6982.7998046875,6976.10009765625,6978.0,0
2023-11-03 03:00:00,6976.89990234375,6981.10009765625,6974.0,6975.89990234375,0
2023-11-03 04:00:00,6976.0,6978.10009765625,6968.60009765625,6970.0,0
2023-11-03 05:00:00,6969.5,6978.2001953125,6969.5,6978.2001953125,0
2023-11-05 23:00:00,6978.2001953125,7005.5,6978.0,6997.89990234375,0
2023-11-06 00:00:00,6997.2001953125,7006.39990234375,6990.2998046875,6999.7998046875,0
2023-11-06 01:00:00,6999.5,7006.2998046875,6989.7998046875,7001.2998046875,0
2023-11-06 02:00:00,7001.2001953125,7004.5,6996.60009765625,7001.0,0
2023-11-06 03:00:00,7001.2998046875,7006.0,6994.0,7004.39990234375,0
2023-11-06 04:00:00,7004.60009765625,7009.10009765625,6994.60009765625,6995.89990234375,0
2023-11-06 05:00:00,6995.2998046875,6997.39990234375,6995.10009765625,6997.39990234375,0
2023-11-06 23:00:00,6997.39990234375,7001.2998046875,6973.0,6982.0,0
2023-11-07 00:00:00,6981.7998046875,6987.5,6965.7998046875,6968.7998046875,0
2023-11-07 01:00:00,6968.60009765625,6973.5,6966.10009765625,6972.89990234375,0
2023-11-07 02:00:00,6972.2001953125,6976.0,6966.60009765625,6968.5,0
2023-11-07 03:00:00,6969.7001953125,6989.5,6951.89990234375,6987.39990234375,0
2023-11-07 04:00:00,6988.10009765625,6990.5,6982.0,6982.0,0
2023-11-07 05:00:00,6981.89990234375,6981.89990234375,6977.10009765625,6977.10009765625,0
2023-11-07 23:00:00,6977.10009765625,6991.2001953125,6967.39990234375,6990.60009765625,0
2023-11-08 00:00:00,6990.60009765625,6999.5,6985.89990234375,6996.7998046875,0
2023-11-08 01:00:00,6996.7001953125,6996.7001953125,6984.5,6990.0,0
2023-11-08 02:00:00,6990.10009765625,6997.7998046875,6984.5,6996.60009765625,0
2023-11-08 03:00:00,6997.10009765625,6997.10009765625,6980.0,6981.2998046875,0
2023-11-08 04:00:00,6981.7001953125,6991.89990234375,6980.2998046875,6989.7001953125,0
2023-11-08 05:00:00,6990.2001953125,6995.39990234375,6990.10009765625,6995.39990234375,0
2023-11-08 23:00:00,6995.39990234375,7031.2001953125,6995.39990234375,7031.2001953125,0
2023-11-09 00:00:00,7029.0,7038.2998046875,7019.7998046875,7033.0,0
2023-11-09 01:00:00,7034.10009765625,7045.5,7025.0,7037.10009765625,0
2023-11-09 02:00:00,7037.7001953125,7040.60009765625,7029.39990234375,7029.7998046875,0
2023-11-09 03:00:00,7029.10009765625,7030.60009765625,7015.2001953125,7016.0,0
2023-11-09 04:00:00,7015.2998046875,7015.2998046875,7008.7998046875,7012.2001953125,0
2023-11-09 05:00:00,7013.60009765625,7015.10009765625,7013.60009765625,7014.89990234375,0
2023-11-09 23:00:00,7014.89990234375,7018.2001953125,6975.60009765625,6982.5,0
2023-11-10 00:00:00,6982.2001953125,6986.0,6964.2001953125,6971.7001953125,0
2023-11-10 01:00:00,6971.2998046875,6982.10009765625,6969.60009765625,6981.5,0
2023-11-10 02:00:00,6981.60009765625,6982.7001953125,6975.7998046875,6975.7998046875,0
2023-11-10 03:00:00,6976.0,6979.2001953125,6974.10009765625,6979.2001953125,0
2023-11-10 04:00:00,6979.2998046875,6983.2001953125,6975.7001953125,6980.60009765625,0
2023-11-10 05:00:00,6981.5,6981.5,6976.5,6976.5,0
2023-11-12 23:00:00,6976.5,6984.0,6962.5,6963.7001953125,0
2023-11-13 00:00:00,6965.0,6970.2998046875,6957.0,6960.89990234375,0
2023-11-13 01:00:00,6961.39990234375,6971.89990234375,6961.39990234375,6968.0,0
2023-11-13 02:00:00,6969.2001953125,6973.2998046875,6964.60009765625,6964.60009765625,0
2023-11-13 03:00:00,6966.10009765625,6966.10009765625,6950.10009765625,6958.0,0
2023-11-13 04:00:00,6957.39990234375,6962.7001953125,6951.89990234375,6954.60009765625,0
2023-11-13 05:00:00,6954.39990234375,6954.39990234375,6948.7998046875,6948.7998046875,0
2023-11-13 23:00:00,6948.7998046875,7011.2001953125,6948.7998046875,6997.2998046875,0
2023-11-14 00:00:00,6996.7001953125,7011.2001953125,6984.2001953125,6985.60009765625,0
2023-11-14 01:00:00,6985.7001953125,6999.60009765625,6984.89990234375,6997.10009765625,0
2023-11-14 02:00:00,6996.10009765625,6997.39990234375,6991.7998046875,6992.60009765625,0
2023-11-14 03:00:00,6992.5,7010.89990234375,6988.5,7009.0,0
2023-11-14 04:00:00,7008.89990234375,7013.0,7006.10009765625,7010.2998046875,0
2023-11-14 05:00:00,7010.5,7010.7001953125,7006.7001953125,7006.7001953125,0
2023-11-14 23:00:00,7006.7001953125,7124.5,7006.7001953125,7108.7998046875,0
2023-11-15 00:00:00,7109.2998046875,7118.2998046875,7103.10009765625,7108.5,0
2023-11-15 01:00:00,7107.5,7125.60009765625,7106.7001953125,7106.7001953125,0
2023-11-15 02:00:00,7106.89990234375,7110.5,7101.60009765625,7110.5,0
2023-11-15 03:00:00,7111.2001953125,7111.2001953125,7091.89990234375,7096.0,0
2023-11-15 04:00:00,7097.5,7105.7001953125,7096.10009765625,7102.2001953125,0
2023-11-15 05:00:00,7102.5,7105.89990234375,7102.2998046875,7105.89990234375,0
2023-11-15 23:00:00,7105.89990234375,7109.7998046875,7089.7001953125,7094.60009765625,0
2023-11-16 00:00:00,7094.2001953125,7103.2998046875,7083.7001953125,7092.10009765625,0
2023-11-16 01:00:00,7092.10009765625,7092.10009765625,7075.39990234375,7075.39990234375,0
2023-11-16 02:00:00,7074.2001953125,7074.2001953125,7059.2998046875,7065.60009765625,0
2023-11-16 03:00:00,7065.7998046875,7068.39990234375,7056.2998046875,7056.89990234375,0
2023-11-16 04:00:00,7057.5,7057.60009765625,7050.10009765625,7052.0,0
2023-11-16 05:00:00,7051.2998046875,7058.39990234375,7051.2001953125,7058.39990234375,0
2023-11-16 23:00:00,7058.39990234375,7062.2998046875,7045.7001953125,7048.2998046875,0
2023-11-17 00:00:00,7048.0,7058.7001953125,7047.2001953125,7047.2001953125,0
2023-11-17 01:00:00,7047.5,7047.5,7036.5,7042.10009765625,0
2023-11-17 02:00:00,7043.2998046875,7052.89990234375,7042.89990234375,7052.89990234375,0
2023-11-17 03:00:00,7052.5,7058.2001953125,7048.39990234375,7052.60009765625,0
2023-11-17 04:00:00,7052.7001953125,7054.2001953125,7046.7001953125,7053.10009765625,0
2023-11-17 05:00:00,7052.2998046875,7053.10009765625,7049.39990234375,7049.39990234375,0
2023-11-19 23:00:00,7049.39990234375,7069.10009765625,7049.39990234375,7061.7001953125,0
2023-11-20 00:00:00,7060.89990234375,7064.7998046875,7048.5,7061.7001953125,0
2023-11-20 01:00:00,7062.39990234375,7064.2001953125,7053.89990234375,7059.2001953125,0
2023-11-20 02:00:00,7058.7998046875,7072.39990234375,7058.7001953125,7064.2001953125,0
2023-11-20 03:00:00,7064.5,7064.5,7057.2001953125,7057.2001953125,0
2023-11-20 04:00:00,7056.7998046875,7058.60009765625,7054.10009765625,7057.0,0
2023-11-20 05:00:00,7057.39990234375,7058.39990234375,7057.39990234375,7058.39990234375,0
2023-11-20 23:00:00,7058.39990234375,7089.60009765625,7058.39990234375,7080.7998046875,0
2023-11-21 00:00:00,7081.2998046875,7081.2998046875,7065.0,7065.39990234375,0
2023-11-21 01:00:00,7065.60009765625,7075.2001953125,7063.2998046875,7071.2001953125,0
2023-11-21 02:00:00,7070.60009765625,7080.2998046875,7070.39990234375,7080.2998046875,0
2023-11-21 03:00:00,7081.39990234375,7085.89990234375,7078.2998046875,7082.2001953125,0
2023-11-21 04:00:00,7082.10009765625,7084.5,7079.39990234375,7080.2001953125,0
2023-11-21 05:00:00,7080.7001953125,7080.7001953125,7078.2001953125,7078.2001953125,0
2023-11-21 23:00:00,7078.2001953125,7085.39990234375,7069.7001953125,7084.7998046875,0
2023-11-22 00:00:00,7085.89990234375,7090.39990234375,7078.0,7085.89990234375,0
2023-11-22 01:00:00,7084.39990234375,7086.39990234375,7075.7998046875,7075.7998046875,0
2023-11-22 02:00:00,7075.7998046875,7077.10009765625,7069.7001953125,7074.2998046875,0
2023-11-22 03:00:00,7075.2998046875,7075.2998046875,7061.89990234375,7070.60009765625,0
2023-11-22 04:00:00,7070.60009765625,7075.7001953125,7067.7998046875,7073.2001953125,0
2023-11-22 05:00:00,7073.60009765625,7073.60009765625,7073.39990234375,7073.39990234375,0
2023-11-22 23:00:00,7073.39990234375,7073.39990234375,7034.7001953125,7034.89990234375,0
2023-11-23 00:00:00,7034.5,7039.7001953125,7029.7998046875,7039.5,0
2023-11-23 01:00:00,7039.2998046875,7048.7001953125,7038.39990234375,7047.60009765625,0
2023-11-23 02:00:00,7048.2001953125,7054.0,7040.89990234375,7040.89990234375,0
2023-11-23 03:00:00,7040.2998046875,7040.2998046875,7026.89990234375,7038.2998046875,0
2023-11-23 04:00:00,7038.2998046875,7038.39990234375,7028.2001953125,7029.7001953125,0
2023-11-23 05:00:00,7029.7998046875,7029.7998046875,7029.2001953125,7029.2001953125,0
2023-11-23 23:00:00,7029.2001953125,7059.60009765625,7028.2001953125,7057.60009765625,0
2023-11-24 00:00:00,7057.39990234375,7064.7998046875,7053.2001953125,7057.10009765625,0
2023-11-24 01:00:00,7056.7001953125,7059.7998046875,7051.60009765625,7058.2001953125,0
2023-11-24 02:00:00,7058.7001953125,7059.2998046875,7051.2001953125,7051.7998046875,0
2023-11-24 03:00:00,7051.60009765625,7052.39990234375,7044.0,7046.7998046875,0
2023-11-24 04:00:00,7047.10009765625,7048.10009765625,7043.0,7043.0,0
2023-11-24 05:00:00,7045.10009765625,7045.2001953125,7040.7998046875,7040.7998046875,0
2023-11-26 23:00:00,7040.7998046875,7054.2998046875,7036.7001953125,7048.7001953125,0
2023-11-27 00:00:00,7047.89990234375,7047.89990234375,7029.39990234375,7029.39990234375,0
2023-11-27 01:00:00,7029.89990234375,7032.60009765625,7019.10009765625,7019.10009765625,0
2023-11-27 02:00:00,7018.2998046875,7019.39990234375,7007.2998046875,7010.89990234375,0
2023-11-27 03:00:00,7010.2001953125,7011.60009765625,7000.2998046875,7000.2998046875,0
2023-11-27 04:00:00,6999.7001953125,6999.7001953125,6992.10009765625,6994.60009765625,0
2023-11-27 05:00:00,6995.2998046875,6995.39990234375,6987.60009765625,6987.60009765625,0
2023-11-27 23:00:00,6987.60009765625,7049.0,6985.5,7048.7001953125,0
2023-11-28 00:00:00,7049.2001953125,7049.2001953125,7033.2998046875,7033.89990234375,0
2023-11-28 01:00:00,7033.89990234375,7033.89990234375,7025.10009765625,7025.7998046875,0
2023-11-28 02:00:00,7025.5,7028.60009765625,7016.89990234375,7018.7001953125,0
2023-11-28 03:00:00,7018.5,7022.0,7014.10009765625,7014.10009765625,0
2023-11-28 04:00:00,7013.39990234375,7017.60009765625,7010.89990234375,7015.5,0
2023-11-28 05:00:00,7016.39990234375,7016.39990234375,7015.2001953125,7015.2001953125,0
2023-11-28 23:00:00,7015.2001953125,7044.60009765625,7014.10009765625,7041.2998046875,0
2023-11-29 00:00:00,7041.0,7056.60009765625,7029.7001953125,7054.10009765625,0
2023-11-29 01:00:00,7054.2001953125,7054.5,7041.7001953125,7045.2001953125,0
2023-11-29 02:00:00,7045.5,7050.39990234375,7039.2998046875,7041.60009765625,0
2023-11-29 03:00:00,7041.2001953125,7043.7001953125,7037.2998046875,7040.60009765625,0
2023-11-29 04:00:00,7039.7998046875,7043.0,7030.7001953125,7031.7998046875,0
2023-11-29 05:00:00,7032.7001953125,7035.2998046875,7032.7001953125,7035.2998046875,0
2023-11-29 23:00:00,7035.2998046875,7047.39990234375,7030.0,7033.10009765625,0
2023-11-30 00:00:00,7032.39990234375,7038.10009765625,7027.0,7034.2001953125,0
2023-11-30 01:00:00,7034.5,7035.7998046875,7022.60009765625,7032.10009765625,0
2023-11-30 02:00:00,7032.10009765625,7050.2001953125,7030.39990234375,7048.7998046875,0
2023-11-30 03:00:00,7049.0,7063.7001953125,7040.89990234375,7062.89990234375,0
2023-11-30 04:00:00,7062.60009765625,7076.0,7062.60009765625,7071.0,0
2023-11-30 05:00:00,7069.39990234375,7087.2998046875,7069.2001953125,7087.2998046875,0
2023-11-30 23:00:00,7087.2998046875,7087.2998046875,7041.39990234375,7044.7001953125,0
2023-12-01 00:00:00,7045.39990234375,7050.5,7042.39990234375,7046.60009765625,0
2023-12-01 01:00:00,7045.7998046875,7061.5,7043.0,7059.0,0
2023-12-01 02:00:00,7058.2998046875,7070.39990234375,7057.2998046875,7070.39990234375,0
2023-12-01 03:00:00,7070.5,7071.10009765625,7061.2001953125,7069.5,0
2023-12-01 04:00:00,7069.60009765625,7078.7998046875,7069.0,7076.7001953125,0
2023-12-01 05:00:00,7075.39990234375,7075.5,7073.2001953125,7073.2001953125,0
2023-12-03 23:00:00,7073.2001953125,7160.7998046875,7073.2001953125,7144.39990234375,0
2023-12-04 00:00:00,7145.5,7167.60009765625,7143.10009765625,7155.5,0
2023-12-04 01:00:00,7154.7001953125,7154.7998046875,7138.39990234375,7141.2998046875,0
2023-12-04 02:00:00,7141.2998046875,7141.2998046875,7123.7998046875,7124.2001953125,0
2023-12-04 03:00:00,7123.5,7127.89990234375,7118.10009765625,7127.89990234375,0
2023-12-04 04:00:00,7127.7998046875,7133.5,7126.2998046875,7132.5,0
2023-12-04 05:00:00,7131.60009765625,7131.7998046875,7124.7001953125,7124.7001953125,0
2023-12-04 23:00:00,7124.7001953125,7124.7001953125,7053.0,7067.39990234375,0
2023-12-05 00:00:00,7067.89990234375,7068.2998046875,7053.10009765625,7063.39990234375,0
2023-12-05 01:00:00,7062.89990234375,7068.2001953125,7060.2001953125,7062.0,0
2023-12-05 02:00:00,7061.89990234375,7062.5,7042.7001953125,7042.7001953125,0
2023-12-05 03:00:00,7041.7001953125,7064.0,7041.10009765625,7062.2998046875,0
2023-12-05 04:00:00,7063.10009765625,7074.39990234375,7054.0,7056.0,0
2023-12-05 05:00:00,7055.89990234375,7061.60009765625,7055.89990234375,7061.60009765625,0
2023-12-05 23:00:00,7061.60009765625,7113.7998046875,7061.60009765625,7112.60009765625,0
2023-12-06 00:00:00,7112.7001953125,7133.10009765625,7112.7001953125,7133.10009765625,0
2023-12-06 01:00:00,7132.7998046875,7165.2998046875,7127.10009765625,7158.89990234375,0
2023-12-06 02:00:00,7159.10009765625,7168.5,7158.0,7165.10009765625,0
2023-12-06 03:00:00,7166.5,7179.89990234375,7163.2001953125,7177.2998046875,0
2023-12-06 04:00:00,7177.60009765625,7194.0,7173.7998046875,7187.2998046875,0
2023-12-06 05:00:00,7186.89990234375,7186.89990234375,7178.39990234375,7178.39990234375,0
2023-12-06 23:00:00,7178.39990234375,7178.39990234375,7160.60009765625,7166.0,0
2023-12-07 00:00:00,7166.2998046875,7178.89990234375,7160.39990234375,7169.2998046875,0
2023-12-07 01:00:00,7171.39990234375,7171.39990234375,7159.60009765625,7160.60009765625,0
2023-12-07 02:00:00,7160.2001953125,7160.39990234375,7150.39990234375,7156.7998046875,0
2023-12-07 03:00:00,7158.10009765625,7159.5,7151.0,7152.2998046875,0
2023-12-07 04:00:00,7153.2998046875,7161.5,7153.10009765625,7159.2001953125,0
2023-12-07 05:00:00,7159.2998046875,7173.2998046875,7159.0,7173.2998046875,0
2023-12-07 23:00:00,7173.2998046875,7175.7998046875,7143.2998046875,7147.0,0
2023-12-08 00:00:00,7146.2001953125,7166.2001953125,7145.2998046875,7163.0,0
2023-12-08 01:00:00,7163.10009765625,7178.5,7155.60009765625,7174.2998046875,0
2023-12-08 02:00:00,7173.89990234375,7185.89990234375,7173.89990234375,7185.89990234375,0
2023-12-08 03:00:00,7185.7998046875,7190.2998046875,7182.7998046875,7188.60009765625,0
2023-12-08 04:00:00,7188.7998046875,7192.7998046875,7186.10009765625,7192.10009765625,0
2023-12-08 05:00:00,7189.60009765625,7194.89990234375,7189.60009765625,7194.89990234375,0
2023-12-10 23:00:00,7194.89990234375,7226.7998046875,7193.10009765625,7211.39990234375,0
2023-12-11 00:00:00,7211.0,7224.39990234375,7208.0,7221.10009765625,0
2023-12-11 01:00:00,7221.89990234375,7221.89990234375,7201.89990234375,7204.60009765625,0
2023-12-11 02:00:00,7204.2998046875,7204.39990234375,7193.0,7193.7998046875,0
2023-12-11 03:00:00,7194.5,7200.7001953125,7189.89990234375,7198.2001953125,0
2023-12-11 04:00:00,7199.2998046875,7202.0,7194.7998046875,7195.10009765625,0
2023-12-11 05:00:00,7195.5,7199.0,7195.5,7199.0,0
2023-12-11 23:00:00,7199.0,7211.2001953125,7196.2998046875,7209.89990234375,0
2023-12-12 00:00:00,7210.7001953125,7241.2001953125,7209.60009765625,7240.60009765625,0
2023-12-12 01:00:00,7240.7001953125,7240.7001953125,7225.2001953125,7228.5,0
2023-12-12 02:00:00,7228.2998046875,7233.2998046875,7227.0,7231.7998046875,0
2023-12-12 03:00:00,7231.39990234375,7241.2998046875,7227.89990234375,7238.0,0
2023-12-12 04:00:00,7237.5,7238.5,7231.5,7234.60009765625,0
2023-12-12 05:00:00,7233.0,7235.2998046875,7232.89990234375,7235.2998046875,0
2023-12-12 23:00:00,7235.2998046875,7251.2998046875,7234.2998046875,7250.7001953125,0
2023-12-13 00:00:00,7250.10009765625,7256.10009765625,7237.39990234375,7251.7998046875,0
2023-12-13 01:00:00,7250.60009765625,7261.2001953125,7244.7998046875,7258.5,0
2023-12-13 02:00:00,7258.89990234375,7271.10009765625,7258.5,7265.2998046875,0
2023-12-13 03:00:00,7265.2001953125,7266.10009765625,7256.2001953125,7257.39990234375,0
2023-12-13 04:00:00,7258.0,7261.2998046875,7254.89990234375,7259.10009765625,0
2023-12-13 05:00:00,7259.2001953125,7259.2001953125,7257.7998046875,7257.7998046875,0
2023-12-13 23:00:00,7257.7998046875,7369.39990234375,7257.7998046875,7358.60009765625,0
2023-12-14 00:00:00,7358.7001953125,7375.0,7356.7001953125,7367.0,0
2023-12-14 01:00:00,7367.60009765625,7377.89990234375,7366.60009765625,7371.89990234375,0
2023-12-14 02:00:00,7371.7998046875,7380.2001953125,7369.60009765625,7378.7001953125,0
2023-12-14 03:00:00,7377.89990234375,7379.0,7366.7001953125,7367.0,0
2023-12-14 04:00:00,7366.89990234375,7379.0,7364.5,7376.10009765625,0
2023-12-14 05:00:00,7375.2998046875,7377.89990234375,7375.2998046875,7377.89990234375,0
2023-12-14 23:00:00,7377.89990234375,7425.7998046875,7377.89990234375,7420.89990234375,0
2023-12-15 00:00:00,7421.2001953125,7443.89990234375,7421.2001953125,7443.60009765625,0
2023-12-15 01:00:00,7445.7001953125,7462.2001953125,7438.5,7456.7001953125,0
2023-12-15 02:00:00,7457.2998046875,7461.2998046875,7450.39990234375,7451.7998046875,0
2023-12-15 03:00:00,7450.89990234375,7455.39990234375,7448.60009765625,7450.7001953125,0
2023-12-15 04:00:00,7451.7001953125,7451.7001953125,7430.2998046875,7432.7001953125,0
2023-12-15 05:00:00,7431.0,7442.7001953125,7431.0,7442.7001953125,0
2023-12-17 23:00:00,7442.7001953125,7442.7001953125,7406.5,7428.39990234375,0
2023-12-18 00:00:00,7428.10009765625,7444.0,7422.39990234375,7431.7998046875,0
2023-12-18 01:00:00,7431.5,7433.2998046875,7410.0,7411.0,0
2023-12-18 02:00:00,7410.7001953125,7415.2998046875,7406.39990234375,7408.89990234375,0
2023-12-18 03:00:00,7409.2998046875,7422.2001953125,7406.7998046875,7421.10009765625,0
2023-12-18 04:00:00,7421.39990234375,7425.5,7417.2998046875,7423.10009765625,0
2023-12-18 05:00:00,7422.7001953125,7426.39990234375,7422.60009765625,7426.39990234375,0
2023-12-18 23:00:00,7426.39990234375,7453.60009765625,7425.10009765625,7451.7001953125,0
2023-12-19 00:00:00,7451.89990234375,7472.60009765625,7450.5,7468.5,0
2023-12-19 01:00:00,7469.10009765625,7473.0,7463.10009765625,7473.0,0
2023-12-19 02:00:00,7472.7001953125,7492.10009765625,7471.2001953125,7485.7001953125,0
2023-12-19 03:00:00,7485.0,7493.39990234375,7483.2998046875,7492.0,0
2023-12-19 04:00:00,7493.2998046875,7494.10009765625,7485.2001953125,7489.0,0
2023-12-19 05:00:00,7488.2998046875,7489.10009765625,7488.2998046875,7489.10009765625,0
2023-12-19 23:00:00,7489.10009765625,7542.2998046875,7489.10009765625,7535.0,0
2023-12-20 00:00:00,7534.0,7545.7001953125,7531.0,7531.0,0
2023-12-20 01:00:00,7531.0,7533.89990234375,7520.60009765625,7520.60009765625,0
2023-12-20 02:00:00,7520.7001953125,7533.0,7520.7001953125,7531.2001953125,0
2023-12-20 03:00:00,7530.7998046875,7539.7001953125,7528.2001953125,7537.7001953125,0
2023-12-20 04:00:00,7536.60009765625,7552.2998046875,7536.60009765625,7547.10009765625,0
2023-12-20 05:00:00,7545.60009765625,7545.7998046875,7537.89990234375,7537.89990234375,0
2023-12-20 23:00:00,7537.89990234375,7537.89990234375,7486.89990234375,7512.0,0
2023-12-21 00:00:00,7512.0,7537.2998046875,7510.2001953125,7516.7001953125,0
2023-12-21 01:00:00,7515.60009765625,7516.2001953125,7503.10009765625,7503.60009765625,0
2023-12-21 02:00:00,7503.89990234375,7507.10009765625,7502.2998046875,7504.2001953125,0
2023-12-21 03:00:00,7504.5,7509.89990234375,7503.10009765625,7508.2001953125,0
2023-12-21 04:00:00,7507.0,7514.60009765625,7504.39990234375,7506.5,0
2023-12-21 05:00:00,7505.2001953125,7505.2001953125,7504.10009765625,7504.10009765625,0
2023-12-21 23:00:00,7504.10009765625,7520.39990234375,7497.0,7518.0,0
2023-12-22 00:00:00,7519.0,7521.89990234375,7506.7998046875,7507.0,0
2023-12-22 01:00:00,7505.60009765625,7514.39990234375,7505.2998046875,7512.7001953125,0
2023-12-22 02:00:00,7512.7001953125,7513.89990234375,7504.39990234375,7508.60009765625,0
2023-12-22 03:00:00,7509.5,7511.7001953125,7502.10009765625,7509.0,0
2023-12-22 04:00:00,7509.0,7512.2998046875,7506.10009765625,7508.39990234375,0
2023-12-22 05:00:00,7508.2001953125,7508.2001953125,7501.60009765625,7501.60009765625,0
2023-12-26 23:00:00,7501.60009765625,7593.39990234375,7501.60009765625,7559.60009765625,0
2023-12-27 00:00:00,7559.39990234375,7562.60009765625,7547.39990234375,7551.60009765625,0
2023-12-27 01:00:00,7553.60009765625,7580.7001953125,7553.5,7577.2998046875,0
2023-12-27 02:00:00,7577.89990234375,7584.10009765625,7576.7001953125,7580.5,0
2023-12-27 03:00:00,7579.2001953125,7580.2998046875,7570.7001953125,7572.89990234375,0
2023-12-27 04:00:00,7572.5,7573.2001953125,7567.2998046875,7568.60009765625,0
2023-12-27 05:00:00,7567.2001953125,7567.2001953125,7561.2001953125,7561.2001953125,0
2023-12-27 23:00:00,7561.2001953125,7600.7001953125,7561.2001953125,7582.10009765625,0
2023-12-28 00:00:00,7583.5,7600.89990234375,7583.5,7594.39990234375,0
2023-12-28 01:00:00,7595.89990234375,7601.2001953125,7586.2998046875,7590.2001953125,0
2023-12-28 02:00:00,7590.2001953125,7599.7001953125,7590.2001953125,7599.7001953125,0
2023-12-28 03:00:00,7598.7001953125,7602.5,7594.0,7601.10009765625,0
2023-12-28 04:00:00,7600.5,7608.5,7600.39990234375,7604.7001953125,0
2023-12-28 05:00:00,7604.2998046875,7614.2998046875,7604.2998046875,7614.2998046875,0
2023-12-28 23:00:00,7614.2998046875,7614.2998046875,7581.7998046875,7590.2998046875,0
2023-12-29 00:00:00,7589.7001953125,7598.5,7582.89990234375,7582.89990234375,0
2023-12-29 01:00:00,7582.7998046875,7600.89990234375,7582.60009765625,7596.7998046875,0
2023-12-29 02:00:00,7596.7998046875,7597.7998046875,7582.5,7588.60009765625,0
2023-12-29 03:00:00,7587.89990234375,7592.2001953125,7576.7001953125,7577.60009765625,0
2023-12-29 04:00:00,7577.89990234375,7583.60009765625,7577.7001953125,7583.10009765625,0
2023-12-29 05:00:00,7583.10009765625,7590.7998046875,7583.10009765625,7590.7998046875,0
2024-01-01 23:00:00,7590.7998046875,7615.2998046875,7584.5,7607.89990234375,0
2024-01-02 00:00:00,7608.5,7632.7001953125,7608.5,7625.7998046875,0
2024-01-02 01:00:00,7625.2998046875,7628.39990234375,7606.7998046875,7609.39990234375,0
2024-01-02 02:00:00,7609.89990234375,7623.7998046875,7607.7998046875,7617.89990234375,0
2024-01-02 03:00:00,7619.89990234375,7628.60009765625,7619.89990234375,7628.60009765625,0
2024-01-02 04:00:00,7629.10009765625,7629.10009765625,7621.89990234375,7625.39990234375,0
2024-01-02 05:00:00,7626.5,7627.7998046875,7626.5,7627.7998046875,0
2024-01-02 23:00:00,7627.7998046875,7627.7998046875,7553.5,7563.39990234375,0
2024-01-03 00:00:00,7562.10009765625,7563.2001953125,7540.39990234375,7544.2001953125,0
2024-01-03 01:00:00,7544.2998046875,7549.60009765625,7533.7001953125,7545.5,0
2024-01-03 02:00:00,7545.5,7553.5,7545.5,7553.5,0
2024-01-03 03:00:00,7553.60009765625,7554.10009765625,7540.89990234375,7541.2001953125,0
2024-01-03 04:00:00,7540.5,7540.7998046875,7521.89990234375,7526.60009765625,0
2024-01-03 05:00:00,7527.39990234375,7527.39990234375,7523.2001953125,7523.2001953125,0
2024-01-03 23:00:00,7523.2001953125,7529.89990234375,7481.10009765625,7493.2001953125,0
2024-01-04 00:00:00,7494.7001953125,7503.7001953125,7485.60009765625,7501.0,0
2024-01-04 01:00:00,7501.0,7505.39990234375,7489.39990234375,7505.2001953125,0
2024-01-04 02:00:00,7505.5,7508.7998046875,7497.60009765625,7500.5,0
2024-01-04 03:00:00,7500.5,7507.0,7488.7001953125,7496.2998046875,0
2024-01-04 04:00:00,7496.2001953125,7501.60009765625,7496.10009765625,7499.7998046875,0
2024-01-04 05:00:00,7500.2001953125,7500.2001953125,7494.10009765625,7494.10009765625,0
2024-01-04 23:00:00,7494.10009765625,7514.10009765625,7491.10009765625,7500.89990234375,0
2024-01-05 00:00:00,7501.2998046875,7514.2998046875,7497.39990234375,7503.10009765625,0
2024-01-05 01:00:00,7503.10009765625,7505.7001953125,7496.7001953125,7500.10009765625,0
2024-01-05 02:00:00,7500.2998046875,7500.2998046875,7490.5,7492.2998046875,0
2024-01-05 03:00:00,7492.10009765625,7498.89990234375,7488.89990234375,7490.10009765625,0
2024-01-05 04:00:00,7490.10009765625,7501.7001953125,7488.2001953125,7490.60009765625,0
2024-01-05 05:00:00,7489.7998046875,7489.7998046875,7489.10009765625,7489.10009765625,0
2024-01-07 23:00:00,7489.10009765625,7493.2001953125,7483.10009765625,7493.2001953125,0
2024-01-08 00:00:00,7493.2001953125,7504.2001953125,7492.2001953125,7496.60009765625,0
2024-01-08 01:00:00,7496.7001953125,7502.60009765625,7487.60009765625,7487.60009765625,0
2024-01-08 02:00:00,7486.2998046875,7486.39990234375,7468.0,7468.5,0
2024-01-08 03:00:00,7467.89990234375,7467.89990234375,7443.89990234375,7443.89990234375,0
2024-01-08 04:00:00,7443.89990234375,7451.60009765625,7441.7998046875,7450.7998046875,0
2024-01-08 05:00:00,7451.7998046875,7451.7998046875,7451.39990234375,7451.5,0
2024-01-08 23:00:00,7451.5,7534.7001953125,7451.5,7533.89990234375,0
2024-01-09 00:00:00,7534.7001953125,7541.89990234375,7523.5,7531.7001953125,0
2024-01-09 01:00:00,7531.39990234375,7537.5,7525.5,7525.5,0
2024-01-09 02:00:00,7525.2998046875,7534.2998046875,7521.5,7534.2998046875,0
2024-01-09 03:00:00,7535.0,7537.39990234375,7524.5,7528.60009765625,0
2024-01-09 04:00:00,7528.5,7529.39990234375,7522.10009765625,7523.0,0
2024-01-09 05:00:00,7522.2998046875,7522.39990234375,7520.5,7520.5,0
2024-01-09 23:00:00,7520.5,7520.5,7490.0,7496.10009765625,0
2024-01-10 00:00:00,7494.5,7514.2001953125,7493.2001953125,7513.5,0
2024-01-10 01:00:00,7512.10009765625,7512.10009765625,7487.7001953125,7489.2998046875,0
2024-01-10 02:00:00,7489.2998046875,7489.2998046875,7477.60009765625,7478.60009765625,0
2024-01-10 03:00:00,7478.7001953125,7479.10009765625,7466.10009765625,7470.0,0
2024-01-10 04:00:00,7470.2998046875,7472.0,7465.2001953125,7469.10009765625,0
2024-01-10 05:00:00,7470.2001953125,7470.2001953125,7468.5,7468.5,0
2024-01-10 23:00:00,7468.5,7496.2998046875,7467.2001953125,7494.7998046875,0
2024-01-11 00:00:00,7494.2998046875,7504.5,7493.60009765625,7500.10009765625,0
2024-01-11 01:00:00,7502.0,7508.5,7497.0,7502.2001953125,0
2024-01-11 02:00:00,7502.5,7508.2001953125,7499.39990234375,7503.7001953125,0
2024-01-11 03:00:00,7503.39990234375,7517.2001953125,7503.10009765625,7514.60009765625,0
2024-01-11 04:00:00,7514.89990234375,7514.89990234375,7504.2001953125,7506.7001953125,0
2024-01-11 05:00:00,7505.5,7506.0,7505.5,7506.0,0
2024-01-11 23:00:00,7506.0,7506.0,7474.2998046875,7492.60009765625,0
2024-01-12 00:00:00,7491.39990234375,7503.7001953125,7489.89990234375,7500.2998046875,0
2024-01-12 01:00:00,7501.2001953125,7501.2001953125,7491.89990234375,7493.5,0
2024-01-12 02:00:00,7493.7998046875,7504.10009765625,7492.7998046875,7503.10009765625,0
2024-01-12 03:00:00,7503.2001953125,7503.7998046875,7491.0,7491.0,0
2024-01-12 04:00:00,7491.7001953125,7492.89990234375,7484.2001953125,7490.39990234375,0
2024-01-12 05:00:00,7489.0,7498.2998046875,7489.0,7498.2998046875,0
2024-01-14 23:00:00,7498.2998046875,7498.2998046875,7477.60009765625,7488.60009765625,0
2024-01-15 00:00:00,7490.60009765625,7503.0,7485.10009765625,7501.10009765625,0
2024-01-15 01:00:00,7501.7998046875,7503.89990234375,7493.7998046875,7498.89990234375,0
2024-01-15 02:00:00,7499.0,7502.7998046875,7496.60009765625,7500.7001953125,0
2024-01-15 03:00:00,7500.0,7505.10009765625,7497.2001953125,7504.39990234375,0
2024-01-15 04:00:00,7503.89990234375,7504.2998046875,7500.0,7501.5,0
2024-01-15 05:00:00,7501.2001953125,7501.39990234375,7496.2998046875,7496.2998046875,0
2024-01-15 23:00:00,7496.2998046875,7496.2998046875,7430.60009765625,7435.10009765625,0
2024-01-16 00:00:00,7436.2998046875,7438.7001953125,7421.2998046875,7423.2998046875,0
2024-01-16 01:00:00,7421.89990234375,7425.2001953125,7402.2998046875,7424.2001953125,0
2024-01-16 02:00:00,7424.7001953125,7430.7998046875,7420.7998046875,7424.10009765625,0
2024-01-16 03:00:00,7423.7001953125,7423.7001953125,7404.7998046875,7414.2001953125,0
2024-01-16 04:00:00,7413.0,7420.2998046875,7406.7998046875,7414.7001953125,0
2024-01-16 05:00:00,7417.10009765625,7417.10009765625,7414.7998046875,7414.7998046875,0
2024-01-16 23:00:00,7414.7998046875,7418.89990234375,7395.7001953125,7407.7998046875,0
2024-01-17 00:00:00,7407.7001953125,7416.39990234375,7397.89990234375,7399.2001953125,0
2024-01-17 01:00:00,7399.7001953125,7404.39990234375,7394.39990234375,7400.5,0
2024-01-17 02:00:00,7400.60009765625,7403.10009765625,7394.2998046875,7401.2998046875,0
2024-01-17 03:00:00,7400.7998046875,7400.7998046875,7372.7998046875,7373.5,0
2024-01-17 04:00:00,7372.7998046875,7389.2001953125,7372.60009765625,7384.39990234375,0
2024-01-17 05:00:00,7384.7998046875,7393.10009765625,7384.5,7393.10009765625,0
2024-01-17 23:00:00,7393.10009765625,7393.10009765625,7322.0,7348.7001953125,0
2024-01-18 00:00:00,7349.60009765625,7357.7998046875,7335.2998046875,7356.5,0
2024-01-18 01:00:00,7357.2001953125,7361.7001953125,7337.7998046875,7349.60009765625,0
2024-01-18 02:00:00,7350.39990234375,7368.2998046875,7349.2998046875,7356.7001953125,0
2024-01-18 03:00:00,7357.10009765625,7370.5,7353.7001953125,7353.7001953125,0
2024-01-18 04:00:00,7353.7998046875,7354.60009765625,7341.7001953125,7350.10009765625,0
2024-01-18 05:00:00,7351.0,7351.0,7346.5,7346.5,0
2024-01-18 23:00:00,7346.5,7446.7998046875,7346.5,7445.2001953125,0
2024-01-19 00:00:00,7445.2001953125,7445.2001953125,7413.0,7415.39990234375,0
2024-01-19 01:00:00,7416.5,7417.5,7402.7998046875,7410.0,0
2024-01-19 02:00:00,7411.2001953125,7420.89990234375,7406.89990234375,7419.2998046875,0
2024-01-19 03:00:00,7419.2998046875,7425.10009765625,7419.2001953125,7423.39990234375,0
2024-01-19 04:00:00,7423.2001953125,7424.2001953125,7417.2001953125,7417.7998046875,0
2024-01-19 05:00:00,7418.2001953125,7421.2001953125,7417.89990234375,7421.2001953125,0
2024-01-21 23:00:00,7421.2001953125,7461.89990234375,7421.2001953125,7451.60009765625,0
2024-01-22 00:00:00,7451.2998046875,7481.60009765625,7448.5,7478.39990234375,0
2024-01-22 01:00:00,7479.0,7483.0,7464.10009765625,7470.10009765625,0
2024-01-22 02:00:00,7470.0,7471.2001953125,7460.5,7465.5,0
2024-01-22 03:00:00,7466.39990234375,7471.7001953125,7461.2001953125,7469.5,0
2024-01-22 04:00:00,7471.0,7475.39990234375,7465.7001953125,7469.2001953125,0
2024-01-22 05:00:00,7468.60009765625,7476.60009765625,7468.60009765625,7476.60009765625,0
2024-01-22 23:00:00,7476.60009765625,7507.5,7476.60009765625,7506.5,0
2024-01-23 00:00:00,7508.10009765625,7528.60009765625,7508.10009765625,7527.5,0
2024-01-23 01:00:00,7527.2998046875,7530.2001953125,7501.89990234375,7515.60009765625,0
2024-01-23 02:00:00,7517.7001953125,7530.2001953125,7514.7998046875,7523.60009765625,0
2024-01-23 03:00:00,7524.0,7530.2998046875,7514.0,7514.0,0
2024-01-23 04:00:00,7514.0,7521.10009765625,7512.7998046875,7513.39990234375,0
2024-01-23 05:00:00,7513.7001953125,7514.89990234375,7513.7001953125,7514.89990234375,0
2024-01-23 23:00:00,7514.89990234375,7536.39990234375,7514.89990234375,7520.0,0
2024-01-24 00:00:00,7523.10009765625,7525.7998046875,7515.2001953125,7522.39990234375,0
2024-01-24 01:00:00,7522.5,7522.5,7506.5,7506.89990234375,0
2024-01-24 02:00:00,7506.60009765625,7515.7998046875,7498.89990234375,7515.5,0
2024-01-24 03:00:00,7515.2998046875,7522.7998046875,7513.10009765625,7518.60009765625,0
2024-01-24 04:00:00,7518.2998046875,7525.39990234375,7516.5,7519.5,0
2024-01-24 05:00:00,7518.5,7519.2001953125,7518.5,7519.2001953125,0
2024-01-24 23:00:00,7519.2001953125,7551.39990234375,7519.2001953125,7543.0,0
2024-01-25 00:00:00,7542.39990234375,7545.5,7529.0,7539.39990234375,0
2024-01-25 01:00:00,7540.2998046875,7541.7001953125,7524.0,7528.7998046875,0
2024-01-25 02:00:00,7529.10009765625,7546.2001953125,7528.2001953125,7546.10009765625,0
2024-01-25 03:00:00,7545.60009765625,7554.39990234375,7545.60009765625,7550.0,0
2024-01-25 04:00:00,7550.39990234375,7558.7998046875,7550.39990234375,7553.7001953125,0
2024-01-25 05:00:00,7553.10009765625,7555.39990234375,7553.10009765625,7555.39990234375,0
2024-01-28 23:00:00,7555.39990234375,7572.39990234375,7544.2998046875,7561.0,0
2024-01-29 00:00:00,7561.2001953125,7570.7998046875,7552.10009765625,7569.10009765625,0
2024-01-29 01:00:00,7568.60009765625,7583.60009765625,7566.7998046875,7575.60009765625,0
2024-01-29 02:00:00,7575.0,7577.39990234375,7565.2998046875,7573.2998046875,0
2024-01-29 03:00:00,7572.7001953125,7580.10009765625,7571.60009765625,7576.89990234375,0
2024-01-29 04:00:00,7576.2998046875,7580.0,7571.7998046875,7576.7001953125,0
2024-01-29 05:00:00,7577.10009765625,7578.39990234375,7577.10009765625,7578.39990234375,0
2024-01-29 23:00:00,7578.39990234375,7622.2998046875,7578.39990234375,7619.5,0
2024-01-30 00:00:00,7619.89990234375,7630.5,7616.60009765625,7619.2001953125,0
2024-01-30 01:00:00,7618.2998046875,7625.10009765625,7607.10009765625,7607.10009765625,0
2024-01-30 02:00:00,7606.5,7612.5,7602.5,7608.7998046875,0
2024-01-30 03:00:00,7608.39990234375,7609.2998046875,7589.0,7589.0,0
2024-01-30 04:00:00,7588.0,7596.89990234375,7587.89990234375,7596.89990234375,0
2024-01-30 05:00:00,7596.2001953125,7600.2001953125,7596.10009765625,7600.2001953125,0
2024-01-30 23:00:00,7600.2001953125,7600.2001953125,7570.2001953125,7574.7001953125,0
2024-01-31 00:00:00,7574.39990234375,7632.2998046875,7574.39990234375,7612.10009765625,0
2024-01-31 01:00:00,7611.60009765625,7625.89990234375,7598.2001953125,7621.60009765625,0
2024-01-31 02:00:00,7620.60009765625,7643.5,7619.2998046875,7642.60009765625,0
2024-01-31 03:00:00,7641.10009765625,7660.2001953125,7641.10009765625,7660.2001953125,0
2024-01-31 04:00:00,7660.60009765625,7682.2998046875,7660.60009765625,7671.60009765625,0
2024-01-31 05:00:00,7670.89990234375,7680.7001953125,7670.89990234375,7680.7001953125,0
2024-01-31 23:00:00,7680.7001953125,7680.7001953125,7601.10009765625,7604.2998046875,0
2024-02-01 00:00:00,7604.10009765625,7614.89990234375,7589.10009765625,7589.10009765625,0
2024-02-01 01:00:00,7590.10009765625,7597.60009765625,7579.5,7596.39990234375,0
2024-02-01 02:00:00,7596.39990234375,7605.7998046875,7595.7001953125,7604.2001953125,0
2024-02-01 03:00:00,7604.2001953125,7604.39990234375,7589.10009765625,7590.89990234375,0
2024-02-01 04:00:00,7590.60009765625,7592.60009765625,7583.7998046875,7586.7998046875,0
2024-02-01 05:00:00,7586.7001953125,7588.2001953125,7586.7001953125,7588.2001953125,0
2024-02-01 23:00:00,7588.2001953125,7655.5,7588.2001953125,7646.2998046875,0
2024-02-02 00:00:00,7648.7998046875,7667.60009765625,7645.89990234375,7667.60009765625,0
2024-02-02 01:00:00,7667.2998046875,7682.89990234375,7665.39990234375,7682.89990234375,0
2024-02-02 02:00:00,7683.7998046875,7699.2998046875,7683.10009765625,7698.39990234375,0
2024-02-02 03:00:00,7698.7998046875,7703.60009765625,7682.60009765625,7686.2998046875,0
2024-02-02 04:00:00,7686.60009765625,7702.60009765625,7686.60009765625,7695.10009765625,0
2024-02-02 05:00:00,7694.5,7699.39990234375,7694.39990234375,7699.39990234375,0
2024-02-04 23:00:00,7699.39990234375,7699.39990234375,7610.2001953125,7613.89990234375,0
2024-02-05 00:00:00,7613.10009765625,7619.2998046875,7593.2998046875,7608.2998046875,0
2024-02-05 01:00:00,7609.2001953125,7629.39990234375,7608.2001953125,7627.0,0
2024-02-05 02:00:00,7627.39990234375,7637.2998046875,7620.7998046875,7624.10009765625,0
2024-02-05 03:00:00,7624.0,7628.10009765625,7616.10009765625,7621.10009765625,0
2024-02-05 04:00:00,7621.10009765625,7624.2001953125,7618.7001953125,7621.60009765625,0
2024-02-05 05:00:00,7623.2998046875,7625.89990234375,7623.2998046875,7625.89990234375,0
2024-02-05 23:00:00,7625.89990234375,7625.89990234375,7542.0,7545.60009765625,0
2024-02-06 00:00:00,7547.39990234375,7575.39990234375,7547.39990234375,7572.89990234375,0
2024-02-06 01:00:00,7574.2001953125,7578.2001953125,7563.2001953125,7575.7998046875,0
2024-02-06 02:00:00,7575.5,7588.0,7574.2001953125,7578.7001953125,0
2024-02-06 03:00:00,7578.7001953125,7588.7998046875,7569.0,7581.5,0
2024-02-06 04:00:00,7580.60009765625,7587.2998046875,7573.39990234375,7580.5,0
2024-02-06 05:00:00,7578.7998046875,7581.60009765625,7578.7998046875,7581.60009765625,0
2024-02-06 23:00:00,7581.60009765625,7639.2001953125,7581.60009765625,7631.5,0
2024-02-07 00:00:00,7633.0,7637.60009765625,7621.2998046875,7625.39990234375,0
2024-02-07 01:00:00,7624.89990234375,7642.7001953125,7624.7998046875,7639.39990234375,0
2024-02-07 02:00:00,7638.7001953125,7645.0,7628.2998046875,7628.2998046875,0
2024-02-07 03:00:00,7627.7998046875,7630.10009765625,7604.2998046875,7604.7001953125,0
2024-02-07 04:00:00,7604.7001953125,7620.39990234375,7604.39990234375,7617.39990234375,0
2024-02-07 05:00:00,7617.89990234375,7617.89990234375,7615.7998046875,7615.7998046875,0
2024-02-07 23:00:00,7615.7998046875,7656.0,7615.7998046875,7624.2001953125,0
2024-02-08 00:00:00,7625.10009765625,7645.39990234375,7625.10009765625,7638.7998046875,0
2024-02-08 01:00:00,7637.7998046875,7658.2998046875,7635.10009765625,7657.89990234375,0
2024-02-08 02:00:00,7658.60009765625,7662.39990234375,7650.39990234375,7651.0,0
2024-02-08 03:00:00,7650.7001953125,7651.7998046875,7636.7998046875,7640.2998046875,0
2024-02-08 04:00:00,7640.2001953125,7646.39990234375,7636.5,7638.7998046875,0
2024-02-08 05:00:00,7638.39990234375,7639.2001953125,7638.39990234375,7639.2001953125,0
2024-02-08 23:00:00,7639.2998046875,7649.39990234375,7633.7001953125,7642.89990234375,0
2024-02-09 00:00:00,7643.0,7645.7998046875,7628.5,7638.10009765625,0
2024-02-09 01:00:00,7638.60009765625,7655.89990234375,7637.10009765625,7649.7001953125,0
2024-02-09 02:00:00,7650.0,7651.0,7642.7001953125,7648.10009765625,0
2024-02-09 03:00:00,7649.10009765625,7655.7001953125,7646.0,7653.2001953125,0
2024-02-09 04:00:00,7654.2001953125,7655.39990234375,7642.2998046875,7642.2998046875,0
2024-02-09 05:00:00,7642.7998046875,7644.7998046875,7642.7998046875,7644.7998046875,0
2024-02-11 23:00:00,7644.7998046875,7644.7998046875,7609.60009765625,7620.7001953125,0
2024-02-12 00:00:00,7621.0,7635.7001953125,7612.7001953125,7634.5,0
2024-02-12 01:00:00,7634.2998046875,7635.2001953125,7621.10009765625,7621.10009765625,0
2024-02-12 02:00:00,7622.10009765625,7632.0,7619.2001953125,7628.2998046875,0
2024-02-12 03:00:00,7627.0,7632.7001953125,7617.7001953125,7618.89990234375,0
2024-02-12 04:00:00,7620.89990234375,7626.2998046875,7609.39990234375,7611.39990234375,0
2024-02-12 05:00:00,7612.2001953125,7615.2001953125,7612.2001953125,7614.89990234375,0
2024-02-12 23:00:00,7614.89990234375,7632.7001953125,7607.7998046875,7621.5,0
2024-02-13 00:00:00,7621.7998046875,7621.7998046875,7599.0,7613.60009765625,0
2024-02-13 01:00:00,7613.2998046875,7618.2001953125,7604.0,7617.2998046875,0
2024-02-13 02:00:00,7617.60009765625,7623.2998046875,7611.7001953125,7621.7001953125,0
2024-02-13 03:00:00,7622.39990234375,7622.39990234375,7602.10009765625,7604.5,0
2024-02-13 04:00:00,7605.60009765625,7613.39990234375,7601.2998046875,7602.89990234375,0
2024-02-13 05:00:00,7602.5,7603.60009765625,7602.39990234375,7603.60009765625,0
2024-02-13 23:00:00,7603.60009765625,7603.60009765625,7489.39990234375,7503.7001953125,0
2024-02-14 00:00:00,7504.2001953125,7522.60009765625,7498.60009765625,7520.39990234375,0
2024-02-14 01:00:00,7521.2001953125,7531.2001953125,7515.39990234375,7525.7998046875,0
2024-02-14 02:00:00,7525.5,7531.5,7522.7001953125,7527.2001953125,0
2024-02-14 03:00:00,7526.39990234375,7540.60009765625,7525.7001953125,7537.60009765625,0
2024-02-14 04:00:00,7537.2998046875,7539.7998046875,7529.5,7538.60009765625,0
2024-02-14 05:00:00,7537.60009765625,7547.7001953125,7537.60009765625,7547.7001953125,0
2024-02-14 23:00:00,7547.7001953125,7613.2001953125,7538.7001953125,7613.2001953125,0
2024-02-15 00:00:00,7613.60009765625,7621.2998046875,7605.0,7605.0,0
2024-02-15 01:00:00,7605.5,7607.7001953125,7591.0,7597.39990234375,0
2024-02-15 02:00:00,7597.60009765625,7599.39990234375,7587.2998046875,7596.2001953125,0
2024-02-15 03:00:00,7596.7001953125,7607.2998046875,7595.0,7602.7998046875,0
2024-02-15 04:00:00,7603.60009765625,7606.2998046875,7599.7998046875,7601.7001953125,0
2024-02-15 05:00:00,7602.39990234375,7605.7001953125,7602.39990234375,7605.7001953125,0
2024-02-15 23:00:00,7605.7001953125,7681.10009765625,7605.7001953125,7666.0,0
2024-02-16 00:00:00,7666.60009765625,7668.5,7634.0,7634.60009765625,0
2024-02-16 01:00:00,7634.7001953125,7647.7001953125,7634.39990234375,7646.5,0
2024-02-16 02:00:00,7647.0,7659.89990234375,7646.2001953125,7659.89990234375,0
2024-02-16 03:00:00,7659.89990234375,7662.2998046875,7654.60009765625,7658.60009765625,0
2024-02-16 04:00:00,7658.0,7662.89990234375,7653.0,7657.2998046875,0
2024-02-16 05:00:00,7655.89990234375,7658.2998046875,7654.7998046875,7658.2998046875,0
2024-02-18 23:00:00,7658.2998046875,7674.10009765625,7658.2998046875,7671.7998046875,0
2024-02-19 00:00:00,7672.10009765625,7678.2998046875,7665.39990234375,7673.7001953125,0
2024-02-19 01:00:00,7673.10009765625,7683.2998046875,7664.0,7664.2998046875,0
2024-02-19 02:00:00,7664.2998046875,7667.39990234375,7655.2001953125,7655.2998046875,0
2024-02-19 03:00:00,7656.0,7660.5,7653.2001953125,7658.7001953125,0
2024-02-19 04:00:00,7658.60009765625,7670.7998046875,7657.89990234375,7666.2998046875,0
2024-02-19 05:00:00,7667.2001953125,7667.2001953125,7665.10009765625,7665.10009765625,0
2024-02-19 23:00:00,7665.10009765625,7665.10009765625,7633.7998046875,7660.39990234375,0
2024-02-20 00:00:00,7658.7001953125,7663.60009765625,7648.2001953125,7655.2001953125,0
2024-02-20 01:00:00,7655.39990234375,7670.89990234375,7642.5,7644.10009765625,0
2024-02-20 02:00:00,7643.89990234375,7651.7998046875,7635.0,7649.2001953125,0
2024-02-20 03:00:00,7650.10009765625,7653.60009765625,7640.10009765625,7651.5,0
2024-02-20 04:00:00,7651.7001953125,7658.7998046875,7650.0,7652.89990234375,0
2024-02-20 05:00:00,7653.7001953125,7659.0,7653.7001953125,7659.0,0
2024-02-20 23:00:00,7659.0,7659.0,7607.2998046875,7628.7998046875,0
2024-02-21 00:00:00,7628.60009765625,7634.60009765625,7601.10009765625,7603.2998046875,0
2024-02-21 01:00:00,7602.10009765625,7613.10009765625,7596.0,7610.10009765625,0
2024-02-21 02:00:00,7612.2001953125,7614.2001953125,7585.60009765625,7593.60009765625,0
2024-02-21 03:00:00,7594.2998046875,7611.10009765625,7592.10009765625,7603.5,0
2024-02-21 04:00:00,7604.5,7607.2998046875,7599.2001953125,7600.0,0
2024-02-21 05:00:00,7600.2998046875,7608.39990234375,7600.2001953125,7608.39990234375,0
2024-02-21 23:00:00,7608.39990234375,7612.2001953125,7588.2998046875,7599.60009765625,0
2024-02-22 00:00:00,7598.7998046875,7608.89990234375,7584.7001953125,7601.7001953125,0
2024-02-22 01:00:00,7602.60009765625,7616.39990234375,7592.10009765625,7598.0,0
2024-02-22 02:00:00,7599.10009765625,7605.7001953125,7596.2001953125,7604.7998046875,0
2024-02-22 03:00:00,7606.0,7612.10009765625,7604.2998046875,7608.10009765625,0
2024-02-22 04:00:00,7608.10009765625,7610.0,7601.2998046875,7608.60009765625,0
2024-02-22 05:00:00,7610.39990234375,7611.2001953125,7610.39990234375,7611.2001953125,0
2024-02-22 23:00:00,7611.2001953125,7661.2001953125,7611.2001953125,7651.0,0
2024-02-23 00:00:00,7650.7001953125,7658.5,7630.89990234375,7637.10009765625,0
2024-02-23 01:00:00,7637.5,7658.89990234375,7633.2998046875,7645.2001953125,0
2024-02-23 02:00:00,7645.89990234375,7651.5,7640.89990234375,7640.89990234375,0
2024-02-23 03:00:00,7640.60009765625,7644.5,7636.5,7636.7998046875,0
2024-02-23 04:00:00,7636.39990234375,7642.7001953125,7634.89990234375,7641.60009765625,0
2024-02-23 05:00:00,7641.5,7643.60009765625,7641.5,7643.60009765625,0
2024-02-25 23:00:00,7643.60009765625,7683.2998046875,7640.5,7671.0,0
2024-02-26 00:00:00,7670.2001953125,7676.2001953125,7651.0,7651.2001953125,0
2024-02-26 01:00:00,7651.39990234375,7652.5,7638.5,7644.5,0
2024-02-26 02:00:00,7643.89990234375,7646.10009765625,7637.7998046875,7640.60009765625,0
2024-02-26 03:00:00,7640.60009765625,7646.5,7636.5,7638.39990234375,0
2024-02-26 04:00:00,7638.7998046875,7646.2001953125,7638.2001953125,7645.7001953125,0
2024-02-26 05:00:00,7646.0,7652.7998046875,7645.7998046875,7652.7998046875,0
2024-02-26 23:00:00,7652.7998046875,7652.7998046875,7619.0,7619.10009765625,0
2024-02-27 00:00:00,7619.2001953125,7641.60009765625,7610.7998046875,7641.2998046875,0
2024-02-27 01:00:00,7642.2001953125,7645.60009765625,7636.2001953125,7642.39990234375,0
2024-02-27 02:00:00,7642.2998046875,7649.89990234375,7630.5,7636.2998046875,0
2024-02-27 03:00:00,7637.0,7659.2001953125,7637.0,7658.7001953125,0
2024-02-27 04:00:00,7658.7998046875,7664.7998046875,7657.2998046875,7663.10009765625,0
2024-02-27 05:00:00,7662.60009765625,7663.0,7662.60009765625,7663.0,0
2024-02-27 23:00:00,7663.0,7682.2998046875,7650.2998046875,7651.7001953125,0
2024-02-28 00:00:00,7649.7001953125,7662.10009765625,7642.0,7642.0,0
2024-02-28 01:00:00,7637.60009765625,7662.7998046875,7637.60009765625,7648.0,0
2024-02-28 02:00:00,7648.10009765625,7661.89990234375,7645.89990234375,7659.7998046875,0
2024-02-28 03:00:00,7660.5,7665.2998046875,7658.7001953125,7662.7998046875,0
2024-02-28 04:00:00,7662.7998046875,7664.89990234375,7650.89990234375,7653.5,0
2024-02-28 05:00:00,7653.0,7660.39990234375,7652.89990234375,7660.39990234375,0
2024-02-28 23:00:00,7660.39990234375,7660.39990234375,7631.0,7639.2998046875,0
2024-02-29 00:00:00,7637.60009765625,7659.0,7637.60009765625,7656.10009765625,0
2024-02-29 01:00:00,7654.89990234375,7659.60009765625,7648.10009765625,7657.60009765625,0
2024-02-29 02:00:00,7657.89990234375,7670.7998046875,7657.7001953125,7669.89990234375,0
2024-02-29 03:00:00,7669.7001953125,7697.60009765625,7669.7001953125,7692.2998046875,0
2024-02-29 04:00:00,7692.60009765625,7703.10009765625,7685.89990234375,7702.5,0
2024-02-29 05:00:00,7703.7998046875,7703.7998046875,7698.7001953125,7698.7001953125,0
2024-02-29 23:00:00,7698.7001953125,7737.7998046875,7698.7001953125,7703.39990234375,0
2024-03-01 00:00:00,7704.7001953125,7712.2998046875,7697.5,7701.2998046875,0
2024-03-01 01:00:00,7703.2998046875,7721.7998046875,7696.5,7721.7998046875,0
2024-03-01 02:00:00,7722.39990234375,7735.10009765625,7719.2001953125,7732.2001953125,0
2024-03-01 03:00:00,7732.39990234375,7737.2001953125,7726.89990234375,7737.2001953125,0
2024-03-01 04:00:00,7737.7998046875,7744.60009765625,7733.89990234375,7740.39990234375,0
2024-03-01 05:00:00,7738.89990234375,7745.60009765625,7738.89990234375,7745.60009765625,0
2024-03-03 23:00:00,7745.60009765625,7757.60009765625,7738.7998046875,7752.89990234375,0
2024-03-04 00:00:00,7751.89990234375,7769.10009765625,7747.39990234375,7750.0,0
2024-03-04 01:00:00,7750.89990234375,7753.0,7737.5,7739.60009765625,0
2024-03-04 02:00:00,7739.2001953125,7745.0,7737.2001953125,7740.2998046875,0
2024-03-04 03:00:00,7740.10009765625,7741.5,7726.39990234375,7730.10009765625,0
2024-03-04 04:00:00,7730.39990234375,7737.2998046875,7730.39990234375,7734.39990234375,0
2024-03-04 05:00:00,7734.89990234375,7735.7998046875,7734.89990234375,7735.7998046875,0
2024-03-04 23:00:00,7735.7998046875,7752.2001953125,7711.7001953125,7716.39990234375,0
2024-03-05 00:00:00,7716.39990234375,7739.89990234375,7716.39990234375,7738.0,0
2024-03-05 01:00:00,7737.5,7743.39990234375,7726.7998046875,7740.7001953125,0
2024-03-05 02:00:00,7740.7998046875,7745.0,7719.2998046875,7725.7001953125,0
2024-03-05 03:00:00,7726.10009765625,7737.89990234375,7726.10009765625,7732.0,0
2024-03-05 04:00:00,7731.89990234375,7732.10009765625,7722.89990234375,7727.2001953125,0
2024-03-05 05:00:00,7727.7001953125,7727.7001953125,7724.2001953125,7724.2001953125,0
2024-03-05 23:00:00,7724.2001953125,7727.2998046875,7709.7998046875,7713.7998046875,0
2024-03-06 00:00:00,7712.39990234375,7715.10009765625,7696.5,7700.5,0
2024-03-06 01:00:00,7699.7998046875,7708.2001953125,7695.2001953125,7703.7998046875,0
2024-03-06 02:00:00,7704.39990234375,7717.60009765625,7702.60009765625,7715.7998046875,0
2024-03-06 03:00:00,7715.7998046875,7735.7998046875,7714.7001953125,7735.7998046875,0
2024-03-06 04:00:00,7735.7998046875,7738.2001953125,7724.0,7731.0,0
2024-03-06 05:00:00,7730.7001953125,7733.5,7730.7001953125,7733.5,0
2024-03-06 23:00:00,7719.5,7754.2998046875,7719.5,7749.0,0
2024-03-07 00:00:00,7749.2998046875,7767.10009765625,7744.7001953125,7763.0,0
2024-03-07 01:00:00,7762.39990234375,7766.7001953125,7740.7001953125,7740.7001953125,0
2024-03-07 02:00:00,7741.5,7742.39990234375,7733.2001953125,7741.39990234375,0
2024-03-07 03:00:00,7741.10009765625,7753.7998046875,7732.7001953125,7752.2998046875,0
2024-03-07 04:00:00,7752.39990234375,7762.89990234375,7746.60009765625,7760.2001953125,0
2024-03-07 05:00:00,7759.7998046875,7763.7001953125,7759.7001953125,7763.7001953125,0
2024-03-07 23:00:00,7763.7001953125,7808.60009765625,7763.7001953125,7808.60009765625,0
2024-03-08 00:00:00,7807.0,7836.7001953125,7807.0,7831.89990234375,0
2024-03-08 01:00:00,7831.89990234375,7838.39990234375,7818.60009765625,7827.2998046875,0
2024-03-08 02:00:00,7827.39990234375,7838.0,7820.10009765625,7834.60009765625,0
2024-03-08 03:00:00,7834.60009765625,7849.60009765625,7832.89990234375,7847.39990234375,0
2024-03-08 04:00:00,7847.2998046875,7853.10009765625,7843.5,7845.5,0
2024-03-08 05:00:00,7843.5,7847.0,7843.0,7847.0,0
2024-03-10 23:00:00,7847.0,7847.0,7739.7001953125,7758.2001953125,0
2024-03-11 00:00:00,7758.89990234375,7758.89990234375,7729.0,7737.60009765625,0
2024-03-11 01:00:00,7736.2998046875,7744.7998046875,7732.89990234375,7739.7001953125,0
2024-03-11 02:00:00,7740.0,7740.0,7715.10009765625,7719.7001953125,0
2024-03-11 03:00:00,7720.10009765625,7722.7998046875,7706.7001953125,7708.2001953125,0
2024-03-11 04:00:00,7707.89990234375,7710.5,7696.7998046875,7703.5,0
2024-03-11 05:00:00,7705.10009765625,7705.10009765625,7704.2001953125,7704.2001953125,0
2024-03-11 23:00:00,7704.2001953125,7729.2998046875,7701.2001953125,7729.2998046875,0
2024-03-12 00:00:00,7729.39990234375,7736.7001953125,7708.2001953125,7709.60009765625,0
2024-03-12 01:00:00,7710.2998046875,7724.2001953125,7710.2998046875,7717.2001953125,0
2024-03-12 02:00:00,7717.2998046875,7719.60009765625,7704.2001953125,7705.89990234375,0
2024-03-12 03:00:00,7706.5,7715.89990234375,7706.5,7710.2001953125,0
2024-03-12 04:00:00,7709.60009765625,7710.60009765625,7704.39990234375,7705.10009765625,0
2024-03-12 05:00:00,7704.10009765625,7712.5,7704.0,7712.5,0
2024-03-12 23:00:00,7712.5,7732.0,7710.60009765625,7722.89990234375,0
2024-03-13 00:00:00,7724.2998046875,7736.2998046875,7716.10009765625,7729.10009765625,0
2024-03-13 01:00:00,7730.10009765625,7739.2998046875,7728.2998046875,7735.2001953125,0
2024-03-13 02:00:00,7735.7998046875,7741.7998046875,7727.0,7730.7001953125,0
2024-03-13 03:00:00,7731.2001953125,7731.2001953125,7717.7001953125,7723.0,0
2024-03-13 04:00:00,7722.60009765625,7731.0,7722.60009765625,7725.5,0
2024-03-13 05:00:00,7724.89990234375,7729.39990234375,7724.89990234375,7729.39990234375,0
2024-03-13 23:00:00,7729.39990234375,7744.2001953125,7716.0,7724.2998046875,0
2024-03-14 00:00:00,7722.7998046875,7733.2001953125,7716.89990234375,7719.5,0
2024-03-14 01:00:00,7721.2998046875,7728.7001953125,7719.2001953125,7720.2001953125,0
2024-03-14 02:00:00,7719.2998046875,7724.10009765625,7710.5,7721.39990234375,0
2024-03-14 03:00:00,7721.10009765625,7728.60009765625,7706.0,7709.7001953125,0
2024-03-14 04:00:00,7709.0,7712.7001953125,7700.39990234375,7707.89990234375,0
2024-03-14 05:00:00,7709.2001953125,7713.60009765625,7709.0,7713.60009765625,0
2024-03-14 23:00:00,7713.60009765625,7713.60009765625,7609.7001953125,7619.10009765625,0
2024-03-15 00:00:00,7618.2998046875,7618.2998046875,7591.39990234375,7602.7998046875,0
2024-03-15 01:00:00,7603.10009765625,7618.60009765625,7599.60009765625,7617.2001953125,0
2024-03-15 02:00:00,7615.7001953125,7635.10009765625,7611.10009765625,7631.2998046875,0
2024-03-15 03:00:00,7631.10009765625,7659.60009765625,7631.10009765625,7658.5,0
2024-03-15 04:00:00,7658.60009765625,7665.2998046875,7651.10009765625,7652.89990234375,0
2024-03-15 05:00:00,7653.2001953125,7670.2998046875,7653.10009765625,7670.2998046875,0
2024-03-17 23:00:00,7670.2998046875,7673.2001953125,7642.0,7652.5,0
2024-03-18 00:00:00,7652.60009765625,7660.60009765625,7645.2998046875,7654.39990234375,0
2024-03-18 01:00:00,7653.7001953125,7672.5,7651.2998046875,7669.7998046875,0
2024-03-18 02:00:00,7669.0,7673.39990234375,7657.89990234375,7663.2998046875,0
2024-03-18 03:00:00,7663.7998046875,7667.60009765625,7660.5,7663.60009765625,0
2024-03-18 04:00:00,7663.89990234375,7679.5,7663.89990234375,7673.89990234375,0
2024-03-18 05:00:00,7674.89990234375,7675.7998046875,7674.7998046875,7675.7998046875,0
2024-03-18 23:00:00,7675.7998046875,7690.2998046875,7668.7001953125,7674.10009765625,0
2024-03-19 00:00:00,7674.2001953125,7683.7001953125,7670.60009765625,7680.39990234375,0
2024-03-19 01:00:00,7680.5,7684.5,7666.89990234375,7675.2998046875,0
2024-03-19 02:00:00,7675.39990234375,7684.7998046875,7675.10009765625,7679.2998046875,0
2024-03-19 03:00:00,7679.7001953125,7704.89990234375,7678.7001953125,7694.7998046875,0
2024-03-19 04:00:00,7695.2001953125,7708.0,7692.0,7708.0,0
2024-03-19 05:00:00,7707.2001953125,7707.2998046875,7703.2001953125,7703.2001953125,0
2024-03-19 23:00:00,7703.2001953125,7738.10009765625,7702.2998046875,7718.7001953125,0
2024-03-20 00:00:00,7718.7001953125,7722.0,7711.5,7712.2998046875,0
2024-03-20 01:00:00,7710.7998046875,7727.7998046875,7705.89990234375,7721.39990234375,0
2024-03-20 02:00:00,7722.7998046875,7728.0,7706.5,7715.60009765625,0
2024-03-20 03:00:00,7715.2998046875,7717.60009765625,7701.0,7703.0,0
2024-03-20 04:00:00,7703.7998046875,7703.7998046875,7694.60009765625,7695.89990234375,0
2024-03-20 05:00:00,7695.10009765625,7695.7998046875,7695.10009765625,7695.7998046875,0
2024-03-20 23:00:00,7695.7998046875,7776.5,7695.7998046875,7759.7998046875,0
2024-03-21 00:00:00,7760.60009765625,7761.2998046875,7723.60009765625,7740.2998046875,0
2024-03-21 01:00:00,7739.89990234375,7742.60009765625,7731.89990234375,7737.0,0
2024-03-21 02:00:00,7736.89990234375,7763.60009765625,7736.7998046875,7762.39990234375,0
2024-03-21 03:00:00,7762.2998046875,7781.7998046875,7760.7998046875,7777.39990234375,0
2024-03-21 04:00:00,7777.7998046875,7787.2001953125,7777.7998046875,7784.5,0
2024-03-21 05:00:00,7784.7001953125,7784.89990234375,7782.0,7782.0,0
2024-03-21 23:00:00,7782.0,7786.7998046875,7763.10009765625,7764.89990234375,0
2024-03-22 00:00:00,7764.2998046875,7765.2998046875,7745.7998046875,7755.5,0
2024-03-22 01:00:00,7755.2998046875,7761.7998046875,7742.2998046875,7743.0,0
2024-03-22 02:00:00,7743.2998046875,7749.2998046875,7738.60009765625,7745.0,0
2024-03-22 03:00:00,7745.0,7756.7001953125,7745.0,7756.60009765625,0
2024-03-22 04:00:00,7755.5,7767.60009765625,7755.5,7762.7998046875,0
2024-03-22 05:00:00,7763.7001953125,7770.60009765625,7763.7001953125,7770.60009765625,0
2024-03-24 23:00:00,7770.60009765625,7830.7998046875,7770.60009765625,7830.7998046875,0
2024-03-25 00:00:00,7830.39990234375,7844.39990234375,7812.0,7815.7998046875,0
2024-03-25 01:00:00,7816.2998046875,7816.2998046875,7802.2998046875,7812.10009765625,0
2024-03-25 02:00:00,7814.2998046875,7819.7001953125,7809.60009765625,7811.5,0
2024-03-25 03:00:00,7812.0,7817.2998046875,7810.39990234375,7815.7001953125,0
2024-03-25 04:00:00,7816.2001953125,7820.10009765625,7812.7998046875,7816.2998046875,0
2024-03-25 05:00:00,7816.2998046875,7816.2998046875,7811.89990234375,7811.89990234375,0
2024-03-25 23:00:00,7811.89990234375,7811.89990234375,7776.7001953125,7794.10009765625,0
2024-03-26 00:00:00,7793.39990234375,7811.5,7790.5,7810.2001953125,0
2024-03-26 01:00:00,7811.2001953125,7812.2998046875,7806.10009765625,7809.60009765625,0
2024-03-26 02:00:00,7809.0,7809.2998046875,7793.89990234375,7794.7998046875,0
2024-03-26 03:00:00,7795.0,7795.2001953125,7776.39990234375,7777.0,0
2024-03-26 04:00:00,7776.60009765625,7790.10009765625,7775.7001953125,7783.60009765625,0
2024-03-26 05:00:00,7782.39990234375,7782.39990234375,7780.2001953125,7780.2001953125,0
2024-03-26 23:00:00,7780.2001953125,7792.89990234375,7771.7998046875,7786.5,0
2024-03-27 00:00:00,7787.39990234375,7809.0,7781.7998046875,7806.2001953125,0
2024-03-27 01:00:00,7805.89990234375,7809.2001953125,7799.7998046875,7806.2998046875,0
2024-03-27 02:00:00,7806.5,7807.5,7795.0,7799.10009765625,0
2024-03-27 03:00:00,7799.2001953125,7804.7001953125,7797.89990234375,7804.5,0
2024-03-27 04:00:00,7804.5,7817.2998046875,7803.7001953125,7813.7001953125,0
2024-03-27 05:00:00,7814.60009765625,7819.60009765625,7814.60009765625,7819.60009765625,0
2024-03-27 23:00:00,7819.60009765625,7888.2998046875,7819.60009765625,7877.89990234375,0
2024-03-28 00:00:00,7879.2001953125,7897.60009765625,7875.10009765625,7897.60009765625,0
2024-03-28 01:00:00,7897.60009765625,7901.2001953125,7882.5,7888.0,0
2024-03-28 02:00:00,7888.10009765625,7895.10009765625,7883.7998046875,7886.5,0
2024-03-28 03:00:00,7887.5,7896.5,7885.89990234375,7892.2998046875,0
2024-03-28 04:00:00,7891.60009765625,7898.10009765625,7888.60009765625,7897.0,0
2024-03-28 05:00:00,7894.7998046875,7896.89990234375,7894.7998046875,7896.89990234375,0
2024-04-01 23:00:00,7896.89990234375,7910.2998046875,7867.7998046875,7909.89990234375,0
2024-04-02 00:00:00,7909.0,7910.5,7900.2998046875,7901.7001953125,0
2024-04-02 01:00:00,7903.0,7907.0,7891.60009765625,7899.60009765625,0
2024-04-02 02:00:00,7900.39990234375,7902.5,7886.7001953125,7890.10009765625,0
2024-04-02 03:00:00,7890.10009765625,7892.2998046875,7874.7998046875,7875.5,0
2024-04-02 04:00:00,7874.39990234375,7887.7001953125,7871.60009765625,7883.7998046875,0
2024-04-02 05:00:00,7886.0,7887.89990234375,7886.0,7887.89990234375,0
2024-04-02 23:00:00,7887.89990234375,7895.7001953125,7837.2001953125,7839.2998046875,0
2024-04-03 00:00:00,7838.2001953125,7838.2001953125,7791.5,7791.5,0
2024-04-03 01:00:00,7784.60009765625,7805.0,7784.5,7790.5,0
2024-04-03 02:00:00,7790.7998046875,7797.5,7778.5,7784.10009765625,0
2024-04-03 03:00:00,7784.0,7794.10009765625,7783.2998046875,7791.10009765625,0
2024-04-03 04:00:00,7791.60009765625,7792.60009765625,7770.89990234375,7784.7001953125,0
2024-04-03 05:00:00,7785.2001953125,7785.39990234375,7782.5,7782.5,0
2024-04-03 23:00:00,7782.5,7834.39990234375,7782.5,7825.2998046875,0
2024-04-04 00:00:00,7825.60009765625,7827.89990234375,7816.5,7820.60009765625,0
2024-04-04 01:00:00,7820.0,7825.0,7816.7001953125,7824.10009765625,0
2024-04-04 02:00:00,7823.89990234375,7823.89990234375,7814.60009765625,7818.2001953125,0
2024-04-04 03:00:00,7817.89990234375,7817.89990234375,7811.60009765625,7814.2998046875,0
2024-04-04 04:00:00,7815.10009765625,7821.10009765625,7811.0,7816.60009765625,0
2024-04-04 05:00:00,7815.5,7817.2998046875,7815.5,7817.2998046875,0
2024-04-04 23:00:00,7817.2998046875,7817.2998046875,7744.10009765625,7770.2001953125,0
2024-04-05 00:00:00,7770.7001953125,7786.89990234375,7770.7001953125,7780.2001953125,0
2024-04-05 01:00:00,7781.5,7781.5,7744.10009765625,7745.89990234375,0
2024-04-05 02:00:00,7746.39990234375,7752.2998046875,7742.2998046875,7744.39990234375,0
2024-04-05 03:00:00,7744.2998046875,7767.2001953125,7741.5,7767.2001953125,0
2024-04-05 04:00:00,7767.2998046875,7770.89990234375,7763.39990234375,7769.2998046875,0
2024-04-05 05:00:00,7768.60009765625,7773.2998046875,7768.2998046875,7773.2998046875,0
2024-04-08 00:00:00,7773.2998046875,7794.60009765625,7769.39990234375,7792.2001953125,0
2024-04-08 01:00:00,7794.0,7796.89990234375,7786.39990234375,7792.7001953125,0
2024-04-08 02:00:00,7792.89990234375,7801.5,7790.39990234375,7798.0,0
2024-04-08 03:00:00,7798.5,7798.5,7777.5,7781.5,0
2024-04-08 04:00:00,7782.0,7784.0,7778.10009765625,7780.7001953125,0
2024-04-08 05:00:00,7779.89990234375,7790.5,7779.39990234375,7785.39990234375,0
2024-04-08 06:00:00,7785.5,7789.10009765625,7785.39990234375,7789.10009765625,0
2024-04-09 00:00:00,7789.10009765625,7835.10009765625,7789.10009765625,7821.5,0
2024-04-09 01:00:00,7822.10009765625,7832.60009765625,7815.7001953125,7830.0,0
2024-04-09 02:00:00,7830.2001953125,7831.5,7818.39990234375,7823.7998046875,0
2024-04-09 03:00:00,7824.5,7827.7998046875,7823.60009765625,7827.60009765625,0
2024-04-09 04:00:00,7827.7998046875,7833.60009765625,7826.89990234375,7831.10009765625,0
2024-04-09 05:00:00,7830.7998046875,7831.7998046875,7821.60009765625,7823.10009765625,0
2024-04-09 06:00:00,7822.39990234375,7824.2001953125,7822.39990234375,7824.2001953125,0
2024-04-10 00:00:00,7824.2001953125,7869.2998046875,7824.2001953125,7859.39990234375,0
2024-04-10 01:00:00,7858.89990234375,7862.89990234375,7840.7998046875,7859.60009765625,0
2024-04-10 02:00:00,7858.2998046875,7867.10009765625,7857.7998046875,7866.5,0
2024-04-10 03:00:00,7866.5,7868.7998046875,7853.5,7853.7001953125,0
2024-04-10 04:00:00,7853.5,7854.10009765625,7845.7001953125,7846.39990234375,0
2024-04-10 05:00:00,7847.39990234375,7852.2998046875,7844.0,7844.0,0
2024-04-10 06:00:00,7844.7001953125,7848.5,7844.7001953125,7848.5,0
2024-04-11 00:00:00,7848.5,7848.5,7752.10009765625,7793.2001953125,0
2024-04-11 01:00:00,7793.7001953125,7800.2998046875,7780.2998046875,7793.10009765625,0
2024-04-11 02:00:00,7793.89990234375,7804.39990234375,7793.89990234375,7803.10009765625,0
2024-04-11 03:00:00,7803.7001953125,7812.7001953125,7799.89990234375,7812.7001953125,0
2024-04-11 04:00:00,7812.2998046875,7818.7998046875,7810.2001953125,7818.39990234375,0
2024-04-11 05:00:00,7818.7001953125,7822.7998046875,7813.5,7816.7998046875,0
2024-04-11 06:00:00,7817.2998046875,7817.2998046875,7813.60009765625,7813.60009765625,0
2024-04-12 00:00:00,7813.60009765625,7813.60009765625,7765.2998046875,7787.89990234375,0
2024-04-12 01:00:00,7788.60009765625,7794.7998046875,7781.2998046875,7791.10009765625,0
2024-04-12 02:00:00,7790.2001953125,7795.2001953125,7781.0,7788.7998046875,0
2024-04-12 03:00:00,7789.0,7797.2001953125,7786.60009765625,7790.7998046875,0
2024-04-12 04:00:00,7790.7998046875,7797.39990234375,7784.7998046875,7784.89990234375,0
2024-04-12 05:00:00,7784.7998046875,7790.5,7779.7001953125,7787.7001953125,0
2024-04-12 06:00:00,7787.2998046875,7788.10009765625,7787.2998046875,7788.10009765625,0
2024-04-15 00:00:00,7788.10009765625,7788.89990234375,7740.7998046875,7750.7001953125,0
2024-04-15 01:00:00,7751.7001953125,7753.2001953125,7735.2001953125,7748.60009765625,0
2024-04-15 02:00:00,7748.2998046875,7755.0,7743.5,7744.7998046875,0
2024-04-15 03:00:00,7744.5,7761.10009765625,7738.2998046875,7758.0,0
2024-04-15 04:00:00,7758.0,7761.7001953125,7748.7001953125,7751.0,0
2024-04-15 05:00:00,7751.60009765625,7758.60009765625,7747.2998046875,7755.2998046875,0
2024-04-15 06:00:00,7754.5,7755.7998046875,7752.5,7752.5,0
2024-04-16 00:00:00,7752.5,7752.5,7654.60009765625,7654.60009765625,0
2024-04-16 01:00:00,7654.60009765625,7658.10009765625,7634.7998046875,7636.5,0
2024-04-16 02:00:00,7635.89990234375,7635.89990234375,7600.39990234375,7610.89990234375,0
2024-04-16 03:00:00,7611.60009765625,7612.0,7586.39990234375,7603.10009765625,0
2024-04-16 04:00:00,7603.7998046875,7612.2001953125,7585.7998046875,7611.7001953125,0
2024-04-16 05:00:00,7611.60009765625,7624.7998046875,7610.5,7623.0,0
2024-04-16 06:00:00,7624.39990234375,7624.39990234375,7612.5,7612.5,0
2024-04-17 00:00:00,7612.5,7622.7001953125,7596.7001953125,7617.10009765625,0
2024-04-17 01:00:00,7617.5,7626.5,7609.89990234375,7626.2998046875,0
2024-04-17 02:00:00,7627.2998046875,7636.60009765625,7623.89990234375,7627.39990234375,0
2024-04-17 03:00:00,7627.0,7630.89990234375,7624.0,7627.5,0
2024-04-17 04:00:00,7626.60009765625,7628.89990234375,7616.89990234375,7618.7998046875,0
2024-04-17 05:00:00,7618.60009765625,7624.5,7611.5,7613.5,0
2024-04-17 06:00:00,7613.7001953125,7613.7001953125,7605.60009765625,7605.60009765625,0
2024-04-18 00:00:00,7605.60009765625,7643.60009765625,7605.60009765625,7640.5,0
2024-04-18 01:00:00,7641.7998046875,7646.2001953125,7632.5,7637.60009765625,0
2024-04-18 02:00:00,7637.0,7653.39990234375,7634.2998046875,7653.2998046875,0
2024-04-18 03:00:00,7653.5,7656.7998046875,7644.89990234375,7645.2998046875,0
2024-04-18 04:00:00,7646.10009765625,7653.5,7637.60009765625,7637.60009765625,0
2024-04-18 05:00:00,7637.2001953125,7644.7998046875,7632.39990234375,7638.2998046875,0
2024-04-18 06:00:00,7638.2001953125,7642.10009765625,7638.10009765625,7642.10009765625,0
2024-04-19 00:00:00,7642.10009765625,7642.10009765625,7550.7998046875,7556.7998046875,0
2024-04-19 01:00:00,7559.60009765625,7569.60009765625,7509.7001953125,7528.39990234375,0
2024-04-19 02:00:00,7529.7001953125,7534.10009765625,7492.60009765625,7531.5,0
2024-04-19 03:00:00,7531.7001953125,7553.5,7527.0,7553.5,0
2024-04-19 04:00:00,7553.60009765625,7563.2001953125,7543.2998046875,7548.39990234375,0
2024-04-19 05:00:00,7548.89990234375,7562.7998046875,7546.7998046875,7556.2998046875,0
2024-04-19 06:00:00,7555.7001953125,7567.2998046875,7555.7001953125,7567.2998046875,0
2024-04-22 00:00:00,7567.2998046875,7678.60009765625,7567.2998046875,7660.0,0
2024-04-22 01:00:00,7658.0,7659.60009765625,7636.0,7638.0,0
2024-04-22 02:00:00,7639.5,7646.7998046875,7635.2998046875,7640.39990234375,0
2024-04-22 03:00:00,7640.5,7646.0,7629.5,7633.7998046875,0
2024-04-22 04:00:00,7633.10009765625,7638.39990234375,7627.89990234375,7636.89990234375,0
2024-04-22 05:00:00,7637.2998046875,7642.2998046875,7629.7001953125,7642.2998046875,0
2024-04-22 06:00:00,7641.5,7649.2001953125,7641.2001953125,7649.2001953125,0
2024-04-23 00:00:00,7649.2001953125,7694.89990234375,7648.5,7687.2998046875,0
2024-04-23 01:00:00,7687.2001953125,7690.7998046875,7675.10009765625,7675.10009765625,0
2024-04-23 02:00:00,7675.5,7683.5,7672.60009765625,7679.10009765625,0
2024-04-23 03:00:00,7679.0,7682.7998046875,7674.89990234375,7681.5,0
2024-04-23 04:00:00,7681.60009765625,7685.39990234375,7678.7998046875,7680.39990234375,0
2024-04-23 05:00:00,7680.2998046875,7680.2998046875,7673.7001953125,7677.2998046875,0
2024-04-23 06:00:00,7676.39990234375,7683.5,7676.0,7683.5,0
2024-04-24 00:00:00,7683.5,7723.89990234375,7682.10009765625,7723.5,0
2024-04-24 01:00:00,7722.60009765625,7724.0,7679.7001953125,7701.5,0
2024-04-24 02:00:00,7701.2998046875,7709.7001953125,7698.2001953125,7702.39990234375,0
2024-04-24 03:00:00,7702.2998046875,7707.60009765625,7687.2998046875,7687.2998046875,0
2024-04-24 04:00:00,7687.2001953125,7699.39990234375,7684.2001953125,7697.2001953125,0
2024-04-24 05:00:00,7697.89990234375,7698.10009765625,7688.7998046875,7691.2998046875,0
2024-04-24 06:00:00,7690.60009765625,7690.7001953125,7683.0,7683.0,0
2024-04-26 00:00:00,7683.0,7683.0,7575.7998046875,7589.10009765625,0
2024-04-26 01:00:00,7589.5,7595.2001953125,7578.89990234375,7579.2001953125,0
2024-04-26 02:00:00,7579.89990234375,7596.60009765625,7576.2998046875,7583.60009765625,0
2024-04-26 03:00:00,7582.7001953125,7592.10009765625,7582.60009765625,7592.10009765625,0
2024-04-26 04:00:00,7592.0,7592.39990234375,7575.7998046875,7575.7998046875,0
2024-04-26 05:00:00,7576.10009765625,7582.39990234375,7568.10009765625,7582.39990234375,0
2024-04-26 06:00:00,7581.2998046875,7581.5,7575.89990234375,7575.89990234375,0
2024-04-29 00:00:00,7575.89990234375,7638.7001953125,7575.89990234375,7617.60009765625,0
2024-04-29 01:00:00,7618.5,7619.0,7608.10009765625,7617.7998046875,0
2024-04-29 02:00:00,7617.2998046875,7635.2001953125,7614.10009765625,7628.2001953125,0
2024-04-29 03:00:00,7627.7001953125,7632.0,7625.5,7627.7998046875,0
2024-04-29 04:00:00,7626.7001953125,7642.2001953125,7626.5,7640.39990234375,0
2024-04-29 05:00:00,7639.7998046875,7646.39990234375,7636.0,7636.0,0
2024-04-29 06:00:00,7634.7001953125,7637.39990234375,7634.60009765625,7637.39990234375,0
2024-04-30 00:00:00,7637.39990234375,7651.2998046875,7623.39990234375,7647.0,0
2024-04-30 01:00:00,7646.60009765625,7658.7001953125,7643.5,7653.39990234375,0
2024-04-30 02:00:00,7653.0,7658.2001953125,7645.0,7655.0,0
2024-04-30 03:00:00,7655.10009765625,7658.7998046875,7649.89990234375,7651.60009765625,0
2024-04-30 04:00:00,7653.0,7653.7998046875,7648.10009765625,7653.0,0
2024-04-30 05:00:00,7652.7001953125,7660.10009765625,7651.60009765625,7658.2998046875,0
2024-04-30 06:00:00,7657.7001953125,7657.7998046875,7657.7001953125,7657.7998046875,0
2024-05-01 00:00:00,7664.10009765625,7664.10009765625,7556.5,7572.5,0
2024-05-01 01:00:00,7572.5,7582.0,7569.39990234375,7579.89990234375,0
2024-05-01 02:00:00,7578.89990234375,7582.2998046875,7563.7998046875,7578.7998046875,0
2024-05-01 03:00:00,7579.0,7592.2001953125,7579.0,7592.2001953125,0
2024-05-01 04:00:00,7592.60009765625,7599.60009765625,7587.60009765625,7591.2998046875,0
2024-05-01 05:00:00,7590.89990234375,7590.89990234375,7577.5,7579.0,0
2024-05-01 06:00:00,7578.89990234375,7578.89990234375,7569.89990234375,7569.89990234375,0
2024-05-02 00:00:00,7569.89990234375,7589.0,7569.89990234375,7576.7001953125,0
2024-05-02 01:00:00,7575.7998046875,7613.7998046875,7574.10009765625,7610.39990234375,0
2024-05-02 02:00:00,7612.60009765625,7616.0,7602.7998046875,7604.10009765625,0
2024-05-02 03:00:00,7604.7001953125,7606.2001953125,7597.7001953125,7597.7001953125,0
2024-05-02 04:00:00,7598.5,7604.2998046875,7595.0,7597.2998046875,0
2024-05-02 05:00:00,7597.10009765625,7601.60009765625,7592.2998046875,7597.2001953125,0
2024-05-02 06:00:00,7596.60009765625,7596.60009765625,7587.0,7587.0,0
2024-05-03 00:00:00,7587.0,7628.2001953125,7587.0,7619.89990234375,0
2024-05-03 01:00:00,7619.39990234375,7634.60009765625,7616.2998046875,7629.7001953125,0
2024-05-03 02:00:00,7629.2001953125,7640.2001953125,7624.7001953125,7638.10009765625,0
2024-05-03 03:00:00,7637.10009765625,7639.7001953125,7628.89990234375,7631.7001953125,0
2024-05-03 04:00:00,7631.5,7632.7001953125,7624.0,7632.0,0
2024-05-03 05:00:00,7632.2001953125,7636.2001953125,7628.7001953125,7634.5,0
2024-05-03 06:00:00,7633.7001953125,7633.7001953125,7629.0,7629.0,0
2024-05-06 00:00:00,7629.0,7665.2998046875,7629.0,7664.5,0
2024-05-06 01:00:00,7663.5,7673.7998046875,7663.5,7671.5,0
2024-05-06 02:00:00,7672.10009765625,7679.2998046875,7669.2001953125,7670.7001953125,0
2024-05-06 03:00:00,7671.10009765625,7678.39990234375,7667.2998046875,7676.39990234375,0
2024-05-06 04:00:00,7676.39990234375,7683.2998046875,7674.60009765625,7681.5,0
2024-05-06 05:00:00,7681.10009765625,7684.10009765625,7673.10009765625,7673.10009765625,0
2024-05-06 06:00:00,7675.0,7682.39990234375,7674.7001953125,7682.39990234375,0
2024-05-07 00:00:00,7682.39990234375,7741.7998046875,7682.39990234375,7714.39990234375,0
2024-05-07 01:00:00,7717.10009765625,7722.7001953125,7708.10009765625,7714.5,0
2024-05-07 02:00:00,7714.7998046875,7722.2998046875,7710.7001953125,7718.2998046875,0
2024-05-07 03:00:00,7718.39990234375,7744.10009765625,7718.39990234375,7744.10009765625,0
2024-05-07 04:00:00,7742.60009765625,7780.7998046875,7741.7001953125,7776.89990234375,0
2024-05-07 05:00:00,7776.39990234375,7787.60009765625,7772.2998046875,7784.5,0
2024-05-07 06:00:00,7784.7998046875,7793.2998046875,7784.7001953125,7793.2998046875,0
2024-05-08 00:00:00,7793.2998046875,7814.89990234375,7793.2998046875,7800.89990234375,0
2024-05-08 01:00:00,7800.60009765625,7804.2001953125,7796.2998046875,7803.10009765625,0
2024-05-08 02:00:00,7803.5,7807.10009765625,7790.7998046875,7794.2001953125,0
2024-05-08 03:00:00,7794.0,7799.89990234375,7788.2001953125,7792.5,0
2024-05-08 04:00:00,7792.7998046875,7803.7001953125,7789.7998046875,7790.7998046875,0
2024-05-08 05:00:00,7791.7998046875,7795.5,7788.10009765625,7795.0,0
2024-05-08 06:00:00,7794.7998046875,7804.5,7794.7001953125,7804.5,0
2024-05-09 00:00:00,7804.2998046875,7804.2998046875,7759.7998046875,7760.89990234375,0
2024-05-09 01:00:00,7761.7998046875,7763.2001953125,7744.0,7750.5,0
2024-05-09 02:00:00,7750.0,7750.0,7729.60009765625,7739.10009765625,0
2024-05-09 03:00:00,7739.5,7744.7998046875,7728.10009765625,7731.5,0
2024-05-09 04:00:00,7730.7998046875,7731.5,7715.39990234375,7719.7001953125,0
2024-05-09 05:00:00,7720.2001953125,7724.5,7715.2001953125,7720.10009765625,0
2024-05-09 06:00:00,7719.7001953125,7721.60009765625,7719.7001953125,7721.60009765625,0
2024-05-10 00:00:00,7721.60009765625,7755.39990234375,7721.60009765625,7755.2998046875,0
2024-05-10 01:00:00,7756.39990234375,7765.7998046875,7755.39990234375,7756.0,0
2024-05-10 02:00:00,7758.60009765625,7761.2001953125,7752.60009765625,7754.89990234375,0
2024-05-10 03:00:00,7755.7001953125,7761.7998046875,7754.7998046875,7761.0,0
2024-05-10 04:00:00,7761.0,7768.5,7760.89990234375,7764.39990234375,0
2024-05-10 05:00:00,7763.0,7765.5,7751.60009765625,7753.10009765625,0
2024-05-10 06:00:00,7754.7998046875,7754.7998046875,7749.0,7749.0,0
2024-05-13 00:00:00,7749.0,7749.0,7724.60009765625,7738.7001953125,0
2024-05-13 01:00:00,7739.60009765625,7743.10009765625,7732.0,7741.10009765625,0
2024-05-13 02:00:00,7741.5,7741.5,7730.89990234375,7732.2001953125,0
2024-05-13 03:00:00,7732.2998046875,7734.89990234375,7727.39990234375,7730.7998046875,0
2024-05-13 04:00:00,7730.7001953125,7731.2998046875,7721.5,7727.39990234375,0
2024-05-13 05:00:00,7727.7998046875,7744.39990234375,7727.7998046875,7742.0,0
2024-05-13 06:00:00,7743.0,7750.0,7743.0,7750.0,0
2024-05-14 00:00:00,7750.0,7750.0,7732.7001953125,7736.5,0
2024-05-14 01:00:00,7737.10009765625,7737.7998046875,7727.0,7730.0,0
2024-05-14 02:00:00,7729.89990234375,7732.2001953125,7725.89990234375,7726.60009765625,0
2024-05-14 03:00:00,7725.7998046875,7727.39990234375,7716.7998046875,7717.10009765625,0
2024-05-14 04:00:00,7717.2001953125,7721.7001953125,7714.60009765625,7718.39990234375,0
2024-05-14 05:00:00,7717.7001953125,7725.60009765625,7716.0,7721.39990234375,0
2024-05-14 06:00:00,7723.2001953125,7726.7998046875,7723.10009765625,7726.7998046875,0
2024-05-15 00:00:00,7726.7998046875,7784.7998046875,7726.7998046875,7770.7001953125,0
2024-05-15 01:00:00,7771.2001953125,7771.2001953125,7761.60009765625,7766.0,0
2024-05-15 02:00:00,7766.7001953125,7766.7998046875,7757.10009765625,7760.0,0
2024-05-15 03:00:00,7760.5,7765.0,7759.39990234375,7762.2001953125,0
2024-05-15 04:00:00,7762.89990234375,7766.10009765625,7759.60009765625,7762.5,0
2024-05-15 05:00:00,7763.2998046875,7764.0,7757.5,7757.5,0
2024-05-15 06:00:00,7757.0,7757.10009765625,7753.7001953125,7753.7001953125,0
2024-05-16 00:00:00,7753.7001953125,7856.10009765625,7753.7001953125,7854.89990234375,0
2024-05-16 01:00:00,7855.39990234375,7890.7001953125,7851.7998046875,7889.2001953125,0
2024-05-16 02:00:00,7889.89990234375,7891.5,7877.7998046875,7877.7998046875,0
2024-05-16 03:00:00,7878.2998046875,7878.7001953125,7870.60009765625,7872.39990234375,0
2024-05-16 04:00:00,7873.0,7895.2001953125,7868.39990234375,7893.0,0
2024-05-16 05:00:00,7892.10009765625,7900.2001953125,7886.89990234375,7891.2998046875,0
2024-05-16 06:00:00,7889.39990234375,7889.39990234375,7881.2998046875,7881.2998046875,0
2024-05-17 00:00:00,7881.2998046875,7885.10009765625,7837.7998046875,7852.89990234375,0
2024-05-17 01:00:00,7852.0,7855.60009765625,7839.5,7839.89990234375,0
2024-05-17 02:00:00,7840.0,7844.2998046875,7832.60009765625,7835.0,0
2024-05-17 03:00:00,7835.5,7837.60009765625,7822.7001953125,7823.2001953125,0
2024-05-17 04:00:00,7823.5,7827.7001953125,7819.0,7821.7998046875,0
2024-05-17 05:00:00,7820.0,7823.10009765625,7810.2998046875,7815.60009765625,0
2024-05-17 06:00:00,7816.2001953125,7816.2001953125,7814.39990234375,7814.39990234375,0
2024-05-20 00:00:00,7814.39990234375,7861.89990234375,7814.39990234375,7858.2001953125,0
2024-05-20 01:00:00,7857.7998046875,7870.5,7852.2998046875,7861.39990234375,0
2024-05-20 02:00:00,7862.2998046875,7867.39990234375,7861.2998046875,7865.60009765625,0
2024-05-20 03:00:00,7865.60009765625,7870.7998046875,7861.7001953125,7866.2998046875,0
2024-05-20 04:00:00,7865.89990234375,7873.7998046875,7859.2001953125,7867.39990234375,0
2024-05-20 05:00:00,7867.2998046875,7869.60009765625,7861.5,7863.2998046875,0
2024-05-20 06:00:00,7864.39990234375,7864.39990234375,7863.7001953125,7863.7001953125,0
2024-05-21 00:00:00,7863.7001953125,7870.2001953125,7844.39990234375,7846.60009765625,0
2024-05-21 01:00:00,7847.5,7851.2998046875,7844.10009765625,7846.7998046875,0
2024-05-21 02:00:00,7846.2998046875,7857.7001953125,7843.2001953125,7843.7998046875,0
2024-05-21 03:00:00,7843.89990234375,7849.2001953125,7841.5,7848.7998046875,0
2024-05-21 04:00:00,7847.7998046875,7860.2998046875,7847.2998046875,7858.0,0
2024-05-21 05:00:00,7858.10009765625,7858.10009765625,7847.5,7848.0,0
2024-05-21 06:00:00,7849.39990234375,7851.7001953125,7849.39990234375,7851.7001953125,0
2024-05-22 00:00:00,7851.7001953125,7875.2001953125,7851.7001953125,7872.0,0
2024-05-22 01:00:00,7871.89990234375,7879.60009765625,7863.10009765625,7879.60009765625,0
2024-05-22 02:00:00,7878.89990234375,7878.89990234375,7852.89990234375,7855.7998046875,0
2024-05-22 03:00:00,7856.0,7857.7998046875,7851.5,7856.7998046875,0
2024-05-22 04:00:00,7856.39990234375,7860.39990234375,7851.2998046875,7851.2998046875,0
2024-05-22 05:00:00,7850.60009765625,7858.89990234375,7849.10009765625,7858.89990234375,0
2024-05-22 06:00:00,7858.60009765625,7858.7001953125,7848.10009765625,7848.10009765625,0
2024-05-23 00:00:00,7848.10009765625,7848.10009765625,7766.2001953125,7769.5,0
2024-05-23 01:00:00,7769.0,7791.89990234375,7764.60009765625,7791.89990234375,0
2024-05-23 02:00:00,7789.7998046875,7804.2998046875,7789.7998046875,7804.2998046875,0
2024-05-23 03:00:00,7804.60009765625,7818.39990234375,7804.60009765625,7817.2001953125,0
2024-05-23 04:00:00,7818.2998046875,7818.39990234375,7806.10009765625,7810.10009765625,0
2024-05-23 05:00:00,7810.39990234375,7811.0,7805.0,7806.39990234375,0
2024-05-23 06:00:00,7804.89990234375,7811.7998046875,7804.60009765625,7811.7998046875,0
2024-05-24 00:00:00,7811.7998046875,7811.7998046875,7716.89990234375,7740.0,0
2024-05-24 01:00:00,7740.7001953125,7744.89990234375,7726.2001953125,7729.0,0
2024-05-24 02:00:00,7729.10009765625,7730.2998046875,7722.2001953125,7729.89990234375,0
2024-05-24 03:00:00,7729.39990234375,7729.89990234375,7718.10009765625,7719.39990234375,0
2024-05-24 04:00:00,7719.5,7733.2998046875,7719.5,7731.60009765625,0
2024-05-24 05:00:00,7731.60009765625,7734.10009765625,7724.5,7734.0,0
2024-05-24 06:00:00,7734.10009765625,7734.2998046875,7727.60009765625,7727.60009765625,0
2024-05-27 00:00:00,7734.2998046875,7780.60009765625,7734.2998046875,7779.5,0
2024-05-27 01:00:00,7780.10009765625,7790.2998046875,7770.2001953125,7784.2001953125,0
2024-05-27 02:00:00,7783.7998046875,7786.10009765625,7781.2998046875,7782.5,0
2024-05-27 03:00:00,7782.2001953125,7789.2998046875,7782.2001953125,7787.39990234375,0
2024-05-27 04:00:00,7787.2001953125,7793.2001953125,7784.39990234375,7788.7998046875,0
2024-05-27 05:00:00,7788.39990234375,7791.7998046875,7785.2998046875,7787.5,0
2024-05-27 06:00:00,7787.39990234375,7788.2998046875,7787.39990234375,7788.2998046875,0
2024-05-28 00:00:00,7788.2998046875,7801.39990234375,7784.60009765625,7786.89990234375,0
2024-05-28 01:00:00,7787.5,7788.0,7771.0,7772.89990234375,0
2024-05-28 02:00:00,7772.60009765625,7776.7001953125,7769.2001953125,7774.2001953125,0
2024-05-28 03:00:00,7775.10009765625,7776.2998046875,7765.7001953125,7766.10009765625,0
2024-05-28 04:00:00,7766.7001953125,7772.2001953125,7766.7001953125,7768.60009765625,0
2024-05-28 05:00:00,7768.2998046875,7776.39990234375,7767.2998046875,7771.89990234375,0
2024-05-28 06:00:00,7772.7001953125,7772.7998046875,7766.7001953125,7766.7001953125,0
2024-05-29 00:00:00,7766.7001953125,7766.7001953125,7696.5,7700.39990234375,0
2024-05-29 01:00:00,7700.7001953125,7715.2001953125,7686.2998046875,7688.60009765625,0
2024-05-29 02:00:00,7689.0,7699.60009765625,7665.39990234375,7665.39990234375,0
2024-05-29 03:00:00,7665.7001953125,7669.89990234375,7660.89990234375,7662.10009765625,0
2024-05-29 04:00:00,7663.0,7678.7001953125,7662.39990234375,7678.7001953125,0
2024-05-29 05:00:00,7679.0,7684.7001953125,7674.7001953125,7676.7998046875,0
2024-05-29 06:00:00,7675.7001953125,7675.7001953125,7665.60009765625,7665.60009765625,0
2024-05-30 00:00:00,7665.60009765625,7665.60009765625,7601.5,7620.2998046875,0
2024-05-30 01:00:00,7621.39990234375,7632.2998046875,7616.60009765625,7624.39990234375,0
2024-05-30 02:00:00,7624.39990234375,7634.0,7622.2001953125,7624.39990234375,0
2024-05-30 03:00:00,7624.60009765625,7635.60009765625,7620.89990234375,7633.2998046875,0
2024-05-30 04:00:00,7633.5,7633.5,7627.39990234375,7628.7998046875,0
2024-05-30 05:00:00,7629.10009765625,7632.2001953125,7618.89990234375,7618.89990234375,0
2024-05-30 06:00:00,7619.7001953125,7628.2001953125,7619.7001953125,7628.2001953125,0
2024-05-31 00:00:00,7628.2001953125,7687.60009765625,7628.2001953125,7678.2001953125,0
2024-05-31 01:00:00,7678.2001953125,7684.7001953125,7657.89990234375,7666.7998046875,0
2024-05-31 02:00:00,7666.7998046875,7670.2001953125,7660.10009765625,7662.7998046875,0
2024-05-31 03:00:00,7663.2001953125,7671.60009765625,7662.60009765625,7665.2998046875,0
2024-05-31 04:00:00,7664.7998046875,7667.7001953125,7657.5,7666.60009765625,0
2024-05-31 05:00:00,7666.5,7700.7001953125,7663.5,7694.2001953125,0
2024-05-31 06:00:00,7694.89990234375,7701.7001953125,7694.7998046875,7701.7001953125,0
2024-06-03 00:00:00,7701.7001953125,7774.7998046875,7701.7001953125,7770.89990234375,0
2024-06-03 01:00:00,7771.7998046875,7779.0,7756.2001953125,7756.2001953125,0
2024-06-03 02:00:00,7754.7001953125,7764.60009765625,7754.7001953125,7760.60009765625,0
2024-06-03 03:00:00,7761.10009765625,7764.2001953125,7756.10009765625,7757.7998046875,0
2024-06-03 04:00:00,7757.7001953125,7764.2998046875,7756.39990234375,7762.7998046875,0
2024-06-03 05:00:00,7763.0,7764.5,7753.5,7755.39990234375,0
2024-06-03 06:00:00,7754.7998046875,7761.0,7754.7998046875,7761.0,0
2024-06-04 00:00:00,7761.0,7768.2001953125,7754.10009765625,7757.0,0
2024-06-04 01:00:00,7756.5,7757.2001953125,7743.7001953125,7752.7998046875,0
2024-06-04 02:00:00,7751.7001953125,7759.2998046875,7749.60009765625,7755.89990234375,0
2024-06-04 03:00:00,7756.10009765625,7756.2001953125,7743.10009765625,7745.7998046875,0
2024-06-04 04:00:00,7745.60009765625,7752.2001953125,7743.60009765625,7746.39990234375,0
2024-06-04 05:00:00,7747.10009765625,7747.5,7737.2998046875,7741.7001953125,0
2024-06-04 06:00:00,7740.7001953125,7740.7001953125,7737.10009765625,7737.10009765625,0
2024-06-05 00:00:00,7737.10009765625,7761.60009765625,7728.60009765625,7755.7998046875,0
2024-06-05 01:00:00,7756.89990234375,7759.7998046875,7747.89990234375,7757.7998046875,0
2024-06-05 02:00:00,7757.39990234375,7772.10009765625,7757.39990234375,7768.7001953125,0
2024-06-05 03:00:00,7768.7001953125,7774.2998046875,7759.89990234375,7773.60009765625,0
2024-06-05 04:00:00,7773.39990234375,7774.2998046875,7763.7998046875,7765.0,0
2024-06-05 05:00:00,7765.2001953125,7769.7998046875,7754.7001953125,7757.5,0
2024-06-05 06:00:00,7759.5,7769.0,7759.39990234375,7769.0,0
2024-06-06 00:00:00,7769.0,7820.2998046875,7769.0,7819.39990234375,0
2024-06-06 01:00:00,7819.7998046875,7835.60009765625,7818.60009765625,7830.89990234375,0
2024-06-06 02:00:00,7832.39990234375,7833.39990234375,7821.5,7824.5,0
2024-06-06 03:00:00,7823.7001953125,7837.7998046875,7822.89990234375,7830.60009765625,0
2024-06-06 04:00:00,7829.60009765625,7835.5,7826.89990234375,7828.39990234375,0
2024-06-06 05:00:00,7828.2998046875,7831.0,7821.0,7822.5,0
2024-06-06 06:00:00,7822.2001953125,7822.2001953125,7821.7998046875,7821.7998046875,0
2024-06-07 00:00:00,7821.7998046875,7843.7998046875,7821.7998046875,7836.7998046875,0
2024-06-07 01:00:00,7837.10009765625,7841.0,7832.5,7837.5,0
2024-06-07 02:00:00,7837.0,7855.10009765625,7837.0,7854.7001953125,0
2024-06-07 03:00:00,7855.2001953125,7856.2998046875,7840.89990234375,7840.89990234375,0
2024-06-07 04:00:00,7841.0,7855.39990234375,7839.39990234375,7854.39990234375,0
2024-06-07 05:00:00,7853.2998046875,7861.7998046875,7852.7998046875,7859.2998046875,0
2024-06-07 06:00:00,7860.0,7861.7001953125,7859.7998046875,7860.0,0
2024-06-11 00:00:00,7860.0,7860.0,7768.0,7768.0,0
2024-06-11 01:00:00,7768.39990234375,7768.39990234375,7752.39990234375,7753.60009765625,0
2024-06-11 02:00:00,7753.5,7753.5,7735.10009765625,7736.7001953125,0
2024-06-11 03:00:00,7736.2998046875,7752.39990234375,7736.2998046875,7751.2001953125,0
2024-06-11 04:00:00,7750.39990234375,7757.5,7748.0,7755.60009765625,0
2024-06-11 05:00:00,7754.89990234375,7756.89990234375,7743.7001953125,7748.7998046875,0
2024-06-11 06:00:00,7749.10009765625,7755.39990234375,7749.10009765625,7755.39990234375,0
2024-06-12 00:00:00,7755.39990234375,7755.39990234375,7712.89990234375,7714.39990234375,0
2024-06-12 01:00:00,7715.7001953125,7716.39990234375,7699.2001953125,7705.7998046875,0
2024-06-12 02:00:00,7704.60009765625,7714.2998046875,7700.89990234375,7712.2001953125,0
2024-06-12 03:00:00,7709.5,7715.0,7707.10009765625,7715.0,0
2024-06-12 04:00:00,7716.10009765625,7718.10009765625,7706.2001953125,7706.89990234375,0
2024-06-12 05:00:00,7706.7998046875,7719.0,7706.10009765625,7719.0,0
2024-06-12 06:00:00,7718.89990234375,7718.89990234375,7715.5,7715.5,0
2024-06-13 00:00:00,7715.5,7777.7998046875,7714.0,7759.60009765625,0
2024-06-13 01:00:00,7759.7998046875,7760.5,7748.7001953125,7760.5,0
2024-06-13 02:00:00,7760.7001953125,7761.7001953125,7744.39990234375,7755.10009765625,0
2024-06-13 03:00:00,7755.89990234375,7763.7001953125,7754.60009765625,7762.2998046875,0
2024-06-13 04:00:00,7762.0,7762.7998046875,7754.2001953125,7760.0,0
2024-06-13 05:00:00,7758.7001953125,7758.7998046875,7748.39990234375,7748.60009765625,0
2024-06-13 06:00:00,7749.2001953125,7749.7001953125,7749.2001953125,7749.7001953125,0
2024-06-14 00:00:00,7749.7001953125,7751.7998046875,7724.60009765625,7727.7998046875,0
2024-06-14 01:00:00,7727.89990234375,7727.89990234375,7718.0,7719.5,0
2024-06-14 02:00:00,7719.5,7727.5,7718.60009765625,7726.0,0
2024-06-14 03:00:00,7725.60009765625,7734.39990234375,7724.89990234375,7728.39990234375,0
2024-06-14 04:00:00,7728.2998046875,7728.2998046875,7718.5,7726.89990234375,0
2024-06-14 05:00:00,7726.60009765625,7728.7998046875,7724.0,7728.60009765625,0
2024-06-14 06:00:00,7728.7998046875,7728.7998046875,7724.2998046875,7724.2998046875,0
2024-06-17 00:00:00,7724.2998046875,7730.0,7708.7001953125,7729.5,0
2024-06-17 01:00:00,7729.10009765625,7729.10009765625,7711.89990234375,7712.5,0
2024-06-17 02:00:00,7711.7998046875,7718.39990234375,7705.89990234375,7712.10009765625,0
2024-06-17 03:00:00,7711.7001953125,7721.39990234375,7708.2001953125,7720.89990234375,0
2024-06-17 04:00:00,7720.10009765625,7724.39990234375,7712.10009765625,7713.39990234375,0
2024-06-17 05:00:00,7713.7998046875,7714.60009765625,7698.2001953125,7700.39990234375,0
2024-06-17 06:00:00,7700.7001953125,7700.7001953125,7700.2998046875,7700.2998046875,0
2024-06-18 00:00:00,7700.2998046875,7768.2001953125,7700.2998046875,7767.2001953125,0
2024-06-18 01:00:00,7769.2001953125,7771.7998046875,7761.39990234375,7766.10009765625,0
2024-06-18 02:00:00,7767.0,7776.39990234375,7767.0,7774.5,0
2024-06-18 03:00:00,7775.10009765625,7778.5,7771.39990234375,7773.60009765625,0
2024-06-18 04:00:00,7773.2998046875,7780.39990234375,7764.0,7768.2998046875,0
2024-06-18 05:00:00,7769.2998046875,7773.7001953125,7765.39990234375,7770.10009765625,0
2024-06-18 06:00:00,7770.60009765625,7778.10009765625,7770.60009765625,7778.10009765625,0
2024-06-19 00:00:00,7778.10009765625,7787.5,7768.0,7772.2998046875,0
2024-06-19 01:00:00,7773.10009765625,7777.10009765625,7770.2001953125,7775.2001953125,0
2024-06-19 02:00:00,7775.39990234375,7777.7001953125,7772.5,7774.39990234375,0
2024-06-19 03:00:00,7774.2998046875,7775.2998046875,7762.0,7764.5,0
2024-06-19 04:00:00,7764.60009765625,7764.60009765625,7758.5,7762.2001953125,0
2024-06-19 05:00:00,7762.10009765625,7769.2001953125,7755.2001953125,7768.89990234375,0
2024-06-19 06:00:00,7768.5,7769.7001953125,7768.5,7769.7001953125,0
2024-06-20 00:00:00,7769.7001953125,7769.89990234375,7759.89990234375,7765.2001953125,0
2024-06-20 01:00:00,7765.7998046875,7772.0,7761.10009765625,7765.7998046875,0
2024-06-20 02:00:00,7764.60009765625,7765.2998046875,7761.0,7763.7998046875,0
2024-06-20 03:00:00,7763.89990234375,7767.39990234375,7757.0,7757.7001953125,0
2024-06-20 04:00:00,7757.7998046875,7762.0,7753.39990234375,7762.0,0
2024-06-20 05:00:00,7761.5,7767.10009765625,7760.0,7762.10009765625,0
2024-06-20 06:00:00,7761.0,7769.39990234375,7760.7001953125,7769.39990234375,0
2024-06-21 00:00:00,7769.39990234375,7796.89990234375,7765.5,7765.5,0
2024-06-21 01:00:00,7764.39990234375,7770.60009765625,7753.89990234375,7770.0,0
2024-06-21 02:00:00,7769.10009765625,7785.60009765625,7769.0,7785.60009765625,0
2024-06-21 03:00:00,7785.5,7788.60009765625,7780.10009765625,7781.39990234375,0
2024-06-21 04:00:00,7780.7998046875,7787.2998046875,7780.2998046875,7782.2998046875,0
2024-06-21 05:00:00,7782.60009765625,7795.60009765625,7782.60009765625,7795.10009765625,0
2024-06-21 06:00:00,7796.0,7796.2001953125,7796.0,7796.0,0
2024-06-24 00:00:00,7796.0,7796.10009765625,7770.2001953125,7770.5,0
2024-06-24 01:00:00,7769.7998046875,7770.39990234375,7745.60009765625,7747.7001953125,0
2024-06-24 02:00:00,7747.7998046875,7755.5,7740.7001953125,7741.60009765625,0
2024-06-24 03:00:00,7741.5,7745.2998046875,7736.60009765625,7740.5,0
2024-06-24 04:00:00,7739.89990234375,7740.7998046875,7730.5,7738.7998046875,0
2024-06-24 05:00:00,7739.7001953125,7742.5,7731.39990234375,7734.2001953125,0
2024-06-24 06:00:00,7735.2998046875,7735.2998046875,7733.7001953125,7733.7001953125,0
2024-06-25 00:00:00,7737.0,7796.7001953125,7737.0,7784.2001953125,0
2024-06-25 01:00:00,7785.2998046875,7803.7998046875,7784.7998046875,7803.7998046875,0
2024-06-25 02:00:00,7803.39990234375,7810.10009765625,7796.5,7797.5,0
2024-06-25 03:00:00,7797.39990234375,7813.60009765625,7795.10009765625,7813.39990234375,0
2024-06-25 04:00:00,7813.2001953125,7827.2998046875,7812.2998046875,7824.7001953125,0
2024-06-25 05:00:00,7824.5,7834.2001953125,7816.5,7831.89990234375,0
2024-06-25 06:00:00,7831.2998046875,7838.7998046875,7831.0,7838.7998046875,0
2024-06-26 00:00:00,7838.7998046875,7838.7998046875,7773.0,7778.60009765625,0
2024-06-26 01:00:00,7779.60009765625,7799.0,7751.5,7758.7998046875,0
2024-06-26 02:00:00,7759.2998046875,7767.7001953125,7750.5,7767.7001953125,0
2024-06-26 03:00:00,7767.60009765625,7782.2001953125,7764.39990234375,7774.39990234375,0
2024-06-26 04:00:00,7775.10009765625,7787.89990234375,7769.2998046875,7781.2998046875,0
2024-06-26 05:00:00,7778.7001953125,7780.7001953125,7769.0,7769.0,0
2024-06-26 06:00:00,7769.89990234375,7783.0,7769.89990234375,7783.0,0
2024-06-27 00:00:00,7783.0,7783.0,7654.2001953125,7673.60009765625,0
2024-06-27 01:00:00,7675.2998046875,7697.89990234375,7675.10009765625,7697.89990234375,0
2024-06-27 02:00:00,7698.89990234375,7709.60009765625,7698.89990234375,7703.5,0
2024-06-27 03:00:00,7703.7001953125,7708.39990234375,7699.89990234375,7704.39990234375,0
2024-06-27 04:00:00,7704.89990234375,7719.7998046875,7703.7998046875,7718.39990234375,0
2024-06-27 05:00:00,7717.2998046875,7740.7998046875,7715.0,7737.10009765625,0
2024-06-27 06:00:00,7737.7998046875,7759.60009765625,7737.7998046875,7759.60009765625,0
2024-06-28 00:00:00,7759.60009765625,7810.89990234375,7754.89990234375,7787.89990234375,0
2024-06-28 01:00:00,7787.7001953125,7803.60009765625,7786.89990234375,7802.5,0
2024-06-28 02:00:00,7806.5,7819.0,7792.60009765625,7792.7001953125,0
2024-06-28 03:00:00,7792.7001953125,7795.0,7783.2998046875,7791.0,0
2024-06-28 04:00:00,7791.10009765625,7797.7998046875,7776.60009765625,7779.39990234375,0
2024-06-28 05:00:00,7779.0,7779.0,7764.60009765625,7771.0,0
2024-06-28 06:00:00,7771.10009765625,7771.10009765625,7767.5,7767.5,0
2024-07-01 00:00:00,7767.5,7767.5,7710.2998046875,7730.89990234375,0
2024-07-01 01:00:00,7732.10009765625,7749.2998046875,7726.7001953125,7740.10009765625,0
2024-07-01 02:00:00,7740.10009765625,7740.2998046875,7730.0,7735.5,0
2024-07-01 03:00:00,7734.89990234375,7746.2998046875,7734.89990234375,7741.39990234375,0
2024-07-01 04:00:00,7741.5,7741.5,7731.7001953125,7736.5,0
2024-07-01 05:00:00,7736.39990234375,7749.7998046875,7730.2998046875,7749.5,0
2024-07-01 06:00:00,7748.5,7750.7001953125,7748.5,7750.7001953125,0
2024-07-02 00:00:00,7750.7001953125,7754.39990234375,7737.2998046875,7747.7998046875,0
2024-07-02 01:00:00,7747.89990234375,7749.39990234375,7734.0,7735.7998046875,0
2024-07-02 02:00:00,7736.2001953125,7737.7998046875,7716.7998046875,7716.7998046875,0
2024-07-02 03:00:00,7717.39990234375,7719.60009765625,7702.5,7709.2998046875,0
2024-07-02 04:00:00,7709.0,7722.39990234375,7704.39990234375,7722.39990234375,0
2024-07-02 05:00:00,7722.2998046875,7736.7001953125,7721.0,7722.10009765625,0
2024-07-02 06:00:00,7723.39990234375,7723.39990234375,7718.2001953125,7718.2001953125,0
2024-07-03 00:00:00,7718.2001953125,7741.0,7718.2001953125,7735.10009765625,0
2024-07-03 01:00:00,7736.2001953125,7738.2998046875,7722.89990234375,7738.2998046875,0
2024-07-03 02:00:00,7738.2998046875,7744.10009765625,7730.5,7731.7001953125,0
2024-07-03 03:00:00,7731.2001953125,7736.2998046875,7723.2998046875,7728.5,0
2024-07-03 04:00:00,7728.7998046875,7739.89990234375,7720.7001953125,7737.10009765625,0
2024-07-03 05:00:00,7738.0,7739.2998046875,7731.2001953125,7731.39990234375,0
2024-07-03 06:00:00,7732.60009765625,7739.89990234375,7732.60009765625,7739.89990234375,0
2024-07-04 00:00:00,7739.89990234375,7826.60009765625,7739.89990234375,7814.60009765625,0
2024-07-04 01:00:00,7813.2998046875,7826.5,7810.89990234375,7819.5,0
2024-07-04 02:00:00,7819.2001953125,7827.2998046875,7815.5,7818.5,0
2024-07-04 03:00:00,7818.7001953125,7825.10009765625,7815.0,7819.10009765625,0
2024-07-04 04:00:00,7819.0,7829.39990234375,7818.5,7828.7001953125,0
2024-07-04 05:00:00,7828.2001953125,7835.7001953125,7826.89990234375,7832.5,0
2024-07-04 06:00:00,7831.89990234375,7831.89990234375,7831.7998046875,7831.7998046875,0
2024-07-05 00:00:00,7831.7998046875,7831.7998046875,7807.7001953125,7825.2001953125,0
2024-07-05 01:00:00,7824.5,7830.10009765625,7817.2998046875,7829.5,0
2024-07-05 02:00:00,7830.5,7830.89990234375,7818.0,7821.60009765625,0
2024-07-05 03:00:00,7821.39990234375,7825.89990234375,7816.2998046875,7818.2998046875,0
2024-07-05 04:00:00,7818.2998046875,7822.2001953125,7812.2998046875,7819.2998046875,0
2024-07-05 05:00:00,7818.60009765625,7820.2001953125,7811.0,7816.89990234375,0
2024-07-05 06:00:00,7815.89990234375,7822.2998046875,7815.89990234375,7822.2998046875,0
2024-07-08 00:00:00,7822.2998046875,7822.2998046875,7785.7001953125,7790.2998046875,0
2024-07-08 01:00:00,7789.7001953125,7795.10009765625,7784.89990234375,7787.10009765625,0
2024-07-08 02:00:00,7787.2998046875,7791.7001953125,7782.39990234375,7783.7001953125,0
2024-07-08 03:00:00,7783.10009765625,7791.5,7779.7998046875,7781.2001953125,0
2024-07-08 04:00:00,7780.39990234375,7781.5,7766.2001953125,7770.0,0
2024-07-08 05:00:00,7770.10009765625,7770.7998046875,7759.5,7766.0,0
2024-07-08 06:00:00,7765.2998046875,7765.5,7763.2001953125,7763.2001953125,0
2024-07-09 00:00:00,7763.2001953125,7817.2998046875,7763.2001953125,7811.7998046875,0
2024-07-09 01:00:00,7810.89990234375,7829.2998046875,7806.2001953125,7823.0,0
2024-07-09 02:00:00,7822.7001953125,7823.89990234375,7815.7998046875,7819.39990234375,0
2024-07-09 03:00:00,7818.89990234375,7827.7001953125,7816.2001953125,7827.60009765625,0
2024-07-09 04:00:00,7826.89990234375,7829.10009765625,7824.5,7827.7998046875,0
2024-07-09 05:00:00,7827.39990234375,7832.2998046875,7825.89990234375,7827.39990234375,0
2024-07-09 06:00:00,7828.2998046875,7829.7001953125,7828.2998046875,7829.7001953125,0
2024-07-10 00:00:00,7829.7001953125,7829.7001953125,7782.0,7786.7998046875,0
2024-07-10 01:00:00,7787.89990234375,7794.39990234375,7785.7001953125,7792.2001953125,0
2024-07-10 02:00:00,7791.7998046875,7805.60009765625,7791.7001953125,7802.39990234375,0
2024-07-10 03:00:00,7802.60009765625,7814.7001953125,7801.5,7807.89990234375,0
2024-07-10 04:00:00,7806.89990234375,7819.2001953125,7802.5,7818.60009765625,0
2024-07-10 05:00:00,7818.60009765625,7820.89990234375,7810.89990234375,7810.89990234375,0
2024-07-10 06:00:00,7811.60009765625,7816.7998046875,7811.5,7816.7998046875,0
2024-07-11 00:00:00,7816.7998046875,7902.60009765625,7816.7998046875,7889.89990234375,0
2024-07-11 01:00:00,7890.7998046875,7895.60009765625,7875.7001953125,7895.2998046875,0
2024-07-11 02:00:00,7894.2001953125,7895.89990234375,7885.7001953125,7886.5,0
2024-07-11 03:00:00,7887.2001953125,7891.5,7883.10009765625,7889.7001953125,0
2024-07-11 04:00:00,7889.7001953125,7889.7001953125,7880.10009765625,7880.10009765625,0
2024-07-11 05:00:00,7880.0,7891.2998046875,7879.89990234375,7884.7001953125,0
2024-07-11 06:00:00,7886.10009765625,7889.60009765625,7886.10009765625,7889.60009765625,0
2024-07-12 00:00:00,7889.60009765625,7954.5,7889.0,7944.7001953125,0
2024-07-12 01:00:00,7943.7998046875,7969.10009765625,7943.7998046875,7960.60009765625,0
2024-07-12 02:00:00,7959.39990234375,7965.5,7949.2998046875,7957.89990234375,0
2024-07-12 03:00:00,7958.39990234375,7960.60009765625,7949.39990234375,7954.7998046875,0
2024-07-12 04:00:00,7953.5,7957.89990234375,7949.2001953125,7955.2001953125,0
2024-07-12 05:00:00,7955.10009765625,7958.39990234375,7952.0,7954.7001953125,0
2024-07-12 06:00:00,7954.2001953125,7959.2998046875,7954.2001953125,7959.2998046875,0
2024-07-15 00:00:00,7959.2998046875,8037.2998046875,7959.2998046875,8030.5,0
2024-07-15 01:00:00,8030.7001953125,8034.60009765625,8017.2001953125,8030.2001953125,0
2024-07-15 02:00:00,8031.60009765625,8035.2998046875,8017.2001953125,8017.2001953125,0
2024-07-15 03:00:00,8017.5,8018.7001953125,8001.89990234375,8005.2998046875,0
2024-07-15 04:00:00,8005.0,8012.39990234375,8001.7998046875,8009.7001953125,0
2024-07-15 05:00:00,8008.89990234375,8020.2001953125,8007.7998046875,8018.2998046875,0
2024-07-15 06:00:00,8017.7001953125,8017.7998046875,8017.60009765625,8017.60009765625,0
2024-07-16 00:00:00,8017.60009765625,8018.0,8006.5,8009.60009765625,0
2024-07-16 01:00:00,8009.7998046875,8011.39990234375,7996.89990234375,8004.0,0
2024-07-16 02:00:00,8003.10009765625,8010.89990234375,7997.7001953125,8010.89990234375,0
2024-07-16 03:00:00,8011.2001953125,8015.0,8003.2001953125,8006.60009765625,0
2024-07-16 04:00:00,8005.89990234375,8007.10009765625,7997.7001953125,8002.7998046875,0
2024-07-16 05:00:00,8003.7998046875,8012.60009765625,8001.5,8001.5,0
2024-07-16 06:00:00,8002.39990234375,8002.5,7999.2998046875,7999.2998046875,0
2024-07-17 00:00:00,7999.2998046875,8050.5,7999.2998046875,8050.5,0
2024-07-17 01:00:00,8049.89990234375,8068.0,8045.0,8068.0,0
2024-07-17 02:00:00,8069.2998046875,8081.60009765625,8069.2998046875,8076.7998046875,0
2024-07-17 03:00:00,8076.60009765625,8080.89990234375,8068.89990234375,8074.0,0
2024-07-17 04:00:00,8073.39990234375,8081.7998046875,8073.2001953125,8081.7998046875,0
2024-07-17 05:00:00,8081.5,8083.7001953125,8065.89990234375,8065.89990234375,0
2024-07-17 06:00:00,8065.2998046875,8065.5,8057.89990234375,8057.89990234375,0
2024-07-18 00:00:00,8057.89990234375,8070.39990234375,8038.10009765625,8058.7001953125,0
2024-07-18 01:00:00,8058.2998046875,8058.2998046875,8032.39990234375,8043.39990234375,0
2024-07-18 02:00:00,8043.5,8047.39990234375,8028.89990234375,8047.39990234375,0
2024-07-18 03:00:00,8047.0,8049.2001953125,8039.2998046875,8044.10009765625,0
2024-07-18 04:00:00,8044.10009765625,8045.7998046875,8033.2998046875,8035.5,0
2024-07-18 05:00:00,8034.7001953125,8035.2001953125,8026.2001953125,8033.39990234375,0
2024-07-18 06:00:00,8033.5,8036.5,8033.39990234375,8036.5,0
2024-07-19 00:00:00,8036.5,8036.5,7923.60009765625,7957.60009765625,0
2024-07-19 01:00:00,7957.10009765625,7957.10009765625,7931.2001953125,7937.10009765625,0
2024-07-19 02:00:00,7936.7998046875,7951.2998046875,7929.2998046875,7950.60009765625,0
2024-07-19 03:00:00,7950.39990234375,7951.5,7938.2998046875,7948.60009765625,0
2024-07-19 04:00:00,7948.7998046875,7958.60009765625,7947.0,7956.39990234375,0
2024-07-19 05:00:00,7957.10009765625,7965.0,7955.60009765625,7960.60009765625,0
2024-07-19 06:00:00,7961.10009765625,7971.60009765625,7960.7998046875,7971.60009765625,0
2024-07-22 00:00:00,7971.60009765625,7971.60009765625,7906.60009765625,7917.7998046875,0
2024-07-22 01:00:00,7916.89990234375,7917.5,7904.39990234375,7906.2998046875,0
2024-07-22 02:00:00,7905.2001953125,7919.60009765625,7902.39990234375,7919.60009765625,0
2024-07-22 03:00:00,7919.7001953125,7930.89990234375,7915.89990234375,7918.5,0
2024-07-22 04:00:00,7918.60009765625,7920.0,7911.10009765625,7912.0,0
2024-07-22 05:00:00,7911.39990234375,7926.10009765625,7911.2001953125,7925.10009765625,0
2024-07-22 06:00:00,7926.39990234375,7931.7001953125,7926.2998046875,7931.7001953125,0
2024-07-23 00:00:00,7931.7001953125,7981.39990234375,7931.7001953125,7968.0,0
2024-07-23 01:00:00,7968.60009765625,7987.7001953125,7968.60009765625,7987.7001953125,0
2024-07-23 02:00:00,7987.39990234375,7993.2998046875,7982.2001953125,7985.5,0
2024-07-23 03:00:00,7986.2001953125,7991.5,7980.2001953125,7982.2001953125,0
2024-07-23 04:00:00,7983.2998046875,7987.89990234375,7974.60009765625,7977.10009765625,0
2024-07-23 05:00:00,7977.39990234375,7979.60009765625,7970.0,7973.60009765625,0
2024-07-23 06:00:00,7975.7998046875,7975.7998046875,7971.10009765625,7971.10009765625,0
2024-07-24 00:00:00,7971.10009765625,7971.10009765625,7944.2998046875,7963.2001953125,0
2024-07-24 01:00:00,7964.2001953125,7968.7998046875,7953.2998046875,7967.7998046875,0
2024-07-24 02:00:00,7967.0,7973.7998046875,7964.7998046875,7971.5,0
2024-07-24 03:00:00,7972.10009765625,7973.60009765625,7960.5,7962.10009765625,0
2024-07-24 04:00:00,7962.5,7964.2998046875,7946.2998046875,7956.7998046875,0
2024-07-24 05:00:00,7957.39990234375,7964.10009765625,7957.0,7959.7001953125,0
2024-07-24 06:00:00,7958.2001953125,7963.7001953125,7958.2001953125,7963.7001953125,0
2024-07-25 00:00:00,7963.7001953125,7963.7001953125,7882.2998046875,7893.10009765625,0
2024-07-25 01:00:00,7892.2001953125,7894.2001953125,7872.10009765625,7872.10009765625,0
2024-07-25 02:00:00,7868.7998046875,7889.2001953125,7866.10009765625,7873.2001953125,0
2024-07-25 03:00:00,7873.2998046875,7879.2001953125,7867.89990234375,7874.2998046875,0
2024-07-25 04:00:00,7873.39990234375,7879.10009765625,7870.2998046875,7874.2998046875,0
2024-07-25 05:00:00,7875.0,7875.0,7864.0,7871.5,0
2024-07-25 06:00:00,7872.7001953125,7872.7998046875,7861.2001953125,7861.2001953125,0
2024-07-26 00:00:00,7861.2001953125,7929.5,7861.2001953125,7908.7998046875,0
2024-07-26 01:00:00,7909.39990234375,7932.7998046875,7909.39990234375,7932.7998046875,0
2024-07-26 02:00:00,7934.39990234375,7938.2998046875,7929.5,7930.7001953125,0
2024-07-26 03:00:00,7930.60009765625,7934.89990234375,7928.7001953125,7931.7001953125,0
2024-07-26 04:00:00,7932.10009765625,7935.10009765625,7929.7998046875,7931.2001953125,0
2024-07-26 05:00:00,7931.2998046875,7931.2998046875,7917.5,7920.60009765625,0
2024-07-26 06:00:00,7919.7001953125,7921.2998046875,7919.7001953125,7921.2998046875,0
2024-07-29 00:00:00,7921.2998046875,8000.0,7921.2998046875,7994.60009765625,0
2024-07-29 01:00:00,7994.2001953125,7996.39990234375,7983.2001953125,7987.2998046875,0
2024-07-29 02:00:00,7988.10009765625,7991.2001953125,7983.7001953125,7988.10009765625,0
2024-07-29 03:00:00,7988.39990234375,7991.10009765625,7983.5,7984.7998046875,0
2024-07-29 04:00:00,7984.89990234375,7989.10009765625,7980.89990234375,7982.7001953125,0
2024-07-29 05:00:00,7982.7998046875,7986.7001953125,7978.2998046875,7984.89990234375,0
2024-07-29 06:00:00,7984.89990234375,7989.60009765625,7984.89990234375,7989.60009765625,0
2024-07-30 00:00:00,7989.60009765625,7989.60009765625,7894.2998046875,7928.10009765625,0
2024-07-30 01:00:00,7927.89990234375,7930.39990234375,7909.0,7911.7998046875,0
2024-07-30 02:00:00,7912.10009765625,7939.7998046875,7911.39990234375,7938.7001953125,0
2024-07-30 03:00:00,7938.89990234375,7947.60009765625,7938.7998046875,7946.7001953125,0
2024-07-30 04:00:00,7946.2998046875,7953.2001953125,7944.7998046875,7944.89990234375,0
2024-07-30 05:00:00,7944.2998046875,7954.0,7940.89990234375,7951.39990234375,0
2024-07-30 06:00:00,7950.0,7953.2001953125,7950.0,7953.2001953125,0
2024-07-31 00:00:00,7953.2001953125,8008.0,7952.7998046875,8002.10009765625,0
2024-07-31 01:00:00,8002.2998046875,8057.7998046875,7996.7001953125,8043.89990234375,0
2024-07-31 02:00:00,8044.39990234375,8061.60009765625,8041.60009765625,8048.0,0
2024-07-31 03:00:00,8048.7998046875,8053.7001953125,8045.5,8048.7998046875,0
2024-07-31 04:00:00,8049.10009765625,8066.60009765625,8046.7001953125,8065.7001953125,0
2024-07-31 05:00:00,8065.7001953125,8084.39990234375,8065.2001953125,8079.39990234375,0
2024-07-31 06:00:00,8080.60009765625,8092.2998046875,8080.2998046875,8092.2998046875,0
2024-08-01 00:00:00,8092.2998046875,8148.7001953125,8092.2998046875,8127.2998046875,0
2024-08-01 01:00:00,8129.10009765625,8141.5,8117.7998046875,8126.10009765625,0
2024-08-01 02:00:00,8126.0,8130.60009765625,8119.7998046875,8122.0,0
2024-08-01 03:00:00,8122.10009765625,8138.10009765625,8117.7998046875,8138.10009765625,0
2024-08-01 04:00:00,8139.0,8140.2998046875,8127.10009765625,8131.2998046875,0
2024-08-01 05:00:00,8131.2001953125,8135.7998046875,8123.39990234375,8127.5,0
2024-08-01 06:00:00,8127.60009765625,8127.7001953125,8114.7001953125,8114.7001953125,0
2024-08-02 00:00:00,8114.7001953125,8114.7001953125,7935.0,7960.2998046875,0
2024-08-02 01:00:00,7961.0,7961.7998046875,7939.2998046875,7950.7998046875,0
2024-08-02 02:00:00,7948.2998046875,7948.5,7920.0,7935.89990234375,0
2024-08-02 03:00:00,7936.89990234375,7950.0,7935.5,7941.0,0
2024-08-02 04:00:00,7941.7001953125,7947.5,7925.10009765625,7929.60009765625,0
2024-08-02 05:00:00,7928.7001953125,7946.10009765625,7928.7001953125,7936.89990234375,0
2024-08-02 06:00:00,7937.0,7943.2001953125,7937.0,7943.2001953125,0
2024-08-05 00:00:00,7943.2001953125,7943.2001953125,7722.89990234375,7729.60009765625,0
2024-08-05 01:00:00,7729.60009765625,7737.0,7707.5,7713.39990234375,0
2024-08-05 02:00:00,7713.7998046875,7742.39990234375,7695.2001953125,7742.39990234375,0
2024-08-05 03:00:00,7743.0,7760.7998046875,7716.7001953125,7719.7001953125,0
2024-08-05 04:00:00,7718.7998046875,7722.10009765625,7674.0,7675.2998046875,0
2024-08-05 05:00:00,7675.5,7684.10009765625,7635.5,7660.7998046875,0
2024-08-05 06:00:00,7658.7998046875,7658.7998046875,7649.60009765625,7649.60009765625,0
2024-08-06 00:00:00,7649.60009765625,7710.0,7628.10009765625,7710.0,0
2024-08-06 01:00:00,7713.7001953125,7713.7001953125,7656.0,7663.39990234375,0
2024-08-06 02:00:00,7668.2001953125,7684.2001953125,7663.10009765625,7663.10009765625,0
2024-08-06 03:00:00,7664.2998046875,7690.7001953125,7661.39990234375,7687.89990234375,0
2024-08-06 04:00:00,7688.2001953125,7688.2001953125,7666.7998046875,7676.7001953125,0
2024-08-06 05:00:00,7677.5,7710.2001953125,7670.7998046875,7691.2001953125,0
2024-08-06 06:00:00,7692.2998046875,7692.60009765625,7680.60009765625,7680.60009765625,0
2024-08-07 00:00:00,7680.60009765625,7683.0,7643.2998046875,7680.5,0
2024-08-07 01:00:00,7680.10009765625,7715.7998046875,7670.2998046875,7712.2001953125,0
2024-08-07 02:00:00,7713.0,7716.2998046875,7698.39990234375,7715.7001953125,0
2024-08-07 03:00:00,7715.60009765625,7731.10009765625,7713.5,7728.39990234375,0
2024-08-07 04:00:00,7728.7998046875,7738.2001953125,7722.0,7735.2998046875,0
2024-08-07 05:00:00,7734.5,7734.5,7703.7001953125,7710.2998046875,0
2024-08-07 06:00:00,7709.89990234375,7709.89990234375,7699.7998046875,7699.7998046875,0
2024-08-08 00:00:00,7699.7998046875,7699.7998046875,7646.7001953125,7653.89990234375,0
2024-08-08 01:00:00,7654.10009765625,7662.5,7644.2001953125,7651.2001953125,0
2024-08-08 02:00:00,7651.60009765625,7678.2001953125,7651.60009765625,7677.10009765625,0
2024-08-08 03:00:00,7676.2001953125,7703.39990234375,7676.0,7689.5,0
2024-08-08 04:00:00,7690.2001953125,7692.7998046875,7666.60009765625,7668.10009765625,0
2024-08-08 05:00:00,7668.0,7680.0,7668.0,7674.7001953125,0
2024-08-08 06:00:00,7673.39990234375,7682.0,7673.39990234375,7682.0,0
2024-08-09 00:00:00,7682.0,7757.2001953125,7682.0,7733.60009765625,0
2024-08-09 01:00:00,7733.7998046875,7773.39990234375,7733.7998046875,7770.7001953125,0
2024-08-09 02:00:00,7770.39990234375,7794.0,7766.2001953125,7792.5,0
2024-08-09 03:00:00,7793.2998046875,7795.10009765625,7778.7998046875,7783.2998046875,0
2024-08-09 04:00:00,7783.10009765625,7785.39990234375,7753.2001953125,7753.2001953125,0
2024-08-09 05:00:00,7751.7001953125,7785.89990234375,7751.5,7782.2998046875,0
2024-08-09 06:00:00,7783.5,7783.5,7777.7001953125,7777.7001953125,0
2024-08-12 00:00:00,7777.7001953125,7836.7998046875,7777.7001953125,7828.7998046875,0
2024-08-12 01:00:00,7829.0,7829.39990234375,7812.5,7816.39990234375,0
2024-08-12 02:00:00,7816.2001953125,7828.60009765625,7809.2998046875,7823.7001953125,0
2024-08-12 03:00:00,7822.60009765625,7825.10009765625,7815.89990234375,7817.0,0
2024-08-12 04:00:00,7817.10009765625,7818.0,7808.60009765625,7812.10009765625,0
2024-08-12 05:00:00,7811.7001953125,7820.39990234375,7809.2998046875,7814.0,0
2024-08-12 06:00:00,7814.60009765625,7814.60009765625,7813.7001953125,7813.7001953125,0
2024-08-13 00:00:00,7813.7001953125,7819.60009765625,7801.60009765625,7817.2998046875,0
2024-08-13 01:00:00,7817.7001953125,7828.60009765625,7814.2998046875,7823.2998046875,0
2024-08-13 02:00:00,7822.39990234375,7825.60009765625,7818.0,7824.0,0
2024-08-13 03:00:00,7824.89990234375,7835.2001953125,7824.2001953125,7833.89990234375,0
2024-08-13 04:00:00,7833.5,7833.5,7815.5,7821.60009765625,0
2024-08-13 05:00:00,7821.5,7829.0,7821.39990234375,7826.5,0
2024-08-13 06:00:00,7825.7001953125,7826.7998046875,7825.7001953125,7826.7998046875,0
2024-08-14 00:00:00,7826.7998046875,7883.2998046875,7826.7998046875,7877.7001953125,0
2024-08-14 01:00:00,7878.2001953125,7898.7998046875,7867.2998046875,7897.7001953125,0
2024-08-14 02:00:00,7896.7998046875,7910.2001953125,7872.0,7874.7998046875,0
2024-08-14 03:00:00,7873.2998046875,7874.39990234375,7863.2001953125,7863.60009765625,0
2024-08-14 04:00:00,7862.2998046875,7876.7998046875,7859.60009765625,7859.60009765625,0
2024-08-14 05:00:00,7860.7998046875,7862.7001953125,7847.0,7849.5,0
2024-08-14 06:00:00,7849.39990234375,7850.7001953125,7849.39990234375,7850.7001953125,0
2024-08-15 00:00:00,7850.7001953125,7898.7001953125,7846.60009765625,7894.7998046875,0
2024-08-15 01:00:00,7892.7998046875,7894.7001953125,7855.10009765625,7862.2001953125,0
2024-08-15 02:00:00,7863.60009765625,7885.7998046875,7863.60009765625,7868.89990234375,0
2024-08-15 03:00:00,7868.60009765625,7875.7001953125,7862.7998046875,7873.7001953125,0
2024-08-15 04:00:00,7873.2998046875,7873.2998046875,7859.89990234375,7865.89990234375,0
2024-08-15 05:00:00,7865.7998046875,7865.7998046875,7854.2998046875,7860.7998046875,0
2024-08-15 06:00:00,7860.39990234375,7865.5,7860.39990234375,7865.5,0
2024-08-16 00:00:00,7865.5,7976.89990234375,7865.5,7971.60009765625,0
2024-08-16 01:00:00,7971.39990234375,7975.7998046875,7963.5,7971.5,0
2024-08-16 02:00:00,7971.39990234375,7974.5,7963.0,7964.10009765625,0
2024-08-16 03:00:00,7963.89990234375,7964.89990234375,7948.10009765625,7948.7998046875,0
2024-08-16 04:00:00,7948.0,7948.89990234375,7940.7998046875,7945.39990234375,0
2024-08-16 05:00:00,7945.89990234375,7965.0,7945.89990234375,7960.7998046875,0
2024-08-16 06:00:00,7960.7998046875,7971.10009765625,7960.60009765625,7971.10009765625,0
2024-08-19 00:00:00,7971.10009765625,7971.10009765625,7950.60009765625,7961.39990234375,0
2024-08-19 01:00:00,7962.10009765625,7977.5,7962.10009765625,7970.5,0
2024-08-19 02:00:00,7971.39990234375,7980.2998046875,7963.5,7979.7998046875,0
2024-08-19 03:00:00,7980.10009765625,7990.89990234375,7980.10009765625,7986.0,0
2024-08-19 04:00:00,7986.2998046875,7986.89990234375,7967.0,7968.7998046875,0
2024-08-19 05:00:00,7968.7001953125,7981.0,7968.7001953125,7979.10009765625,0
2024-08-19 06:00:00,7979.39990234375,7980.39990234375,7979.2998046875,7980.39990234375,0
2024-08-20 00:00:00,7980.39990234375,8025.2001953125,7980.39990234375,8004.10009765625,0
2024-08-20 01:00:00,8005.10009765625,8010.7001953125,7994.7998046875,8001.7998046875,0
2024-08-20 02:00:00,8003.60009765625,8003.60009765625,7995.39990234375,8001.2998046875,0
2024-08-20 03:00:00,8000.7998046875,8000.7998046875,7987.0,7988.60009765625,0
2024-08-20 04:00:00,7989.0,7997.2998046875,7986.39990234375,7993.7001953125,0
2024-08-20 05:00:00,7992.39990234375,7999.89990234375,7992.0,7996.2001953125,0
2024-08-20 06:00:00,7995.7998046875,7997.7001953125,7995.7998046875,7997.7001953125,0
2024-08-21 00:00:00,7997.7001953125,7997.7001953125,7955.2998046875,7962.60009765625,0
2024-08-21 01:00:00,7962.10009765625,7965.39990234375,7951.5,7958.7998046875,0
2024-08-21 02:00:00,7958.0,7967.7998046875,7955.7001953125,7967.5,0
2024-08-21 03:00:00,7965.60009765625,7981.89990234375,7965.60009765625,7974.5,0
2024-08-21 04:00:00,7973.89990234375,7993.89990234375,7973.89990234375,7993.5,0
2024-08-21 05:00:00,7992.89990234375,8003.2998046875,7991.60009765625,7998.7998046875,0
2024-08-21 06:00:00,7998.39990234375,8010.5,7998.39990234375,8010.5,0
2024-08-22 00:00:00,8010.5,8039.7001953125,8010.5,8033.2998046875,0
2024-08-22 01:00:00,8033.89990234375,8037.2998046875,8027.2998046875,8028.39990234375,0
2024-08-22 02:00:00,8029.89990234375,8033.2998046875,8021.89990234375,8028.5,0
2024-08-22 03:00:00,8028.5,8033.89990234375,8025.89990234375,8027.10009765625,0
2024-08-22 04:00:00,8028.2998046875,8035.10009765625,8027.7998046875,8032.60009765625,0
2024-08-22 05:00:00,8032.60009765625,8037.60009765625,8028.5,8029.39990234375,0
2024-08-22 06:00:00,8029.7998046875,8029.89990234375,8027.0,8027.0,0
2024-08-23 00:00:00,8027.0,8027.0,7993.7998046875,8000.2998046875,0
2024-08-23 01:00:00,8000.2998046875,8001.0,7990.2998046875,7994.39990234375,0
2024-08-23 02:00:00,7994.39990234375,8016.10009765625,7994.39990234375,8015.0,0
2024-08-23 03:00:00,8014.5,8019.7001953125,8010.39990234375,8013.5,0
2024-08-23 04:00:00,8013.0,8026.7998046875,8012.2998046875,8015.10009765625,0
2024-08-23 05:00:00,8014.60009765625,8020.89990234375,8011.2001953125,8014.2001953125,0
2024-08-23 06:00:00,8014.2001953125,8023.89990234375,8013.7998046875,8023.89990234375,0
2024-08-26 00:00:00,8023.89990234375,8072.2998046875,8023.89990234375,8069.60009765625,0
2024-08-26 01:00:00,8068.7001953125,8086.7001953125,8068.7001953125,8076.0,0
2024-08-26 02:00:00,8075.60009765625,8075.60009765625,8057.89990234375,8060.7001953125,0
2024-08-26 03:00:00,8061.5,8079.89990234375,8058.89990234375,8078.2998046875,0
2024-08-26 04:00:00,8078.60009765625,8081.39990234375,8074.0,8079.2998046875,0
2024-08-26 05:00:00,8079.60009765625,8079.7998046875,8074.2998046875,8075.89990234375,0
2024-08-26 06:00:00,8075.60009765625,8084.5,8075.39990234375,8084.5,0
2024-08-27 00:00:00,8084.5,8107.2998046875,8084.5,8092.39990234375,0
2024-08-27 01:00:00,8092.60009765625,8092.7001953125,8077.39990234375,8083.7998046875,0
2024-08-27 02:00:00,8084.0,8087.0,8078.5,8080.89990234375,0
2024-08-27 03:00:00,8080.2998046875,8082.0,8063.89990234375,8068.39990234375,0
2024-08-27 04:00:00,8069.0,8074.0,8066.39990234375,8066.39990234375,0
2024-08-27 05:00:00,8066.7001953125,8071.60009765625,8062.39990234375,8071.0,0
2024-08-27 06:00:00,8069.10009765625,8071.2001953125,8069.10009765625,8071.2001953125,0
2024-08-28 00:00:00,8071.2001953125,8071.2001953125,8032.39990234375,8034.7001953125,0
2024-08-28 01:00:00,8033.2998046875,8038.7001953125,8008.89990234375,8023.2998046875,0
2024-08-28 02:00:00,8023.5,8037.89990234375,8018.5,8037.0,0
2024-08-28 03:00:00,8036.7001953125,8043.89990234375,8032.7001953125,8040.2001953125,0
2024-08-28 04:00:00,8039.5,8047.10009765625,8036.60009765625,8046.10009765625,0
2024-08-28 05:00:00,8046.5,8061.7998046875,8043.7998046875,8060.2001953125,0
2024-08-28 06:00:00,8059.60009765625,8071.39990234375,8059.2998046875,8071.39990234375,0
2024-08-29 00:00:00,8071.39990234375,8071.39990234375,8024.5,8039.5,0
2024-08-29 01:00:00,8041.2001953125,8041.39990234375,8017.7001953125,8025.0,0
2024-08-29 02:00:00,8024.89990234375,8037.60009765625,8019.5,8037.60009765625,0
2024-08-29 03:00:00,8037.2998046875,8043.89990234375,8035.7001953125,8043.7998046875,0
2024-08-29 04:00:00,8044.7001953125,8049.89990234375,8039.2001953125,8045.2001953125,0
2024-08-29 05:00:00,8045.2001953125,8048.2998046875,8039.7998046875,8044.60009765625,0
2024-08-29 06:00:00,8046.0,8046.0,8045.10009765625,8045.10009765625,0
2024-08-30 00:00:00,8045.10009765625,8085.0,8045.10009765625,8076.7001953125,0
2024-08-30 01:00:00,8077.5,8081.7001953125,8068.2998046875,8069.2001953125,0
2024-08-30 02:00:00,8072.0,8081.5,8069.39990234375,8079.60009765625,0
2024-08-30 03:00:00,8079.7998046875,8084.5,8074.5,8083.2998046875,0
2024-08-30 04:00:00,8083.60009765625,8084.39990234375,8070.7001953125,8076.7001953125,0
2024-08-30 05:00:00,8076.7998046875,8082.5,8070.5,8079.2001953125,0
2024-08-30 06:00:00,8078.0,8091.89990234375,8077.89990234375,8091.89990234375,0
2024-09-02 00:00:00,8091.7998046875,8091.7998046875,8041.2998046875,8062.5,0
2024-09-02 01:00:00,8062.2998046875,8073.39990234375,8059.60009765625,8072.7998046875,0
2024-09-02 02:00:00,8072.7001953125,8077.60009765625,8066.60009765625,8077.2001953125,0
2024-09-02 03:00:00,8076.7998046875,8083.10009765625,8075.10009765625,8082.39990234375,0
2024-09-02 04:00:00,8082.60009765625,8101.10009765625,8082.60009765625,8100.39990234375,0
2024-09-02 05:00:00,8100.2001953125,8116.89990234375,8097.0,8113.5,0
2024-09-02 06:00:00,8112.7001953125,8112.89990234375,8109.89990234375,8109.89990234375,0
2024-09-03 00:00:00,8109.89990234375,8110.2001953125,8073.7001953125,8086.7998046875,0
2024-09-03 01:00:00,8087.2001953125,8105.60009765625,8085.7998046875,8102.2001953125,0
2024-09-03 02:00:00,8101.89990234375,8109.10009765625,8096.60009765625,8100.0,0
2024-09-03 03:00:00,8100.0,8100.10009765625,8087.39990234375,8097.89990234375,0
2024-09-03 04:00:00,8097.60009765625,8102.60009765625,8093.60009765625,8097.2001953125,0
2024-09-03 05:00:00,8097.10009765625,8103.89990234375,8096.2998046875,8103.60009765625,0
2024-09-03 06:00:00,8103.7998046875,8103.7998046875,8103.2001953125,8103.2001953125,0
2024-09-04 00:00:00,8103.2001953125,8103.2001953125,7940.5,7943.0,0
2024-09-04 01:00:00,7941.7001953125,7970.10009765625,7939.39990234375,7962.2001953125,0
2024-09-04 02:00:00,7961.5,7962.7998046875,7943.0,7943.0,0
2024-09-04 03:00:00,7943.10009765625,7954.0,7930.0,7930.0,0
2024-09-04 04:00:00,7931.5,7949.2001953125,7931.5,7935.0,0
2024-09-04 05:00:00,7936.2998046875,7953.0,7928.5,7949.7001953125,0
2024-09-04 06:00:00,7948.2001953125,7950.5,7948.2001953125,7950.5,0
2024-09-05 00:00:00,7950.5,7991.7998046875,7950.5,7985.39990234375,0
2024-09-05 01:00:00,7986.60009765625,7987.7001953125,7974.10009765625,7975.39990234375,0
2024-09-05 02:00:00,7975.0,7976.89990234375,7961.10009765625,7969.7998046875,0
2024-09-05 03:00:00,7969.89990234375,7971.7998046875,7955.2001953125,7963.2998046875,0
2024-09-05 04:00:00,7962.7998046875,7969.39990234375,7958.2001953125,7967.60009765625,0
2024-09-05 05:00:00,7968.2001953125,7975.7001953125,7957.89990234375,7974.60009765625,0
2024-09-05 06:00:00,7973.60009765625,7982.39990234375,7973.60009765625,7982.39990234375,0
2024-09-06 00:00:00,7982.39990234375,8002.5,7982.39990234375,7997.0,0
2024-09-06 01:00:00,7997.2001953125,8012.7998046875,7986.89990234375,8012.7998046875,0
2024-09-06 02:00:00,8013.10009765625,8027.5,8013.10009765625,8025.10009765625,0
2024-09-06 03:00:00,8024.7998046875,8030.2998046875,8016.60009765625,8020.10009765625,0
2024-09-06 04:00:00,8019.60009765625,8022.7001953125,8009.7998046875,8015.0,0
2024-09-06 05:00:00,8014.60009765625,8014.7998046875,8004.89990234375,8011.5,0
2024-09-06 06:00:00,8009.7001953125,8013.39990234375,8009.10009765625,8013.39990234375,0
2024-09-09 00:00:00,8013.39990234375,8013.39990234375,7918.89990234375,7949.0,0
2024-09-09 01:00:00,7944.7998046875,7960.89990234375,7942.39990234375,7960.2998046875,0
2024-09-09 02:00:00,7959.60009765625,7963.39990234375,7940.60009765625,7958.89990234375,0
2024-09-09 03:00:00,7958.2001953125,7969.60009765625,7958.2001953125,7964.10009765625,0
2024-09-09 04:00:00,7964.7998046875,7991.60009765625,7964.60009765625,7991.0,0
2024-09-09 05:00:00,7989.89990234375,7995.2998046875,7982.10009765625,7983.2998046875,0
2024-09-09 06:00:00,7981.10009765625,7988.10009765625,7981.10009765625,7988.10009765625,0
2024-09-10 00:00:00,7988.10009765625,8046.60009765625,7988.10009765625,8040.60009765625,0
2024-09-10 01:00:00,8039.7001953125,8057.89990234375,8037.7998046875,8044.89990234375,0
2024-09-10 02:00:00,8045.2998046875,8045.2998046875,8032.89990234375,8038.10009765625,0
2024-09-10 03:00:00,8035.7001953125,8037.2998046875,8030.2001953125,8032.0,0
2024-09-10 04:00:00,8032.2001953125,8036.7998046875,8013.39990234375,8013.60009765625,0
2024-09-10 05:00:00,8013.2998046875,8022.89990234375,8010.7001953125,8022.89990234375,0
2024-09-10 06:00:00,8020.7001953125,8020.7998046875,8011.89990234375,8011.89990234375,0
2024-09-11 00:00:00,8011.89990234375,8024.5,7992.5,7993.89990234375,0
2024-09-11 01:00:00,7996.0,7996.10009765625,7972.7001953125,7983.89990234375,0
2024-09-11 02:00:00,7984.0,7998.7998046875,7983.7998046875,7997.7998046875,0
2024-09-11 03:00:00,7995.7998046875,8000.0,7981.0,7991.7998046875,0
2024-09-11 04:00:00,7991.2998046875,7991.2998046875,7976.7001953125,7979.2001953125,0
2024-09-11 05:00:00,7979.39990234375,7980.5,7963.89990234375,7978.10009765625,0
2024-09-11 06:00:00,7978.7001953125,7987.89990234375,7978.7001953125,7987.89990234375,0
2024-09-12 00:00:00,7987.89990234375,8040.5,7979.5,8029.39990234375,0
2024-09-12 01:00:00,8030.0,8048.5,8026.2998046875,8043.60009765625,0
2024-09-12 02:00:00,8042.2998046875,8042.2998046875,8031.7998046875,8033.39990234375,0
2024-09-12 03:00:00,8033.7001953125,8050.10009765625,8028.7001953125,8048.2998046875,0
2024-09-12 04:00:00,8047.89990234375,8049.2001953125,8036.7998046875,8047.60009765625,0
2024-09-12 05:00:00,8050.89990234375,8079.0,8050.89990234375,8071.2998046875,0
2024-09-12 06:00:00,8071.39990234375,8075.7001953125,8071.2001953125,8075.7001953125,0
2024-09-13 00:00:00,8075.7001953125,8143.60009765625,8075.7001953125,8135.60009765625,0
2024-09-13 01:00:00,8136.0,8136.0,8097.7998046875,8100.2001953125,0
2024-09-13 02:00:00,8099.7001953125,8103.7001953125,8091.2998046875,8097.7998046875,0
2024-09-13 03:00:00,8098.2001953125,8100.5,8088.0,8088.2001953125,0
2024-09-13 04:00:00,8089.10009765625,8098.5,8086.7998046875,8097.10009765625,0
2024-09-13 05:00:00,8096.7998046875,8103.7001953125,8093.5,8097.60009765625,0
2024-09-13 06:00:00,8096.39990234375,8099.89990234375,8096.39990234375,8099.89990234375,0
2024-09-16 00:00:00,8099.89990234375,8145.0,8099.89990234375,8138.5,0
2024-09-16 01:00:00,8138.0,8139.2001953125,8116.5,8131.2998046875,0
2024-09-16 02:00:00,8131.2001953125,8138.0,8130.2001953125,8137.2001953125,0
2024-09-16 03:00:00,8137.10009765625,8137.60009765625,8128.39990234375,8137.2998046875,0
2024-09-16 04:00:00,8136.60009765625,8136.60009765625,8127.7001953125,8130.0,0
2024-09-16 05:00:00,8130.5,8131.7001953125,8118.89990234375,8119.7998046875,0
2024-09-16 06:00:00,8121.2998046875,8122.0,8121.2998046875,8121.60009765625,0
2024-09-17 00:00:00,8121.60009765625,8148.2998046875,8121.60009765625,8144.5,0
2024-09-17 01:00:00,8144.0,8148.7998046875,8135.5,8146.10009765625,0
2024-09-17 02:00:00,8145.89990234375,8145.89990234375,8133.2998046875,8143.0,0
2024-09-17 03:00:00,8142.7998046875,8150.5,8140.89990234375,8145.7998046875,0
2024-09-17 04:00:00,8145.60009765625,8146.7001953125,8139.39990234375,8145.5,0
2024-09-17 05:00:00,8145.2998046875,8148.7001953125,8140.89990234375,8146.10009765625,0
2024-09-17 06:00:00,8145.39990234375,8145.39990234375,8140.89990234375,8140.89990234375,0
2024-09-18 00:00:00,8140.89990234375,8153.5,8114.10009765625,8146.7001953125,0
2024-09-18 01:00:00,8147.10009765625,8148.7001953125,8132.7001953125,8141.2998046875,0
2024-09-18 02:00:00,8141.7001953125,8143.60009765625,8134.2998046875,8135.39990234375,0
2024-09-18 03:00:00,8134.7998046875,8139.5,8123.10009765625,8123.2001953125,0
2024-09-18 04:00:00,8122.0,8137.10009765625,8121.89990234375,8132.7998046875,0
2024-09-18 05:00:00,8132.60009765625,8139.2001953125,8128.89990234375,8137.5,0
2024-09-18 06:00:00,8135.10009765625,8142.10009765625,8135.0,8142.10009765625,0
2024-09-19 00:00:00,8142.10009765625,8186.89990234375,8142.10009765625,8149.39990234375,0
2024-09-19 01:00:00,8148.89990234375,8151.7998046875,8133.10009765625,8145.0,0
2024-09-19 02:00:00,8144.7001953125,8173.2998046875,8143.89990234375,8170.2998046875,0
2024-09-19 03:00:00,8169.89990234375,8173.0,8154.10009765625,8173.0,0
2024-09-19 04:00:00,8173.5,8200.2998046875,8171.5,8199.599609375,0
2024-09-19 05:00:00,8199.2998046875,8200.2998046875,8183.7001953125,8195.2001953125,0
2024-09-19 06:00:00,8194.2998046875,8194.599609375,8191.89990234375,8191.89990234375,0
2024-09-20 00:00:00,8191.89990234375,8246.2001953125,8191.89990234375,8238.0,0
2024-09-20 01:00:00,8238.2001953125,8238.400390625,8225.7998046875,8231.400390625,0
2024-09-20 02:00:00,8231.7998046875,8231.7998046875,8210.099609375,8210.099609375,0
2024-09-20 03:00:00,8209.099609375,8226.5,8208.099609375,8225.099609375,0
2024-09-20 04:00:00,8224.900390625,8225.5,8210.900390625,8219.2998046875,0
2024-09-20 05:00:00,8219.5,8220.099609375,8188.0,8204.5,0
2024-09-20 06:00:00,8202.599609375,8209.5,8202.599609375,8209.5,0
2024-09-23 00:00:00,8209.5,8209.5,8131.5,8146.7998046875,0
2024-09-23 01:00:00,8146.7001953125,8157.2998046875,8141.10009765625,8144.0,0
2024-09-23 02:00:00,8144.0,8168.60009765625,8138.5,8167.7998046875,0
2024-09-23 03:00:00,8167.60009765625,8177.10009765625,8161.2001953125,8161.39990234375,0
2024-09-23 04:00:00,8161.2998046875,8168.5,8159.5,8165.7998046875,0
2024-09-23 05:00:00,8165.0,8165.39990234375,8156.2998046875,8158.2001953125,0
2024-09-23 06:00:00,8156.0,8156.0,8152.89990234375,8152.89990234375,0
2024-09-24 00:00:00,8152.89990234375,8170.7001953125,8149.5,8154.5,0
2024-09-24 01:00:00,8154.10009765625,8172.7001953125,8126.89990234375,8126.89990234375,0
2024-09-24 02:00:00,8124.7998046875,8128.60009765625,8111.2998046875,8120.5,0
2024-09-24 03:00:00,8120.0,8126.89990234375,8114.7001953125,8124.7998046875,0
2024-09-24 04:00:00,8125.10009765625,8141.2001953125,8117.60009765625,8141.2001953125,0
2024-09-24 05:00:00,8141.0,8152.7998046875,8131.2001953125,8150.89990234375,0
2024-09-24 06:00:00,8149.7001953125,8149.7001953125,8142.0,8142.0,0
2024-09-25 00:00:00,8142.0,8179.10009765625,8138.2001953125,8147.0,0
2024-09-25 01:00:00,8147.0,8157.2001953125,8136.89990234375,8148.2998046875,0
2024-09-25 02:00:00,8149.39990234375,8151.7001953125,8135.7001953125,8141.2998046875,0
2024-09-25 03:00:00,8144.2998046875,8153.89990234375,8137.39990234375,8138.7001953125,0
2024-09-25 04:00:00,8139.2001953125,8146.89990234375,8134.5,8142.7998046875,0
2024-09-25 05:00:00,8143.10009765625,8145.10009765625,8115.0,8122.60009765625,0
2024-09-25 06:00:00,8121.5,8126.39990234375,8121.5,8126.39990234375,0
2024-09-26 00:00:00,8126.39990234375,8188.5,8126.39990234375,8172.7001953125,0
2024-09-26 01:00:00,8171.7998046875,8192.900390625,8165.2998046875,8192.900390625,0
2024-09-26 02:00:00,8193.900390625,8199.5,8179.0,8180.60009765625,0
2024-09-26 03:00:00,8180.7001953125,8196.5,8179.5,8190.2001953125,0
2024-09-26 04:00:00,8189.89990234375,8199.2998046875,8186.89990234375,8191.2001953125,0
2024-09-26 05:00:00,8191.7001953125,8207.7001953125,8191.60009765625,8200.7998046875,0
2024-09-26 06:00:00,8200.2001953125,8203.7001953125,8200.2001953125,8203.7001953125,0
2024-09-27 00:00:00,8203.7001953125,8224.5,8203.7001953125,8213.2998046875,0
2024-09-27 01:00:00,8214.0,8225.5,8205.599609375,8205.599609375,0
2024-09-27 02:00:00,8205.0,8214.099609375,8205.0,8209.7998046875,0
2024-09-27 03:00:00,8209.7001953125,8212.900390625,8205.0,8211.599609375,0
2024-09-27 04:00:00,8212.099609375,8215.0,8205.0,8213.400390625,0
2024-09-27 05:00:00,8214.099609375,8219.2001953125,8204.099609375,8208.599609375,0
2024-09-27 06:00:00,8208.900390625,8212.2001953125,8208.7998046875,8212.2001953125,0
2024-09-30 00:00:00,8212.2001953125,8271.900390625,8212.2001953125,8262.599609375,0
2024-09-30 01:00:00,8264.2001953125,8285.2001953125,8262.400390625,8278.599609375,0
2024-09-30 02:00:00,8279.5,8281.099609375,8267.0,8272.900390625,0
2024-09-30 03:00:00,8272.2998046875,8280.7001953125,8272.2998046875,8280.7001953125,0
2024-09-30 04:00:00,8279.599609375,8285.7001953125,8267.7001953125,8267.7001953125,0
2024-09-30 05:00:00,8268.900390625,8269.900390625,8248.099609375,8251.5,0
2024-09-30 06:00:00,8250.599609375,8269.7998046875,8249.900390625,8269.7998046875,0
2024-10-01 00:00:00,8269.7998046875,8269.7998046875,8220.400390625,8227.900390625,0
2024-10-01 01:00:00,8230.0,8235.900390625,8221.2998046875,8235.900390625,0
2024-10-01 02:00:00,8237.2001953125,8238.599609375,8205.5,8207.400390625,0
2024-10-01 03:00:00,8207.7001953125,8209.099609375,8197.599609375,8206.400390625,0
2024-10-01 04:00:00,8206.599609375,8213.400390625,8194.400390625,8195.400390625,0
2024-10-01 05:00:00,8195.2998046875,8202.599609375,8186.60009765625,8196.2998046875,0
2024-10-01 06:00:00,8195.900390625,8208.900390625,8195.900390625,8208.900390625,0
2024-10-02 00:00:00,8208.900390625,8214.900390625,8176.7998046875,8197.400390625,0
2024-10-02 01:00:00,8196.5,8212.599609375,8196.5,8211.5,0
2024-10-02 02:00:00,8212.2998046875,8213.0,8205.0,8205.2998046875,0
2024-10-02 03:00:00,8205.7998046875,8207.400390625,8199.099609375,8203.7001953125,0
2024-10-02 04:00:00,8203.7001953125,8209.2998046875,8195.099609375,8195.7001953125,0
2024-10-02 05:00:00,8194.2998046875,8203.900390625,8187.89990234375,8197.0,0
2024-10-02 06:00:00,8196.7998046875,8198.2001953125,8196.7001953125,8198.2001953125,0
2024-10-03 00:00:00,8198.2001953125,8221.7001953125,8198.2001953125,8204.400390625,0
2024-10-03 01:00:00,8205.2001953125,8210.2001953125,8186.10009765625,8199.7001953125,0
2024-10-03 02:00:00,8199.7001953125,8207.7001953125,8196.7998046875,8198.0,0
2024-10-03 03:00:00,8198.0,8202.900390625,8190.39990234375,8197.7998046875,0
2024-10-03 04:00:00,8196.2001953125,8199.7001953125,8191.7001953125,8194.2998046875,0
2024-10-03 05:00:00,8194.400390625,8205.2001953125,8193.2998046875,8205.0,0
2024-10-03 06:00:00,8204.099609375,8205.2001953125,8204.0,8205.2001953125,0
2024-10-04 00:00:00,8205.2001953125,8205.2001953125,8109.60009765625,8121.39990234375,0
2024-10-04 01:00:00,8120.60009765625,8144.89990234375,8107.60009765625,8141.0,0
2024-10-04 02:00:00,8143.2998046875,8149.2001953125,8129.2998046875,8143.89990234375,0
2024-10-04 03:00:00,8143.2001953125,8145.2001953125,8133.39990234375,8138.2001953125,0
2024-10-04 04:00:00,8138.39990234375,8149.2001953125,8137.0,8142.39990234375,0
2024-10-04 05:00:00,8142.7001953125,8150.5,8139.10009765625,8148.0,0
2024-10-04 06:00:00,8147.7001953125,8150.0,8147.7001953125,8150.0,0
2024-10-06 23:00:00,8150.0,8183.5,8147.5,8161.2001953125,0
2024-10-07 00:00:00,8159.0,8177.0,8153.2998046875,8175.7998046875,0
2024-10-07 01:00:00,8175.2001953125,8199.5,8175.2001953125,8197.099609375,0
2024-10-07 02:00:00,8196.400390625,8199.599609375,8184.7998046875,8189.60009765625,0
2024-10-07 03:00:00,8189.5,8193.7998046875,8180.2998046875,8192.5,0
2024-10-07 04:00:00,8192.0,8209.900390625,8191.2001953125,8207.5,0
2024-10-07 05:00:00,8207.400390625,8207.400390625,8205.400390625,8205.400390625,0
2024-10-07 23:00:00,8205.400390625,8218.2001953125,8189.2001953125,8214.7001953125,0
2024-10-08 00:00:00,8212.7998046875,8223.5,8206.7001953125,8219.7998046875,0
2024-10-08 01:00:00,8219.900390625,8219.900390625,8188.0,8199.2998046875,0
2024-10-08 02:00:00,8198.599609375,8202.900390625,8169.7001953125,8183.5,0
2024-10-08 03:00:00,8184.5,8195.7001953125,8164.7998046875,8167.7001953125,0
2024-10-08 04:00:00,8168.60009765625,8186.7998046875,8168.60009765625,8183.7998046875,0
2024-10-08 05:00:00,8185.2001953125,8185.2998046875,8176.89990234375,8176.89990234375,0
2024-10-08 23:00:00,8176.89990234375,8222.900390625,8174.39990234375,8213.0,0
2024-10-09 00:00:00,8212.099609375,8222.099609375,8203.900390625,8220.400390625,0
2024-10-09 01:00:00,8220.2001953125,8226.7001953125,8201.2001953125,8202.2001953125,0
2024-10-09 02:00:00,8202.2998046875,8202.2998046875,8173.7998046875,8178.39990234375,0
2024-10-09 03:00:00,8179.2001953125,8195.0,8174.2998046875,8193.900390625,0
2024-10-09 04:00:00,8191.7998046875,8195.7998046875,8181.7001953125,8187.2001953125,0
2024-10-09 05:00:00,8187.0,8187.39990234375,8187.0,8187.39990234375,0
2024-10-09 23:00:00,8187.39990234375,8238.2001953125,8187.39990234375,8222.7001953125,0
2024-10-10 00:00:00,8222.400390625,8236.0,8213.599609375,8231.2001953125,0
2024-10-10 01:00:00,8230.900390625,8242.7998046875,8229.599609375,8238.7998046875,0
2024-10-10 02:00:00,8238.900390625,8239.099609375,8224.2998046875,8224.2998046875,0
2024-10-10 03:00:00,8224.2001953125,8227.5,8204.2001953125,8208.7001953125,0
2024-10-10 04:00:00,8207.5,8223.900390625,8207.5,8223.900390625,0
2024-10-10 05:00:00,8223.599609375,8223.599609375,8223.0,8223.0,0
2024-10-10 23:00:00,8223.0,8223.0,8201.7001953125,8206.599609375,0
2024-10-11 00:00:00,8205.5,8219.7998046875,8200.0,8207.400390625,0
2024-10-11 01:00:00,8208.599609375,8221.900390625,8206.2998046875,8221.0,0
2024-10-11 02:00:00,8221.099609375,8223.0,8208.5,8210.5,0
2024-10-11 03:00:00,8209.599609375,8226.599609375,8208.599609375,8224.599609375,0
2024-10-11 04:00:00,8225.2998046875,8228.2998046875,8216.5,8217.5,0
2024-10-11 05:00:00,8217.0,8217.0,8214.5,8214.5,0
2024-10-13 23:00:00,8214.5,8254.099609375,8214.5,8230.2001953125,0
2024-10-14 00:00:00,8230.5,8245.7001953125,8229.2998046875,8241.400390625,0
2024-10-14 01:00:00,8241.2001953125,8258.7001953125,8232.099609375,8252.7001953125,0
2024-10-14 02:00:00,8252.599609375,8261.2001953125,8242.7001953125,8259.900390625,0
2024-10-14 03:00:00,8260.400390625,8271.7998046875,8258.2001953125,8258.5,0
2024-10-14 04:00:00,8258.400390625,8259.7001953125,8245.2001953125,8248.400390625,0
2024-10-14 05:00:00,8247.2998046875,8252.7998046875,8247.2001953125,8252.7998046875,0
2024-10-14 23:00:00,8252.7998046875,8308.7001953125,8252.7998046875,8303.2001953125,0
2024-10-15 00:00:00,8303.7001953125,8321.599609375,8303.7001953125,8313.099609375,0
2024-10-15 01:00:00,8312.900390625,8323.5,8306.099609375,8321.7998046875,0
2024-10-15 02:00:00,8323.400390625,8331.7001953125,8315.900390625,8316.599609375,0
2024-10-15 03:00:00,8317.2001953125,8322.900390625,8309.2998046875,8318.599609375,0
2024-10-15 04:00:00,8318.7001953125,8328.7998046875,8318.599609375,8322.2998046875,0
2024-10-15 05:00:00,8321.099609375,8321.099609375,8318.400390625,8318.400390625,0
2024-10-15 23:00:00,8318.400390625,8318.400390625,8274.2998046875,8288.599609375,0
2024-10-16 00:00:00,8286.900390625,8297.7001953125,8283.599609375,8291.0,0
2024-10-16 01:00:00,8290.7998046875,8304.400390625,8287.2998046875,8295.400390625,0
2024-10-16 02:00:00,8296.7001953125,8311.2001953125,8293.400390625,8309.5,0
2024-10-16 03:00:00,8309.7998046875,8309.7998046875,8297.5,8299.099609375,0
2024-10-16 04:00:00,8298.599609375,8301.099609375,8287.2998046875,8291.400390625,0
2024-10-16 05:00:00,8291.400390625,8291.400390625,8284.7001953125,8284.7001953125,0
2024-10-16 23:00:00,8284.7001953125,8364.7001953125,8284.7001953125,8361.7001953125,0
2024-10-17 00:00:00,8362.2998046875,8384.5,8345.2998046875,8358.7998046875,0
2024-10-17 01:00:00,8359.2001953125,8369.2998046875,8344.2001953125,8350.099609375,0
2024-10-17 02:00:00,8350.7001953125,8358.900390625,8331.099609375,8333.7998046875,0
2024-10-17 03:00:00,8337.2001953125,8341.400390625,8333.5,8339.400390625,0
2024-10-17 04:00:00,8338.900390625,8345.0,8333.2998046875,8342.0,0
2024-10-17 05:00:00,8341.7001953125,8355.900390625,8341.7001953125,8355.900390625,0
2024-10-17 23:00:00,8355.900390625,8355.900390625,8308.7998046875,8312.7001953125,0
2024-10-18 00:00:00,8314.0,8315.7998046875,8290.2998046875,8297.599609375,0
2024-10-18 01:00:00,8297.7001953125,8308.2998046875,8292.900390625,8295.2001953125,0
2024-10-18 02:00:00,8294.2998046875,8296.7001953125,8276.400390625,8282.7001953125,0
2024-10-18 03:00:00,8282.5,8283.599609375,8262.2001953125,8267.5,0
2024-10-18 04:00:00,8266.900390625,8284.0,8261.5,8281.7001953125,0
2024-10-18 05:00:00,8281.5,8283.2001953125,8281.5,8283.2001953125,0
2024-10-20 23:00:00,8283.7998046875,8349.7001953125,8283.7998046875,8340.7001953125,0
2024-10-21 00:00:00,8337.5,8345.2001953125,8323.0,8330.7998046875,0
2024-10-21 01:00:00,8331.7001953125,8340.900390625,8326.2001953125,8330.2998046875,0
2024-10-21 02:00:00,8331.2001953125,8340.2998046875,8331.099609375,8337.099609375,0
2024-10-21 03:00:00,8338.5,8345.7998046875,8336.900390625,8344.099609375,0
2024-10-21 04:00:00,8345.400390625,8356.400390625,8344.599609375,8350.900390625,0
2024-10-21 05:00:00,8350.0,8350.0,8344.400390625,8344.400390625,0
2024-10-21 23:00:00,8344.400390625,8344.400390625,8256.400390625,8256.400390625,0
2024-10-22 00:00:00,8256.400390625,8256.400390625,8217.099609375,8217.099609375,0
2024-10-22 01:00:00,8216.0,8236.2998046875,8215.099609375,8236.099609375,0
2024-10-22 02:00:00,8235.599609375,8237.5,8212.7998046875,8214.099609375,0
2024-10-22 03:00:00,8214.5,8215.2001953125,8201.599609375,8206.099609375,0
2024-10-22 04:00:00,8207.599609375,8218.7998046875,8205.900390625,8212.5,0
2024-10-22 05:00:00,8211.7998046875,8212.0,8205.7001953125,8205.7001953125,0
2024-10-22 23:00:00,8205.7001953125,8231.900390625,8205.7001953125,8230.7998046875,0
2024-10-23 00:00:00,8230.2998046875,8232.599609375,8215.5,8219.5,0
2024-10-23 01:00:00,8217.400390625,8224.900390625,8210.7998046875,8210.7998046875,0
2024-10-23 02:00:00,8210.0,8216.0,8207.900390625,8214.5,0
2024-10-23 03:00:00,8214.7998046875,8216.099609375,8196.2001953125,8202.7998046875,0
2024-10-23 04:00:00,8201.7001953125,8216.900390625,8198.5,8213.599609375,0
2024-10-23 05:00:00,8215.7001953125,8216.0,8215.7001953125,8216.0,0
2024-10-23 23:00:00,8216.0,8216.0,8183.7998046875,8199.0,0
2024-10-24 00:00:00,8197.5,8228.7001953125,8193.099609375,8228.5,0
2024-10-24 01:00:00,8230.099609375,8231.5,8219.2001953125,8230.0,0
2024-10-24 02:00:00,8230.5,8244.400390625,8226.5,8242.900390625,0
2024-10-24 03:00:00,8243.7001953125,8247.5,8223.5,8224.0,0
2024-10-24 04:00:00,8224.2001953125,8227.7998046875,8210.599609375,8210.7001953125,0
2024-10-24 05:00:00,8210.900390625,8210.900390625,8206.2998046875,8206.2998046875,0
2024-10-24 23:00:00,8206.2998046875,8238.900390625,8206.2998046875,8237.0,0
2024-10-25 00:00:00,8237.400390625,8247.400390625,8234.7998046875,8241.0,0
2024-10-25 01:00:00,8241.0,8248.099609375,8228.2998046875,8228.2998046875,0
2024-10-25 02:00:00,8227.5,8233.7001953125,8224.0,8224.2998046875,0
2024-10-25 03:00:00,8226.0,8229.2998046875,8212.7001953125,8212.7001953125,0
2024-10-25 04:00:00,8215.2001953125,8222.7001953125,8211.0,8212.2001953125,0
2024-10-25 05:00:00,8210.599609375,8211.2998046875,8210.599609375,8211.2998046875,0
2024-10-27 23:00:00,8211.2998046875,8225.7998046875,8200.599609375,8203.7001953125,0
2024-10-28 00:00:00,8203.599609375,8224.7001953125,8199.7001953125,8217.5,0
2024-10-28 01:00:00,8217.7998046875,8225.7998046875,8217.599609375,8220.2001953125,0
2024-10-28 02:00:00,8220.099609375,8226.5,8208.2998046875,8210.2001953125,0
2024-10-28 03:00:00,8211.5,8214.099609375,8205.2001953125,8207.7998046875,0
2024-10-28 04:00:00,8206.599609375,8225.5,8203.2998046875,8223.400390625,0
2024-10-28 05:00:00,8223.2001953125,8223.2001953125,8221.5,8221.5,0
2024-10-28 23:00:00,8221.5,8262.7998046875,8221.5,8250.7001953125,0
2024-10-29 00:00:00,8253.2998046875,8259.2998046875,8248.5,8253.7998046875,0
2024-10-29 01:00:00,8253.5,8263.599609375,8249.7998046875,8258.0,0
2024-10-29 02:00:00,8259.099609375,8271.7001953125,8257.900390625,8263.900390625,0
2024-10-29 03:00:00,8264.2998046875,8272.099609375,8257.400390625,8258.0,0
2024-10-29 04:00:00,8258.0,8258.7001953125,8247.400390625,8251.7998046875,0
2024-10-29 05:00:00,8252.2001953125,8252.2001953125,8249.2001953125,8249.2001953125,0
2024-10-29 23:00:00,8249.2001953125,8259.2001953125,8218.0,8226.2998046875,0
2024-10-30 00:00:00,8224.400390625,8237.7001953125,8218.5,8218.5,0
2024-10-30 01:00:00,8221.0,8223.2001953125,8205.7998046875,8205.7998046875,0
2024-10-30 02:00:00,8204.900390625,8213.2998046875,8182.7998046875,8186.0,0
2024-10-30 03:00:00,8185.2001953125,8185.5,8172.10009765625,8184.0,0
2024-10-30 04:00:00,8184.39990234375,8184.5,8167.2998046875,8180.2998046875,0
2024-10-30 05:00:00,8178.39990234375,8180.39990234375,8178.39990234375,8180.39990234375,0
2024-10-30 23:00:00,8180.39990234375,8184.39990234375,8167.7001953125,8169.2001953125,0
2024-10-31 00:00:00,8169.39990234375,8169.39990234375,8145.60009765625,8145.60009765625,0
2024-10-31 01:00:00,8147.89990234375,8169.39990234375,8142.39990234375,8142.39990234375,0
2024-10-31 02:00:00,8141.39990234375,8150.89990234375,8129.60009765625,8150.2001953125,0
2024-10-31 03:00:00,8151.5,8165.0,8151.5,8160.0,0
2024-10-31 04:00:00,8161.60009765625,8161.60009765625,8148.7001953125,8154.60009765625,0
2024-10-31 05:00:00,8154.7998046875,8160.0,8154.7998046875,8160.0,0
2024-10-31 23:00:00,8160.0,8160.0,8074.5,8077.0,0
2024-11-01 00:00:00,8076.2998046875,8083.0,8063.2001953125,8081.60009765625,0
2024-11-01 01:00:00,8081.89990234375,8089.60009765625,8079.60009765625,8087.7998046875,0
2024-11-01 02:00:00,8086.2001953125,8089.10009765625,8072.2998046875,8087.5,0
2024-11-01 03:00:00,8087.2998046875,8108.7998046875,8086.0,8107.39990234375,0
2024-11-01 04:00:00,8107.89990234375,8120.7998046875,8107.89990234375,8120.7998046875,0
2024-11-01 05:00:00,8121.39990234375,8121.60009765625,8118.7998046875,8118.7998046875,0
2024-11-03 23:00:00,8118.7998046875,8153.5,8118.7998046875,8135.39990234375,0
2024-11-04 00:00:00,8136.0,8146.39990234375,8130.7998046875,8138.60009765625,0
2024-11-04 01:00:00,8138.5,8152.5,8131.5,8149.39990234375,0
2024-11-04 02:00:00,8149.2001953125,8167.2001953125,8141.2001953125,8167.10009765625,0
2024-11-04 03:00:00,8166.7998046875,8171.0,8160.2998046875,8162.10009765625,0
2024-11-04 04:00:00,8162.5,8180.39990234375,8159.89990234375,8171.0,0
2024-11-04 05:00:00,8171.0,8171.0,8164.60009765625,8164.60009765625,0
2024-11-04 23:00:00,8164.60009765625,8165.10009765625,8126.89990234375,8126.89990234375,0
2024-11-05 00:00:00,8126.7998046875,8126.7998046875,8116.0,8121.7001953125,0
2024-11-05 01:00:00,8121.5,8129.60009765625,8113.39990234375,8127.60009765625,0
2024-11-05 02:00:00,8127.2998046875,8133.7001953125,8123.7001953125,8130.2998046875,0
2024-11-05 03:00:00,8129.7998046875,8138.2998046875,8126.7001953125,8133.7998046875,0
2024-11-05 04:00:00,8132.60009765625,8142.89990234375,8128.60009765625,8129.0,0
2024-11-05 05:00:00,8129.0,8131.7998046875,8128.7998046875,8131.7998046875,0
2024-11-05 23:00:00,8131.7998046875,8206.599609375,8131.7998046875,8192.900390625,0
2024-11-06 00:00:00,8192.5,8204.0,8188.5,8192.099609375,0
2024-11-06 01:00:00,8191.2998046875,8210.2998046875,8190.60009765625,8209.099609375,0
2024-11-06 02:00:00,8209.400390625,8222.099609375,8198.0,8222.099609375,0
2024-11-06 03:00:00,8221.5,8224.2001953125,8183.2001953125,8185.39990234375,0
2024-11-06 04:00:00,8185.5,8207.0,8175.60009765625,8203.2998046875,0
2024-11-06 05:00:00,8202.400390625,8202.400390625,8199.5,8199.5,0
2024-11-06 23:00:00,8199.5,8231.0,8173.7001953125,8174.60009765625,0
2024-11-07 00:00:00,8175.7998046875,8196.7001953125,8150.10009765625,8156.5,0
2024-11-07 01:00:00,8158.2001953125,8175.7998046875,8157.7001953125,8175.2998046875,0
2024-11-07 02:00:00,8177.10009765625,8183.2001953125,8172.89990234375,8181.89990234375,0
2024-11-07 03:00:00,8182.89990234375,8213.5,8182.89990234375,8202.5,0
2024-11-07 04:00:00,8204.2001953125,8212.2998046875,8191.89990234375,8207.099609375,0
2024-11-07 05:00:00,8207.099609375,8226.2998046875,8207.099609375,8226.2998046875,0
2024-11-07 23:00:00,8226.2998046875,8313.2998046875,8226.2998046875,8311.7001953125,0
2024-11-08 00:00:00,8311.599609375,8319.400390625,8304.0,8306.900390625,0
2024-11-08 01:00:00,8307.7998046875,8316.2998046875,8297.099609375,8304.2001953125,0
2024-11-08 02:00:00,8304.2998046875,8306.7998046875,8293.7998046875,8302.2998046875,0
2024-11-08 03:00:00,8303.099609375,8310.5,8294.7001953125,8295.0,0
2024-11-08 04:00:00,8294.5,8304.7998046875,8292.599609375,8302.0,0
2024-11-08 05:00:00,8301.599609375,8301.900390625,8295.099609375,8295.099609375,0
2024-11-10 23:00:00,8295.099609375,8295.099609375,8259.7001953125,8275.599609375,0
2024-11-11 00:00:00,8273.400390625,8276.0,8257.0,8260.400390625,0
2024-11-11 01:00:00,8261.2998046875,8265.599609375,8251.900390625,8263.7001953125,0
2024-11-11 02:00:00,8263.7998046875,8264.099609375,8254.599609375,8259.7001953125,0
2024-11-11 03:00:00,8260.400390625,8260.400390625,8246.7001953125,8249.400390625,0
2024-11-11 04:00:00,8249.2001953125,8260.7001953125,8249.0,8258.7998046875,0
2024-11-11 05:00:00,8258.900390625,8266.2001953125,8258.900390625,8266.2001953125,0
2024-11-11 23:00:00,8266.2001953125,8266.2001953125,8232.7998046875,8242.099609375,0
2024-11-12 00:00:00,8245.599609375,8249.7001953125,8215.7998046875,8223.099609375,0
2024-11-12 01:00:00,8222.5,8248.5,8222.5,8236.7998046875,0
2024-11-12 02:00:00,8236.0,8243.400390625,8226.099609375,8228.7998046875,0
2024-11-12 03:00:00,8229.2998046875,8247.2998046875,8229.2998046875,8243.400390625,0
2024-11-12 04:00:00,8243.2998046875,8258.0,8240.2001953125,8255.2998046875,0
2024-11-12 05:00:00,8254.7998046875,8255.599609375,8254.599609375,8255.599609375,0
2024-11-12 23:00:00,8255.599609375,8255.599609375,8157.2998046875,8162.10009765625,0
2024-11-13 00:00:00,8162.60009765625,8163.5,8139.10009765625,8162.5,0
2024-11-13 01:00:00,8161.10009765625,8169.89990234375,8153.5,8161.2998046875,0
2024-11-13 02:00:00,8163.60009765625,8180.89990234375,8162.10009765625,8177.10009765625,0
2024-11-13 03:00:00,8177.60009765625,8186.0,8174.89990234375,8182.2001953125,0
2024-11-13 04:00:00,8182.5,8192.5,8178.60009765625,8187.2998046875,0
2024-11-13 05:00:00,8186.7998046875,8193.400390625,8186.7998046875,8193.400390625,0
2024-11-13 23:00:00,8193.400390625,8235.2998046875,8193.400390625,8225.900390625,0
2024-11-14 00:00:00,8226.099609375,8239.400390625,8226.099609375,8236.7998046875,0
2024-11-14 01:00:00,8235.2001953125,8235.2001953125,8221.2998046875,8224.900390625,0
2024-11-14 02:00:00,8227.0,8227.0,8206.2998046875,8206.900390625,0
2024-11-14 03:00:00,8206.7001953125,8221.400390625,8206.7001953125,8221.400390625,0
2024-11-14 04:00:00,8220.400390625,8232.599609375,8218.900390625,8229.0,0
2024-11-14 05:00:00,8231.2998046875,8231.5,8224.0,8224.0,0
2024-11-14 23:00:00,8224.0,8258.7998046875,8224.0,8258.7998046875,0
2024-11-15 00:00:00,8257.5,8273.900390625,8257.5,8270.400390625,0
2024-11-15 01:00:00,8270.099609375,8273.900390625,8256.599609375,8259.0,0
2024-11-15 02:00:00,8259.2001953125,8267.400390625,8252.7998046875,8267.2001953125,0
2024-11-15 03:00:00,8268.099609375,8284.7998046875,8265.2998046875,8280.400390625,0
2024-11-15 04:00:00,8280.0,8281.2998046875,8273.7001953125,8277.7998046875,0
2024-11-15 05:00:00,8279.0,8285.2001953125,8279.0,8285.2001953125,0
2024-11-17 23:00:00,8285.2001953125,8285.2001953125,8244.2998046875,8260.599609375,0
2024-11-18 00:00:00,8261.900390625,8290.7998046875,8257.7001953125,8289.7998046875,0
2024-11-18 01:00:00,8290.2001953125,8292.7998046875,8278.599609375,8283.400390625,0
2024-11-18 02:00:00,8283.900390625,8294.2001953125,8281.7998046875,8285.5,0
2024-11-18 03:00:00,8285.900390625,8296.7001953125,8285.7001953125,8295.400390625,0
2024-11-18 04:00:00,8295.7001953125,8317.7001953125,8294.0,8311.7998046875,0
2024-11-18 05:00:00,8312.599609375,8312.599609375,8300.2001953125,8300.2001953125,0
2024-11-18 23:00:00,8300.2001953125,8342.900390625,8300.2001953125,8342.900390625,0
2024-11-19 00:00:00,8342.7001953125,8363.2001953125,8342.5,8361.900390625,0
2024-11-19 01:00:00,8363.400390625,8402.2001953125,8361.400390625,8400.2001953125,0
2024-11-19 02:00:00,8400.099609375,8400.099609375,8388.7001953125,8394.099609375,0
2024-11-19 03:00:00,8394.599609375,8440.099609375,8394.599609375,8440.0,0
2024-11-19 04:00:00,8440.0,8446.400390625,8402.7001953125,8403.0,0
2024-11-19 05:00:00,8404.099609375,8404.7998046875,8374.0,8374.0,0
2024-11-19 23:00:00,8374.0,8379.7998046875,8349.0,8351.400390625,0
2024-11-20 00:00:00,8352.099609375,8364.7998046875,8338.2998046875,8338.2998046875,0
2024-11-20 01:00:00,8338.2001953125,8352.2001953125,8336.599609375,8345.400390625,0
2024-11-20 02:00:00,8345.2998046875,8347.2998046875,8339.099609375,8344.2998046875,0
2024-11-20 03:00:00,8344.5,8344.5,8319.7998046875,8319.7998046875,0
2024-11-20 04:00:00,8320.400390625,8326.900390625,8318.2001953125,8324.5,0
2024-11-20 05:00:00,8323.400390625,8326.2998046875,8322.7998046875,8326.2998046875,0
2024-11-20 23:00:00,8326.2998046875,8362.7998046875,8326.2998046875,8351.900390625,0
2024-11-21 00:00:00,8351.5,8352.599609375,8324.2001953125,8325.5,0
2024-11-21 01:00:00,8325.2998046875,8329.7998046875,8315.2998046875,8315.7001953125,0
2024-11-21 02:00:00,8315.7998046875,8324.900390625,8308.0,8308.7998046875,0
2024-11-21 03:00:00,8308.0,8317.900390625,8305.5,8309.099609375,0
2024-11-21 04:00:00,8308.2001953125,8318.099609375,8305.400390625,8310.7001953125,0
2024-11-21 05:00:00,8311.599609375,8323.0,8311.2998046875,8323.0,0
2024-11-21 23:00:00,8323.0,8398.400390625,8323.0,8381.7998046875,0
2024-11-22 00:00:00,8381.0,8393.400390625,8381.0,8389.599609375,0
2024-11-22 01:00:00,8389.2001953125,8408.599609375,8382.7001953125,8406.099609375,0
2024-11-22 02:00:00,8407.0,8413.2001953125,8401.099609375,8409.900390625,0
2024-11-22 03:00:00,8409.7998046875,8416.400390625,8393.0,8401.5,0
2024-11-22 04:00:00,8403.099609375,8410.900390625,8399.7998046875,8401.2001953125,0
2024-11-22 05:00:00,8401.2998046875,8401.2998046875,8393.7998046875,8393.7998046875,0
2024-11-24 23:00:00,8393.7998046875,8458.900390625,8393.7998046875,8441.7001953125,0
2024-11-25 00:00:00,8441.0,8462.099609375,8441.0,8450.400390625,0
2024-11-25 01:00:00,8450.2001953125,8457.599609375,8442.2001953125,8450.0,0
2024-11-25 02:00:00,8449.900390625,8451.2998046875,8444.5,8444.900390625,0
2024-11-25 03:00:00,8444.5,8453.0,8434.2001953125,8451.400390625,0
2024-11-25 04:00:00,8452.900390625,8452.900390625,8429.400390625,8429.400390625,0
2024-11-25 05:00:00,8430.0,8430.0,8417.599609375,8417.599609375,0
2024-11-25 23:00:00,8417.599609375,8433.0,8394.599609375,8397.599609375,0
2024-11-26 00:00:00,8396.400390625,8399.0,8376.099609375,8386.900390625,0
2024-11-26 01:00:00,8384.7998046875,8390.099609375,8372.400390625,8383.2001953125,0
2024-11-26 02:00:00,8383.400390625,8391.2001953125,8378.599609375,8384.2001953125,0
2024-11-26 03:00:00,8384.099609375,8390.900390625,8378.7001953125,8378.7001953125,0
2024-11-26 04:00:00,8379.400390625,8381.400390625,8352.7998046875,8361.400390625,0
2024-11-26 05:00:00,8362.2001953125,8362.2001953125,8359.400390625,8359.400390625,0
2024-11-26 23:00:00,8359.400390625,8405.2998046875,8359.400390625,8398.400390625,0
2024-11-27 00:00:00,8397.099609375,8411.599609375,8395.5,8406.7998046875,0
2024-11-27 01:00:00,8406.0,8406.0,8389.0,8404.5,0
2024-11-27 02:00:00,8403.900390625,8414.7001953125,8402.7998046875,8407.5,0
2024-11-27 03:00:00,8408.5,8417.099609375,8405.599609375,8406.599609375,0
2024-11-27 04:00:00,8406.900390625,8417.2998046875,8396.0,8397.400390625,0
2024-11-27 05:00:00,8398.400390625,8406.7001953125,8397.7998046875,8406.7001953125,0
2024-11-27 23:00:00,8406.7001953125,8450.7998046875,8406.7001953125,8447.2998046875,0
2024-11-28 00:00:00,8448.0,8453.599609375,8440.0,8443.599609375,0
2024-11-28 01:00:00,8443.400390625,8458.2998046875,8440.599609375,8455.2001953125,0
2024-11-28 02:00:00,8455.2001953125,8470.099609375,8455.2001953125,8468.7001953125,0
2024-11-28 03:00:00,8468.7998046875,8477.099609375,8462.099609375,8474.099609375,0
2024-11-28 04:00:00,8474.900390625,8475.099609375,8459.599609375,8460.900390625,0
2024-11-28 05:00:00,8461.099609375,8461.5,8444.2998046875,8444.2998046875,0
2024-11-28 23:00:00,8444.2998046875,8444.2998046875,8404.900390625,8406.2001953125,0
2024-11-29 00:00:00,8406.0,8409.599609375,8390.099609375,8393.7001953125,0
2024-11-29 01:00:00,8395.2001953125,8415.7001953125,8393.400390625,8412.2001953125,0
2024-11-29 02:00:00,8410.2998046875,8426.099609375,8410.099609375,8425.7001953125,0
2024-11-29 03:00:00,8426.5,8431.900390625,8422.7001953125,8424.5,0
2024-11-29 04:00:00,8424.400390625,8431.7998046875,8423.599609375,8431.7001953125,0
2024-11-29 05:00:00,8432.900390625,8436.2001953125,8432.7001953125,8436.2001953125,0
2024-12-01 23:00:00,8436.2001953125,8461.900390625,8436.2001953125,8457.5,0
2024-12-02 00:00:00,8456.900390625,8466.400390625,8451.599609375,8460.400390625,0
2024-12-02 01:00:00,8457.400390625,8463.5,8450.099609375,8453.7998046875,0
2024-12-02 02:00:00,8453.099609375,8454.7001953125,8446.2998046875,8450.7001953125,0
2024-12-02 03:00:00,8450.5,8452.400390625,8434.599609375,8438.5,0
2024-12-02 04:00:00,8438.400390625,8443.900390625,8436.400390625,8440.599609375,0
2024-12-02 05:00:00,8440.7001953125,8447.900390625,8440.7001953125,8447.900390625,0
2024-12-02 23:00:00,8447.900390625,8508.7998046875,8447.900390625,8506.099609375,0
2024-12-03 00:00:00,8505.599609375,8514.5,8505.0,8505.0,0
2024-12-03 01:00:00,8505.5,8510.2001953125,8501.900390625,8504.2998046875,0
2024-12-03 02:00:00,8504.400390625,8507.5,8498.2001953125,8505.7001953125,0
2024-12-03 03:00:00,8506.0,8511.099609375,8500.2998046875,8506.400390625,0
2024-12-03 04:00:00,8506.099609375,8511.7998046875,8500.2998046875,8503.5,0
2024-12-03 05:00:00,8501.099609375,8501.099609375,8495.2001953125,8495.2001953125,0
2024-12-03 23:00:00,8495.2001953125,8497.7998046875,8449.2998046875,8457.0,0
2024-12-04 00:00:00,8455.7001953125,8465.0,8452.2998046875,8454.599609375,0
2024-12-04 01:00:00,8455.099609375,8458.2998046875,8429.2001953125,8436.900390625,0
2024-12-04 02:00:00,8436.5,8458.599609375,8436.5,8456.2001953125,0
2024-12-04 03:00:00,8455.900390625,8467.599609375,8455.900390625,8462.5,0
2024-12-04 04:00:00,8462.2001953125,8466.400390625,8457.7998046875,8464.7001953125,0
2024-12-04 05:00:00,8464.7998046875,8465.2001953125,8462.599609375,8462.599609375,0
2024-12-04 23:00:00,8462.599609375,8482.599609375,8462.2998046875,8475.5,0
2024-12-05 00:00:00,8475.900390625,8490.599609375,8475.900390625,8489.5,0
2024-12-05 01:00:00,8488.7001953125,8490.7998046875,8483.5,8488.900390625,0
2024-12-05 02:00:00,8489.2001953125,8494.5,8483.099609375,8483.7998046875,0
2024-12-05 03:00:00,8483.099609375,8483.099609375,8475.7001953125,8481.599609375,0
2024-12-05 04:00:00,8482.0,8482.2998046875,8469.900390625,8469.900390625,0
2024-12-05 05:00:00,8471.2998046875,8474.900390625,8471.099609375,8474.900390625,0
2024-12-05 23:00:00,8474.900390625,8474.900390625,8435.7998046875,8447.0,0
2024-12-06 00:00:00,8446.0,8454.0,8440.7001953125,8442.7001953125,0
2024-12-06 01:00:00,8443.0,8443.2998046875,8423.2001953125,8426.7001953125,0
2024-12-06 02:00:00,8427.2001953125,8441.900390625,8426.099609375,8428.7998046875,0
2024-12-06 03:00:00,8429.7998046875,8435.400390625,8422.7001953125,8433.2001953125,0
2024-12-06 04:00:00,8432.5,8432.5,8420.0,8420.0,0
2024-12-06 05:00:00,8419.599609375,8420.900390625,8419.099609375,8420.900390625,0
2024-12-08 23:00:00,8420.900390625,8420.900390625,8374.5,8377.900390625,0
2024-12-09 00:00:00,8376.7001953125,8396.900390625,8371.099609375,8394.2001953125,0
2024-12-09 01:00:00,8394.2001953125,8407.400390625,8394.2001953125,8407.2998046875,0
2024-12-09 02:00:00,8408.099609375,8413.900390625,8400.400390625,8400.400390625,0
2024-12-09 03:00:00,8400.7001953125,8401.900390625,8394.7001953125,8399.400390625,0
2024-12-09 04:00:00,8400.099609375,8415.099609375,8397.7998046875,8414.5,0
2024-12-09 05:00:00,8414.5,8423.0,8413.900390625,8423.0,0
2024-12-09 23:00:00,8423.0,8447.7001953125,8402.400390625,8406.099609375,0
2024-12-10 00:00:00,8406.5,8408.2998046875,8386.2001953125,8393.400390625,0
2024-12-10 01:00:00,8393.2998046875,8396.7998046875,8369.2998046875,8374.2998046875,0
2024-12-10 02:00:00,8374.599609375,8376.7001953125,8360.099609375,8363.099609375,0
2024-12-10 03:00:00,8362.2998046875,8411.2001953125,8362.2998046875,8404.099609375,0
2024-12-10 04:00:00,8403.2998046875,8403.2998046875,8385.599609375,8399.099609375,0
2024-12-10 05:00:00,8399.400390625,8399.400390625,8393.0,8393.0,0
2024-12-10 23:00:00,8393.0,8395.900390625,8363.599609375,8373.099609375,0
2024-12-11 00:00:00,8371.2001953125,8371.2001953125,8357.099609375,8359.099609375,0
2024-12-11 01:00:00,8359.5,8360.2998046875,8342.099609375,8348.0,0
2024-12-11 02:00:00,8347.2998046875,8356.599609375,8346.7998046875,8353.2001953125,0
2024-12-11 03:00:00,8352.7998046875,8359.099609375,8351.7001953125,8356.7001953125,0
2024-12-11 04:00:00,8357.5,8358.7001953125,8350.2001953125,8353.099609375,0
2024-12-11 05:00:00,8351.099609375,8353.599609375,8351.099609375,8353.599609375,0
2024-12-11 23:00:00,8353.599609375,8386.400390625,8353.599609375,8383.400390625,0
2024-12-12 00:00:00,8384.2998046875,8384.7998046875,8344.7998046875,8354.400390625,0
2024-12-12 01:00:00,8353.900390625,8355.599609375,8334.0,8339.0,0
2024-12-12 02:00:00,8338.900390625,8343.0,8327.900390625,8341.0,0
2024-12-12 03:00:00,8340.2001953125,8341.5,8326.599609375,8332.900390625,0
2024-12-12 04:00:00,8333.5,8337.599609375,8330.0,8335.2998046875,0
2024-12-12 05:00:00,8334.900390625,8334.900390625,8330.2998046875,8330.2998046875,0
2024-12-12 23:00:00,8330.2998046875,8330.2998046875,8263.5,8282.7001953125,0
2024-12-13 00:00:00,8281.900390625,8283.400390625,8272.599609375,8280.900390625,0
2024-12-13 01:00:00,8282.599609375,8284.400390625,8268.900390625,8276.599609375,0
2024-12-13 02:00:00,8276.7998046875,8283.900390625,8268.7998046875,8282.7998046875,0
2024-12-13 03:00:00,8282.400390625,8293.099609375,8278.2001953125,8293.099609375,0
2024-12-13 04:00:00,8291.900390625,8301.900390625,8289.2998046875,8301.400390625,0
2024-12-13 05:00:00,8299.2001953125,8299.2001953125,8296.0,8296.0,0
2024-12-15 23:00:00,8296.0,8296.0,8264.2001953125,8274.400390625,0
2024-12-16 00:00:00,8275.099609375,8278.900390625,8265.5,8270.099609375,0
2024-12-16 01:00:00,8269.7998046875,8277.7001953125,8266.099609375,8271.099609375,0
2024-12-16 02:00:00,8271.099609375,8272.2998046875,8263.099609375,8269.900390625,0
2024-12-16 03:00:00,8269.7998046875,8272.599609375,8256.599609375,8257.900390625,0
2024-12-16 04:00:00,8257.099609375,8259.0,8241.0,8245.900390625,0
2024-12-16 05:00:00,8243.900390625,8249.5,8243.900390625,8249.5,0
2024-12-16 23:00:00,8249.5,8287.2001953125,8236.7001953125,8285.599609375,0
2024-12-17 00:00:00,8284.2001953125,8310.7001953125,8283.7998046875,8310.7001953125,0
2024-12-17 01:00:00,8310.900390625,8325.2998046875,8310.900390625,8322.599609375,0
2024-12-17 02:00:00,8322.2001953125,8327.2998046875,8314.7001953125,8315.2998046875,0
2024-12-17 03:00:00,8315.0,8319.099609375,8308.7998046875,8312.2001953125,0
2024-12-17 04:00:00,8312.099609375,8326.400390625,8311.900390625,8318.2001953125,0
2024-12-17 05:00:00,8317.099609375,8317.099609375,8314.0,8314.0,0
2024-12-17 23:00:00,8314.0,8326.400390625,8307.2998046875,8325.599609375,0
2024-12-18 00:00:00,8324.7001953125,8340.099609375,8323.7001953125,8340.0,0
2024-12-18 01:00:00,8339.2001953125,8342.900390625,8332.0,8340.099609375,0
2024-12-18 02:00:00,8339.7998046875,8340.2998046875,8325.400390625,8325.900390625,0
2024-12-18 03:00:00,8325.5,8325.5,8296.5,8305.2001953125,0
2024-12-18 04:00:00,8304.900390625,8317.400390625,8304.900390625,8314.7001953125,0
2024-12-18 05:00:00,8313.7998046875,8314.2001953125,8309.400390625,8309.400390625,0
2024-12-18 23:00:00,8309.400390625,8309.400390625,8126.0,8127.39990234375,0
2024-12-19 00:00:00,8125.7001953125,8169.89990234375,8125.7001953125,8158.60009765625,0
2024-12-19 01:00:00,8157.89990234375,8161.60009765625,8137.89990234375,8153.7998046875,0
2024-12-19 02:00:00,8154.2998046875,8161.7998046875,8150.5,8154.5,0
2024-12-19 03:00:00,8155.0,8159.60009765625,8146.7998046875,8153.5,0
2024-12-19 04:00:00,8153.0,8164.89990234375,8151.7001953125,8163.7001953125,0
2024-12-19 05:00:00,8163.2001953125,8168.2001953125,8163.2001953125,8168.2001953125,0
2024-12-19 23:00:00,8168.2001953125,8168.2001953125,8092.0,8092.0,0
2024-12-20 00:00:00,8092.0,8092.89990234375,8076.5,8076.89990234375,0
2024-12-20 01:00:00,8078.2998046875,8090.0,8069.2001953125,8069.2001953125,0
2024-12-20 02:00:00,8068.60009765625,8071.7001953125,8054.0,8068.5,0
2024-12-20 03:00:00,8068.7998046875,8070.89990234375,8051.2001953125,8055.0,0
2024-12-20 04:00:00,8055.89990234375,8069.2001953125,8054.39990234375,8063.7001953125,0
2024-12-20 05:00:00,8063.2001953125,8067.0,8063.2001953125,8067.0,0
2024-12-22 23:00:00,8067.0,8130.39990234375,8067.0,8123.89990234375,0
2024-12-23 00:00:00,8123.2001953125,8127.0,8110.2001953125,8125.5,0
2024-12-23 01:00:00,8124.2001953125,8160.5,8122.89990234375,8159.7001953125,0
2024-12-23 02:00:00,8158.89990234375,8180.0,8157.7998046875,8178.89990234375,0
2024-12-23 03:00:00,8179.39990234375,8181.10009765625,8169.5,8176.89990234375,0
2024-12-23 04:00:00,8175.60009765625,8194.7998046875,8175.60009765625,8192.599609375,0
2024-12-23 05:00:00,8192.400390625,8201.599609375,8192.400390625,8201.599609375,0
2024-12-23 23:00:00,8201.599609375,8213.099609375,8195.2998046875,8199.599609375,0
2024-12-24 00:00:00,8199.7998046875,8209.2998046875,8193.5,8207.0,0
2024-12-24 01:00:00,8206.900390625,8215.2998046875,8201.900390625,8207.400390625,0
2024-12-24 02:00:00,8206.7998046875,8226.7998046875,8206.7998046875,8226.7998046875,0
2024-12-26 23:00:00,8220.900390625,8279.7001953125,8220.2001953125,8277.099609375,0
2024-12-27 00:00:00,8277.400390625,8281.400390625,8257.599609375,8259.400390625,0
2024-12-27 01:00:00,8260.400390625,8268.5,8250.0,8266.599609375,0
2024-12-27 02:00:00,8266.2001953125,8266.7001953125,8254.400390625,8256.7001953125,0
2024-12-27 03:00:00,8256.5,8263.5,8254.599609375,8256.0,0
2024-12-27 04:00:00,8255.7998046875,8258.2001953125,8249.099609375,8250.7998046875,0
2024-12-27 05:00:00,8250.5,8261.7998046875,8250.5,8261.7998046875,0
2024-12-29 23:00:00,8261.7998046875,8261.7998046875,8217.599609375,8228.900390625,0
2024-12-30 00:00:00,8228.599609375,8231.400390625,8220.400390625,8225.7001953125,0
2024-12-30 01:00:00,8225.900390625,8231.099609375,8215.7998046875,8215.7998046875,0
2024-12-30 02:00:00,8216.2998046875,8216.2998046875,8195.400390625,8196.400390625,0
2024-12-30 03:00:00,8196.7001953125,8215.2998046875,8184.2001953125,8214.900390625,0
2024-12-30 04:00:00,8215.400390625,8234.7998046875,8212.7001953125,8231.400390625,0
2024-12-30 05:00:00,8231.099609375,8235.0,8231.0,8235.0,0
2024-12-30 23:00:00,8235.0,8235.0,8181.0,8188.5,0
2024-12-31 00:00:00,8186.89990234375,8189.5,8170.89990234375,8170.89990234375,0
2024-12-31 01:00:00,8171.2001953125,8193.2998046875,8171.2001953125,8190.10009765625,0
2024-12-31 02:00:00,8190.10009765625,8190.10009765625,8168.7001953125,8173.5,0
2025-01-01 23:00:00,8159.10009765625,8183.10009765625,8158.7998046875,8171.10009765625,0
2025-01-02 00:00:00,8170.2001953125,8171.89990234375,8146.60009765625,8170.0,0
2025-01-02 01:00:00,8171.0,8199.7001953125,8171.0,8186.2998046875,0
2025-01-02 02:00:00,8186.39990234375,8197.7001953125,8180.60009765625,8194.7998046875,0
2025-01-02 03:00:00,8193.599609375,8200.7998046875,8188.0,8200.400390625,0
2025-01-02 04:00:00,8200.599609375,8204.2001953125,8194.400390625,8200.7998046875,0
2025-01-02 05:00:00,8200.7998046875,8201.2001953125,8200.7998046875,8201.2001953125,0
2025-01-02 23:00:00,8201.2001953125,8222.2001953125,8200.2001953125,8212.2998046875,0
2025-01-03 00:00:00,8210.5,8241.2001953125,8203.400390625,8241.2001953125,0
2025-01-03 01:00:00,8241.099609375,8246.7998046875,8232.0,8245.0,0
2025-01-03 02:00:00,8244.2001953125,8255.2998046875,8240.599609375,8255.2998046875,0
2025-01-03 03:00:00,8255.400390625,8263.900390625,8253.2998046875,8260.2001953125,0
2025-01-03 04:00:00,8260.099609375,8260.7001953125,8250.2001953125,8255.2998046875,0
2025-01-03 05:00:00,8254.7998046875,8255.0,8250.5,8250.5,0
2025-01-05 23:00:00,8250.5,8292.2998046875,8242.400390625,8282.0,0
2025-01-06 00:00:00,8282.5,8289.099609375,8264.2001953125,8270.7001953125,0
2025-01-06 01:00:00,8270.400390625,8270.400390625,8254.599609375,8255.400390625,0
2025-01-06 02:00:00,8255.7998046875,8262.400390625,8246.599609375,8261.7001953125,0
2025-01-06 03:00:00,8263.099609375,8265.5,8251.5,8251.5,0
2025-01-06 04:00:00,8252.2998046875,8255.2001953125,8246.099609375,8250.599609375,0
2025-01-06 05:00:00,8248.7001953125,8257.400390625,8248.7001953125,8257.400390625,0
2025-01-06 23:00:00,8257.400390625,8297.599609375,8257.400390625,8295.2998046875,0
2025-01-07 00:00:00,8296.2001953125,8296.2001953125,8275.7001953125,8275.7001953125,0
2025-01-07 01:00:00,8275.5,8276.599609375,8263.2001953125,8273.5,0
2025-01-07 02:00:00,8274.0,8283.599609375,8265.400390625,8269.900390625,0
2025-01-07 03:00:00,8270.2998046875,8282.7998046875,8267.5,8281.5,0
2025-01-07 04:00:00,8281.5,8282.2001953125,8273.5,8281.2998046875,0
2025-01-07 05:00:00,8280.0,8285.099609375,8279.7998046875,8285.099609375,0
2025-01-07 23:00:00,8283.0,8283.0,8262.2998046875,8280.900390625,0
2025-01-08 00:00:00,8282.5,8306.400390625,8275.7001953125,8306.0,0
2025-01-08 01:00:00,8305.099609375,8330.400390625,8302.900390625,8328.0,0
2025-01-08 02:00:00,8328.400390625,8348.099609375,8326.599609375,8345.900390625,0
2025-01-08 03:00:00,8346.0,8365.599609375,8343.0,8360.0,0
2025-01-08 04:00:00,8358.5,8370.7001953125,8353.5,8354.599609375,0
2025-01-08 05:00:00,8351.599609375,8351.599609375,8349.099609375,8349.099609375,0
2025-01-08 23:00:00,8349.099609375,8349.099609375,8298.599609375,8301.2998046875,0
2025-01-09 00:00:00,8298.099609375,8314.599609375,8293.2998046875,8314.599609375,0
2025-01-09 01:00:00,8314.900390625,8316.099609375,8291.900390625,8298.7998046875,0
2025-01-09 02:00:00,8299.099609375,8320.7001953125,8296.7001953125,8319.900390625,0
2025-01-09 03:00:00,8320.099609375,8323.400390625,8310.0,8310.900390625,0
2025-01-09 04:00:00,8311.2998046875,8319.099609375,8310.0,8317.599609375,0
2025-01-09 05:00:00,8317.400390625,8329.2001953125,8317.400390625,8329.2001953125,0
2025-01-09 23:00:00,8329.2001953125,8356.2001953125,8317.599609375,8327.900390625,0
2025-01-10 00:00:00,8328.2001953125,8328.2001953125,8286.2001953125,8291.7998046875,0
2025-01-10 01:00:00,8289.2001953125,8298.5,8272.400390625,8280.2998046875,0
2025-01-10 02:00:00,8281.0,8287.7001953125,8262.2001953125,8287.5,0
2025-01-10 03:00:00,8287.0,8292.599609375,8282.5,8287.099609375,0
2025-01-10 04:00:00,8287.400390625,8293.900390625,8283.5,8293.7001953125,0
2025-01-10 05:00:00,8295.0,8295.099609375,8294.099609375,8294.099609375,0
2025-01-12 23:00:00,8294.099609375,8294.099609375,8195.5,8223.099609375,0
2025-01-13 00:00:00,8224.0,8233.2001953125,8218.2998046875,8220.2001953125,0
2025-01-13 01:00:00,8220.5,8220.5,8170.0,8179.0,0
2025-01-13 02:00:00,8179.10009765625,8182.7998046875,8173.7998046875,8182.60009765625,0
2025-01-13 03:00:00,8182.39990234375,8188.10009765625,8160.7001953125,8183.10009765625,0
2025-01-13 04:00:00,8182.5,8192.099609375,8182.5,8191.39990234375,0
2025-01-13 05:00:00,8188.2001953125,8191.89990234375,8188.2001953125,8191.89990234375,0
2025-01-13 23:00:00,8191.89990234375,8253.7998046875,8191.89990234375,8236.2998046875,0
2025-01-14 00:00:00,8237.2001953125,8237.2001953125,8216.900390625,8223.099609375,0
2025-01-14 01:00:00,8222.7998046875,8222.7998046875,8207.900390625,8209.2998046875,0
2025-01-14 02:00:00,8208.5,8220.7998046875,8198.0,8220.0,0
2025-01-14 03:00:00,8220.2001953125,8222.400390625,8211.2001953125,8218.2001953125,0
2025-01-14 04:00:00,8218.2001953125,8226.7998046875,8215.599609375,8226.7998046875,0
2025-01-14 05:00:00,8225.7001953125,8231.0,8225.7001953125,8231.0,0
2025-01-14 23:00:00,8231.0,8260.900390625,8230.7001953125,8255.400390625,0
2025-01-15 00:00:00,8254.900390625,8263.5,8252.099609375,8257.2998046875,0
2025-01-15 01:00:00,8257.7001953125,8261.7001953125,8244.599609375,8244.599609375,0
2025-01-15 02:00:00,8244.2001953125,8245.7001953125,8231.2001953125,8231.400390625,0
2025-01-15 03:00:00,8231.2998046875,8232.099609375,8225.2998046875,8227.0,0
2025-01-15 04:00:00,8226.400390625,8226.400390625,8212.900390625,8218.7998046875,0
2025-01-15 05:00:00,8219.099609375,8219.2001953125,8213.2998046875,8213.2998046875,0
2025-01-15 23:00:00,8213.2998046875,8345.599609375,8213.2998046875,8342.099609375,0
2025-01-16 00:00:00,8342.400390625,8345.2998046875,8332.5,8336.099609375,0
2025-01-16 01:00:00,8336.0,8336.0,8320.7998046875,8320.900390625,0
2025-01-16 02:00:00,8321.099609375,8325.099609375,8317.0,8322.0,0
2025-01-16 03:00:00,8322.7998046875,8331.099609375,8320.599609375,8321.400390625,0
2025-01-16 04:00:00,8321.2998046875,8326.599609375,8319.0,8323.400390625,0
2025-01-16 05:00:00,8322.2998046875,8327.0,8322.2001953125,8327.0,0
2025-01-16 23:00:00,8327.0,8331.900390625,8317.5,8324.5,0
2025-01-17 00:00:00,8324.2001953125,8331.599609375,8314.5,8330.7001953125,0
2025-01-17 01:00:00,8330.2998046875,8346.7998046875,8330.2998046875,8337.099609375,0
2025-01-17 02:00:00,8337.2001953125,8337.7998046875,8312.099609375,8313.7998046875,0
2025-01-17 03:00:00,8313.7001953125,8317.5,8303.0,8313.400390625,0
2025-01-17 04:00:00,8313.2998046875,8315.900390625,8304.900390625,8311.5,0
2025-01-17 05:00:00,8314.2998046875,8314.400390625,8310.400390625,8310.400390625,0
2025-01-19 23:00:00,8310.400390625,8340.7998046875,8310.400390625,8340.7998046875,0
2025-01-20 00:00:00,8341.7998046875,8346.7998046875,8332.2001953125,8346.099609375,0
2025-01-20 01:00:00,8347.7998046875,8348.2001953125,8331.400390625,8336.7998046875,0
2025-01-20 02:00:00,8338.2998046875,8338.2998046875,8325.5,8333.400390625,0
2025-01-20 03:00:00,8333.7998046875,8353.900390625,8333.7001953125,8351.599609375,0
2025-01-20 04:00:00,8351.7001953125,8356.400390625,8343.7998046875,8351.400390625,0
2025-01-20 05:00:00,8348.400390625,8348.5,8347.400390625,8347.400390625,0
2025-01-20 23:00:00,8347.400390625,8428.2001953125,8347.400390625,8428.2001953125,0
2025-01-21 00:00:00,8427.2998046875,8453.2998046875,8367.0,8367.0,0
2025-01-21 01:00:00,8364.099609375,8399.900390625,8358.2001953125,8386.5,0
2025-01-21 02:00:00,8386.2001953125,8400.900390625,8385.900390625,8392.900390625,0
2025-01-21 03:00:00,8392.5,8412.7001953125,8392.5,8405.7001953125,0
2025-01-21 04:00:00,8405.099609375,8406.7998046875,8397.2998046875,8399.0,0
2025-01-21 05:00:00,8398.2998046875,8402.400390625,8397.7998046875,8402.400390625,0
2025-01-21 23:00:00,8402.400390625,8447.0,8396.2998046875,8443.900390625,0
2025-01-22 00:00:00,8444.5,8455.599609375,8443.0,8451.5,0
2025-01-22 01:00:00,8451.2001953125,8451.2001953125,8432.599609375,8433.5,0
2025-01-22 02:00:00,8434.0,8446.5,8427.7001953125,8429.599609375,0
2025-01-22 03:00:00,8429.5,8433.099609375,8425.2001953125,8426.099609375,0
2025-01-22 04:00:00,8426.7001953125,8431.5,8420.2998046875,8431.2998046875,0
2025-01-22 05:00:00,8430.7001953125,8430.7001953125,8429.7998046875,8429.7998046875,0
2025-01-22 23:00:00,8429.7998046875,8429.7998046875,8388.599609375,8388.599609375,0
2025-01-23 00:00:00,8388.5,8408.599609375,8388.5,8400.7998046875,0
2025-01-23 01:00:00,8400.2001953125,8407.2998046875,8380.2001953125,8380.2001953125,0
2025-01-23 02:00:00,8379.599609375,8382.599609375,8370.7998046875,8378.5,0
2025-01-23 03:00:00,8378.2998046875,8384.7001953125,8375.0,8377.7998046875,0
2025-01-23 04:00:00,8377.2001953125,8380.0,8366.0,8370.099609375,0
2025-01-23 05:00:00,8370.599609375,8378.7001953125,8370.400390625,8378.7001953125,0
2025-01-23 23:00:00,8378.7001953125,8419.0,8378.7001953125,8410.099609375,0
2025-01-24 00:00:00,8409.0,8421.099609375,8407.2001953125,8412.599609375,0
2025-01-24 01:00:00,8413.900390625,8413.900390625,8401.599609375,8403.2001953125,0
2025-01-24 02:00:00,8404.099609375,8421.0,8403.099609375,8412.2001953125,0
2025-01-24 03:00:00,8412.0,8412.900390625,8405.0,8408.400390625,0
2025-01-24 04:00:00,8408.2001953125,8409.7001953125,8398.5,8409.400390625,0
2025-01-24 05:00:00,8408.400390625,8408.900390625,8408.2001953125,8408.900390625,0
2025-01-27 23:00:00,8408.900390625,8418.599609375,8386.5,8418.599609375,0
2025-01-28 00:00:00,8417.2998046875,8422.2998046875,8409.7001953125,8422.2998046875,0
2025-01-28 01:00:00,8421.400390625,8427.099609375,8402.5,8402.5,0
2025-01-28 02:00:00,8405.2001953125,8415.599609375,8400.2001953125,8412.0,0
2025-01-28 03:00:00,8412.099609375,8421.0,8409.7001953125,8412.599609375,0
2025-01-28 04:00:00,8412.0,8417.5,8409.7001953125,8409.7998046875,0
2025-01-28 05:00:00,8408.099609375,8408.099609375,8399.099609375,8399.099609375,0
2025-01-28 23:00:00,8401.400390625,8440.7998046875,8396.400390625,8434.7998046875,0
2025-01-29 00:00:00,8434.7998046875,8473.0,8433.5,8465.5,0
2025-01-29 01:00:00,8464.7998046875,8476.2001953125,8463.900390625,8468.0,0
2025-01-29 02:00:00,8468.5,8481.599609375,8468.5,8472.2998046875,0
2025-01-29 03:00:00,8471.599609375,8471.900390625,8451.7001953125,8455.900390625,0
2025-01-29 04:00:00,8456.599609375,8462.0,8455.2998046875,8456.400390625,0
2025-01-29 05:00:00,8455.900390625,8455.900390625,8447.0,8447.0,0
2025-01-29 23:00:00,8447.0,8473.099609375,8444.099609375,8472.099609375,0
2025-01-30 00:00:00,8471.599609375,8483.0,8471.099609375,8480.5,0
2025-01-30 01:00:00,8481.7001953125,8495.599609375,8476.0,8492.7001953125,0
2025-01-30 02:00:00,8493.7001953125,8515.7001953125,8492.2998046875,8509.2001953125,0
2025-01-30 03:00:00,8509.400390625,8514.5,8500.7001953125,8503.400390625,0
2025-01-30 04:00:00,8503.900390625,8506.7001953125,8496.7998046875,8498.2998046875,0
2025-01-30 05:00:00,8495.5,8495.5,8493.7001953125,8493.7001953125,0
2025-01-30 23:00:00,8493.7001953125,8559.7001953125,8493.7001953125,8557.0,0
2025-01-31 00:00:00,8555.900390625,8566.900390625,8544.7001953125,8544.7998046875,0
2025-01-31 01:00:00,8544.7998046875,8546.900390625,8527.2001953125,8540.7001953125,0
2025-01-31 02:00:00,8540.2998046875,8540.2998046875,8517.599609375,8517.599609375,0
2025-01-31 03:00:00,8517.5,8525.0,8513.2001953125,8524.0,0
2025-01-31 04:00:00,8523.599609375,8541.900390625,8523.599609375,8539.099609375,0
2025-01-31 05:00:00,8538.0,8538.0,8532.2998046875,8532.2998046875,0
2025-02-02 23:00:00,8532.2998046875,8532.2998046875,8358.5,8369.5,0
2025-02-03 00:00:00,8371.599609375,8380.400390625,8353.900390625,8372.2001953125,0
2025-02-03 01:00:00,8372.7998046875,8400.2001953125,8370.599609375,8389.7998046875,0
2025-02-03 02:00:00,8390.400390625,8394.400390625,8373.7998046875,8379.0,0
2025-02-03 03:00:00,8379.0,8390.7001953125,8371.099609375,8383.900390625,0
2025-02-03 04:00:00,8383.7001953125,8389.400390625,8364.7998046875,8374.7998046875,0
2025-02-03 05:00:00,8374.400390625,8379.400390625,8373.900390625,8379.400390625,0
2025-02-03 23:00:00,8379.400390625,8446.7998046875,8379.400390625,8434.7998046875,0
2025-02-04 00:00:00,8434.5,8438.900390625,8415.0,8423.0,0
2025-02-04 01:00:00,8423.2998046875,8423.2998046875,8402.400390625,8414.2001953125,0
2025-02-04 02:00:00,8414.0,8421.2998046875,8413.7001953125,8417.7998046875,0
2025-02-04 03:00:00,8417.099609375,8417.099609375,8390.2001953125,8395.7001953125,0
2025-02-04 04:00:00,8395.599609375,8405.0,8393.7001953125,8402.2998046875,0
2025-02-04 05:00:00,8401.400390625,8401.5,8374.0,8374.0,0
2025-02-04 23:00:00,8374.0,8431.5,8374.0,8423.599609375,0
2025-02-05 00:00:00,8423.0,8430.5,8416.900390625,8429.7998046875,0
2025-02-05 01:00:00,8430.099609375,8441.2001953125,8430.099609375,8431.2998046875,0
2025-02-05 02:00:00,8430.2001953125,8430.2001953125,8415.900390625,8415.900390625,0
2025-02-05 03:00:00,8414.400390625,8432.900390625,8414.400390625,8423.099609375,0
2025-02-05 04:00:00,8423.7998046875,8430.2998046875,8415.7001953125,8415.7001953125,0
2025-02-05 05:00:00,8417.2001953125,8417.2001953125,8416.900390625,8416.900390625,0
2025-02-05 23:00:00,8416.900390625,8493.900390625,8416.900390625,8492.0,0
2025-02-06 00:00:00,8492.900390625,8504.2998046875,8489.900390625,8491.2001953125,0
2025-02-06 01:00:00,8491.400390625,8508.099609375,8489.2998046875,8505.0,0
2025-02-06 02:00:00,8504.7001953125,8512.2001953125,8500.599609375,8508.900390625,0
2025-02-06 03:00:00,8507.900390625,8513.900390625,8506.5,8511.7001953125,0
2025-02-06 04:00:00,8511.5,8523.2001953125,8510.2001953125,8511.5,0
2025-02-06 05:00:00,8512.599609375,8520.7001953125,8512.5,8520.7001953125,0
2025-02-06 23:00:00,8520.7001953125,8520.7001953125,8498.7001953125,8506.599609375,0
2025-02-07 00:00:00,8506.7998046875,8530.2001953125,8506.7998046875,8521.5,0
2025-02-07 01:00:00,8521.099609375,8532.599609375,8519.2998046875,8520.5,0
2025-02-07 02:00:00,8521.0,8521.2001953125,8515.2001953125,8520.2001953125,0
2025-02-07 03:00:00,8519.7998046875,8523.7001953125,8513.7998046875,8516.7001953125,0
2025-02-07 04:00:00,8516.400390625,8518.7998046875,8511.7001953125,8512.400390625,0
2025-02-07 05:00:00,8513.2001953125,8513.400390625,8511.400390625,8511.400390625,0
2025-02-09 23:00:00,8511.400390625,8511.400390625,8445.2998046875,8477.2998046875,0
2025-02-10 00:00:00,8478.0,8495.0,8472.900390625,8488.2001953125,0
2025-02-10 01:00:00,8489.2001953125,8491.7001953125,8482.400390625,8482.400390625,0
2025-02-10 02:00:00,8482.900390625,8486.900390625,8477.400390625,8486.400390625,0
2025-02-10 03:00:00,8486.5,8487.900390625,8473.599609375,8477.5,0
2025-02-10 04:00:00,8478.099609375,8489.400390625,8472.099609375,8485.099609375,0
2025-02-10 05:00:00,8485.900390625,8486.2998046875,8482.7998046875,8482.7998046875,0
2025-02-10 23:00:00,8482.7998046875,8515.2998046875,8481.599609375,8508.599609375,0
2025-02-11 00:00:00,8510.7998046875,8512.2001953125,8498.400390625,8501.7998046875,0
2025-02-11 01:00:00,8501.2998046875,8505.0,8493.7001953125,8498.0,0
2025-02-11 02:00:00,8497.7001953125,8498.7998046875,8487.7001953125,8488.900390625,0
2025-02-11 03:00:00,8488.5,8489.7001953125,8480.599609375,8486.099609375,0
2025-02-11 04:00:00,8486.0,8490.5,8484.2001953125,8487.0,0
2025-02-11 05:00:00,8486.599609375,8487.099609375,8484.0,8484.0,0
2025-02-11 23:00:00,8484.0,8492.900390625,8469.7001953125,8481.099609375,0
2025-02-12 00:00:00,8481.2001953125,8498.900390625,8477.7998046875,8495.900390625,0
2025-02-12 01:00:00,8495.5,8506.599609375,8484.7001953125,8502.2001953125,0
2025-02-12 02:00:00,8502.2001953125,8515.400390625,8496.7998046875,8508.7998046875,0
2025-02-12 03:00:00,8508.7001953125,8521.900390625,8506.099609375,8511.599609375,0
2025-02-12 04:00:00,8512.0,8528.599609375,8511.900390625,8527.099609375,0
2025-02-12 05:00:00,8527.099609375,8535.2998046875,8527.099609375,8535.2998046875,0
2025-02-12 23:00:00,8535.2998046875,8555.900390625,8535.0,8551.099609375,0
2025-02-13 00:00:00,8550.7998046875,8575.2001953125,8548.2001953125,8563.7001953125,0
2025-02-13 01:00:00,8564.400390625,8566.0,8555.2998046875,8562.099609375,0
2025-02-13 02:00:00,8561.5,8561.900390625,8545.7001953125,8553.2998046875,0
2025-02-13 03:00:00,8553.0,8556.099609375,8547.599609375,8551.599609375,0
2025-02-13 04:00:00,8549.5,8551.400390625,8534.599609375,8536.900390625,0
2025-02-13 05:00:00,8537.599609375,8540.0,8537.5,8540.0,0
2025-02-13 23:00:00,8540.0,8614.0,8540.0,8614.0,0
2025-02-14 00:00:00,8615.2001953125,8615.2001953125,8564.7001953125,8565.099609375,0
2025-02-14 01:00:00,8566.5,8581.900390625,8559.7998046875,8580.900390625,0
2025-02-14 02:00:00,8581.5,8585.099609375,8567.7998046875,8571.900390625,0
2025-02-14 03:00:00,8574.400390625,8576.7001953125,8563.599609375,8568.599609375,0
2025-02-14 04:00:00,8570.5,8577.599609375,8562.099609375,8563.400390625,0
2025-02-14 05:00:00,8562.7001953125,8562.7001953125,8555.7998046875,8555.7998046875,0
2025-02-16 23:00:00,8555.7998046875,8555.7998046875,8483.0,8497.7998046875,0
2025-02-17 00:00:00,8497.900390625,8511.7998046875,8492.0,8505.0,0
2025-02-17 01:00:00,8504.7001953125,8504.7001953125,8485.5,8485.5,0
2025-02-17 02:00:00,8484.2998046875,8508.0,8480.2001953125,8500.7001953125,0
2025-02-17 03:00:00,8500.599609375,8524.2998046875,8500.599609375,8520.2998046875,0
2025-02-17 04:00:00,8520.400390625,8525.7998046875,8514.2001953125,8524.900390625,0
2025-02-17 05:00:00,8523.7998046875,8537.099609375,8523.7998046875,8537.099609375,0
2025-02-17 23:00:00,8537.099609375,8544.7001953125,8504.900390625,8510.900390625,0
2025-02-18 00:00:00,8509.900390625,8511.400390625,8487.2998046875,8487.7001953125,0
2025-02-18 01:00:00,8486.2001953125,8498.5,8485.0,8491.2998046875,0
2025-02-18 02:00:00,8490.900390625,8504.0,8490.900390625,8495.900390625,0
2025-02-18 03:00:00,8494.599609375,8509.7998046875,8473.7001953125,8490.900390625,0
2025-02-18 04:00:00,8492.599609375,8493.099609375,8468.7001953125,8480.099609375,0
2025-02-18 05:00:00,8480.2001953125,8481.0,8480.2001953125,8481.0,0
2025-02-18 23:00:00,8481.0,8482.0,8389.400390625,8417.900390625,0
2025-02-19 00:00:00,8419.7001953125,8457.5,8411.7998046875,8451.5,0
2025-02-19 01:00:00,8450.7998046875,8463.7001953125,8432.599609375,8434.7998046875,0
2025-02-19 02:00:00,8435.5,8435.5,8419.2001953125,8429.5,0
2025-02-19 03:00:00,8431.2001953125,8434.400390625,8418.099609375,8419.400390625,0
2025-02-19 04:00:00,8418.400390625,8421.099609375,8402.5,8421.099609375,0
2025-02-19 05:00:00,8421.7001953125,8421.7001953125,8419.2001953125,8419.2001953125,0
2025-02-19 23:00:00,8419.2001953125,8419.2001953125,8320.5,8343.599609375,0
2025-02-20 00:00:00,8340.900390625,8345.7998046875,8327.099609375,8332.900390625,0
2025-02-20 01:00:00,8332.2998046875,8335.2001953125,8292.2001953125,8297.7998046875,0
2025-02-20 02:00:00,8298.099609375,8311.0,8287.7998046875,8307.0,0
2025-02-20 03:00:00,8308.599609375,8310.599609375,8292.7998046875,8306.099609375,0
2025-02-20 04:00:00,8306.400390625,8313.7001953125,8300.7001953125,8313.7001953125,0
2025-02-20 05:00:00,8314.400390625,8322.7998046875,8314.2998046875,8322.7998046875,0
2025-02-20 23:00:00,8322.7998046875,8354.0,8322.7998046875,8331.0,0
2025-02-21 00:00:00,8326.900390625,8340.2001953125,8317.900390625,8319.099609375,0
2025-02-21 01:00:00,8318.900390625,8319.900390625,8301.099609375,8309.599609375,0
2025-02-21 02:00:00,8308.2998046875,8311.7998046875,8299.099609375,8303.7001953125,0
2025-02-21 03:00:00,8303.2998046875,8307.2998046875,8289.7001953125,8295.7001953125,0
2025-02-21 04:00:00,8294.900390625,8302.5,8292.5,8296.400390625,0
2025-02-21 05:00:00,8295.099609375,8296.2001953125,8295.099609375,8296.2001953125,0
2025-02-23 23:00:00,8296.2001953125,8296.2001953125,8216.2998046875,8234.5,0
2025-02-24 00:00:00,8236.900390625,8291.2001953125,8236.900390625,8290.5,0
2025-02-24 01:00:00,8289.0,8298.2998046875,8284.0,8284.2998046875,0
2025-02-24 02:00:00,8284.099609375,8307.2001953125,8284.099609375,8298.7998046875,0
2025-02-24 03:00:00,8298.2998046875,8310.0,8295.2998046875,8306.7001953125,0
2025-02-24 04:00:00,8305.5,8305.7998046875,8289.400390625,8290.400390625,0
2025-02-24 05:00:00,8291.900390625,8308.2001953125,8291.400390625,8308.2001953125,0
2025-02-24 23:00:00,8308.2001953125,8308.2001953125,8232.0,8239.0,0
2025-02-25 00:00:00,8237.7001953125,8250.599609375,8227.599609375,8245.5,0
2025-02-25 01:00:00,8243.599609375,8248.5,8234.2001953125,8235.900390625,0
2025-02-25 02:00:00,8235.400390625,8266.0,8233.7001953125,8265.099609375,0
2025-02-25 03:00:00,8265.0,8265.0,8251.400390625,8253.7998046875,0
2025-02-25 04:00:00,8253.2998046875,8264.5,8250.099609375,8255.400390625,0
2025-02-25 05:00:00,8255.0,8255.0,8251.900390625,8251.900390625,0
2025-02-25 23:00:00,8251.900390625,8251.900390625,8210.099609375,8215.5,0
2025-02-26 00:00:00,8218.2001953125,8234.7001953125,8211.400390625,8233.2001953125,0
2025-02-26 01:00:00,8235.2998046875,8235.900390625,8222.099609375,8222.400390625,0
2025-02-26 02:00:00,8222.2998046875,8229.7998046875,8219.2998046875,8224.2998046875,0
2025-02-26 03:00:00,8223.7998046875,8229.900390625,8218.2001953125,8221.7001953125,0
2025-02-26 04:00:00,8221.900390625,8241.2001953125,8221.2001953125,8238.099609375,0
2025-02-26 05:00:00,8239.0,8240.7001953125,8239.0,8240.7001953125,0
2025-02-26 23:00:00,8240.7001953125,8295.599609375,8240.7001953125,8289.0,0
2025-02-27 00:00:00,8288.7998046875,8300.0,8272.400390625,8272.400390625,0
2025-02-27 01:00:00,8271.2998046875,8279.900390625,8263.5,8273.400390625,0
2025-02-27 02:00:00,8272.7998046875,8276.099609375,8257.900390625,8259.7998046875,0
2025-02-27 03:00:00,8262.2001953125,8268.7001953125,8257.599609375,8260.599609375,0
2025-02-27 04:00:00,8260.7001953125,8263.099609375,8256.0,8262.2998046875,0
2025-02-27 05:00:00,8262.2998046875,8268.2001953125,8261.2001953125,8268.2001953125,0
2025-02-27 23:00:00,8268.2001953125,8268.2001953125,8193.2001953125,8199.5,0
2025-02-28 00:00:00,8199.0,8208.7998046875,8186.0,8193.400390625,0
2025-02-28 01:00:00,8191.7998046875,8212.900390625,8191.7998046875,8205.7998046875,0
2025-02-28 02:00:00,8204.2998046875,8219.400390625,8189.0,8189.0,0
2025-02-28 03:00:00,8187.7998046875,8187.7998046875,8155.5,8163.2998046875,0
2025-02-28 04:00:00,8163.39990234375,8178.2998046875,8162.2001953125,8162.2998046875,0
2025-02-28 05:00:00,8162.39990234375,8172.39990234375,8162.2001953125,8172.39990234375,0
2025-03-02 23:00:00,8172.39990234375,8234.7998046875,8172.39990234375,8207.2998046875,0
2025-03-03 00:00:00,8207.7001953125,8207.7001953125,8182.0,8190.2001953125,0
2025-03-03 01:00:00,8190.7998046875,8216.400390625,8190.7998046875,8215.400390625,0
2025-03-03 02:00:00,8215.599609375,8224.599609375,8207.2998046875,8220.0,0
2025-03-03 03:00:00,8220.0,8228.099609375,8210.2998046875,8225.7998046875,0
2025-03-03 04:00:00,8225.599609375,8251.900390625,8224.0,8249.2998046875,0
2025-03-03 05:00:00,8249.400390625,8249.400390625,8245.7001953125,8245.7001953125,0
2025-03-03 23:00:00,8245.7001953125,8245.7001953125,8150.2001953125,8156.10009765625,0
2025-03-04 00:00:00,8158.5,8183.7001953125,8151.2998046875,8180.5,0
2025-03-04 01:00:00,8181.2001953125,8181.2001953125,8154.89990234375,8160.60009765625,0
2025-03-04 02:00:00,8162.2001953125,8189.5,8160.89990234375,8187.60009765625,0
2025-03-04 03:00:00,8187.2001953125,8197.0,8180.7998046875,8190.0,0
2025-03-04 04:00:00,8190.2001953125,8201.400390625,8186.39990234375,8191.7001953125,0
2025-03-04 05:00:00,8189.7001953125,8198.099609375,8189.39990234375,8198.099609375,0
2025-03-04 23:00:00,8198.099609375,8198.099609375,8130.7001953125,8144.0,0
2025-03-05 00:00:00,8146.89990234375,8148.7001953125,8119.2001953125,8121.0,0
2025-03-05 01:00:00,8119.7998046875,8124.7001953125,8096.0,8109.7998046875,0
2025-03-05 02:00:00,8107.10009765625,8116.7998046875,8098.5,8110.89990234375,0
2025-03-05 03:00:00,8110.2001953125,8130.7001953125,8105.10009765625,8126.7001953125,0
2025-03-05 04:00:00,8126.39990234375,8135.7001953125,8124.60009765625,8127.7001953125,0
2025-03-05 05:00:00,8130.60009765625,8141.10009765625,8130.39990234375,8141.10009765625,0
2025-03-05 23:00:00,8141.10009765625,8179.7001953125,8098.39990234375,8106.10009765625,0
2025-03-06 00:00:00,8103.89990234375,8114.7998046875,8090.5,8097.60009765625,0
2025-03-06 01:00:00,8100.2998046875,8109.0,8090.7998046875,8093.89990234375,0
2025-03-06 02:00:00,8094.0,8096.89990234375,8076.39990234375,8087.7001953125,0
2025-03-06 03:00:00,8085.60009765625,8097.39990234375,8081.89990234375,8096.5,0
2025-03-06 04:00:00,8097.2001953125,8106.60009765625,8094.0,8106.2001953125,0
2025-03-06 05:00:00,8105.7001953125,8105.7001953125,8094.7001953125,8094.7001953125,0
2025-03-06 23:00:00,8094.7001953125,8094.7001953125,7997.2998046875,7997.2998046875,0
2025-03-07 00:00:00,7995.7998046875,7996.7001953125,7972.7001953125,7974.5,0
2025-03-07 01:00:00,7973.2998046875,7999.5,7963.39990234375,7992.5,0
2025-03-07 02:00:00,7994.7001953125,7996.2001953125,7963.5,7963.5,0
2025-03-07 03:00:00,7963.0,7970.60009765625,7949.39990234375,7959.7998046875,0
2025-03-07 04:00:00,7959.5,7963.5,7946.39990234375,7948.7001953125,0
2025-03-07 05:00:00,7950.39990234375,7950.39990234375,7948.2001953125,7948.2001953125,0
2025-03-09 23:00:00,7948.2001953125,7978.60009765625,7948.10009765625,7968.2001953125,0
2025-03-10 00:00:00,7966.7001953125,7975.2998046875,7953.0,7958.39990234375,0
2025-03-10 01:00:00,7957.89990234375,7977.0,7957.89990234375,7968.2998046875,0
2025-03-10 02:00:00,7968.10009765625,7969.10009765625,7958.10009765625,7965.2001953125,0
2025-03-10 03:00:00,7964.7998046875,7969.39990234375,7961.89990234375,7967.39990234375,0
2025-03-10 04:00:00,7965.5,7975.10009765625,7958.7001953125,7965.5,0
2025-03-10 05:00:00,7964.7998046875,7964.7998046875,7962.2998046875,7962.2998046875,0
2025-03-10 23:00:00,7962.2998046875,7962.2998046875,7843.7998046875,7862.2001953125,0
2025-03-11 00:00:00,7863.2998046875,7867.0,7825.7001953125,7831.2998046875,0
2025-03-11 01:00:00,7830.2998046875,7863.0,7818.2998046875,7859.39990234375,0
2025-03-11 02:00:00,7858.60009765625,7898.0,7853.2001953125,7887.39990234375,0
2025-03-11 03:00:00,7887.5,7906.2001953125,7884.7001953125,7899.60009765625,0
2025-03-11 04:00:00,7898.2001953125,7912.60009765625,7892.5,7902.0,0
2025-03-11 05:00:00,7902.7001953125,7902.7998046875,7890.10009765625,7890.10009765625,0
2025-03-11 23:00:00,7890.10009765625,7890.10009765625,7766.2998046875,7792.2998046875,0
2025-03-12 00:00:00,7790.39990234375,7796.60009765625,7762.39990234375,7772.89990234375,0
2025-03-12 01:00:00,7771.39990234375,7779.89990234375,7733.5,7779.2998046875,0
2025-03-12 02:00:00,7778.2998046875,7808.39990234375,7776.39990234375,7778.89990234375,0
2025-03-12 03:00:00,7778.39990234375,7779.0,7744.10009765625,7750.7998046875,0
2025-03-12 04:00:00,7750.10009765625,7779.60009765625,7746.39990234375,7767.10009765625,0
2025-03-12 05:00:00,7766.0,7786.2001953125,7765.7001953125,7786.2001953125,0
2025-03-12 23:00:00,7786.2001953125,7811.5,7782.39990234375,7808.10009765625,0
2025-03-13 00:00:00,7809.39990234375,7821.10009765625,7786.2001953125,7790.0,0
2025-03-13 01:00:00,7788.89990234375,7789.2998046875,7764.2998046875,7775.89990234375,0
2025-03-13 02:00:00,7777.60009765625,7786.7001953125,7774.5,7777.2001953125,0
2025-03-13 03:00:00,7777.10009765625,7777.10009765625,7752.39990234375,7753.0,0
2025-03-13 04:00:00,7753.5,7758.10009765625,7746.39990234375,7755.10009765625,0
2025-03-13 05:00:00,7753.89990234375,7754.2998046875,7749.10009765625,7749.10009765625,0
2025-03-13 23:00:00,7749.10009765625,7779.39990234375,7740.10009765625,7769.10009765625,0
2025-03-14 00:00:00,7770.60009765625,7792.7001953125,7763.2001953125,7782.7998046875,0
2025-03-14 01:00:00,7781.7001953125,7786.2998046875,7769.2001953125,7772.5,0
2025-03-14 02:00:00,7773.5,7788.0,7772.0,7779.5,0
2025-03-14 03:00:00,7779.89990234375,7784.5,7776.60009765625,7783.0,0
2025-03-14 04:00:00,7783.2998046875,7795.2998046875,7779.7998046875,7789.60009765625,0
2025-03-14 05:00:00,7791.2001953125,7791.60009765625,7789.7001953125,7789.7001953125,0
2025-03-16 23:00:00,7792.2998046875,7858.5,7792.2998046875,7844.10009765625,0
2025-03-17 00:00:00,7845.89990234375,7849.89990234375,7837.39990234375,7841.39990234375,0
2025-03-17 01:00:00,7839.7998046875,7843.0,7832.10009765625,7838.2998046875,0
2025-03-17 02:00:00,7839.0,7843.60009765625,7830.2001953125,7838.60009765625,0
2025-03-17 03:00:00,7837.5,7840.5,7832.10009765625,7837.39990234375,0
2025-03-17 04:00:00,7837.7001953125,7845.2998046875,7836.89990234375,7844.7001953125,0
2025-03-17 05:00:00,7844.89990234375,7854.10009765625,7844.7001953125,7854.10009765625,0
2025-03-17 23:00:00,7854.10009765625,7922.89990234375,7854.10009765625,7914.60009765625,0
2025-03-18 00:00:00,7914.0,7914.0,7891.39990234375,7891.39990234375,0
2025-03-18 01:00:00,7892.7001953125,7896.10009765625,7869.89990234375,7869.89990234375,0
2025-03-18 02:00:00,7868.2001953125,7874.7998046875,7861.2001953125,7864.2001953125,0
2025-03-18 03:00:00,7863.89990234375,7865.39990234375,7850.0,7860.5,0
2025-03-18 04:00:00,7861.39990234375,7867.2001953125,7856.0,7856.89990234375,0
2025-03-18 05:00:00,7858.7001953125,7861.7998046875,7857.89990234375,7860.39990234375,0
2025-03-18 23:00:00,7860.39990234375,7860.39990234375,7808.7998046875,7823.5,0
2025-03-19 00:00:00,7826.10009765625,7859.60009765625,7826.10009765625,7854.7998046875,0
2025-03-19 01:00:00,7856.7998046875,7868.2998046875,7847.10009765625,7856.39990234375,0
2025-03-19 02:00:00,7856.39990234375,7868.5,7838.5,7846.5,0
2025-03-19 03:00:00,7846.7998046875,7856.2998046875,7835.10009765625,7837.7001953125,0
2025-03-19 04:00:00,7839.0,7841.0,7824.60009765625,7826.60009765625,0
2025-03-19 05:00:00,7828.10009765625,7828.2998046875,7827.7998046875,7828.2998046875,0
2025-03-19 23:00:00,7828.2998046875,7894.2998046875,7828.2998046875,7893.60009765625,0
2025-03-20 00:00:00,7894.7001953125,7902.5,7887.39990234375,7895.5,0
2025-03-20 01:00:00,7895.60009765625,7910.5,7892.7998046875,7908.5,0
2025-03-20 02:00:00,7907.10009765625,7921.0,7907.10009765625,7919.2998046875,0
2025-03-20 03:00:00,7918.7001953125,7931.2001953125,7910.2998046875,7911.7998046875,0
2025-03-20 04:00:00,7912.39990234375,7924.2001953125,7911.2001953125,7916.89990234375,0
2025-03-20 05:00:00,7916.2001953125,7918.89990234375,7916.0,7918.89990234375,0
2025-03-20 23:00:00,7918.89990234375,7940.10009765625,7905.10009765625,7939.10009765625,0
2025-03-21 00:00:00,7936.2001953125,7936.2001953125,7919.2001953125,7924.2001953125,0
2025-03-21 01:00:00,7925.2001953125,7940.39990234375,7915.2998046875,7936.0,0
2025-03-21 02:00:00,7936.39990234375,7962.60009765625,7936.2998046875,7958.2001953125,0
2025-03-21 03:00:00,7957.89990234375,7959.5,7945.2001953125,7946.5,0
2025-03-21 04:00:00,7947.60009765625,7949.7001953125,7922.60009765625,7928.10009765625,0
2025-03-21 05:00:00,7927.60009765625,7932.10009765625,7927.5,7932.10009765625,0
2025-03-23 23:00:00,7931.2001953125,7932.0,7899.5,7920.89990234375,0
2025-03-24 00:00:00,7921.89990234375,7935.0,7911.5,7931.2001953125,0
2025-03-24 01:00:00,7929.89990234375,7931.2998046875,7920.2998046875,7923.2998046875,0
2025-03-24 02:00:00,7923.7998046875,7938.7001953125,7922.39990234375,7936.5,0
2025-03-24 03:00:00,7936.89990234375,7936.89990234375,7923.89990234375,7932.5,0
2025-03-24 04:00:00,7933.0,7939.2001953125,7924.0,7935.7001953125,0
2025-03-24 05:00:00,7934.60009765625,7936.89990234375,7934.60009765625,7936.89990234375,0
2025-03-24 23:00:00,7936.89990234375,7991.5,7936.89990234375,7991.5,0
2025-03-25 00:00:00,7990.60009765625,7994.0,7968.89990234375,7983.5,0
2025-03-25 01:00:00,7981.2998046875,7983.2001953125,7973.60009765625,7976.60009765625,0
2025-03-25 02:00:00,7976.5,7985.89990234375,7967.10009765625,7985.89990234375,0
2025-03-25 03:00:00,7986.2001953125,7986.2001953125,7947.2001953125,7951.60009765625,0
2025-03-25 04:00:00,7951.7998046875,7956.89990234375,7940.0,7942.2998046875,0
2025-03-25 05:00:00,7941.2998046875,7942.5,7940.7998046875,7942.5,0
2025-03-25 23:00:00,7942.5,8002.2998046875,7942.5,7990.7998046875,0
2025-03-26 00:00:00,7989.7001953125,8014.10009765625,7989.7001953125,8014.10009765625,0
2025-03-26 01:00:00,8014.10009765625,8014.10009765625,7998.2001953125,7999.2001953125,0
2025-03-26 02:00:00,8000.2998046875,8011.89990234375,7993.5,8009.2998046875,0
2025-03-26 03:00:00,8009.5,8014.89990234375,7999.2998046875,8000.60009765625,0
2025-03-26 04:00:00,8001.7998046875,8002.10009765625,7991.7998046875,7996.60009765625,0
2025-03-26 05:00:00,7997.5,7999.0,7997.5,7999.0,0
2025-03-26 23:00:00,7999.0,7999.0,7936.2001953125,7955.2998046875,0
2025-03-27 00:00:00,7955.5,7960.89990234375,7949.39990234375,7959.2998046875,0
2025-03-27 01:00:00,7958.89990234375,7961.10009765625,7953.2998046875,7957.7001953125,0
2025-03-27 02:00:00,7957.39990234375,7962.39990234375,7954.89990234375,7955.7998046875,0
2025-03-27 03:00:00,7956.5,7962.7998046875,7948.2998046875,7955.7001953125,0
2025-03-27 04:00:00,7956.10009765625,7970.60009765625,7952.7998046875,7968.7998046875,0
2025-03-27 05:00:00,7969.60009765625,7969.60009765625,7969.0,7969.0,0
2025-03-27 23:00:00,7969.0,7969.0,7941.5,7961.60009765625,0
2025-03-28 00:00:00,7961.39990234375,7991.7998046875,7955.7998046875,7985.89990234375,0
2025-03-28 01:00:00,7985.7001953125,8001.0,7982.10009765625,8000.2001953125,0
2025-03-28 02:00:00,7999.60009765625,7999.89990234375,7970.39990234375,7972.39990234375,0
2025-03-28 03:00:00,7972.60009765625,7982.7001953125,7969.5,7982.2001953125,0
2025-03-28 04:00:00,7980.7001953125,7980.7001953125,7968.2001953125,7971.5,0
2025-03-28 05:00:00,7972.0,7982.0,7972.0,7982.0,0
2025-03-30 23:00:00,7982.0,7982.0,7865.5,7876.2998046875,0
2025-03-31 00:00:00,7876.7001953125,7876.7001953125,7849.7998046875,7853.2998046875,0
2025-03-31 01:00:00,7851.60009765625,7868.39990234375,7843.0,7859.7001953125,0
2025-03-31 02:00:00,7862.2001953125,7862.2001953125,7848.10009765625,7857.60009765625,0
2025-03-31 03:00:00,7857.2998046875,7866.2001953125,7851.60009765625,7863.7001953125,0
2025-03-31 04:00:00,7863.39990234375,7863.89990234375,7854.2001953125,7859.0,0
2025-03-31 05:00:00,7859.2998046875,7859.2998046875,7843.39990234375,7843.39990234375,0
2025-03-31 23:00:00,7843.39990234375,7919.7001953125,7843.39990234375,7899.89990234375,0
2025-04-01 00:00:00,7899.2001953125,7899.2001953125,7866.60009765625,7874.60009765625,0
2025-04-01 01:00:00,7872.7001953125,7882.2001953125,7866.5,7874.7001953125,0
2025-04-01 02:00:00,7875.60009765625,7895.0,7872.10009765625,7892.7001953125,0
2025-04-01 03:00:00,7891.7998046875,7921.7001953125,7890.10009765625,7921.7001953125,0
2025-04-01 04:00:00,7920.89990234375,7922.2001953125,7912.10009765625,7914.0,0
2025-04-01 05:00:00,7912.2998046875,7925.2001953125,7912.2998046875,7925.2001953125,0
2025-04-01 23:00:00,7925.2001953125,7978.39990234375,7925.2001953125,7959.39990234375,0
2025-04-02 00:00:00,7958.5,7958.5,7934.7001953125,7936.7001953125,0
2025-04-02 01:00:00,7937.2001953125,7946.2998046875,7936.89990234375,7939.2998046875,0
2025-04-02 02:00:00,7939.2001953125,7945.60009765625,7933.2001953125,7940.5,0
2025-04-02 03:00:00,7940.5,7946.7001953125,7938.2998046875,7944.0,0
2025-04-02 04:00:00,7943.0,7947.7001953125,7930.89990234375,7934.7998046875,0
2025-04-02 05:00:00,7935.5,7936.2001953125,7934.5,7934.5,0
2025-04-02 23:00:00,7934.5,7934.5,7768.0,7793.89990234375,0
2025-04-03 00:00:00,7792.60009765625,7816.60009765625,7784.2001953125,7809.60009765625,0
2025-04-03 01:00:00,7808.89990234375,7846.0,7805.7001953125,7839.0,0
2025-04-03 02:00:00,7839.60009765625,7857.60009765625,7834.89990234375,7857.39990234375,0
2025-04-03 03:00:00,7857.2998046875,7861.7001953125,7843.2998046875,7851.10009765625,0
2025-04-03 04:00:00,7853.0,7871.7001953125,7853.0,7860.10009765625,0
2025-04-03 05:00:00,7860.0,7860.10009765625,7859.7001953125,7859.7001953125,0
2025-04-03 23:00:00,7859.7001953125,7859.7001953125,7704.60009765625,7741.2998046875,0
2025-04-04 00:00:00,7740.2998046875,7759.60009765625,7737.60009765625,7742.39990234375,0
2025-04-04 01:00:00,7743.2998046875,7757.89990234375,7721.60009765625,7725.60009765625,0
2025-04-04 02:00:00,7726.60009765625,7732.10009765625,7703.39990234375,7704.10009765625,0
2025-04-04 03:00:00,7703.2001953125,7707.5,7678.0,7690.60009765625,0
2025-04-04 04:00:00,7690.7001953125,7691.89990234375,7664.2001953125,7670.7998046875,0
2025-04-04 05:00:00,7670.7001953125,7670.7998046875,7667.7998046875,7667.7998046875,0
2025-04-07 00:00:00,7667.7998046875,7667.7998046875,7169.2001953125,7232.0,0
2025-04-07 01:00:00,7238.2001953125,7389.7998046875,7238.2001953125,7383.7998046875,0
2025-04-07 02:00:00,7382.2001953125,7389.2998046875,7348.5,7378.7998046875,0
2025-04-07 03:00:00,7378.60009765625,7378.7001953125,7330.89990234375,7356.39990234375,0
2025-04-07 04:00:00,7360.39990234375,7369.39990234375,7318.39990234375,7338.60009765625,0
2025-04-07 05:00:00,7336.7001953125,7401.2998046875,7330.0,7347.39990234375,0
2025-04-07 06:00:00,7346.60009765625,7346.60009765625,7343.2998046875,7343.2998046875,0
2025-04-08 00:00:00,7343.2998046875,7434.7001953125,7343.2998046875,7384.5,0
2025-04-08 01:00:00,7382.60009765625,7464.39990234375,7377.60009765625,7462.2001953125,0
2025-04-08 02:00:00,7463.5,7481.7998046875,7442.89990234375,7452.7001953125,0
2025-04-08 03:00:00,7451.7998046875,7464.0,7438.7998046875,7449.7001953125,0
2025-04-08 04:00:00,7450.89990234375,7493.7998046875,7450.89990234375,7491.2998046875,0
2025-04-08 05:00:00,7491.7001953125,7496.39990234375,7472.39990234375,7493.2001953125,0
2025-04-08 06:00:00,7494.60009765625,7510.0,7494.60009765625,7510.0,0
2025-04-09 00:00:00,7510.0,7510.0,7349.0,7403.39990234375,0
2025-04-09 01:00:00,7402.39990234375,7436.60009765625,7390.60009765625,7432.2001953125,0
2025-04-09 02:00:00,7437.5,7454.39990234375,7404.7998046875,7404.7998046875,0
2025-04-09 03:00:00,7405.0,7418.2998046875,7380.2001953125,7380.5,0
2025-04-09 04:00:00,7381.7998046875,7396.7001953125,7351.0,7361.89990234375,0
2025-04-09 05:00:00,7362.39990234375,7374.0,7352.2998046875,7361.7998046875,0
2025-04-09 06:00:00,7364.2998046875,7375.0,7364.10009765625,7375.0,0
2025-04-10 00:00:00,7375.0,7842.89990234375,7375.0,7757.7001953125,0
2025-04-10 01:00:00,7753.60009765625,7753.60009765625,7704.7998046875,7723.2001953125,0
2025-04-10 02:00:00,7725.39990234375,7728.89990234375,7711.0,7725.2998046875,0
2025-04-10 03:00:00,7723.2001953125,7723.2001953125,7703.10009765625,7720.10009765625,0
2025-04-10 04:00:00,7719.39990234375,7724.5,7704.10009765625,7704.10009765625,0
2025-04-10 05:00:00,7703.39990234375,7720.39990234375,7702.0,7719.39990234375,0
2025-04-10 06:00:00,7717.7998046875,7717.7998046875,7709.60009765625,7709.60009765625,0
2025-04-11 00:00:00,7709.60009765625,7709.60009765625,7524.5,7544.2001953125,0
2025-04-11 01:00:00,7543.89990234375,7596.10009765625,7543.89990234375,7596.10009765625,0
2025-04-11 02:00:00,7597.5,7624.7001953125,7594.10009765625,7607.10009765625,0
2025-04-11 03:00:00,7607.0,7622.89990234375,7595.60009765625,7602.10009765625,0
2025-04-11 04:00:00,7601.7001953125,7620.2001953125,7599.60009765625,7605.10009765625,0
2025-04-11 05:00:00,7606.2001953125,7640.60009765625,7594.7998046875,7634.5,0
2025-04-11 06:00:00,7635.7001953125,7646.5,7635.60009765625,7646.5,0
2025-04-14 00:00:00,7646.5,7712.5,7646.5,7700.0,0
2025-04-14 01:00:00,7701.39990234375,7729.10009765625,7698.2998046875,7727.89990234375,0
2025-04-14 02:00:00,7729.0,7753.2998046875,7729.0,7751.5,0
2025-04-14 03:00:00,7753.39990234375,7758.10009765625,7742.89990234375,7758.10009765625,0
2025-04-14 04:00:00,7758.10009765625,7764.10009765625,7742.60009765625,7756.0,0
2025-04-14 05:00:00,7756.7998046875,7756.7998046875,7738.60009765625,7747.60009765625,0
2025-04-14 06:00:00,7747.10009765625,7748.60009765625,7746.39990234375,7748.60009765625,0
2025-04-15 00:00:00,7748.60009765625,7782.10009765625,7743.60009765625,7779.7998046875,0
2025-04-15 01:00:00,7779.2001953125,7790.10009765625,7772.39990234375,7780.2998046875,0
2025-04-15 02:00:00,7780.5,7798.7001953125,7777.89990234375,7777.89990234375,0
2025-04-15 03:00:00,7778.5,7785.7001953125,7770.0,7777.7998046875,0
2025-04-15 04:00:00,7777.39990234375,7782.89990234375,7765.89990234375,7767.89990234375,0
2025-04-15 05:00:00,7768.2001953125,7772.39990234375,7763.60009765625,7764.7998046875,0
2025-04-15 06:00:00,7764.89990234375,7764.89990234375,7761.7001953125,7761.7001953125,0
2025-04-16 00:00:00,7761.7001953125,7768.0,7747.5,7763.2001953125,0
2025-04-16 01:00:00,7762.0,7785.5,7762.0,7784.39990234375,0
2025-04-16 02:00:00,7784.60009765625,7787.5,7769.5,7782.7998046875,0
2025-04-16 03:00:00,7782.60009765625,7784.89990234375,7774.39990234375,7783.7998046875,0
2025-04-16 04:00:00,7784.2998046875,7791.39990234375,7777.5,7780.5,0
2025-04-16 05:00:00,7782.2998046875,7782.2998046875,7752.2998046875,7756.10009765625,0
2025-04-16 06:00:00,7757.60009765625,7758.89990234375,7757.60009765625,7758.89990234375,0
2025-04-17 00:00:00,7758.89990234375,7783.7998046875,7757.39990234375,7782.2998046875,0
2025-04-17 01:00:00,7782.2001953125,7784.39990234375,7776.10009765625,7780.10009765625,0
2025-04-17 02:00:00,7780.89990234375,7796.0,7775.89990234375,7791.5,0
2025-04-17 03:00:00,7791.7998046875,7805.0,7789.7001953125,7804.89990234375,0
2025-04-17 04:00:00,7805.2998046875,7805.2998046875,7795.60009765625,7802.39990234375,0
2025-04-17 05:00:00,7803.0,7813.7001953125,7799.89990234375,7813.7001953125,0
2025-04-17 06:00:00,7812.60009765625,7819.10009765625,7812.60009765625,7819.10009765625,0
2025-04-22 00:00:00,7819.10009765625,7819.10009765625,7745.10009765625,7773.5,0
2025-04-22 01:00:00,7773.7001953125,7817.39990234375,7773.5,7810.60009765625,0
2025-04-22 02:00:00,7810.39990234375,7822.39990234375,7807.7001953125,7817.60009765625,0
2025-04-22 03:00:00,7816.0,7821.0,7812.60009765625,7817.7998046875,0
2025-04-22 04:00:00,7817.2001953125,7822.2998046875,7812.7001953125,7815.0,0
2025-04-22 05:00:00,7813.60009765625,7817.0,7809.2001953125,7813.2001953125,0
2025-04-22 06:00:00,7814.0,7816.7001953125,7813.60009765625,7816.7001953125,0
2025-04-23 00:00:00,7816.7001953125,7958.5,7816.7001953125,7947.5,0
2025-04-23 01:00:00,7947.7998046875,7961.7998046875,7932.39990234375,7937.7998046875,0
2025-04-23 02:00:00,7937.2998046875,7951.0,7933.60009765625,7938.89990234375,0
2025-04-23 03:00:00,7939.10009765625,7939.10009765625,7907.5,7910.60009765625,0
2025-04-23 04:00:00,7910.89990234375,7935.2998046875,7910.89990234375,7934.39990234375,0
2025-04-23 05:00:00,7934.2998046875,7934.2998046875,7920.39990234375,7925.89990234375,0
2025-04-23 06:00:00,7925.5,7925.5,7920.5,7920.5,0
2025-04-24 00:00:00,7920.5,7960.60009765625,7920.5,7955.60009765625,0
2025-04-24 01:00:00,7954.2998046875,7967.7001953125,7953.10009765625,7967.7001953125,0
2025-04-24 02:00:00,7965.2001953125,7975.0,7964.2001953125,7969.2998046875,0
2025-04-24 03:00:00,7966.7998046875,7973.89990234375,7962.89990234375,7970.60009765625,0
2025-04-24 04:00:00,7970.89990234375,7983.39990234375,7963.7001953125,7980.7998046875,0
2025-04-24 05:00:00,7979.5,7983.7998046875,7969.10009765625,7969.10009765625,0
2025-04-24 06:00:00,7970.0,7970.0,7968.2001953125,7968.2001953125,0
2025-04-28 00:00:00,7968.2001953125,8051.7998046875,7968.2001953125,8038.89990234375,0
2025-04-28 01:00:00,8038.5,8044.10009765625,8022.5,8030.60009765625,0
2025-04-28 02:00:00,8030.39990234375,8038.60009765625,8023.60009765625,8032.7001953125,0
2025-04-28 03:00:00,8033.2001953125,8033.7998046875,8020.2998046875,8026.5,0
2025-04-28 04:00:00,8026.39990234375,8032.10009765625,8018.10009765625,8022.7998046875,0
2025-04-28 05:00:00,8022.7998046875,8022.7998046875,7989.89990234375,7995.2001953125,0
2025-04-28 06:00:00,7995.0,7997.10009765625,7995.0,7997.10009765625,0
2025-04-29 00:00:00,7997.10009765625,8045.5,7997.10009765625,8038.5,0
2025-04-29 01:00:00,8038.2001953125,8047.60009765625,8032.39990234375,8047.60009765625,0
2025-04-29 02:00:00,8047.0,8067.60009765625,8047.0,8064.89990234375,0
2025-04-29 03:00:00,8063.0,8073.10009765625,8061.89990234375,8071.0,0
2025-04-29 04:00:00,8070.2001953125,8076.7001953125,8060.10009765625,8060.2001953125,0
2025-04-29 05:00:00,8060.5,8073.39990234375,8056.0,8068.60009765625,0
2025-04-29 06:00:00,8069.2998046875,8070.60009765625,8069.2998046875,8070.60009765625,0
2025-04-30 00:00:00,8070.60009765625,8102.39990234375,8069.10009765625,8092.60009765625,0
2025-04-30 01:00:00,8093.5,8100.39990234375,8083.39990234375,8085.60009765625,0
2025-04-30 02:00:00,8083.89990234375,8090.7001953125,8076.10009765625,8089.2998046875,0
2025-04-30 03:00:00,8090.2998046875,8100.7001953125,8083.7001953125,8093.0,0
2025-04-30 04:00:00,8092.2998046875,8102.2001953125,8091.60009765625,8096.7998046875,0
2025-04-30 05:00:00,8096.60009765625,8108.2998046875,8092.10009765625,8107.10009765625,0
2025-04-30 06:00:00,8108.10009765625,8126.2001953125,8108.0,8126.2001953125,0
2025-05-01 00:00:00,8126.2001953125,8126.2001953125,8109.7001953125,8115.2001953125,0
2025-05-01 01:00:00,8116.60009765625,8146.7998046875,8113.7001953125,8141.7998046875,0
2025-05-01 02:00:00,8142.2998046875,8147.2001953125,8133.0,8133.0,0
2025-05-01 03:00:00,8132.7998046875,8137.7998046875,8124.7998046875,8137.7998046875,0
2025-05-01 04:00:00,8138.0,8148.0,8133.5,8147.7998046875,0
2025-05-01 05:00:00,8145.0,8152.5,8138.89990234375,8144.39990234375,0
2025-05-01 06:00:00,8145.39990234375,8145.60009765625,8145.0,8145.60009765625,0
2025-05-02 00:00:00,8145.60009765625,8192.0,8129.7998046875,8184.0,0
2025-05-02 01:00:00,8185.2998046875,8207.599609375,8182.2998046875,8202.099609375,0
2025-05-02 02:00:00,8201.7001953125,8215.400390625,8196.2001953125,8215.400390625,0
2025-05-02 03:00:00,8214.7001953125,8223.2001953125,8212.7001953125,8220.7998046875,0
2025-05-02 04:00:00,8220.7998046875,8239.2998046875,8218.400390625,8237.0,0
2025-05-02 05:00:00,8237.2998046875,8239.599609375,8226.2998046875,8234.5,0
2025-05-02 06:00:00,8234.400390625,8238.0,8234.2998046875,8238.0,0
2025-05-05 00:00:00,8238.0,8240.5,8208.099609375,8216.7998046875,0
2025-05-05 01:00:00,8215.099609375,8215.099609375,8180.7001953125,8182.60009765625,0
2025-05-05 02:00:00,8182.5,8184.39990234375,8172.89990234375,8172.89990234375,0
2025-05-05 03:00:00,8173.2001953125,8182.89990234375,8165.7998046875,8182.89990234375,0
2025-05-05 04:00:00,8182.7001953125,8186.7998046875,8163.2998046875,8165.89990234375,0
2025-05-05 05:00:00,8165.5,8178.39990234375,8157.7001953125,8160.2001953125,0
2025-05-05 06:00:00,8159.5,8159.60009765625,8157.7998046875,8157.7998046875,0
2025-05-06 00:00:00,8157.7001953125,8168.89990234375,8138.39990234375,8144.2998046875,0
2025-05-06 01:00:00,8147.2998046875,8160.2001953125,8142.89990234375,8151.2998046875,0
2025-05-06 02:00:00,8150.2998046875,8162.7001953125,8141.60009765625,8159.7001953125,0
2025-05-06 03:00:00,8160.39990234375,8166.2001953125,8150.89990234375,8161.5,0
2025-05-06 04:00:00,8162.0,8167.10009765625,8159.10009765625,8166.60009765625,0
2025-05-06 05:00:00,8166.89990234375,8168.10009765625,8148.39990234375,8149.89990234375,0
2025-05-06 06:00:00,8150.10009765625,8151.39990234375,8149.39990234375,8151.39990234375,0
2025-05-07 00:00:00,8151.39990234375,8179.7998046875,8151.39990234375,8160.2998046875,0
2025-05-07 01:00:00,8160.10009765625,8173.0,8154.60009765625,8166.7001953125,0
2025-05-07 02:00:00,8166.2001953125,8170.2998046875,8157.60009765625,8170.2998046875,0
2025-05-07 03:00:00,8169.7998046875,8183.7998046875,8163.60009765625,8181.7001953125,0
2025-05-07 04:00:00,8180.7001953125,8191.39990234375,8176.89990234375,8191.10009765625,0
2025-05-07 05:00:00,8191.10009765625,8191.2998046875,8173.0,8174.89990234375,0
2025-05-07 06:00:00,8173.89990234375,8178.2998046875,8173.39990234375,8178.2998046875,0
2025-05-08 00:00:00,8178.2998046875,8178.2998046875,8154.7998046875,8175.39990234375,0
2025-05-08 01:00:00,8173.10009765625,8192.7001953125,8169.5,8189.7998046875,0
2025-05-08 02:00:00,8180.39990234375,8191.89990234375,8179.89990234375,8189.10009765625,0
2025-05-08 03:00:00,8189.89990234375,8209.7998046875,8189.89990234375,8205.2001953125,0
2025-05-08 04:00:00,8204.5,8211.2001953125,8195.400390625,8198.2001953125,0
2025-05-08 05:00:00,8197.2998046875,8207.2001953125,8191.7998046875,8195.0,0
2025-05-08 06:00:00,8193.5,8193.5,8191.7001953125,8191.7001953125,0
2025-05-09 00:00:00,8191.7001953125,8206.900390625,8183.2998046875,8201.5,0
2025-05-09 01:00:00,8201.2001953125,8230.0,8198.2001953125,8225.099609375,0
2025-05-09 02:00:00,8225.400390625,8235.7001953125,8216.2998046875,8224.2998046875,0
2025-05-09 03:00:00,8223.2998046875,8229.099609375,8218.599609375,8227.5,0
2025-05-09 04:00:00,8226.7998046875,8242.900390625,8224.099609375,8236.2001953125,0
2025-05-09 05:00:00,8235.2001953125,8242.2998046875,8233.400390625,8239.0,0
2025-05-09 06:00:00,8239.599609375,8239.599609375,8231.2001953125,8231.2001953125,0
2025-05-12 00:00:00,8231.2001953125,8279.0,8231.2001953125,8265.099609375,0
2025-05-12 01:00:00,8265.900390625,8279.2998046875,8255.400390625,8257.900390625,0
2025-05-12 02:00:00,8257.7001953125,8264.7001953125,8250.5,8250.5,0
2025-05-12 03:00:00,8250.7001953125,8250.7001953125,8242.599609375,8249.7001953125,0
2025-05-12 04:00:00,8250.0,8260.5,8242.599609375,8247.7001953125,0
2025-05-12 05:00:00,8249.5,8250.2001953125,8236.2998046875,8237.400390625,0
2025-05-12 06:00:00,8238.5,8238.5,8233.5,8233.5,0
2025-05-13 00:00:00,8233.5,8314.0,8233.5,8282.7001953125,0
2025-05-13 01:00:00,8282.400390625,8287.599609375,8271.7998046875,8287.599609375,0
2025-05-13 02:00:00,8287.7001953125,8297.0,8277.900390625,8277.900390625,0
2025-05-13 03:00:00,8279.0,8279.400390625,8270.900390625,8271.2998046875,0
2025-05-13 04:00:00,8269.900390625,8273.599609375,8257.5,8257.5,0
2025-05-13 05:00:00,8257.0,8276.900390625,8256.400390625,8274.5,0
2025-05-13 06:00:00,8275.0,8275.0,8269.0,8269.0,0
2025-05-14 00:00:00,8269.0,8272.400390625,8254.0,8260.2998046875,0
2025-05-14 01:00:00,8260.7001953125,8268.2998046875,8247.0,8254.2998046875,0
2025-05-14 02:00:00,8255.2001953125,8264.2001953125,8249.2001953125,8260.900390625,0
2025-05-14 03:00:00,8263.900390625,8264.0,8256.2001953125,8259.7998046875,0
2025-05-14 04:00:00,8259.900390625,8274.7001953125,8253.0,8273.400390625,0
2025-05-14 05:00:00,8273.400390625,8276.599609375,8268.099609375,8276.2998046875,0
2025-05-14 06:00:00,8276.7998046875,8279.599609375,8276.7998046875,8279.599609375,0
2025-05-15 00:00:00,8279.599609375,8284.599609375,8257.400390625,8274.2998046875,0
2025-05-15 01:00:00,8273.900390625,8285.099609375,8266.5,8281.7998046875,0
2025-05-15 02:00:00,8282.5,8299.0,8276.2998046875,8297.900390625,0
2025-05-15 03:00:00,8298.7001953125,8302.400390625,8289.599609375,8299.2998046875,0
2025-05-15 04:00:00,8298.900390625,8303.099609375,8297.0,8300.599609375,0
2025-05-15 05:00:00,8300.2998046875,8300.5,8291.5,8297.2998046875,0
2025-05-15 06:00:00,8297.400390625,8297.5,8297.099609375,8297.5,0
2025-05-16 00:00:00,8297.5,8398.2001953125,8297.5,8374.0,0
2025-05-16 01:00:00,8371.900390625,8371.900390625,8346.5,8356.7001953125,0
2025-05-16 02:00:00,8356.5,8357.7998046875,8348.0,8351.5,0
2025-05-16 03:00:00,8350.2998046875,8351.599609375,8341.400390625,8341.400390625,0
2025-05-16 04:00:00,8340.7998046875,8347.099609375,8338.099609375,8341.7998046875,0
2025-05-16 05:00:00,8342.2001953125,8342.400390625,8331.7998046875,8336.7001953125,0
2025-05-16 06:00:00,8335.7998046875,8343.7001953125,8335.7001953125,8343.7001953125,0
2025-05-19 00:00:00,8343.7001953125,8343.7001953125,8301.599609375,8314.900390625,0
2025-05-19 01:00:00,8314.5,8331.400390625,8310.099609375,8331.0,0
2025-05-19 02:00:00,8330.0,8344.7998046875,8323.400390625,8330.099609375,0
2025-05-19 03:00:00,8330.5,8330.5,8297.7998046875,8299.5,0
2025-05-19 04:00:00,8299.2998046875,8304.599609375,8290.900390625,8296.7001953125,0
2025-05-19 05:00:00,8295.0,8295.400390625,8284.0,8289.7001953125,0
2025-05-19 06:00:00,8288.5,8295.099609375,8288.0,8295.099609375,0
2025-05-20 00:00:00,8295.099609375,8364.5,8295.099609375,8358.400390625,0
2025-05-20 01:00:00,8358.400390625,8360.400390625,8342.2001953125,8342.599609375,0
2025-05-20 02:00:00,8342.0,8347.0,8334.099609375,8335.0,0
2025-05-20 03:00:00,8335.2998046875,8335.2998046875,8321.599609375,8322.400390625,0
2025-05-20 04:00:00,8322.7998046875,8342.599609375,8319.900390625,8342.2001953125,0
2025-05-20 05:00:00,8342.0,8351.900390625,8340.5,8347.2998046875,0
2025-05-20 06:00:00,8347.599609375,8347.599609375,8343.2998046875,8343.2998046875,0
2025-05-21 00:00:00,8343.2998046875,8399.599609375,8343.2998046875,8396.2001953125,0
2025-05-21 01:00:00,8396.5,8422.900390625,8386.7998046875,8421.2001953125,0
2025-05-21 02:00:00,8421.099609375,8422.2998046875,8400.2001953125,8405.2001953125,0
2025-05-21 03:00:00,8406.0,8411.2998046875,8396.2001953125,8397.099609375,0
2025-05-21 04:00:00,8398.7998046875,8398.7998046875,8386.5,8391.400390625,0
2025-05-21 05:00:00,8391.599609375,8393.099609375,8382.7998046875,8387.7998046875,0
2025-05-21 06:00:00,8388.5,8388.7001953125,8386.7998046875,8386.7998046875,0
2025-05-22 00:00:00,8386.7998046875,8386.7998046875,8311.400390625,8354.7001953125,0
2025-05-22 01:00:00,8352.400390625,8373.900390625,8344.2001953125,8344.2001953125,0
2025-05-22 02:00:00,8344.900390625,8351.099609375,8332.599609375,8340.0,0
2025-05-22 03:00:00,8339.900390625,8347.900390625,8339.599609375,8342.2998046875,0
2025-05-22 04:00:00,8341.7001953125,8341.7998046875,8336.599609375,8340.2998046875,0
2025-05-22 05:00:00,8339.7001953125,8351.5,8336.599609375,8348.7998046875,0
2025-05-22 06:00:00,8348.0,8349.099609375,8348.0,8348.7001953125,0
2025-05-23 00:00:00,8348.7001953125,8379.900390625,8339.599609375,8379.900390625,0
2025-05-23 01:00:00,8379.900390625,8380.599609375,8364.0,8366.0,0
2025-05-23 02:00:00,8366.2998046875,8379.5,8363.0,8376.5,0
2025-05-23 03:00:00,8375.900390625,8377.7001953125,8366.099609375,8368.2001953125,0
2025-05-23 04:00:00,8368.0,8368.599609375,8355.7998046875,8360.099609375,0
2025-05-23 05:00:00,8360.2001953125,8368.900390625,8358.5,8360.7001953125,0
2025-05-23 06:00:00,8361.7001953125,8361.7001953125,8360.900390625,8360.900390625,0
2025-05-26 00:00:00,8360.7001953125,8366.900390625,8351.599609375,8357.5,0
2025-05-26 01:00:00,8356.7998046875,8362.0,8350.7001953125,8361.599609375,0
2025-05-26 02:00:00,8361.7001953125,8361.7001953125,8345.5,8351.0,0
2025-05-26 03:00:00,8352.599609375,8364.099609375,8351.0,8361.2998046875,0
2025-05-26 04:00:00,8361.5,8369.2998046875,8360.900390625,8365.5,0
2025-05-26 05:00:00,8366.099609375,8368.599609375,8360.2001953125,8361.599609375,0
2025-05-26 06:00:00,8361.599609375,8361.900390625,8361.0,8361.0,0
2025-05-27 00:00:00,8361.0,8384.0,8360.2001953125,8371.2998046875,0
2025-05-27 01:00:00,8372.599609375,8375.599609375,8355.900390625,8360.599609375,0
2025-05-27 02:00:00,8360.099609375,8383.0,8360.099609375,8381.099609375,0
2025-05-27 03:00:00,8382.5,8391.900390625,8379.7001953125,8385.7998046875,0
2025-05-27 04:00:00,8386.2001953125,8392.2001953125,8381.7001953125,8390.599609375,0
2025-05-27 05:00:00,8390.099609375,8407.2998046875,8387.400390625,8407.0,0
2025-05-27 06:00:00,8406.2998046875,8407.599609375,8405.400390625,8407.599609375,0
2025-05-28 00:00:00,8405.7001953125,8453.0,8405.7001953125,8441.5,0
2025-05-28 01:00:00,8441.2998046875,8444.2001953125,8421.0,8423.599609375,0
2025-05-28 02:00:00,8423.400390625,8427.5,8409.2998046875,8409.2998046875,0
2025-05-28 03:00:00,8409.400390625,8413.2001953125,8395.900390625,8397.2001953125,0
2025-05-28 04:00:00,8396.900390625,8400.099609375,8392.400390625,8394.099609375,0
2025-05-28 05:00:00,8394.099609375,8403.400390625,8392.400390625,8403.0,0
2025-05-28 06:00:00,8401.7001953125,8401.7001953125,8396.900390625,8396.900390625,0
2025-05-29 00:00:00,8396.900390625,8427.2998046875,8396.900390625,8419.099609375,0
2025-05-29 01:00:00,8419.7001953125,8419.7001953125,8392.099609375,8415.0,0
2025-05-29 02:00:00,8415.5,8426.2998046875,8405.400390625,8423.599609375,0
2025-05-29 03:00:00,8424.400390625,8426.2998046875,8416.599609375,8417.099609375,0
2025-05-29 04:00:00,8416.2998046875,8418.599609375,8409.400390625,8415.2998046875,0
2025-05-29 05:00:00,8415.2998046875,8422.5,8407.7001953125,8416.900390625,0
2025-05-29 06:00:00,8415.2001953125,8415.2001953125,8409.7998046875,8409.7998046875,0
2025-05-30 00:00:00,8409.7998046875,8409.7998046875,8384.099609375,8396.2998046875,0
2025-05-30 01:00:00,8394.900390625,8407.7001953125,8380.2998046875,8407.7001953125,0
2025-05-30 02:00:00,8408.099609375,8424.900390625,8408.099609375,8414.0,0
2025-05-30 03:00:00,8413.2001953125,8414.0,8402.7998046875,8409.900390625,0
2025-05-30 04:00:00,8410.099609375,8422.7998046875,8408.900390625,8417.7998046875,0
2025-05-30 05:00:00,8417.2998046875,8439.7998046875,8413.7998046875,8434.599609375,0
2025-05-30 06:00:00,8436.099609375,8436.099609375,8434.7001953125,8434.7001953125,0
2025-06-02 00:00:00,8434.7001953125,8435.5,8415.0,8417.2001953125,0
2025-06-02 01:00:00,8420.2998046875,8423.7998046875,8401.099609375,8404.7998046875,0
2025-06-02 02:00:00,8404.7001953125,8426.7998046875,8404.5,8426.7998046875,0
2025-06-02 03:00:00,8425.900390625,8426.7998046875,8406.099609375,8406.2998046875,0
2025-06-02 04:00:00,8405.7001953125,8416.2998046875,8405.7001953125,8415.7001953125,0
2025-06-02 05:00:00,8415.0,8421.0,8407.599609375,8411.2001953125,0
2025-06-02 06:00:00,8412.2998046875,8414.099609375,8411.900390625,8414.099609375,0
2025-06-03 00:00:00,8414.099609375,8475.599609375,8414.099609375,8473.2001953125,0
2025-06-03 01:00:00,8475.7998046875,8479.5,8462.400390625,8462.400390625,0
2025-06-03 02:00:00,8461.2998046875,8462.5,8437.7998046875,8452.0,0
2025-06-03 03:00:00,8452.5,8456.099609375,8444.400390625,8455.7998046875,0
2025-06-03 04:00:00,8456.7001953125,8460.099609375,8447.099609375,8453.599609375,0
2025-06-03 05:00:00,8453.2001953125,8471.400390625,8453.2001953125,8468.7998046875,0
2025-06-03 06:00:00,8468.7998046875,8468.7998046875,8466.7001953125,8466.7001953125,0
2025-06-04 00:00:00,8466.7001953125,8527.2001953125,8466.7001953125,8518.900390625,0
2025-06-04 01:00:00,8517.900390625,8530.599609375,8510.900390625,8528.2998046875,0
2025-06-04 02:00:00,8530.5,8534.2001953125,8524.7001953125,8533.099609375,0
2025-06-04 03:00:00,8531.0,8546.5,8530.5,8541.599609375,0
2025-06-04 04:00:00,8541.7998046875,8542.400390625,8526.7001953125,8527.099609375,0
2025-06-04 05:00:00,8527.5,8534.900390625,8524.099609375,8532.7998046875,0
2025-06-04 06:00:00,8533.0,8541.7998046875,8532.7001953125,8541.7998046875,0
2025-06-05 00:00:00,8541.7998046875,8567.2998046875,8539.7001953125,8558.599609375,0
2025-06-05 01:00:00,8558.7001953125,8558.7001953125,8540.599609375,8546.2001953125,0
2025-06-05 02:00:00,8546.400390625,8546.7001953125,8532.400390625,8532.5,0
2025-06-05 03:00:00,8532.599609375,8537.5,8527.099609375,8528.400390625,0
2025-06-05 04:00:00,8528.2001953125,8538.099609375,8526.900390625,8536.5,0
2025-06-05 05:00:00,8535.900390625,8539.2001953125,8530.599609375,8535.900390625,0
2025-06-05 06:00:00,8536.2001953125,8538.900390625,8535.7001953125,8538.900390625,0
2025-06-06 00:00:00,8538.900390625,8555.599609375,8538.0,8543.2001953125,0
2025-06-06 01:00:00,8542.2998046875,8553.2001953125,8540.7001953125,8548.7001953125,0
2025-06-06 02:00:00,8548.5,8549.400390625,8529.5,8529.5,0
2025-06-06 03:00:00,8529.599609375,8530.0,8519.599609375,8523.2001953125,0
2025-06-06 04:00:00,8523.400390625,8527.7001953125,8518.7001953125,8526.099609375,0
2025-06-06 05:00:00,8525.5,8534.599609375,8516.5,8519.400390625,0
2025-06-06 06:00:00,8518.7001953125,8518.7001953125,8515.7001953125,8515.7001953125,0
2025-06-10 00:00:00,8515.7001953125,8563.2998046875,8515.7001953125,8562.7001953125,0
2025-06-10 01:00:00,8563.0,8584.2001953125,8560.7998046875,8580.7998046875,0
2025-06-10 02:00:00,8578.7998046875,8585.2998046875,8574.400390625,8583.7998046875,0
2025-06-10 03:00:00,8583.0,8592.0,8578.0,8581.599609375,0
2025-06-10 04:00:00,8581.900390625,8584.7001953125,8571.900390625,8579.5,0
2025-06-10 05:00:00,8579.400390625,8591.2998046875,8568.2001953125,8581.7001953125,0
2025-06-10 06:00:00,8582.0,8587.2001953125,8581.7001953125,8587.2001953125,0
2025-06-11 00:00:00,8587.2001953125,8639.099609375,8587.2001953125,8616.7998046875,0
2025-06-11 01:00:00,8617.5,8621.099609375,8610.2001953125,8618.599609375,0
2025-06-11 02:00:00,8618.099609375,8622.0,8612.099609375,8615.7998046875,0
2025-06-11 03:00:00,8615.2001953125,8615.7001953125,8605.0,8608.7001953125,0
2025-06-11 04:00:00,8608.2001953125,8608.599609375,8596.7998046875,8597.900390625,0
2025-06-11 05:00:00,8596.400390625,8605.5,8595.7001953125,8598.599609375,0
2025-06-11 06:00:00,8597.0,8597.0,8592.099609375,8592.099609375,0
2025-06-12 00:00:00,8592.099609375,8613.599609375,8589.5,8590.7998046875,0
2025-06-12 01:00:00,8591.0,8613.2001953125,8589.0,8613.2001953125,0
2025-06-12 02:00:00,8613.7001953125,8617.7998046875,8606.2998046875,8611.599609375,0
2025-06-12 03:00:00,8611.0,8616.7001953125,8594.7998046875,8594.900390625,0
2025-06-12 04:00:00,8594.900390625,8598.2998046875,8583.7001953125,8588.900390625,0
2025-06-12 05:00:00,8591.099609375,8592.2001953125,8576.599609375,8576.599609375,0
2025-06-12 06:00:00,8577.400390625,8577.599609375,8565.099609375,8565.099609375,0
2025-06-13 00:00:00,8565.099609375,8577.400390625,8547.2001953125,8554.7001953125,0
2025-06-13 01:00:00,8554.5,8555.7998046875,8525.400390625,8551.900390625,0
2025-06-13 02:00:00,8552.599609375,8554.5,8536.7001953125,8542.400390625,0
2025-06-13 03:00:00,8542.599609375,8551.099609375,8537.2998046875,8551.099609375,0
2025-06-13 04:00:00,8550.2001953125,8550.599609375,8526.900390625,8532.2001953125,0
2025-06-13 05:00:00,8532.599609375,8544.400390625,8528.7998046875,8543.099609375,0
2025-06-13 06:00:00,8542.2001953125,8547.400390625,8542.2001953125,8547.400390625,0
2025-06-16 00:00:00,8547.400390625,8579.099609375,8538.599609375,8570.599609375,0
2025-06-16 01:00:00,8568.400390625,8573.400390625,8555.2998046875,8555.599609375,0
2025-06-16 02:00:00,8554.099609375,8571.5,8549.099609375,8556.099609375,0
2025-06-16 03:00:00,8554.7998046875,8559.099609375,8547.5,8550.7001953125,0
2025-06-16 04:00:00,8550.0,8554.7001953125,8542.2001953125,8547.7001953125,0
2025-06-16 05:00:00,8548.2001953125,8554.7001953125,8546.599609375,8546.7001953125,0
2025-06-16 06:00:00,8549.2001953125,8549.2001953125,8548.400390625,8548.400390625,0
2025-06-17 00:00:00,8548.400390625,8561.7001953125,8533.7998046875,8557.2001953125,0
2025-06-17 01:00:00,8557.7001953125,8566.7998046875,8555.2998046875,8563.2998046875,0
2025-06-17 02:00:00,8561.0,8562.400390625,8540.599609375,8555.5,0
2025-06-17 03:00:00,8555.5,8555.5,8535.5,8538.2998046875,0
2025-06-17 04:00:00,8537.7001953125,8540.5,8529.7998046875,8534.2001953125,0
2025-06-17 05:00:00,8534.099609375,8537.2001953125,8525.0,8534.0,0
2025-06-17 06:00:00,8534.7998046875,8541.2998046875,8534.7998046875,8541.2998046875,0
2025-06-18 00:00:00,8541.2998046875,8541.7998046875,8520.0,8521.2998046875,0
2025-06-18 01:00:00,8521.0,8543.0,8521.0,8530.2001953125,0
2025-06-18 02:00:00,8529.7998046875,8553.0,8528.0,8547.5,0
2025-06-18 03:00:00,8547.7001953125,8549.7001953125,8539.400390625,8542.2998046875,0
2025-06-18 04:00:00,8542.7001953125,8547.2998046875,8531.400390625,8532.7001953125,0
2025-06-18 05:00:00,8532.7001953125,8533.2998046875,8526.400390625,8532.599609375,0
2025-06-18 06:00:00,8533.7001953125,8533.7001953125,8531.2001953125,8531.2001953125,0
2025-06-19 00:00:00,8531.2001953125,8534.599609375,8514.900390625,8524.7998046875,0
2025-06-19 01:00:00,8526.2998046875,8536.599609375,8511.5,8511.5,0
2025-06-19 02:00:00,8514.900390625,8523.900390625,8504.7001953125,8521.2998046875,0
2025-06-19 03:00:00,8521.599609375,8533.2998046875,8519.7001953125,8531.0,0
2025-06-19 04:00:00,8530.2001953125,8540.2998046875,8530.2001953125,8534.5,0
2025-06-19 05:00:00,8535.0,8535.2001953125,8524.7001953125,8530.400390625,0
2025-06-19 06:00:00,8531.099609375,8531.099609375,8523.7001953125,8523.7001953125,0
2025-06-20 00:00:00,8526.5,8526.5,8488.400390625,8494.0,0
2025-06-20 01:00:00,8493.400390625,8493.7998046875,8462.7001953125,8464.599609375,0
2025-06-20 02:00:00,8463.599609375,8486.2001953125,8463.599609375,8484.400390625,0
2025-06-20 03:00:00,8485.0,8510.400390625,8479.2998046875,8507.7001953125,0
2025-06-20 04:00:00,8508.5,8508.7001953125,8499.599609375,8501.7998046875,0
2025-06-20 05:00:00,8502.2001953125,8508.7001953125,8498.0,8504.900390625,0
2025-06-20 06:00:00,8502.7001953125,8505.5,8502.7001953125,8505.5,0
2025-06-23 00:00:00,8505.5,8505.5,8439.0,8439.099609375,0
2025-06-23 01:00:00,8438.900390625,8446.099609375,8421.099609375,8434.0,0
2025-06-23 02:00:00,8434.5,8457.099609375,8432.5,8454.2998046875,0
2025-06-23 03:00:00,8454.5,8470.099609375,8452.7998046875,8468.400390625,0
2025-06-23 04:00:00,8469.0,8477.400390625,8461.5,8462.599609375,0
2025-06-23 05:00:00,8462.5,8478.5,8462.099609375,8475.7998046875,0
2025-06-23 06:00:00,8476.7001953125,8476.7001953125,8474.900390625,8474.900390625,0
2025-06-24 00:00:00,8530.099609375,8570.0,8530.099609375,8564.7001953125,0
2025-06-24 01:00:00,8566.2998046875,8572.7998046875,8560.5,8570.7001953125,0
2025-06-24 02:00:00,8570.900390625,8574.0,8548.0,8555.599609375,0
2025-06-24 03:00:00,8556.2998046875,8560.900390625,8553.5,8556.2001953125,0
2025-06-24 04:00:00,8555.7998046875,8557.400390625,8546.7001953125,8554.900390625,0
2025-06-24 05:00:00,8555.099609375,8561.5,8549.2998046875,8560.0,0
2025-06-24 06:00:00,8561.7998046875,8561.7998046875,8555.5,8555.5,0
2025-06-25 00:00:00,8555.5,8577.2998046875,8553.0,8554.5,0
2025-06-25 01:00:00,8554.7998046875,8564.5,8551.0,8559.5,0
2025-06-25 02:00:00,8558.2998046875,8559.599609375,8547.2001953125,8549.599609375,0
2025-06-25 03:00:00,8549.900390625,8560.0,8549.5,8554.2001953125,0
2025-06-25 04:00:00,8553.599609375,8563.0,8552.2001953125,8560.900390625,0
2025-06-25 05:00:00,8560.0,8565.599609375,8558.2001953125,8562.5,0
2025-06-25 06:00:00,8563.599609375,8563.599609375,8559.2001953125,8559.2001953125,0
2025-06-26 00:00:00,8559.2001953125,8559.2001953125,8534.5,8551.7001953125,0
2025-06-26 01:00:00,8554.400390625,8556.400390625,8533.0,8542.0,0
2025-06-26 02:00:00,8542.599609375,8549.5,8538.900390625,8544.7998046875,0
2025-06-26 03:00:00,8544.7001953125,8552.7998046875,8541.2001953125,8552.2001953125,0
2025-06-26 04:00:00,8552.0,8560.400390625,8552.0,8552.2001953125,0
2025-06-26 05:00:00,8552.099609375,8555.2001953125,8547.900390625,8555.2001953125,0
2025-06-26 06:00:00,8554.400390625,8554.900390625,8554.400390625,8554.900390625,0
2025-06-27 00:00:00,8551.099609375,8605.7001953125,8551.099609375,8582.7001953125,0
2025-06-27 01:00:00,8581.599609375,8582.2998046875,8557.400390625,8567.7001953125,0
2025-06-27 02:00:00,8567.400390625,8568.2998046875,8554.0,8558.0,0
2025-06-27 03:00:00,8557.5,8557.900390625,8544.5,8544.5,0
2025-06-27 04:00:00,8545.2001953125,8547.400390625,8534.2998046875,8536.599609375,0
2025-06-27 05:00:00,8537.099609375,8544.7001953125,8523.7001953125,8529.099609375,0
2025-06-27 06:00:00,8527.7998046875,8527.7998046875,8514.2001953125,8514.2001953125,0
2025-06-30 00:00:00,8514.2001953125,8542.0,8514.2001953125,8530.5,0
2025-06-30 01:00:00,8530.7001953125,8537.900390625,8526.2998046875,8535.599609375,0
2025-06-30 02:00:00,8534.900390625,8551.400390625,8533.7001953125,8549.2001953125,0
2025-06-30 03:00:00,8551.2001953125,8564.2998046875,8550.2998046875,8561.400390625,0
2025-06-30 04:00:00,8561.5,8576.7001953125,8554.2001953125,8562.900390625,0
2025-06-30 05:00:00,8562.099609375,8566.900390625,8556.0,8557.7001953125,0
2025-06-30 06:00:00,8559.7998046875,8559.7998046875,8542.2998046875,8542.2998046875,0
2025-07-01 00:00:00,8542.2998046875,8576.0,8542.2998046875,8554.099609375,0
2025-07-01 01:00:00,8552.2998046875,8558.7001953125,8544.400390625,8556.5,0
2025-07-01 02:00:00,8554.900390625,8562.0,8551.599609375,8553.5,0
2025-07-01 03:00:00,8552.599609375,8554.900390625,8543.2001953125,8546.7998046875,0
2025-07-01 04:00:00,8547.900390625,8553.599609375,8541.7998046875,8544.7998046875,0
2025-07-01 05:00:00,8543.900390625,8550.7998046875,8541.2998046875,8547.400390625,0
2025-07-01 06:00:00,8548.599609375,8548.599609375,8541.099609375,8541.099609375,0
2025-07-02 00:00:00,8541.099609375,8585.599609375,8541.099609375,8577.400390625,0
2025-07-02 01:00:00,8577.0,8579.2001953125,8547.900390625,8549.099609375,0
2025-07-02 02:00:00,8549.7998046875,8570.2998046875,8536.7001953125,8570.2998046875,0
2025-07-02 03:00:00,8570.2998046875,8585.2001953125,8570.0,8585.2001953125,0
2025-07-02 04:00:00,8586.099609375,8607.0,8583.599609375,8605.400390625,0
2025-07-02 05:00:00,8605.7998046875,8613.0,8601.599609375,8604.5,0
2025-07-02 06:00:00,8605.400390625,8605.400390625,8597.7001953125,8597.7001953125,0
2025-07-03 00:00:00,8597.5,8623.599609375,8566.900390625,8566.900390625,0
2025-07-03 01:00:00,8566.599609375,8570.599609375,8554.900390625,8566.2998046875,0
2025-07-03 02:00:00,8566.7001953125,8566.7001953125,8543.2001953125,8561.5,0
2025-07-03 03:00:00,8561.099609375,8579.2001953125,8559.599609375,8576.7998046875,0
2025-07-03 04:00:00,8577.2998046875,8591.5,8577.0,8587.0,0
2025-07-03 05:00:00,8587.5,8600.7001953125,8584.099609375,8600.7001953125,0
2025-07-03 06:00:00,8602.2001953125,8602.2001953125,8595.7998046875,8595.7998046875,0
2025-07-04 00:00:00,8595.7998046875,8616.7998046875,8595.7998046875,8609.599609375,0
2025-07-04 01:00:00,8610.7998046875,8616.400390625,8608.599609375,8610.0,0
2025-07-04 02:00:00,8608.599609375,8612.099609375,8602.599609375,8604.0,0
2025-07-04 03:00:00,8603.7001953125,8604.7998046875,8597.099609375,8599.2998046875,0
2025-07-04 04:00:00,8599.5,8600.2998046875,8589.5,8594.599609375,0
2025-07-04 05:00:00,8594.599609375,8604.2001953125,8592.5,8603.7001953125,0
2025-07-04 06:00:00,8603.7001953125,8603.7998046875,8603.0,8603.0,0
2025-07-07 00:00:00,8603.0,8617.0,8594.900390625,8609.099609375,0
2025-07-07 01:00:00,8609.0,8611.5,8587.099609375,8587.2001953125,0
2025-07-07 02:00:00,8586.7001953125,8598.7001953125,8583.2998046875,8584.7001953125,0
2025-07-07 03:00:00,8584.2998046875,8585.2998046875,8572.099609375,8585.099609375,0
2025-07-07 04:00:00,8585.099609375,8593.099609375,8582.2998046875,8584.5,0
2025-07-07 05:00:00,8583.7998046875,8592.5,8580.7001953125,8585.5,0
2025-07-07 06:00:00,8584.599609375,8589.2998046875,8584.599609375,8589.2998046875,0
2025-07-08 00:00:00,8589.099609375,8594.900390625,8550.2001953125,8594.2998046875,0
2025-07-08 01:00:00,8595.5,8610.0,8578.599609375,8582.0,0
2025-07-08 02:00:00,8582.2001953125,8596.099609375,8581.2998046875,8592.900390625,0
2025-07-08 03:00:00,8593.400390625,8595.599609375,8576.5,8579.099609375,0
2025-07-08 04:00:00,8579.0,8586.7998046875,8559.0,8570.5,0
2025-07-08 05:00:00,8570.0,8576.2001953125,8564.099609375,8576.2001953125,0
2025-07-08 06:00:00,8577.400390625,8590.7001953125,8577.2998046875,8590.7001953125,0
2025-07-09 00:00:00,8590.7001953125,8590.7001953125,8531.400390625,8546.900390625,0
2025-07-09 01:00:00,8546.2998046875,8569.099609375,8546.2998046875,8565.900390625,0
2025-07-09 02:00:00,8566.400390625,8572.900390625,8561.400390625,8568.0,0
2025-07-09 03:00:00,8568.7998046875,8568.7998046875,8560.0,8562.400390625,0
2025-07-09 04:00:00,8561.5,8563.2001953125,8552.900390625,8560.599609375,0
2025-07-09 05:00:00,8559.900390625,8559.900390625,8536.5,8542.400390625,0
2025-07-09 06:00:00,8542.599609375,8542.599609375,8538.599609375,8538.599609375,0
2025-07-10 00:00:00,8538.599609375,8601.7998046875,8538.599609375,8594.400390625,0
2025-07-10 01:00:00,8593.7001953125,8598.099609375,8578.900390625,8581.5,0
2025-07-10 02:00:00,8581.7001953125,8610.7998046875,8581.7001953125,8608.7998046875,0
2025-07-10 03:00:00,8608.099609375,8608.099609375,8586.2998046875,8589.099609375,0
2025-07-10 04:00:00,8589.099609375,8601.0,8589.099609375,8598.400390625,0
2025-07-10 05:00:00,8599.2001953125,8599.2001953125,8587.099609375,8588.7001953125,0
2025-07-10 06:00:00,8588.5,8589.2001953125,8588.5,8589.2001953125,0
2025-07-11 00:00:00,8589.2001953125,8619.7998046875,8576.900390625,8593.099609375,0
2025-07-11 01:00:00,8592.2998046875,8595.2001953125,8570.2001953125,8574.0,0
2025-07-11 02:00:00,8574.599609375,8580.0,8568.2001953125,8578.7001953125,0
2025-07-11 03:00:00,8579.2998046875,8590.0,8577.0,8588.5,0
2025-07-11 04:00:00,8588.7998046875,8594.7998046875,8587.5,8588.2001953125,0
2025-07-11 05:00:00,8588.400390625,8593.7001953125,8576.900390625,8577.2998046875,0
2025-07-11 06:00:00,8576.7998046875,8580.099609375,8576.7998046875,8580.099609375,0
2025-07-14 00:00:00,8580.099609375,8580.099609375,8558.2998046875,8570.599609375,0
2025-07-14 01:00:00,8570.599609375,8593.599609375,8570.599609375,8585.7998046875,0
2025-07-14 02:00:00,8586.0,8588.400390625,8574.2998046875,8578.5,0
2025-07-14 03:00:00,8579.400390625,8586.2998046875,8578.599609375,8584.7001953125,0
2025-07-14 04:00:00,8584.599609375,8589.099609375,8583.0,8585.099609375,0
2025-07-14 05:00:00,8585.400390625,8586.400390625,8572.400390625,8576.5,0
2025-07-14 06:00:00,8577.7998046875,8577.7998046875,8570.400390625,8570.400390625,0
2025-07-15 00:00:00,8570.400390625,8632.599609375,8570.400390625,8599.0,0
2025-07-15 01:00:00,8599.400390625,8619.400390625,8592.400390625,8608.099609375,0
2025-07-15 02:00:00,8608.5,8621.900390625,8601.2001953125,8601.7998046875,0
2025-07-15 03:00:00,8600.900390625,8620.599609375,8599.599609375,8614.7001953125,0
2025-07-15 04:00:00,8614.7001953125,8617.0,8606.7998046875,8616.599609375,0
2025-07-15 05:00:00,8615.7001953125,8632.7998046875,8614.5,8631.7001953125,0
2025-07-15 06:00:00,8630.2998046875,8630.599609375,8630.2998046875,8630.2998046875,0
2025-07-16 00:00:00,8630.2998046875,8630.2998046875,8544.7001953125,8559.0,0
2025-07-16 01:00:00,8558.099609375,8577.7998046875,8558.099609375,8565.7998046875,0
2025-07-16 02:00:00,8568.7001953125,8568.7001953125,8551.0,8556.5,0
2025-07-16 03:00:00,8557.0,8564.099609375,8557.0,8561.7998046875,0
2025-07-16 04:00:00,8562.400390625,8564.2998046875,8550.400390625,8551.7998046875,0
2025-07-16 05:00:00,8552.2998046875,8567.400390625,8547.7001953125,8560.7001953125,0
2025-07-16 06:00:00,8562.099609375,8562.099609375,8561.7998046875,8561.7998046875,0
2025-07-17 00:00:00,8561.7998046875,8608.900390625,8561.7998046875,8608.5,0
2025-07-17 01:00:00,8608.2998046875,8628.099609375,8604.2998046875,8626.900390625,0
2025-07-17 02:00:00,8627.099609375,8629.7998046875,8622.400390625,8626.900390625,0
2025-07-17 03:00:00,8626.2998046875,8629.2998046875,8610.0,8621.599609375,0
2025-07-17 04:00:00,8621.099609375,8622.0,8616.400390625,8619.599609375,0
2025-07-17 05:00:00,8619.400390625,8641.2998046875,8619.2998046875,8636.400390625,0
2025-07-17 06:00:00,8636.900390625,8639.0,8636.7998046875,8639.0,0
2025-07-18 00:00:00,8639.0,8711.2998046875,8639.0,8710.7998046875,0
2025-07-18 01:00:00,8712.2998046875,8720.900390625,8694.2998046875,8694.2998046875,0
2025-07-18 02:00:00,8694.400390625,8745.2001953125,8690.0,8729.599609375,0
2025-07-18 03:00:00,8729.5,8754.599609375,8729.400390625,8753.7001953125,0
2025-07-18 04:00:00,8752.400390625,8776.0,8752.400390625,8772.5,0
2025-07-18 05:00:00,8772.599609375,8776.400390625,8761.0,8761.2001953125,0
2025-07-18 06:00:00,8761.099609375,8761.099609375,8757.2001953125,8757.2001953125,0
2025-07-21 00:00:00,8757.099609375,8757.099609375,8673.099609375,8674.0,0
2025-07-21 01:00:00,8674.0,8674.0,8654.400390625,8663.7001953125,0
2025-07-21 02:00:00,8664.599609375,8677.099609375,8657.2998046875,8664.400390625,0
2025-07-21 03:00:00,8664.2998046875,8665.099609375,8648.7001953125,8654.7001953125,0
2025-07-21 04:00:00,8655.5,8667.2001953125,8651.7998046875,8655.5,0
2025-07-21 05:00:00,8655.2998046875,8665.2001953125,8648.400390625,8664.900390625,0
2025-07-21 06:00:00,8666.7001953125,8668.2001953125,8666.7001953125,8668.2001953125,0
2025-07-22 00:00:00,8668.2001953125,8714.599609375,8668.2001953125,8683.7998046875,0
2025-07-22 01:00:00,8684.2001953125,8687.2998046875,8670.2998046875,8684.5,0
2025-07-22 02:00:00,8684.900390625,8684.900390625,8666.5,8671.599609375,0
2025-07-22 03:00:00,8671.900390625,8673.7998046875,8660.2998046875,8665.5,0
2025-07-22 04:00:00,8665.5,8666.7001953125,8652.599609375,8659.900390625,0
2025-07-22 05:00:00,8661.5,8672.2001953125,8660.7998046875,8672.2001953125,0
2025-07-22 06:00:00,8670.5,8677.2001953125,8670.5,8677.2001953125,0
2025-07-23 00:00:00,8677.2001953125,8726.5,8677.2001953125,8717.099609375,0
2025-07-23 01:00:00,8717.2998046875,8726.400390625,8702.400390625,8722.7001953125,0
2025-07-23 02:00:00,8723.5,8731.599609375,8722.2001953125,8727.2001953125,0
2025-07-23 03:00:00,8726.7001953125,8740.2998046875,8726.7001953125,8737.400390625,0
2025-07-23 04:00:00,8737.599609375,8748.599609375,8737.5,8745.599609375,0
2025-07-23 05:00:00,8745.2001953125,8746.7001953125,8740.900390625,8741.7998046875,0
2025-07-23 06:00:00,8742.599609375,8742.7001953125,8737.2001953125,8737.2001953125,0
2025-07-24 00:00:00,8737.2001953125,8759.900390625,8728.5,8729.7001953125,0
2025-07-24 01:00:00,8731.7998046875,8742.599609375,8730.2001953125,8733.7001953125,0
2025-07-24 02:00:00,8732.7001953125,8736.5,8721.900390625,8725.0,0
2025-07-24 03:00:00,8725.5,8726.400390625,8707.5,8707.7998046875,0
2025-07-24 04:00:00,8708.2998046875,8712.7998046875,8698.5,8708.099609375,0
2025-07-24 05:00:00,8708.400390625,8713.0,8703.400390625,8711.7001953125,0
2025-07-24 06:00:00,8710.7001953125,8710.7001953125,8709.400390625,8709.400390625,0
2025-07-25 00:00:00,8709.400390625,8709.400390625,8662.5,8665.7001953125,0
2025-07-25 01:00:00,8667.900390625,8672.2001953125,8659.5,8661.2001953125,0
2025-07-25 02:00:00,8661.7001953125,8672.7998046875,8660.7001953125,8665.7998046875,0
2025-07-25 03:00:00,8665.599609375,8683.7001953125,8665.599609375,8683.7001953125,0
2025-07-25 04:00:00,8683.7998046875,8683.7998046875,8664.400390625,8669.7001953125,0
2025-07-25 05:00:00,8669.7001953125,8671.7001953125,8658.2001953125,8661.599609375,0
2025-07-25 06:00:00,8661.599609375,8666.900390625,8661.599609375,8666.900390625,0
2025-07-28 00:00:00,8667.0,8704.900390625,8667.0,8704.900390625,0
2025-07-28 01:00:00,8704.2998046875,8704.2998046875,8683.2998046875,8694.099609375,0
2025-07-28 02:00:00,8693.7998046875,8694.099609375,8679.7001953125,8690.5,0
2025-07-28 03:00:00,8691.0,8691.7001953125,8683.599609375,8689.0,0
2025-07-28 04:00:00,8688.7998046875,8701.099609375,8687.400390625,8698.599609375,0
2025-07-28 05:00:00,8698.7998046875,8701.0,8691.599609375,8699.099609375,0
2025-07-28 06:00:00,8699.0,8699.0,8697.7001953125,8697.7001953125,0
2025-07-29 00:00:00,8697.7001953125,8697.7001953125,8643.5,8670.400390625,0
2025-07-29 01:00:00,8670.7998046875,8684.7001953125,8670.7998046875,8674.099609375,0
2025-07-29 02:00:00,8673.400390625,8679.400390625,8666.7998046875,8674.7001953125,0
2025-07-29 03:00:00,8675.2001953125,8677.900390625,8664.5,8675.2998046875,0
2025-07-29 04:00:00,8675.7998046875,8691.099609375,8675.0,8686.7001953125,0
2025-07-29 05:00:00,8686.7998046875,8703.599609375,8686.400390625,8698.2001953125,0
2025-07-29 06:00:00,8698.7998046875,8704.599609375,8698.7998046875,8704.599609375,0
2025-07-30 00:00:00,8704.599609375,8719.2998046875,8688.2001953125,8719.2998046875,0
2025-07-30 01:00:00,8719.599609375,8752.7998046875,8716.400390625,8750.599609375,0
2025-07-30 02:00:00,8749.5,8768.900390625,8749.5,8759.5,0
2025-07-30 03:00:00,8759.7998046875,8766.0,8756.400390625,8761.7001953125,0
2025-07-30 04:00:00,8761.5,8773.0,8761.5,8764.5,0
2025-07-30 05:00:00,8765.099609375,8765.099609375,8756.099609375,8761.400390625,0
2025-07-30 06:00:00,8761.2998046875,8761.2998046875,8756.400390625,8756.400390625,0
2025-07-31 00:00:00,8756.400390625,8756.400390625,8701.2998046875,8718.599609375,0
2025-07-31 01:00:00,8719.2001953125,8738.400390625,8715.7998046875,8732.2001953125,0
2025-07-31 02:00:00,8732.0,8743.7001953125,8732.0,8738.7001953125,0
2025-07-31 03:00:00,8738.099609375,8744.2998046875,8733.900390625,8738.2998046875,0
2025-07-31 04:00:00,8737.7998046875,8752.2001953125,8737.7998046875,8746.599609375,0
2025-07-31 05:00:00,8745.900390625,8749.599609375,8738.5,8746.400390625,0
2025-07-31 06:00:00,8746.099609375,8746.099609375,8742.7998046875,8742.7998046875,0
2025-08-01 00:00:00,8742.7998046875,8742.7998046875,8650.900390625,8664.7998046875,0
2025-08-01 01:00:00,8663.0,8687.099609375,8661.2998046875,8679.400390625,0
2025-08-01 02:00:00,8679.2998046875,8680.5,8670.2998046875,8680.5,0
2025-08-01 03:00:00,8680.900390625,8684.7001953125,8672.7998046875,8672.7998046875,0
2025-08-01 04:00:00,8672.900390625,8672.900390625,8664.400390625,8668.5,0
2025-08-01 05:00:00,8668.7001953125,8670.900390625,8662.099609375,8666.400390625,0
2025-08-01 06:00:00,8669.0,8669.0,8662.0,8662.0,0
2025-08-04 00:00:00,8662.0,8666.7001953125,8630.900390625,8655.599609375,0
2025-08-04 01:00:00,8656.7998046875,8657.400390625,8634.599609375,8636.2998046875,0
2025-08-04 02:00:00,8636.0,8649.0,8634.400390625,8648.599609375,0
2025-08-04 03:00:00,8649.0,8660.400390625,8645.2998046875,8660.400390625,0
2025-08-04 04:00:00,8659.7998046875,8661.2001953125,8647.900390625,8651.099609375,0
2025-08-04 05:00:00,8651.900390625,8666.2001953125,8651.0,8663.099609375,0
2025-08-04 06:00:00,8662.7998046875,8663.7001953125,8662.5,8663.7001953125,0
2025-08-05 00:00:00,8663.7001953125,8753.900390625,8663.7001953125,8752.599609375,0
2025-08-05 01:00:00,8752.099609375,8764.2001953125,8749.900390625,8752.2998046875,0
2025-08-05 02:00:00,8750.900390625,8758.099609375,8741.7998046875,8750.2998046875,0
2025-08-05 03:00:00,8751.5,8764.900390625,8749.7998046875,8760.0,0
2025-08-05 04:00:00,8760.5,8765.0,8755.400390625,8763.099609375,0
2025-08-05 05:00:00,8763.2001953125,8774.099609375,8761.400390625,8772.900390625,0
2025-08-05 06:00:00,8773.5,8773.5,8770.400390625,8770.400390625,0
2025-08-06 00:00:00,8770.400390625,8824.0,8770.400390625,8816.5,0
2025-08-06 01:00:00,8816.5,8820.599609375,8808.599609375,8819.5,0
2025-08-06 02:00:00,8818.599609375,8827.400390625,8816.0,8821.900390625,0
2025-08-06 03:00:00,8822.099609375,8823.900390625,8816.900390625,8821.599609375,0
2025-08-06 04:00:00,8822.2001953125,8830.0,8817.2998046875,8827.400390625,0
2025-08-06 05:00:00,8827.7001953125,8848.7998046875,8826.2998046875,8839.400390625,0
2025-08-06 06:00:00,8841.400390625,8843.7001953125,8841.400390625,8843.7001953125,0
2025-08-07 00:00:00,8840.900390625,8844.900390625,8828.5,8831.0,0
2025-08-07 01:00:00,8831.0,8839.2001953125,8828.5,8835.599609375,0
2025-08-07 02:00:00,8836.0,8838.2001953125,8821.7998046875,8822.7001953125,0
2025-08-07 03:00:00,8823.099609375,8829.099609375,8818.7001953125,8827.900390625,0
2025-08-07 04:00:00,8828.599609375,8841.2001953125,8825.400390625,8832.5,0
2025-08-07 05:00:00,8834.400390625,8834.5,8823.7998046875,8824.900390625,0
2025-08-07 06:00:00,8826.400390625,8831.400390625,8826.400390625,8831.400390625,0
2025-08-08 00:00:00,8831.400390625,8831.400390625,8790.2998046875,8824.599609375,0
2025-08-08 01:00:00,8824.099609375,8827.599609375,8805.599609375,8812.7998046875,0
2025-08-08 02:00:00,8812.7998046875,8827.099609375,8811.900390625,8826.900390625,0
2025-08-08 03:00:00,8826.7001953125,8827.0,8814.7001953125,8814.7001953125,0
2025-08-08 04:00:00,8814.2001953125,8822.900390625,8810.2998046875,8822.900390625,0
2025-08-08 05:00:00,8823.099609375,8823.099609375,8804.2998046875,8805.2001953125,0
2025-08-08 06:00:00,8805.599609375,8807.099609375,8805.5,8807.099609375,0
2025-08-11 00:00:00,8817.2001953125,8852.2998046875,8815.2001953125,8829.900390625,0
2025-08-11 01:00:00,8828.7998046875,8838.0,8819.900390625,8833.400390625,0
2025-08-11 02:00:00,8832.7998046875,8840.099609375,8828.099609375,8830.400390625,0
2025-08-11 03:00:00,8829.900390625,8837.7998046875,8828.400390625,8829.5,0
2025-08-11 04:00:00,8829.599609375,8837.2998046875,8825.400390625,8835.2001953125,0
2025-08-11 05:00:00,8835.5,8835.5,8829.2998046875,8833.7001953125,0
2025-08-11 06:00:00,8834.599609375,8844.7998046875,8834.599609375,8844.7998046875,0
2025-08-12 00:00:00,8844.7998046875,8867.599609375,8828.7998046875,8856.2001953125,0
2025-08-12 01:00:00,8855.7001953125,8862.7998046875,8850.7001953125,8856.5,0
2025-08-12 02:00:00,8856.0,8864.5,8850.2001953125,8852.2001953125,0
2025-08-12 03:00:00,8852.2001953125,8857.599609375,8843.7001953125,8847.900390625,0
2025-08-12 04:00:00,8848.5,8880.2001953125,8846.900390625,8877.7001953125,0
2025-08-12 05:00:00,8877.599609375,8885.7001953125,8861.7001953125,8885.7001953125,0
2025-08-12 06:00:00,8885.2001953125,8885.2001953125,8880.7998046875,8880.7998046875,0
2025-08-13 00:00:00,8880.7998046875,8890.5,8848.7998046875,8849.2998046875,0
2025-08-13 01:00:00,8848.2998046875,8848.2998046875,8815.2998046875,8817.900390625,0
2025-08-13 02:00:00,8817.2998046875,8840.400390625,8817.2998046875,8833.2001953125,0
2025-08-13 03:00:00,8833.599609375,8840.099609375,8831.2001953125,8838.7998046875,0
2025-08-13 04:00:00,8838.900390625,8844.0,8836.2998046875,8840.0,0
2025-08-13 05:00:00,8839.7001953125,8842.7001953125,8834.099609375,8834.599609375,0
2025-08-13 06:00:00,8836.5,8836.5,8827.099609375,8827.099609375,0
2025-08-14 00:00:00,8827.099609375,8891.2998046875,8827.099609375,8883.7998046875,0
2025-08-14 01:00:00,8883.900390625,8891.400390625,8879.0,8887.400390625,0
2025-08-14 02:00:00,8890.7998046875,8899.099609375,8886.7001953125,8889.5,0
2025-08-14 03:00:00,8888.2001953125,8888.2001953125,8871.0,8876.0,0
2025-08-14 04:00:00,8875.7998046875,8881.900390625,8874.599609375,8877.5,0
2025-08-14 05:00:00,8878.2001953125,8878.2001953125,8864.7001953125,8866.5,0
2025-08-14 06:00:00,8866.599609375,8873.7998046875,8866.599609375,8873.7998046875,0
2025-08-15 00:00:00,8871.0,8901.7998046875,8863.599609375,8899.7001953125,0
2025-08-15 01:00:00,8899.2001953125,8899.2001953125,8881.2001953125,8881.400390625,0
2025-08-15 02:00:00,8882.599609375,8909.0,8882.599609375,8907.400390625,0
2025-08-15 03:00:00,8908.0,8914.2001953125,8907.7998046875,8913.0,0
2025-08-15 04:00:00,8912.099609375,8925.2998046875,8910.599609375,8923.900390625,0
2025-08-15 05:00:00,8924.099609375,8936.5,8922.7998046875,8936.5,0
2025-08-15 06:00:00,8935.599609375,8938.599609375,8935.599609375,8938.599609375,0
2025-08-18 00:00:00,8938.599609375,8949.0,8912.2001953125,8944.7998046875,0
2025-08-18 01:00:00,8944.5,8960.900390625,8941.2998046875,8952.900390625,0
2025-08-18 02:00:00,8951.5,8951.5,8929.599609375,8934.599609375,0
2025-08-18 03:00:00,8934.099609375,8948.900390625,8934.099609375,8948.7001953125,0
2025-08-18 04:00:00,8948.2998046875,8952.2998046875,8943.900390625,8947.099609375,0
2025-08-18 05:00:00,8947.7001953125,8962.599609375,8945.2001953125,8962.400390625,0
2025-08-18 06:00:00,8962.7998046875,8963.0,8959.2998046875,8959.2998046875,0
2025-08-19 00:00:00,8959.2998046875,8959.2998046875,8893.599609375,8902.2998046875,0
2025-08-19 01:00:00,8903.400390625,8913.2998046875,8893.5,8897.099609375,0
2025-08-19 02:00:00,8894.900390625,8909.599609375,8894.2998046875,8898.5,0
2025-08-19 03:00:00,8899.0,8901.099609375,8890.7001953125,8893.7998046875,0
2025-08-19 04:00:00,8894.099609375,8896.099609375,8888.599609375,8889.099609375,0
2025-08-19 05:00:00,8889.7001953125,8898.2998046875,8887.2998046875,8897.599609375,0
2025-08-19 06:00:00,8897.400390625,8897.400390625,8896.2001953125,8896.2001953125,0
2025-08-20 00:00:00,8896.2001953125,8896.2001953125,8857.7998046875,8895.599609375,0
2025-08-20 01:00:00,8896.400390625,8950.5,8896.400390625,8935.900390625,0
2025-08-20 02:00:00,8936.900390625,8941.2001953125,8927.400390625,8933.7001953125,0
2025-08-20 03:00:00,8933.7001953125,8937.099609375,8909.2998046875,8915.599609375,0
2025-08-20 04:00:00,8914.900390625,8937.599609375,8911.0,8912.7998046875,0
2025-08-20 05:00:00,8913.7001953125,8925.5,8904.099609375,8925.5,0
2025-08-20 06:00:00,8925.5,8925.599609375,8918.0,8918.0,0
2025-08-21 00:00:00,8967.599609375,8970.900390625,8957.0,8966.2998046875,0
2025-08-21 01:00:00,8967.0,8990.099609375,8967.0,8990.099609375,0
2025-08-21 02:00:00,8990.0,9008.2998046875,8988.400390625,9008.2998046875,0
2025-08-21 03:00:00,9007.900390625,9013.2998046875,8993.0,8993.0,0
2025-08-21 04:00:00,8992.599609375,9002.7998046875,8991.2001953125,8998.7001953125,0
2025-08-21 05:00:00,8998.2001953125,9016.5,8995.599609375,9012.0,0
2025-08-21 06:00:00,9012.2001953125,9019.099609375,9012.0,9019.099609375,0
2025-08-22 00:00:00,9021.7001953125,9025.5,8986.7998046875,8991.900390625,0
2025-08-22 01:00:00,8991.2001953125,9012.7001953125,8987.2001953125,8987.2001953125,0
2025-08-22 02:00:00,8987.900390625,9005.599609375,8987.900390625,9002.7998046875,0
2025-08-22 03:00:00,9003.5,9003.900390625,8989.2001953125,8989.2001953125,0
2025-08-22 04:00:00,8989.599609375,8999.900390625,8984.900390625,8984.900390625,0
2025-08-22 05:00:00,8986.0,8988.0,8969.2998046875,8973.7998046875,0
2025-08-22 06:00:00,8973.2998046875,8973.400390625,8967.400390625,8967.400390625,0
2025-08-25 00:00:00,9045.5,9054.5,9025.599609375,9031.7001953125,0
2025-08-25 01:00:00,9033.5,9033.5,8979.2001953125,8979.5,0
2025-08-25 02:00:00,8978.900390625,8999.0,8972.0,8987.7998046875,0
2025-08-25 03:00:00,8989.5,9002.5,8986.099609375,9001.400390625,0
2025-08-25 04:00:00,9002.099609375,9007.099609375,8965.900390625,8968.0,0
2025-08-25 05:00:00,8968.900390625,8982.7998046875,8966.900390625,8982.099609375,0
2025-08-25 06:00:00,8983.400390625,8983.400390625,8972.400390625,8972.400390625,0
2025-08-26 00:00:00,8976.900390625,8984.900390625,8929.400390625,8939.5,0
2025-08-26 01:00:00,8939.599609375,8948.7998046875,8933.2001953125,8947.599609375,0
2025-08-26 02:00:00,8948.2001953125,8953.400390625,8937.5,8937.5,0
2025-08-26 03:00:00,8937.400390625,8939.400390625,8923.2001953125,8932.2998046875,0
2025-08-26 04:00:00,8932.2001953125,8932.2001953125,8917.599609375,8921.900390625,0
2025-08-26 05:00:00,8921.7001953125,8939.2998046875,8921.7001953125,8936.0,0
2025-08-26 06:00:00,8936.2998046875,8936.2998046875,8935.599609375,8935.599609375,0
2025-08-27 00:00:00,8957.900390625,8962.900390625,8943.599609375,8954.099609375,0
2025-08-27 01:00:00,8951.900390625,8959.5,8935.2001953125,8959.5,0
2025-08-27 02:00:00,8959.7998046875,8965.0,8948.0,8948.599609375,0
2025-08-27 03:00:00,8948.900390625,8950.7001953125,8945.0,8946.2998046875,0
2025-08-27 04:00:00,8946.2001953125,8951.599609375,8942.2001953125,8946.599609375,0
2025-08-27 05:00:00,8945.0,8956.400390625,8944.2998046875,8952.2001953125,0
2025-08-27 06:00:00,8952.900390625,8960.5,8952.7998046875,8960.5,0
2025-08-28 00:00:00,8970.5,8974.2001953125,8949.2998046875,8962.099609375,0
2025-08-28 01:00:00,8961.7001953125,8965.7998046875,8948.2001953125,8965.7001953125,0
2025-08-28 02:00:00,8966.0,8967.5,8953.099609375,8956.2998046875,0
2025-08-28 03:00:00,8956.599609375,8973.7998046875,8956.599609375,8971.7001953125,0
2025-08-28 04:00:00,8971.2998046875,8978.099609375,8967.0,8976.5,0
2025-08-28 05:00:00,8976.2998046875,8976.2998046875,8970.900390625,8973.099609375,0
2025-08-28 06:00:00,8972.7001953125,8980.0,8972.7001953125,8980.0,0
2025-08-29 00:00:00,8971.599609375,8975.2001953125,8948.0,8953.0,0
2025-08-29 01:00:00,8952.400390625,8971.2001953125,8952.400390625,8957.2998046875,0
2025-08-29 02:00:00,8958.7001953125,8978.400390625,8954.7998046875,8978.099609375,0
2025-08-29 03:00:00,8979.599609375,8991.0,8966.7998046875,8968.900390625,0
2025-08-29 04:00:00,8966.7001953125,8977.2998046875,8966.7001953125,8967.400390625,0
2025-08-29 05:00:00,8967.900390625,8976.2998046875,8962.7998046875,8975.2998046875,0
2025-08-29 06:00:00,8975.099609375,8975.2998046875,8973.099609375,8973.099609375,0
2025-09-01 00:00:00,8951.400390625,8967.900390625,8951.400390625,8951.5,0
2025-09-01 01:00:00,8951.599609375,8951.599609375,8927.5,8930.599609375,0
2025-09-01 02:00:00,8929.2001953125,8929.2001953125,8908.099609375,8922.400390625,0
2025-09-01 03:00:00,8922.0,8922.099609375,8908.900390625,8909.400390625,0
2025-09-01 04:00:00,8908.5,8937.7001953125,8907.0,8934.0,0
2025-09-01 05:00:00,8931.900390625,8931.900390625,8923.2001953125,8924.400390625,0
2025-09-01 06:00:00,8924.900390625,8927.7001953125,8924.900390625,8927.7001953125,0
2025-09-02 00:00:00,8906.5,8915.2998046875,8891.2001953125,8908.099609375,0
2025-09-02 01:00:00,8907.7001953125,8928.0,8907.2001953125,8916.099609375,0
2025-09-02 02:00:00,8915.900390625,8922.0,8898.900390625,8907.599609375,0
2025-09-02 03:00:00,8907.5,8922.2001953125,8902.599609375,8918.5,0
2025-09-02 04:00:00,8917.400390625,8919.0,8901.599609375,8906.5,0
2025-09-02 05:00:00,8906.5,8909.099609375,8894.099609375,8894.099609375,0
2025-09-02 06:00:00,8893.7001953125,8900.599609375,8893.599609375,8900.599609375,0
2025-09-03 00:00:00,8862.400390625,8872.7001953125,8848.0,8850.099609375,0
2025-09-03 01:00:00,8850.400390625,8850.400390625,8811.0,8816.7998046875,0
2025-09-03 02:00:00,8819.099609375,8819.099609375,8792.900390625,8795.400390625,0
2025-09-03 03:00:00,8795.2001953125,8796.0,8766.599609375,8771.0,0
2025-09-03 04:00:00,8770.900390625,8770.900390625,8751.099609375,8755.5,0
2025-09-03 05:00:00,8754.2001953125,8754.2001953125,8731.2998046875,8732.5,0
2025-09-03 06:00:00,8731.400390625,8738.7998046875,8731.400390625,8738.7998046875,0
2025-09-04 00:00:00,8767.599609375,8812.0,8767.599609375,8802.0,0
2025-09-04 01:00:00,8802.400390625,8811.7001953125,8790.2001953125,8800.0,0
2025-09-04 02:00:00,8802.099609375,8818.0,8802.099609375,8806.7001953125,0
2025-09-04 03:00:00,8807.400390625,8807.400390625,8788.7001953125,8793.7001953125,0
2025-09-04 04:00:00,8793.5,8821.7001953125,8793.400390625,8819.0,0
2025-09-04 05:00:00,8818.0,8831.7001953125,8814.900390625,8827.099609375,0
2025-09-04 06:00:00,8827.2001953125,8827.2001953125,8826.5,8826.5,0
2025-09-05 00:00:00,8861.2001953125,8880.7001953125,8858.7998046875,8870.400390625,0
2025-09-05 01:00:00,8870.900390625,8871.5,8853.0,8854.7001953125,0
2025-09-05 02:00:00,8855.599609375,8864.7998046875,8853.2998046875,8856.7998046875,0
2025-09-05 03:00:00,8856.7998046875,8861.099609375,8853.099609375,8857.2001953125,0
2025-09-05 04:00:00,8857.2001953125,8865.2001953125,8856.900390625,8861.599609375,0
2025-09-05 05:00:00,8863.099609375,8877.2001953125,8860.099609375,8869.2001953125,0
2025-09-05 06:00:00,8868.900390625,8871.2001953125,8868.7001953125,8871.2001953125,0
2025-09-08 00:00:00,8857.7001953125,8858.900390625,8836.5,8841.900390625,0
2025-09-08 01:00:00,8840.2998046875,8853.599609375,8832.2998046875,8833.400390625,0
2025-09-08 02:00:00,8832.7001953125,8842.2001953125,8826.900390625,8840.7998046875,0
2025-09-08 03:00:00,8840.900390625,8847.900390625,8840.5,8842.099609375,0
2025-09-08 04:00:00,8842.2001953125,8844.599609375,8835.2998046875,8844.599609375,0
2025-09-08 05:00:00,8844.400390625,8845.2998046875,8837.7998046875,8843.900390625,0
2025-09-08 06:00:00,8846.0,8849.599609375,8846.0,8849.599609375,0
2025-09-09 00:00:00,8832.599609375,8832.599609375,8800.0,8809.900390625,0
2025-09-09 01:00:00,8810.7001953125,8810.7001953125,8786.7998046875,8793.7001953125,0
2025-09-09 02:00:00,8793.599609375,8813.7001953125,8791.5,8791.7998046875,0
2025-09-09 03:00:00,8790.599609375,8799.900390625,8786.099609375,8793.400390625,0
2025-09-09 04:00:00,8794.599609375,8797.7998046875,8789.400390625,8794.0,0
2025-09-09 05:00:00,8793.599609375,8798.7001953125,8783.400390625,8798.400390625,0
2025-09-09 06:00:00,8797.599609375,8803.5,8797.5,8803.5,0
2025-09-10 00:00:00,8791.2001953125,8817.099609375,8791.2001953125,8812.900390625,0
2025-09-10 01:00:00,8811.2001953125,8815.900390625,8803.7998046875,8808.599609375,0
2025-09-10 02:00:00,8810.400390625,8824.2001953125,8810.2998046875,8823.2998046875,0
2025-09-10 03:00:00,8824.599609375,8829.7001953125,8822.7998046875,8823.900390625,0
2025-09-10 04:00:00,8823.5,8832.599609375,8817.2001953125,8832.599609375,0
2025-09-10 05:00:00,8830.5,8837.400390625,8827.400390625,8833.2001953125,0
2025-09-10 06:00:00,8833.599609375,8833.7001953125,8830.400390625,8830.400390625,0
2025-09-11 00:00:00,8816.099609375,8816.099609375,8796.099609375,8814.400390625,0
2025-09-11 01:00:00,8815.0,8816.900390625,8795.7998046875,8800.2001953125,0
2025-09-11 02:00:00,8800.0,8803.2001953125,8792.2998046875,8795.2998046875,0
2025-09-11 03:00:00,8795.0,8799.900390625,8792.5,8795.400390625,0
2025-09-11 04:00:00,8795.0,8798.2998046875,8782.599609375,8797.099609375,0
2025-09-11 05:00:00,8796.900390625,8803.900390625,8792.7998046875,8796.900390625,0
2025-09-11 06:00:00,8797.5,8805.0,8797.2001953125,8805.0,0
2025-09-12 00:00:00,8842.900390625,8887.599609375,8838.7998046875,8881.599609375,0
2025-09-12 01:00:00,8881.900390625,8881.900390625,8863.900390625,8873.7001953125,0
2025-09-12 02:00:00,8873.400390625,8880.2998046875,8869.5,8870.0,0
2025-09-12 03:00:00,8871.599609375,8871.7001953125,8859.0,8865.099609375,0
2025-09-12 04:00:00,8865.400390625,8873.400390625,8864.2001953125,8868.5,0
2025-09-12 05:00:00,8868.599609375,8876.7998046875,8863.7998046875,8865.900390625,0
2025-09-12 06:00:00,8865.2998046875,8866.2998046875,8864.900390625,8864.900390625,0
2025-09-15 00:00:00,8821.2998046875,8822.599609375,8794.0,8822.099609375,0
2025-09-15 01:00:00,8822.2001953125,8846.400390625,8822.2001953125,8840.400390625,0
2025-09-15 02:00:00,8840.2998046875,8843.7998046875,8831.7001953125,8843.7998046875,0
2025-09-15 03:00:00,8842.400390625,8847.7998046875,8836.5,8843.900390625,0
2025-09-15 04:00:00,8843.0,8851.599609375,8840.7001953125,8849.7998046875,0
2025-09-15 05:00:00,8849.2998046875,8852.5,8838.2001953125,8852.5,0
2025-09-15 06:00:00,8851.900390625,8853.0,8851.7998046875,8853.0,0
2025-09-16 00:00:00,8878.900390625,8887.2998046875,8878.2998046875,8882.400390625,0
2025-09-16 01:00:00,8883.599609375,8888.0,8866.0,8872.7001953125,0
2025-09-16 02:00:00,8872.2998046875,8877.099609375,8866.0,8868.2001953125,0
2025-09-16 03:00:00,8869.0,8880.900390625,8868.7998046875,8879.599609375,0
2025-09-16 04:00:00,8879.7001953125,8883.7998046875,8876.5,8876.900390625,0
2025-09-16 05:00:00,8876.7998046875,8878.2998046875,8873.5,8875.599609375,0
2025-09-16 06:00:00,8875.599609375,8877.7001953125,8875.599609375,8877.7001953125,0
2025-09-17 00:00:00,8850.2998046875,8853.7001953125,8836.2001953125,8840.5,0
2025-09-17 01:00:00,8840.400390625,8844.5,8814.900390625,8829.0,0
2025-09-17 02:00:00,8829.7998046875,8829.7998046875,8806.5,8820.0,0
2025-09-17 03:00:00,8818.400390625,8819.599609375,8807.599609375,8815.7001953125,0
2025-09-17 04:00:00,8815.400390625,8819.599609375,8812.099609375,8814.099609375,0
2025-09-17 05:00:00,8814.2998046875,8817.5,8803.5,8816.7001953125,0
2025-09-17 06:00:00,8816.400390625,8818.5,8816.400390625,8818.5,0
2025-09-18 00:00:00,8796.099609375,8796.099609375,8737.5,8767.2001953125,0
2025-09-18 01:00:00,8767.599609375,8776.2998046875,8760.2001953125,8773.7998046875,0
2025-09-18 02:00:00,8774.5,8776.0,8760.0,8776.0,0
2025-09-18 03:00:00,8776.099609375,8788.7001953125,8767.0,8767.0,0
2025-09-18 04:00:00,8767.0,8772.0,8761.599609375,8764.5,0
2025-09-18 05:00:00,8765.5,8770.2001953125,8753.400390625,8754.900390625,0
2025-09-18 06:00:00,8755.099609375,8755.099609375,8745.2001953125,8745.2001953125,0
2025-09-19 00:00:00,8790.2001953125,8821.0,8782.2001953125,8790.900390625,0
2025-09-19 01:00:00,8788.0,8811.400390625,8777.599609375,8807.2001953125,0
2025-09-19 02:00:00,8805.0,8818.599609375,8798.099609375,8799.7001953125,0
2025-09-19 03:00:00,8800.2001953125,8809.0,8795.900390625,8799.0,0
2025-09-19 04:00:00,8799.900390625,8807.400390625,8795.099609375,8803.0,0
2025-09-19 05:00:00,8803.0,8808.0,8770.0,8771.2001953125,0
2025-09-19 06:00:00,8772.099609375,8773.5,8772.0,8773.5,0
2025-09-22 00:00:00,8801.5,8846.0,8800.599609375,8812.900390625,0
2025-09-22 01:00:00,8813.0,8821.099609375,8790.2998046875,8797.7998046875,0
2025-09-22 02:00:00,8798.099609375,8808.5,8796.099609375,8807.900390625,0
2025-09-22 03:00:00,8808.5,8823.7998046875,8805.599609375,8823.099609375,0
2025-09-22 04:00:00,8823.400390625,8828.400390625,8811.0,8811.400390625,0
2025-09-22 05:00:00,8811.599609375,8812.900390625,8804.900390625,8807.7001953125,0
2025-09-22 06:00:00,8808.5,8810.900390625,8808.2001953125,8810.900390625,0
2025-09-23 00:00:00,8831.099609375,8851.900390625,8811.400390625,8812.7998046875,0
2025-09-23 01:00:00,8815.5,8847.2001953125,8810.0,8847.2001953125,0
2025-09-23 02:00:00,8847.099609375,8865.7998046875,8845.2998046875,8855.2998046875,0
2025-09-23 03:00:00,8856.7001953125,8877.099609375,8853.900390625,8872.2998046875,0
2025-09-23 04:00:00,8872.900390625,8873.900390625,8850.2998046875,8851.2001953125,0
2025-09-23 05:00:00,8850.400390625,8859.599609375,8846.400390625,8850.5,0
2025-09-23 06:00:00,8849.900390625,8849.900390625,8845.900390625,8845.900390625,0
2025-09-24 00:00:00,8817.599609375,8817.900390625,8785.7998046875,8785.900390625,0
2025-09-24 01:00:00,8785.5,8787.2998046875,8754.099609375,8755.900390625,0
2025-09-24 02:00:00,8756.0,8768.2001953125,8748.7998046875,8754.7001953125,0
2025-09-24 03:00:00,8755.2001953125,8765.2001953125,8753.900390625,8757.5,0
2025-09-24 04:00:00,8757.599609375,8759.599609375,8744.2998046875,8755.099609375,0
2025-09-24 05:00:00,8754.7998046875,8756.400390625,8748.7998046875,8756.400390625,0
2025-09-24 06:00:00,8756.7001953125,8764.5,8756.400390625,8764.5,0
2025-09-25 00:00:00,8744.2001953125,8774.7998046875,8744.2001953125,8764.099609375,0
2025-09-25 01:00:00,8762.7998046875,8762.7998046875,8744.2998046875,8761.400390625,0
2025-09-25 02:00:00,8762.2998046875,8793.599609375,8762.2998046875,8777.7998046875,0
2025-09-25 03:00:00,8777.7998046875,8783.2998046875,8767.099609375,8767.900390625,0
2025-09-25 04:00:00,8768.400390625,8777.5,8767.099609375,8769.2001953125,0
2025-09-25 05:00:00,8769.099609375,8776.7998046875,8763.7998046875,8776.7998046875,0
2025-09-25 06:00:00,8777.0,8777.2001953125,8773.0,8773.0,0
2025-09-26 00:00:00,8779.2998046875,8779.2998046875,8746.2998046875,8756.400390625,0
2025-09-26 01:00:00,8757.7998046875,8775.7998046875,8751.2001953125,8773.5,0
2025-09-26 02:00:00,8773.0,8789.5,8770.2001953125,8788.2001953125,0
2025-09-26 03:00:00,8789.0,8792.900390625,8774.099609375,8791.099609375,0
2025-09-26 04:00:00,8790.0,8795.599609375,8774.099609375,8774.099609375,0
2025-09-26 05:00:00,8775.7001953125,8782.599609375,8770.5,8780.7998046875,0
2025-09-26 06:00:00,8781.0,8787.7001953125,8780.5,8787.7001953125,0
2025-09-29 00:00:00,8812.2001953125,8869.900390625,8811.7001953125,8868.7001953125,0
2025-09-29 01:00:00,8867.7998046875,8871.7001953125,8843.2998046875,8844.2001953125,0
2025-09-29 02:00:00,8843.7001953125,8850.599609375,8838.400390625,8845.0,0
2025-09-29 03:00:00,8845.400390625,8854.2998046875,8838.599609375,8839.400390625,0
2025-09-29 04:00:00,8839.599609375,8863.5,8839.599609375,8861.0,0
2025-09-29 05:00:00,8860.7998046875,8863.7998046875,8853.2001953125,8863.7998046875,0
2025-09-29 06:00:00,8862.900390625,8862.900390625,8862.7001953125,8862.7998046875,0
2025-09-30 00:00:00,8877.099609375,8892.400390625,8858.099609375,8888.400390625,0
2025-09-30 01:00:00,8888.900390625,8888.900390625,8868.099609375,8869.599609375,0
2025-09-30 02:00:00,8869.7001953125,8875.0,8857.5,8870.5,0
2025-09-30 03:00:00,8870.0,8875.2001953125,8865.7001953125,8870.2998046875,0
2025-09-30 04:00:00,8869.900390625,8885.2001953125,8850.599609375,8851.2001953125,0
2025-09-30 05:00:00,8851.2998046875,8859.0,8842.400390625,8845.7998046875,0
2025-09-30 06:00:00,8847.0,8848.7998046875,8847.0,8848.7998046875,0
2025-10-01 00:00:00,8830.900390625,8864.2998046875,8809.0,8849.7998046875,0
2025-10-01 01:00:00,8849.7001953125,8849.7001953125,8825.0,8825.7998046875,0
2025-10-01 02:00:00,8825.7001953125,8827.099609375,8812.0,8824.599609375,0
2025-10-01 03:00:00,8825.400390625,8826.2001953125,8811.5,8812.2998046875,0
2025-10-01 04:00:00,8811.400390625,8838.400390625,8811.400390625,8834.5,0
2025-10-01 05:00:00,8833.7998046875,8845.7998046875,8824.099609375,8845.2001953125,0
2025-10-01 06:00:00,8844.599609375,8845.7001953125,8844.599609375,8845.7001953125,0
2025-10-02 00:00:00,8905.2001953125,8926.400390625,8885.0,8917.5,0
2025-10-02 01:00:00,8917.0,8959.5,8912.099609375,8957.099609375,0
2025-10-02 02:00:00,8956.7001953125,8956.7001953125,8934.5,8936.2998046875,0
2025-10-02 03:00:00,8935.400390625,8948.2001953125,8933.2001953125,8948.0,0
2025-10-02 04:00:00,8947.599609375,8965.900390625,8936.2998046875,8960.2998046875,0
2025-10-02 05:00:00,8959.7001953125,8964.2998046875,8948.2001953125,8955.2998046875,0
2025-10-02 06:00:00,8954.900390625,8954.900390625,8945.900390625,8945.900390625,0
2025-10-03 00:00:00,8936.400390625,8981.900390625,8927.900390625,8970.2001953125,0
2025-10-03 01:00:00,8970.599609375,8981.400390625,8948.599609375,8981.099609375,0
2025-10-03 02:00:00,8981.7998046875,8990.0,8972.900390625,8974.400390625,0
2025-10-03 03:00:00,8975.2001953125,8985.099609375,8975.2001953125,8982.400390625,0
2025-10-03 04:00:00,8982.2998046875,8991.2001953125,8980.5,8985.2001953125,0
2025-10-03 05:00:00,8986.0,8995.5,8982.0,8982.0,0
2025-10-03 06:00:00,8982.2998046875,8987.400390625,8981.7998046875,8987.400390625,0
2025-10-05 23:00:00,9013.099609375,9026.400390625,9003.2001953125,9008.7001953125,0
2025-10-06 00:00:00,9008.599609375,9008.599609375,8979.7998046875,8988.099609375,0
2025-10-06 01:00:00,8987.7001953125,8987.7001953125,8974.599609375,8977.099609375,0
2025-10-06 02:00:00,8976.900390625,8984.7001953125,8974.400390625,8978.599609375,0
2025-10-06 03:00:00,8978.400390625,8983.400390625,8972.099609375,8977.400390625,0
2025-10-06 04:00:00,8977.2998046875,8979.7001953125,8970.599609375,8973.2001953125,0
2025-10-06 05:00:00,8973.5,8981.400390625,8973.2998046875,8981.400390625,0
2025-10-06 23:00:00,8980.0,8980.0,8959.400390625,8961.2001953125,0
2025-10-07 00:00:00,8963.7001953125,8963.7001953125,8937.2001953125,8944.7998046875,0
2025-10-07 01:00:00,8944.099609375,8967.2001953125,8937.900390625,8966.0,0
2025-10-07 02:00:00,8966.0,8967.400390625,8951.2001953125,8956.400390625,0
2025-10-07 03:00:00,8956.0,8960.099609375,8949.2998046875,8952.0,0
2025-10-07 04:00:00,8953.2998046875,8970.2001953125,8952.099609375,8962.7998046875,0
2025-10-07 05:00:00,8962.0,8962.0,8956.7998046875,8956.7998046875,0
2025-10-07 23:00:00,8958.7001953125,8963.7001953125,8927.400390625,8930.099609375,0
2025-10-08 00:00:00,8926.7001953125,8931.5,8916.2001953125,8927.900390625,0
2025-10-08 01:00:00,8928.7998046875,8947.599609375,8928.7998046875,8945.900390625,0
2025-10-08 02:00:00,8945.7998046875,8950.7998046875,8944.5,8949.599609375,0
2025-10-08 03:00:00,8949.0,8959.099609375,8949.0,8956.2001953125,0
2025-10-08 04:00:00,8956.7998046875,8956.7998046875,8936.7001953125,8943.7998046875,0
2025-10-08 05:00:00,8943.7001953125,8947.599609375,8943.7001953125,8947.599609375,0
2025-10-08 23:00:00,8997.2998046875,8997.2998046875,8959.599609375,8960.7001953125,0
2025-10-09 00:00:00,8962.7001953125,8991.599609375,8962.2001953125,8989.599609375,0
2025-10-09 01:00:00,8989.2001953125,8989.2001953125,8971.7998046875,8973.099609375,0
2025-10-09 02:00:00,8973.7001953125,8974.2001953125,8958.7998046875,8967.2001953125,0
2025-10-09 03:00:00,8967.2001953125,8971.7998046875,8957.099609375,8957.7001953125,0
2025-10-09 04:00:00,8958.2998046875,8968.7998046875,8956.2001953125,8968.400390625,0
2025-10-09 05:00:00,8968.7998046875,8969.7998046875,8968.7998046875,8969.7998046875,0
2025-10-09 23:00:00,8946.400390625,8954.2001953125,8938.2001953125,8948.599609375,0
2025-10-10 00:00:00,8947.7998046875,8968.2998046875,8939.5,8967.900390625,0
2025-10-10 01:00:00,8966.7998046875,8977.7001953125,8956.900390625,8969.2998046875,0
2025-10-10 02:00:00,8970.7998046875,8976.2998046875,8956.2998046875,8957.2001953125,0
2025-10-10 03:00:00,8956.900390625,8962.599609375,8954.400390625,8956.400390625,0
2025-10-10 04:00:00,8955.7001953125,8960.099609375,8952.7001953125,8956.5,0
2025-10-10 05:00:00,8958.2001953125,8958.2998046875,8958.2001953125,8958.2998046875,0
2025-10-12 23:00:00,8916.2998046875,8931.599609375,8884.099609375,8897.5,0
2025-10-13 00:00:00,8895.0,8917.2001953125,8895.0,8908.0,0
2025-10-13 01:00:00,8907.5,8909.2998046875,8894.2998046875,8905.7998046875,0
2025-10-13 02:00:00,8905.2001953125,8915.400390625,8898.7001953125,8899.7998046875,0
2025-10-13 03:00:00,8898.7001953125,8908.2001953125,8882.2001953125,8882.7001953125,0
2025-10-13 04:00:00,8883.2998046875,8885.400390625,8868.0,8881.7001953125,0
2025-10-13 05:00:00,8882.2998046875,8882.7998046875,8881.7998046875,8882.7998046875,0
2025-10-13 23:00:00,8914.900390625,8914.900390625,8843.7998046875,8847.900390625,0
2025-10-14 00:00:00,8852.2998046875,8880.900390625,8852.2998046875,8875.599609375,0
2025-10-14 01:00:00,8873.0,8886.7998046875,8868.599609375,8876.900390625,0
2025-10-14 02:00:00,8875.7998046875,8895.0,8872.7001953125,8881.2001953125,0
2025-10-14 03:00:00,8880.400390625,8903.0,8876.2001953125,8899.099609375,0
2025-10-14 04:00:00,8899.2998046875,8901.400390625,8879.2001953125,8897.2001953125,0
2025-10-14 05:00:00,8897.599609375,8899.400390625,8897.2998046875,8899.400390625,0
2025-10-14 23:00:00,8969.599609375,8989.900390625,8969.599609375,8975.7001953125,0
2025-10-15 00:00:00,8975.900390625,8986.400390625,8963.2001953125,8970.5,0
2025-10-15 01:00:00,8970.2998046875,8974.5,8949.900390625,8962.7998046875,0
2025-10-15 02:00:00,8963.7001953125,8980.599609375,8957.2998046875,8976.7998046875,0
2025-10-15 03:00:00,8976.099609375,8976.099609375,8964.5,8972.2001953125,0
2025-10-15 04:00:00,8972.2001953125,8978.0,8967.099609375,8978.0,0
2025-10-15 05:00:00,8979.2001953125,8990.900390625,8979.2001953125,8990.900390625,0
2025-10-15 23:00:00,9043.7998046875,9043.7998046875,8993.2998046875,9012.900390625,0
2025-10-16 00:00:00,9014.099609375,9075.2001953125,9008.2998046875,9070.099609375,0
2025-10-16 01:00:00,9070.7001953125,9109.7001953125,9070.7001953125,9093.5,0
2025-10-16 02:00:00,9091.900390625,9094.2001953125,9063.5,9076.900390625,0
2025-10-16 03:00:00,9074.099609375,9086.599609375,9059.7001953125,9062.599609375,0
2025-10-16 04:00:00,9062.7998046875,9067.2001953125,9058.7998046875,9067.2001953125,0
2025-10-16 05:00:00,9066.099609375,9068.400390625,9066.099609375,9068.400390625,0
2025-10-16 23:00:00,9031.0,9049.7998046875,9017.0,9036.900390625,0
2025-10-17 00:00:00,9037.599609375,9048.2001953125,9007.400390625,9011.0,0
2025-10-17 01:00:00,9011.099609375,9019.2998046875,8993.900390625,8997.7998046875,0
2025-10-17 02:00:00,8998.2001953125,9005.5,8992.5,8998.599609375,0
2025-10-17 03:00:00,8997.5,9007.2001953125,8990.099609375,8996.2001953125,0
2025-10-17 04:00:00,8994.7998046875,9000.400390625,8990.599609375,8994.5,0
2025-10-17 05:00:00,8995.099609375,8995.2998046875,8995.0,8995.2998046875,0
2025-10-19 23:00:00,8986.900390625,8997.900390625,8976.2001953125,8979.2998046875,0
2025-10-20 00:00:00,8980.099609375,8996.0,8963.599609375,8991.0,0
2025-10-20 01:00:00,8989.0,8996.5,8984.900390625,8989.900390625,0
2025-10-20 02:00:00,8991.0,9011.400390625,8986.5,9009.2998046875,0
2025-10-20 03:00:00,9008.599609375,9026.7001953125,9007.900390625,9026.5,0
2025-10-20 04:00:00,9026.400390625,9034.400390625,9023.0,9029.5,0
2025-10-20 05:00:00,9028.599609375,9031.900390625,9028.599609375,9031.900390625,0
2025-10-20 23:00:00,9078.7998046875,9087.900390625,9063.0,9077.400390625,0
2025-10-21 00:00:00,9077.7001953125,9109.0,9077.7001953125,9107.599609375,0
2025-10-21 01:00:00,9109.599609375,9115.2001953125,9088.599609375,9088.599609375,0
2025-10-21 02:00:00,9088.7001953125,9097.7998046875,9083.2998046875,9093.400390625,0
2025-10-21 03:00:00,9094.0,9111.0,9094.0,9100.2998046875,0
2025-10-21 04:00:00,9100.400390625,9103.7001953125,9085.7001953125,9090.7998046875,0
2025-10-21 05:00:00,9091.0,9094.7001953125,9091.0,9094.7001953125,0
2025-10-21 23:00:00,9046.2001953125,9046.2001953125,9008.5,9010.5,0
2025-10-22 00:00:00,9008.0,9027.0,8998.7001953125,9018.7001953125,0
2025-10-22 01:00:00,9018.2001953125,9030.0,9011.400390625,9017.099609375,0
2025-10-22 02:00:00,9017.0,9023.2001953125,9008.599609375,9010.099609375,0
2025-10-22 03:00:00,9010.099609375,9019.400390625,9000.7998046875,9019.400390625,0
2025-10-22 04:00:00,9017.099609375,9034.099609375,9016.900390625,9032.400390625,0
2025-10-22 05:00:00,9032.0,9032.0,9030.0,9030.0,0
2025-10-22 23:00:00,8986.2001953125,9013.5,8986.2001953125,8998.2998046875,0
2025-10-23 00:00:00,8998.0,9006.7001953125,8991.7001953125,9005.400390625,0
2025-10-23 01:00:00,9005.7998046875,9028.400390625,9003.099609375,9026.599609375,0
2025-10-23 02:00:00,9027.599609375,9040.099609375,9025.900390625,9037.2998046875,0
2025-10-23 03:00:00,9036.900390625,9043.2001953125,9031.7001953125,9038.099609375,0
2025-10-23 04:00:00,9039.400390625,9041.7998046875,9029.7001953125,9040.099609375,0
2025-10-23 05:00:00,9038.599609375,9038.7001953125,9032.7998046875,9032.7998046875,0
2025-10-23 23:00:00,9051.0,9054.2998046875,9040.7001953125,9042.7001953125,0
2025-10-24 00:00:00,9041.599609375,9041.900390625,9023.7001953125,9028.0,0
2025-10-24 01:00:00,9028.400390625,9029.900390625,9018.2998046875,9026.2001953125,0
2025-10-24 02:00:00,9026.7001953125,9032.7001953125,9015.7998046875,9021.599609375,0
2025-10-24 03:00:00,9021.900390625,9028.099609375,9010.2998046875,9026.599609375,0
2025-10-24 04:00:00,9026.0,9031.0,9019.7998046875,9027.7001953125,0
2025-10-24 05:00:00,9026.5,9026.599609375,9019.0,9019.0,0
2025-10-26 23:00:00,9059.2001953125,9079.400390625,9050.0,9069.7998046875,0
2025-10-27 00:00:00,9070.5,9083.400390625,9069.7001953125,9069.900390625,0
2025-10-27 01:00:00,9069.2001953125,9070.5,9056.400390625,9059.0,0
2025-10-27 02:00:00,9059.2001953125,9060.400390625,9049.900390625,9060.2001953125,0
2025-10-27 03:00:00,9059.7998046875,9061.400390625,9042.5,9044.599609375,0
2025-10-27 04:00:00,9044.5,9058.5,9043.2001953125,9058.5,0
2025-10-27 05:00:00,9056.7001953125,9057.7001953125,9055.599609375,9055.599609375,0
2025-10-27 23:00:00,9030.0,9054.7001953125,9022.900390625,9025.400390625,0
2025-10-28 00:00:00,9022.599609375,9029.2001953125,9015.7001953125,9021.2001953125,0
2025-10-28 01:00:00,9022.2001953125,9037.2998046875,9008.7001953125,9021.2998046875,0
2025-10-28 02:00:00,9021.5,9026.099609375,9011.2998046875,9014.2998046875,0
2025-10-28 03:00:00,9014.599609375,9026.2001953125,9006.7001953125,9022.400390625,0
2025-10-28 04:00:00,9023.0,9027.2998046875,9016.400390625,9020.2998046875,0
2025-10-28 05:00:00,9019.400390625,9019.599609375,9012.5,9012.5,0
2025-10-28 23:00:00,9010.7001953125,9021.599609375,8998.7001953125,9000.7998046875,0
2025-10-29 00:00:00,9001.099609375,9006.099609375,8939.7001953125,8941.599609375,0
2025-10-29 01:00:00,8940.0,8956.900390625,8933.5,8943.2998046875,0
2025-10-29 02:00:00,8944.099609375,8953.2001953125,8925.599609375,8925.599609375,0
2025-10-29 03:00:00,8926.0,8938.5,8921.7998046875,8935.0,0
2025-10-29 04:00:00,8935.2998046875,8935.2998046875,8921.900390625,8928.400390625,0
2025-10-29 05:00:00,8926.599609375,8926.7998046875,8926.2001953125,8926.2001953125,0
2025-10-29 23:00:00,8880.099609375,8900.5,8876.0,8892.7998046875,0
2025-10-30 00:00:00,8892.099609375,8918.5,8887.2998046875,8904.5,0
2025-10-30 01:00:00,8905.599609375,8915.5,8901.7998046875,8911.0,0
2025-10-30 02:00:00,8911.099609375,8918.5,8901.7001953125,8902.099609375,0
2025-10-30 03:00:00,8902.2001953125,8910.0,8891.900390625,8893.599609375,0
2025-10-30 04:00:00,8896.2001953125,8897.2998046875,8880.7998046875,8889.0,0
2025-10-30 05:00:00,8889.7998046875,8889.7998046875,8885.5,8885.5,0
2025-10-30 23:00:00,8911.099609375,8943.400390625,8911.099609375,8942.400390625,0
2025-10-31 00:00:00,8940.599609375,8940.599609375,8914.5,8933.2001953125,0
2025-10-31 01:00:00,8934.2001953125,8935.099609375,8922.0,8924.099609375,0
2025-10-31 02:00:00,8923.599609375,8924.900390625,8902.099609375,8908.099609375,0
2025-10-31 03:00:00,8908.400390625,8917.099609375,8897.400390625,8909.099609375,0
2025-10-31 04:00:00,8908.400390625,8912.2001953125,8891.900390625,8895.599609375,0
2025-10-31 05:00:00,8896.099609375,8896.099609375,8881.900390625,8881.900390625,0
2025-11-02 23:00:00,8857.2998046875,8868.099609375,8835.2001953125,8838.400390625,0
2025-11-03 00:00:00,8837.0,8852.400390625,8829.2998046875,8852.2001953125,0
2025-11-03 01:00:00,8850.7998046875,8876.0,8850.7998046875,8860.400390625,0
2025-11-03 02:00:00,8859.900390625,8878.400390625,8859.900390625,8877.2998046875,0
2025-11-03 03:00:00,8876.599609375,8882.2001953125,8867.599609375,8879.599609375,0
2025-11-03 04:00:00,8878.599609375,8893.7001953125,8874.900390625,8884.099609375,0
2025-11-03 05:00:00,8885.0,8894.7998046875,8884.900390625,8894.7998046875,0
2025-11-03 23:00:00,8876.0,8884.5,8860.2001953125,8862.599609375,0
2025-11-04 00:00:00,8863.2998046875,8863.2998046875,8836.2998046875,8850.2001953125,0
2025-11-04 01:00:00,8850.7998046875,8852.099609375,8826.400390625,8834.400390625,0
2025-11-04 02:00:00,8831.7998046875,8831.7998046875,8815.0,8815.5,0
2025-11-04 03:00:00,8815.7998046875,8853.900390625,8815.2001953125,8838.599609375,0
2025-11-04 04:00:00,8836.900390625,8839.400390625,8801.900390625,8813.7998046875,0
2025-11-04 05:00:00,8814.5,8814.5,8813.7001953125,8813.7001953125,0
2025-11-04 23:00:00,8806.599609375,8825.099609375,8789.400390625,8794.099609375,0
2025-11-05 00:00:00,8791.900390625,8803.099609375,8774.0,8778.0,0
2025-11-05 01:00:00,8776.099609375,8776.099609375,8733.7998046875,8757.400390625,0
2025-11-05 02:00:00,8758.099609375,8792.7998046875,8758.099609375,8788.0,0
2025-11-05 03:00:00,8786.2998046875,8797.7998046875,8784.2998046875,8793.2998046875,0
2025-11-05 04:00:00,8793.5,8795.900390625,8783.7998046875,8790.5,0
2025-11-05 05:00:00,8791.2998046875,8802.0,8791.2998046875,8802.0,0
2025-11-05 23:00:00,8836.599609375,8857.099609375,8836.599609375,8856.7001953125,0
2025-11-06 00:00:00,8857.099609375,8857.099609375,8834.599609375,8844.7001953125,0
2025-11-06 01:00:00,8844.7001953125,8844.7001953125,8817.0,8817.0,0
2025-11-06 02:00:00,8817.400390625,8824.099609375,8807.2998046875,8822.099609375,0
2025-11-06 03:00:00,8822.400390625,8829.099609375,8815.099609375,8829.099609375,0
2025-11-06 04:00:00,8829.599609375,8829.599609375,8818.7001953125,8824.7001953125,0
2025-11-06 05:00:00,8824.400390625,8827.900390625,8824.400390625,8827.900390625,0
2025-11-06 23:00:00,8805.7001953125,8835.400390625,8804.7001953125,8823.400390625,0
2025-11-07 00:00:00,8823.0,8833.400390625,8815.0,8822.5,0
2025-11-07 01:00:00,8821.5,8821.5,8806.2001953125,8806.2001953125,0
2025-11-07 02:00:00,8806.0,8806.2998046875,8787.0,8789.900390625,0
2025-11-07 03:00:00,8789.5,8790.599609375,8772.7001953125,8775.5,0
2025-11-07 04:00:00,8776.2998046875,8776.2998046875,8756.400390625,8761.400390625,0
2025-11-07 05:00:00,8761.099609375,8769.7001953125,8761.099609375,8769.7001953125,0
2025-11-09 23:00:00,8789.2998046875,8806.7998046875,8781.5,8789.0,0
2025-11-10 00:00:00,8788.900390625,8809.2998046875,8784.7001953125,8798.400390625,0
2025-11-10 01:00:00,8798.099609375,8830.7998046875,8796.900390625,8828.599609375,0
2025-11-10 02:00:00,8828.599609375,8831.900390625,8821.099609375,8831.900390625,0
2025-11-10 03:00:00,8829.599609375,8835.7998046875,8822.599609375,8824.099609375,0
2025-11-10 04:00:00,8824.0,8832.7998046875,8821.5,8832.7998046875,0
2025-11-10 05:00:00,8834.099609375,8835.900390625,8833.900390625,8835.900390625,0
2025-11-10 23:00:00,8874.7998046875,8874.7998046875,8830.900390625,8863.5,0
2025-11-11 00:00:00,8863.900390625,8866.900390625,8846.0,8848.099609375,0
2025-11-11 01:00:00,8848.2998046875,8850.400390625,8827.5,8833.599609375,0
2025-11-11 02:00:00,8834.0,8834.099609375,8818.099609375,8831.7998046875,0
2025-11-11 03:00:00,8830.0,8835.599609375,8820.7001953125,8825.2998046875,0
2025-11-11 04:00:00,8824.400390625,8829.099609375,8816.599609375,8826.0,0
2025-11-11 05:00:00,8826.2001953125,8826.2001953125,8818.7998046875,8818.7998046875,0
2025-11-11 23:00:00,8835.7001953125,8839.0,8821.7998046875,8832.7998046875,0
2025-11-12 00:00:00,8833.7001953125,8842.2998046875,8828.0,8833.599609375,0
2025-11-12 01:00:00,8832.599609375,8842.7001953125,8832.5,8840.7998046875,0
2025-11-12 02:00:00,8839.0,8843.599609375,8834.5,8835.7998046875,0
2025-11-12 03:00:00,8836.0,8836.0,8817.900390625,8817.900390625,0
2025-11-12 04:00:00,8819.0,8819.2998046875,8804.5,8806.599609375,0
2025-11-12 05:00:00,8806.7998046875,8806.7998046875,8799.5,8799.5,0
2025-11-12 23:00:00,8798.0,8799.599609375,8775.900390625,8782.099609375,0
2025-11-13 00:00:00,8782.7001953125,8785.0,8710.599609375,8730.0,0
2025-11-13 01:00:00,8729.2001953125,8741.400390625,8701.7998046875,8703.5,0
2025-11-13 02:00:00,8703.400390625,8723.099609375,8701.900390625,8711.7998046875,0
2025-11-13 03:00:00,8711.2998046875,8719.2998046875,8705.400390625,8718.5,0
2025-11-13 04:00:00,8719.599609375,8741.0,8714.0,8741.0,0
2025-11-13 05:00:00,8741.099609375,8753.400390625,8741.099609375,8753.400390625,0
2025-11-13 23:00:00,8628.2001953125,8632.900390625,8612.2001953125,8620.5,0
2025-11-14 00:00:00,8621.5,8631.900390625,8617.5,8626.7998046875,0
2025-11-14 01:00:00,8626.599609375,8637.2998046875,8625.900390625,8637.2001953125,0
2025-11-14 02:00:00,8637.599609375,8643.599609375,8635.599609375,8639.0,0
2025-11-14 03:00:00,8639.2998046875,8645.2001953125,8630.2001953125,8630.5,0
2025-11-14 04:00:00,8631.0,8634.5,8623.599609375,8629.2998046875,0
2025-11-14 05:00:00,8630.400390625,8634.5,8630.099609375,8634.5,0
2025-11-16 23:00:00,8606.5,8624.2998046875,8588.900390625,8621.2998046875,0
2025-11-17 00:00:00,8621.2001953125,8625.400390625,8613.2001953125,8617.900390625,0
2025-11-17 01:00:00,8617.400390625,8627.099609375,8605.7001953125,8605.7001953125,0
2025-11-17 02:00:00,8605.2001953125,8621.099609375,8602.5,8619.599609375,0
2025-11-17 03:00:00,8620.2001953125,8624.2001953125,8609.900390625,8615.400390625,0
2025-11-17 04:00:00,8618.599609375,8635.599609375,8618.599609375,8635.0,0
2025-11-17 05:00:00,8634.900390625,8636.400390625,8634.900390625,8636.400390625,0
2025-11-17 23:00:00,8580.7998046875,8580.7998046875,8561.0,8563.7998046875,0
2025-11-18 00:00:00,8565.400390625,8570.400390625,8522.0,8524.400390625,0
2025-11-18 01:00:00,8523.400390625,8537.2998046875,8509.900390625,8509.900390625,0
2025-11-18 02:00:00,8509.2001953125,8511.900390625,8492.5,8494.900390625,0
2025-11-18 03:00:00,8495.5,8495.5,8465.7998046875,8472.5,0
2025-11-18 04:00:00,8472.599609375,8472.599609375,8445.7001953125,8464.599609375,0
2025-11-18 05:00:00,8464.400390625,8469.099609375,8464.2001953125,8469.099609375,0
2025-11-18 23:00:00,8483.099609375,8487.5,8467.5,8485.900390625,0
2025-11-19 00:00:00,8486.099609375,8486.900390625,8468.5,8479.7998046875,0
2025-11-19 01:00:00,8480.0,8488.599609375,8465.5,8465.7998046875,0
2025-11-19 02:00:00,8466.5,8479.900390625,8466.5,8467.599609375,0
2025-11-19 03:00:00,8466.2001953125,8472.099609375,8451.099609375,8455.599609375,0
2025-11-19 04:00:00,8454.7998046875,8460.599609375,8451.900390625,8454.0,0
2025-11-19 05:00:00,8454.099609375,8454.2998046875,8447.900390625,8447.900390625,0
2025-11-19 23:00:00,8489.099609375,8537.2998046875,8486.7998046875,8536.0,0
2025-11-20 00:00:00,8535.900390625,8543.7998046875,8526.2001953125,8528.099609375,0
2025-11-20 01:00:00,8529.0,8543.599609375,8522.400390625,8543.599609375,0
2025-11-20 02:00:00,8545.5,8561.0,8536.2001953125,8551.599609375,0
2025-11-20 03:00:00,8552.2001953125,8565.099609375,8544.2998046875,8544.2998046875,0
2025-11-20 04:00:00,8546.099609375,8551.400390625,8543.599609375,8551.400390625,0
2025-11-20 05:00:00,8552.0,8552.7001953125,8552.0,8552.7001953125,0
2025-11-20 23:00:00,8403.2998046875,8436.7001953125,8383.2001953125,8434.7998046875,0
2025-11-21 00:00:00,8435.5,8447.2998046875,8435.2998046875,8445.2001953125,0
2025-11-21 01:00:00,8445.2001953125,8449.2001953125,8428.7001953125,8436.2998046875,0
2025-11-21 02:00:00,8434.400390625,8434.400390625,8424.599609375,8428.599609375,0
2025-11-21 03:00:00,8427.5,8435.7001953125,8419.0,8426.599609375,0
2025-11-21 04:00:00,8427.2001953125,8427.2001953125,8408.7001953125,8418.599609375,0
2025-11-21 05:00:00,8419.2001953125,8419.2001953125,8416.5,8416.5,0
2025-11-23 23:00:00,8491.099609375,8516.900390625,8491.099609375,8513.7998046875,0
2025-11-24 00:00:00,8515.2998046875,8515.2998046875,8485.2998046875,8495.099609375,0
2025-11-24 01:00:00,8495.2001953125,8503.900390625,8493.900390625,8497.099609375,0
2025-11-24 02:00:00,8495.7998046875,8512.2001953125,8495.7998046875,8510.0,0
2025-11-24 03:00:00,8509.7998046875,8523.7998046875,8504.599609375,8521.400390625,0
2025-11-24 04:00:00,8519.5,8526.5,8507.099609375,8519.900390625,0
2025-11-24 05:00:00,8519.0,8525.099609375,8518.599609375,8525.099609375,0
2025-11-24 23:00:00,8572.599609375,8572.599609375,8528.2998046875,8533.2001953125,0
2025-11-25 00:00:00,8534.0,8534.0,8517.099609375,8528.900390625,0
2025-11-25 01:00:00,8530.2998046875,8531.7998046875,8509.5,8512.7998046875,0
2025-11-25 02:00:00,8512.2998046875,8521.0,8507.7998046875,8519.900390625,0
2025-11-25 03:00:00,8519.2998046875,8519.7998046875,8510.900390625,8510.900390625,0
2025-11-25 04:00:00,8510.7001953125,8536.0,8506.7001953125,8536.0,0
2025-11-25 05:00:00,8534.2001953125,8537.0,8534.2001953125,8537.0,0
2025-11-25 23:00:00,8614.2001953125,8637.900390625,8614.2001953125,8628.7998046875,0
2025-11-26 00:00:00,8627.7001953125,8629.0,8597.5,8598.400390625,0
2025-11-26 01:00:00,8599.2998046875,8604.0,8590.5,8601.599609375,0
2025-11-26 02:00:00,8603.099609375,8616.0,8600.900390625,8609.900390625,0
2025-11-26 03:00:00,8610.099609375,8616.400390625,8607.2001953125,8613.599609375,0
2025-11-26 04:00:00,8613.0,8613.0,8592.400390625,8596.400390625,0
2025-11-26 05:00:00,8597.2998046875,8606.5,8597.2998046875,8606.5,0
2025-11-26 23:00:00,8618.7001953125,8643.900390625,8613.900390625,8643.900390625,0
2025-11-27 00:00:00,8643.099609375,8649.2998046875,8635.0,8643.900390625,0
2025-11-27 01:00:00,8644.7001953125,8647.5,8621.7001953125,8624.400390625,0
2025-11-27 02:00:00,8624.0,8624.0,8608.7001953125,8611.5,0
2025-11-27 03:00:00,8611.400390625,8616.5,8607.5,8610.2998046875,0
2025-11-27 04:00:00,8609.099609375,8613.599609375,8602.400390625,8613.599609375,0
2025-11-27 05:00:00,8613.7001953125,8617.2998046875,8613.7001953125,8617.2998046875,0
2025-11-27 23:00:00,8597.5,8619.2001953125,8588.7998046875,8618.2998046875,0
2025-11-28 00:00:00,8619.099609375,8626.0,8612.2001953125,8624.5,0
2025-11-28 01:00:00,8624.2001953125,8633.400390625,8623.7001953125,8625.400390625,0
2025-11-28 02:00:00,8624.7001953125,8625.599609375,8613.0,8625.599609375,0
2025-11-28 03:00:00,8625.900390625,8629.2001953125,8620.2001953125,8622.2998046875,0
2025-11-28 04:00:00,8622.7001953125,8622.7001953125,8607.2998046875,8615.2998046875,0
2025-11-28 05:00:00,8616.099609375,8616.099609375,8614.099609375,8614.099609375,0
2025-11-30 23:00:00,8619.2998046875,8624.7001953125,8607.900390625,8614.599609375,0
2025-12-01 00:00:00,8614.5,8618.2998046875,8592.2998046875,8594.7998046875,0
2025-12-01 01:00:00,8593.900390625,8596.2001953125,8584.2001953125,8588.599609375,0
2025-12-01 02:00:00,8589.900390625,8594.099609375,8578.599609375,8582.7998046875,0
2025-12-01 03:00:00,8579.0,8584.7998046875,8572.900390625,8582.400390625,0
2025-12-01 04:00:00,8581.900390625,8581.900390625,8563.2001953125,8565.2998046875,0
2025-12-01 05:00:00,8565.2001953125,8565.2001953125,8565.2001953125,8565.2001953125,0
2025-12-01 23:00:00,8579.900390625,8602.5,8576.099609375,8582.0,0
2025-12-02 00:00:00,8581.7998046875,8587.400390625,8569.400390625,8575.5,0
2025-12-02 01:00:00,8575.5,8590.400390625,8571.7998046875,8589.900390625,0
2025-12-02 02:00:00,8590.2001953125,8592.7001953125,8585.2998046875,8585.7998046875,0
2025-12-02 03:00:00,8585.5,8587.5,8572.5,8582.900390625,0
2025-12-02 04:00:00,8582.2998046875,8585.900390625,8574.7998046875,8577.400390625,0
2025-12-02 05:00:00,8577.900390625,8579.7001953125,8577.7998046875,8579.7001953125,0
2025-12-02 23:00:00,8596.900390625,8610.599609375,8587.7001953125,8610.599609375,0
2025-12-03 00:00:00,8610.2001953125,8616.900390625,8576.2998046875,8610.2998046875,0
2025-12-03 01:00:00,8610.900390625,8622.599609375,8590.0,8591.400390625,0
2025-12-03 02:00:00,8591.0,8594.2998046875,8586.2001953125,8587.2001953125,0
2025-12-03 03:00:00,8586.5,8596.0,8586.0,8592.0,0
2025-12-03 04:00:00,8591.599609375,8593.2998046875,8582.2001953125,8585.7998046875,0
2025-12-03 05:00:00,8585.0,8595.2001953125,8585.0,8595.2001953125,0
2025-12-03 23:00:00,8615.900390625,8616.5,8599.5,8603.599609375,0
2025-12-04 00:00:00,8603.2001953125,8603.2001953125,8566.7001953125,8580.0,0
2025-12-04 01:00:00,8580.900390625,8607.5,8580.900390625,8598.099609375,0
2025-12-04 02:00:00,8598.599609375,8610.0,8589.099609375,8608.900390625,0
2025-12-04 03:00:00,8609.2998046875,8609.2998046875,8598.5,8604.0,0
2025-12-04 04:00:00,8604.0,8613.599609375,8600.2001953125,8612.2001953125,0
2025-12-04 05:00:00,8610.2998046875,8618.400390625,8610.2998046875,8618.400390625,0
2025-12-04 23:00:00,8611.7998046875,8617.2001953125,8591.2001953125,8613.0,0
2025-12-05 00:00:00,8611.7001953125,8627.599609375,8594.5,8625.2001953125,0
2025-12-05 01:00:00,8626.7998046875,8631.7998046875,8619.2001953125,8624.0,0
2025-12-05 02:00:00,8624.5,8634.5,8618.2998046875,8621.900390625,0
2025-12-05 03:00:00,8621.400390625,8625.0,8603.900390625,8616.900390625,0
2025-12-05 04:00:00,8616.900390625,8628.900390625,8615.599609375,8628.0,0
2025-12-05 05:00:00,8628.7998046875,8634.599609375,8628.7001953125,8634.599609375,0
2025-12-07 23:00:00,8605.7998046875,8630.0,8601.099609375,8623.0,0
2025-12-08 00:00:00,8623.2001953125,8623.2001953125,8598.2001953125,8612.900390625,0
2025-12-08 01:00:00,8614.2001953125,8614.2001953125,8601.400390625,8606.5,0
2025-12-08 02:00:00,8606.7998046875,8621.099609375,8604.400390625,8620.099609375,0
2025-12-08 03:00:00,8620.2998046875,8623.7998046875,8606.5,8609.900390625,0
2025-12-08 04:00:00,8610.099609375,8625.099609375,8606.900390625,8625.0,0
2025-12-08 05:00:00,8624.7001953125,8627.7998046875,8624.400390625,8624.400390625,0
2025-12-08 23:00:00,8605.2998046875,8613.900390625,8594.599609375,8610.599609375,0
2025-12-09 00:00:00,8609.599609375,8609.599609375,8584.5,8600.7998046875,0
2025-12-09 01:00:00,8601.2001953125,8618.900390625,8601.2001953125,8606.900390625,0
2025-12-09 02:00:00,8606.599609375,8613.2001953125,8600.900390625,8604.7001953125,0
2025-12-09 03:00:00,8604.2001953125,8623.7001953125,8593.099609375,8606.400390625,0
2025-12-09 04:00:00,8605.2001953125,8609.2001953125,8584.400390625,8589.7001953125,0
2025-12-09 05:00:00,8590.5,8590.5,8585.900390625,8585.900390625,0
2025-12-09 23:00:00,8608.900390625,8610.099609375,8584.0,8594.599609375,0
2025-12-10 00:00:00,8595.099609375,8604.7001953125,8570.099609375,8574.5,0
2025-12-10 01:00:00,8573.5,8576.599609375,8562.099609375,8576.099609375,0
2025-12-10 02:00:00,8575.7998046875,8587.5,8573.900390625,8580.599609375,0
2025-12-10 03:00:00,8579.7998046875,8583.099609375,8572.7998046875,8577.2001953125,0
2025-12-10 04:00:00,8577.2998046875,8592.0,8577.099609375,8590.7001953125,0
2025-12-10 05:00:00,8589.5,8589.5,8579.400390625,8579.400390625,0
2025-12-10 23:00:00,8633.099609375,8658.900390625,8630.0,8655.2998046875,0
2025-12-11 00:00:00,8652.5,8652.900390625,8632.7998046875,8634.7001953125,0
2025-12-11 01:00:00,8635.0,8636.7998046875,8617.7001953125,8617.7001953125,0
2025-12-11 02:00:00,8616.599609375,8616.599609375,8595.900390625,8596.599609375,0
2025-12-11 03:00:00,8597.0,8602.2001953125,8574.099609375,8600.400390625,0
2025-12-11 04:00:00,8599.900390625,8599.900390625,8590.7998046875,8593.900390625,0
2025-12-11 05:00:00,8594.900390625,8594.900390625,8592.0,8592.0,0
2025-12-11 23:00:00,8664.400390625,8676.2001953125,8658.400390625,8668.599609375,0
2025-12-12 00:00:00,8669.900390625,8692.0,8662.0,8688.900390625,0
2025-12-12 01:00:00,8689.5,8689.5,8674.099609375,8681.5,0
2025-12-12 02:00:00,8681.0,8697.7001953125,8681.0,8694.5,0
2025-12-12 03:00:00,8694.5,8701.7998046875,8688.0,8697.400390625,0
2025-12-12 04:00:00,8697.7001953125,8698.900390625,8684.099609375,8690.2001953125,0
2025-12-12 05:00:00,8689.7001953125,8697.2998046875,8689.7001953125,8697.2998046875,0
2025-12-14 23:00:00,8647.7001953125,8655.099609375,8637.5,8641.2001953125,0
2025-12-15 00:00:00,8641.5,8641.5,8623.900390625,8634.0,0
2025-12-15 01:00:00,8634.0,8641.0,8630.2001953125,8638.7001953125,0
2025-12-15 02:00:00,8638.7998046875,8649.099609375,8634.2001953125,8636.2001953125,0
2025-12-15 03:00:00,8637.599609375,8638.5,8624.2998046875,8624.7998046875,0
2025-12-15 04:00:00,8624.2998046875,8637.7001953125,8622.7001953125,8637.7001953125,0
2025-12-15 05:00:00,8637.599609375,8637.599609375,8635.0,8635.0,0
2025-12-15 23:00:00,8647.7001953125,8672.2001953125,8635.099609375,8637.400390625,0
2025-12-16 00:00:00,8637.400390625,8658.099609375,8637.400390625,8644.7998046875,0
2025-12-16 01:00:00,8644.7001953125,8649.599609375,8617.5,8618.099609375,0
2025-12-16 02:00:00,8618.2001953125,8618.7998046875,8601.599609375,8602.5,0
2025-12-16 03:00:00,8603.7998046875,8607.7001953125,8591.2998046875,8592.099609375,0
2025-12-16 04:00:00,8592.400390625,8596.7998046875,8571.5,8596.2998046875,0
2025-12-16 05:00:00,8593.5,8598.900390625,8593.5,8598.900390625,0
2025-12-16 23:00:00,8561.900390625,8586.7001953125,8558.5,8573.099609375,0
2025-12-17 00:00:00,8572.2998046875,8575.400390625,8547.099609375,8570.2001953125,0
2025-12-17 01:00:00,8570.099609375,8589.599609375,8567.599609375,8589.599609375,0
2025-12-17 02:00:00,8590.900390625,8592.099609375,8579.0,8579.7001953125,0
2025-12-17 03:00:00,8579.7998046875,8585.2001953125,8572.2001953125,8573.900390625,0
2025-12-17 04:00:00,8573.5,8583.400390625,8567.400390625,8580.2998046875,0
2025-12-17 05:00:00,8579.7001953125,8585.2001953125,8579.5,8585.2001953125,0
2025-12-17 23:00:00,8559.2001953125,8580.5,8553.0,8567.2001953125,0
2025-12-18 00:00:00,8567.400390625,8576.0,8555.5,8570.2001953125,0
2025-12-18 01:00:00,8570.2001953125,8571.900390625,8559.7001953125,8559.7001953125,0
2025-12-18 02:00:00,8559.2001953125,8573.7001953125,8555.2001953125,8573.0,0
2025-12-18 03:00:00,8564.7001953125,8568.5,8560.7001953125,8567.2998046875,0
2025-12-18 04:00:00,8567.599609375,8586.5,8567.599609375,8586.5,0
2025-12-18 05:00:00,8584.2998046875,8588.2001953125,8584.2998046875,8588.2001953125,0
2025-12-18 23:00:00,8623.099609375,8646.5,8622.2001953125,8646.5,0
2025-12-19 00:00:00,8647.5,8647.5,8621.599609375,8625.599609375,0
2025-12-19 01:00:00,8625.0,8629.400390625,8614.099609375,8624.599609375,0
2025-12-19 02:00:00,8625.2001953125,8629.5,8618.0,8625.0,0
2025-12-19 03:00:00,8624.7001953125,8635.099609375,8620.5,8633.7998046875,0
2025-12-19 04:00:00,8634.2001953125,8636.7998046875,8623.7001953125,8628.2998046875,0
2025-12-19 05:00:00,8627.2001953125,8628.2001953125,8627.2001953125,8628.2001953125,0
2025-12-21 23:00:00,8668.7998046875,8675.2001953125,8648.7001953125,8673.0,0
2025-12-22 00:00:00,8673.2998046875,8700.099609375,8670.5,8700.099609375,0
2025-12-22 01:00:00,8700.5,8708.900390625,8698.099609375,8701.2001953125,0
2025-12-22 02:00:00,8699.900390625,8709.0,8694.900390625,8703.099609375,0
2025-12-22 03:00:00,8702.7001953125,8706.099609375,8690.599609375,8693.2998046875,0
2025-12-22 04:00:00,8693.400390625,8709.2001953125,8692.0,8707.099609375,0
2025-12-22 05:00:00,8707.0,8707.0,8699.900390625,8699.900390625,0
2025-12-22 23:00:00,8724.0,8737.599609375,8721.7001953125,8735.900390625,0
2025-12-23 00:00:00,8735.7998046875,8748.2001953125,8734.0,8748.2001953125,0
2025-12-23 01:00:00,8749.0,8777.400390625,8745.099609375,8777.400390625,0
2025-12-23 02:00:00,8778.0,8802.099609375,8778.0,8802.099609375,0
2025-12-23 03:00:00,8802.2001953125,8805.5,8791.599609375,8794.2998046875,0
2025-12-23 04:00:00,8794.0,8802.599609375,8788.7001953125,8802.5,0
2025-12-23 05:00:00,8800.900390625,8800.900390625,8795.7001953125,8795.7001953125,0
2025-12-23 23:00:00,8783.7001953125,8783.7001953125,8749.900390625,8758.2998046875,0
2025-12-24 00:00:00,8758.599609375,8762.7001953125,8742.5,8748.099609375,0
2025-12-24 01:00:00,8748.7998046875,8757.7998046875,8742.5,8748.7998046875,0
2025-12-24 02:00:00,8749.2001953125,8761.400390625,8747.599609375,8761.400390625,0
2025-12-28 23:00:00,8777.7998046875,8784.2001953125,8762.400390625,8763.7001953125,0
2025-12-29 00:00:00,8762.099609375,8767.7998046875,8740.2001953125,8747.099609375,0
2025-12-29 01:00:00,8747.7001953125,8754.2998046875,8731.099609375,8731.2001953125,0
2025-12-29 02:00:00,8732.2001953125,8758.900390625,8731.2998046875,8747.5,0
2025-12-29 03:00:00,8746.099609375,8748.099609375,8729.400390625,8734.7001953125,0
2025-12-29 04:00:00,8734.0,8737.2998046875,8728.099609375,8732.900390625,0
2025-12-29 05:00:00,8730.599609375,8730.900390625,8725.7001953125,8725.7001953125,0
2025-12-29 23:00:00,8716.400390625,8751.900390625,8712.599609375,8741.2001953125,0
2025-12-30 00:00:00,8742.2998046875,8750.099609375,8731.7998046875,8731.7998046875,0
2025-12-30 01:00:00,8731.900390625,8731.900390625,8720.599609375,8726.400390625,0
2025-12-30 02:00:00,8726.0,8727.7001953125,8706.599609375,8709.900390625,0
2025-12-30 03:00:00,8709.599609375,8721.099609375,8709.2998046875,8721.099609375,0
2025-12-30 04:00:00,8719.7998046875,8722.900390625,8712.900390625,8719.400390625,0
2025-12-30 05:00:00,8719.5,8719.7998046875,8717.099609375,8717.099609375,0
2025-12-30 23:00:00,8714.400390625,8732.2001953125,8708.7001953125,8709.900390625,0
2025-12-31 00:00:00,8708.099609375,8709.599609375,8689.5,8702.5,0
2025-12-31 01:00:00,8702.2001953125,8719.5,8699.0,8702.0,0
2025-12-31 02:00:00,8701.2998046875,8716.900390625,8679.7998046875,8710.5,0
2026-01-01 23:00:00,8706.7998046875,8715.0,8696.7001953125,8701.2001953125,0
2026-01-02 00:00:00,8701.099609375,8728.900390625,8701.099609375,8716.900390625,0
2026-01-02 01:00:00,8716.2998046875,8730.0,8709.900390625,8722.2998046875,0
2026-01-02 02:00:00,8722.7001953125,8737.400390625,8722.400390625,8728.599609375,0
2026-01-02 03:00:00,8729.0,8733.0,8726.2001953125,8726.400390625,0
2026-01-02 04:00:00,8727.2001953125,8732.599609375,8725.099609375,8730.2998046875,0
2026-01-02 05:00:00,8730.400390625,8730.400390625,8727.7998046875,8727.7998046875,0
2026-01-04 23:00:00,8731.400390625,8750.7001953125,8729.0,8733.7001953125,0
2026-01-05 00:00:00,8733.5,8736.7998046875,8725.099609375,8734.2001953125,0
2026-01-05 01:00:00,8732.7001953125,8738.5,8726.7001953125,8733.7998046875,0
2026-01-05 02:00:00,8733.599609375,8745.0,8733.599609375,8734.599609375,0
2026-01-05 03:00:00,8735.2998046875,8737.7001953125,8719.7001953125,8719.7001953125,0
2026-01-05 04:00:00,8719.400390625,8741.7001953125,8719.400390625,8739.5,0
2026-01-05 05:00:00,8739.0,8739.2001953125,8728.599609375,8728.599609375,0
2026-01-05 23:00:00,8769.5,8769.5,8714.400390625,8719.7998046875,0
2026-01-06 00:00:00,8717.5,8717.5,8679.5,8690.400390625,0
2026-01-06 01:00:00,8688.2001953125,8719.0,8675.599609375,8700.2998046875,0
2026-01-06 02:00:00,8701.0,8701.0,8684.7001953125,8692.599609375,0
2026-01-06 03:00:00,8691.599609375,8701.0,8687.7001953125,8694.2001953125,0
2026-01-06 04:00:00,8696.099609375,8700.7998046875,8685.5,8690.5,0
2026-01-06 05:00:00,8690.099609375,8690.7001953125,8682.7998046875,8682.7998046875,0
2026-01-06 23:00:00,8721.5,8723.7998046875,8707.0,8714.0,0
2026-01-07 00:00:00,8712.5,8734.2998046875,8697.099609375,8711.0,0
2026-01-07 01:00:00,8708.7998046875,8716.900390625,8689.900390625,8699.0,0
2026-01-07 02:00:00,8698.7001953125,8722.2001953125,8696.7001953125,8712.7998046875,0
2026-01-07 03:00:00,8712.400390625,8720.099609375,8708.2001953125,8715.2001953125,0
2026-01-07 04:00:00,8715.0,8715.0,8700.7998046875,8706.7998046875,0
2026-01-07 05:00:00,8707.2998046875,8707.2998046875,8695.599609375,8695.599609375,0
2026-01-07 23:00:00,8702.7001953125,8707.2001953125,8694.099609375,8695.400390625,0
2026-01-08 00:00:00,8695.2998046875,8719.400390625,8693.7001953125,8712.7998046875,0
2026-01-08 01:00:00,8714.2998046875,8719.7998046875,8695.5,8719.7001953125,0
2026-01-08 02:00:00,8719.0,8739.2001953125,8708.5,8712.400390625,0
2026-01-08 03:00:00,8712.2001953125,8715.7998046875,8705.0,8709.400390625,0
2026-01-08 04:00:00,8708.900390625,8728.099609375,8706.5,8727.400390625,0
2026-01-08 05:00:00,8728.2998046875,8728.2998046875,8720.7998046875,8720.7998046875,0
2026-01-08 23:00:00,8752.599609375,8762.7001953125,8710.0,8728.7001953125,0
2026-01-09 00:00:00,8730.400390625,8746.7998046875,8727.2998046875,8739.400390625,0
2026-01-09 01:00:00,8739.400390625,8745.5,8734.599609375,8739.0,0
2026-01-09 02:00:00,8738.2001953125,8743.400390625,8727.0,8729.7001953125,0
2026-01-09 03:00:00,8729.0,8729.0,8714.599609375,8714.900390625,0
2026-01-09 04:00:00,8715.5,8716.5,8707.7998046875,8716.0,0
2026-01-09 05:00:00,8715.400390625,8717.7998046875,8715.400390625,8717.7998046875,0
2026-01-11 23:00:00,8738.900390625,8785.900390625,8730.2998046875,8781.7001953125,0
2026-01-12 00:00:00,8781.099609375,8784.2998046875,8763.2998046875,8763.2998046875,0
2026-01-12 01:00:00,8763.7001953125,8763.7001953125,8744.7998046875,8752.400390625,0
2026-01-12 02:00:00,8751.099609375,8763.7001953125,8743.5,8751.900390625,0
2026-01-12 03:00:00,8752.400390625,8756.2001953125,8747.0,8754.7001953125,0
2026-01-12 04:00:00,8755.400390625,8766.400390625,8750.0,8764.7001953125,0
2026-01-12 05:00:00,8763.2998046875,8763.5,8759.400390625,8759.400390625,0
2026-01-12 23:00:00,8790.7001953125,8820.7998046875,8783.2001953125,8815.7998046875,0
2026-01-13 00:00:00,8814.2998046875,8843.900390625,8807.7001953125,8843.900390625,0
2026-01-13 01:00:00,8844.2001953125,8846.900390625,8833.599609375,8837.2998046875,0
2026-01-13 02:00:00,8838.400390625,8855.7001953125,8838.400390625,8844.0,0
2026-01-13 03:00:00,8845.2998046875,8846.7001953125,8831.7001953125,8833.099609375,0
2026-01-13 04:00:00,8835.2001953125,8838.0,8821.2001953125,8821.2001953125,0
2026-01-13 05:00:00,8821.0,8822.0,8808.5,8808.5,0
2026-01-13 23:00:00,8821.7998046875,8838.2998046875,8808.2998046875,8809.2998046875,0
2026-01-14 00:00:00,8811.099609375,8813.099609375,8799.7998046875,8801.599609375,0
2026-01-14 01:00:00,8802.900390625,8808.599609375,8792.7998046875,8797.0,0
2026-01-14 02:00:00,8796.400390625,8798.900390625,8780.5,8794.599609375,0
2026-01-14 03:00:00,8796.7998046875,8808.5,8792.900390625,8807.400390625,0
2026-01-14 04:00:00,8807.599609375,8813.400390625,8800.7001953125,8808.2998046875,0
2026-01-14 05:00:00,8808.400390625,8820.599609375,8808.400390625,8820.599609375,0
2026-01-14 23:00:00,8872.0,8872.0,8835.599609375,8847.7001953125,0
2026-01-15 00:00:00,8848.2001953125,8873.099609375,8844.2998046875,8866.7001953125,0
2026-01-15 01:00:00,8866.7001953125,8866.7001953125,8846.2998046875,8848.5,0
2026-01-15 02:00:00,8849.0,8851.900390625,8836.5,8844.099609375,0
2026-01-15 03:00:00,8844.2001953125,8847.2001953125,8835.0,8844.7001953125,0
2026-01-15 04:00:00,8845.0,8860.5,8845.0,8856.7001953125,0
2026-01-15 05:00:00,8855.900390625,8861.7001953125,8855.900390625,8861.7001953125,0
2026-01-15 23:00:00,8855.599609375,8876.2998046875,8855.599609375,8873.099609375,0
2026-01-16 00:00:00,8872.2998046875,8885.7998046875,8869.0,8879.900390625,0
2026-01-16 01:00:00,8880.099609375,8890.099609375,8870.5,8886.099609375,0
2026-01-16 02:00:00,8885.7001953125,8915.5,8883.0,8908.7001953125,0
2026-01-16 03:00:00,8908.599609375,8910.2998046875,8895.400390625,8901.2001953125,0
2026-01-16 04:00:00,8900.7998046875,8906.099609375,8895.0,8905.900390625,0
2026-01-16 05:00:00,8906.2001953125,8906.2001953125,8903.900390625,8903.900390625,0
2026-01-18 23:00:00,8885.5,8900.5,8882.7998046875,8890.5,0
2026-01-19 00:00:00,8889.400390625,8892.7998046875,8866.400390625,8875.5,0
2026-01-19 01:00:00,8875.7998046875,8879.599609375,8855.7998046875,8856.5,0
2026-01-19 02:00:00,8856.5,8868.599609375,8855.599609375,8863.2998046875,0
2026-01-19 03:00:00,8863.099609375,8864.900390625,8855.5,8863.0,0
2026-01-19 04:00:00,8863.2001953125,8876.5,8862.400390625,8874.2001953125,0
2026-01-19 05:00:00,8873.900390625,8874.7001953125,8873.900390625,8874.7001953125,0
2026-01-19 23:00:00,8846.2998046875,8855.2001953125,8833.900390625,8846.2001953125,0
2026-01-20 00:00:00,8847.7998046875,8847.7998046875,8812.2001953125,8825.5,0
2026-01-20 01:00:00,8824.099609375,8837.2998046875,8812.599609375,8819.7998046875,0
2026-01-20 02:00:00,8819.900390625,8828.2001953125,8816.900390625,8823.7001953125,0
2026-01-20 03:00:00,8823.900390625,8823.900390625,8814.2998046875,8822.7001953125,0
2026-01-20 04:00:00,8821.900390625,8821.900390625,8809.099609375,8813.900390625,0
2026-01-20 05:00:00,8813.599609375,8815.900390625,8813.599609375,8815.900390625,0
2026-01-20 23:00:00,8765.900390625,8794.5,8765.900390625,8780.0,0
2026-01-21 00:00:00,8780.2001953125,8785.7001953125,8767.2998046875,8776.5,0
2026-01-21 01:00:00,8776.599609375,8791.900390625,8776.599609375,8788.900390625,0
2026-01-21 02:00:00,8789.099609375,8789.099609375,8773.900390625,8781.900390625,0
2026-01-21 03:00:00,8781.099609375,8789.0,8771.099609375,8775.5,0
2026-01-21 04:00:00,8775.099609375,8785.2998046875,8775.099609375,8782.900390625,0
2026-01-21 05:00:00,8782.2998046875,8782.900390625,8782.2001953125,8782.900390625,0
2026-01-21 23:00:00,8837.2998046875,8855.900390625,8837.2998046875,8841.599609375,0
2026-01-22 00:00:00,8840.7001953125,8864.5,8835.2998046875,8843.7998046875,0
2026-01-22 01:00:00,8843.599609375,8848.400390625,8830.400390625,8833.5,0
2026-01-22 02:00:00,8834.099609375,8842.900390625,8825.2001953125,8835.400390625,0
2026-01-22 03:00:00,8834.900390625,8847.599609375,8833.400390625,8845.5,0
2026-01-22 04:00:00,8846.2001953125,8853.599609375,8844.2001953125,8851.7001953125,0
2026-01-22 05:00:00,8850.5,8850.7001953125,8848.7001953125,8848.7001953125,0
2026-01-22 23:00:00,8850.599609375,8857.400390625,8839.7998046875,8845.7998046875,0
2026-01-23 00:00:00,8845.599609375,8859.2998046875,8844.2998046875,8856.7998046875,0
2026-01-23 01:00:00,8857.2001953125,8885.2001953125,8854.7001953125,8878.599609375,0
2026-01-23 02:00:00,8878.0,8881.2001953125,8861.0,8865.599609375,0
2026-01-23 03:00:00,8864.599609375,8869.599609375,8861.599609375,8864.599609375,0
2026-01-23 04:00:00,8865.400390625,8865.599609375,8852.599609375,8859.0,0
2026-01-23 05:00:00,8858.099609375,8860.099609375,8858.0,8860.099609375,0
2026-01-26 23:00:00,8921.900390625,8969.2001953125,8917.7998046875,8958.5,0
2026-01-27 00:00:00,8961.2998046875,8969.0,8946.5,8960.099609375,0
2026-01-27 01:00:00,8959.900390625,8959.900390625,8946.2998046875,8949.7001953125,0
2026-01-27 02:00:00,8949.2998046875,8956.900390625,8938.5,8942.7998046875,0
2026-01-27 03:00:00,8942.7998046875,8942.7998046875,8930.099609375,8939.7001953125,0
2026-01-27 04:00:00,8941.0,8954.2001953125,8939.5,8952.7998046875,0
2026-01-27 05:00:00,8949.599609375,8949.599609375,8941.599609375,8941.599609375,0
2026-01-27 23:00:00,8975.599609375,8976.400390625,8952.099609375,8952.5,0
2026-01-28 00:00:00,8951.0,8954.599609375,8916.599609375,8940.400390625,0
2026-01-28 01:00:00,8939.099609375,8950.0,8916.2001953125,8916.2001953125,0
2026-01-28 02:00:00,8916.2998046875,8918.2998046875,8907.900390625,8914.0,0
2026-01-28 03:00:00,8914.2998046875,8934.7998046875,8914.2998046875,8926.900390625,0
2026-01-28 04:00:00,8926.7001953125,8930.400390625,8920.0,8930.0,0
2026-01-28 05:00:00,8929.599609375,8933.900390625,8929.599609375,8933.900390625,0
2026-01-28 23:00:00,8920.7998046875,8920.7998046875,8879.7998046875,8894.400390625,0
2026-01-29 00:00:00,8892.7001953125,8894.2998046875,8858.900390625,8861.599609375,0
2026-01-29 01:00:00,8862.0,8877.099609375,8861.099609375,8872.400390625,0
2026-01-29 02:00:00,8871.7998046875,8885.0,8866.2001953125,8885.0,0
2026-01-29 03:00:00,8883.7998046875,8906.7001953125,8882.5,8900.900390625,0
2026-01-29 04:00:00,8901.2998046875,8924.599609375,8891.599609375,8924.599609375,0
2026-01-29 05:00:00,8923.599609375,8927.5,8923.400390625,8927.5,0
2026-01-29 23:00:00,8942.7998046875,8971.599609375,8939.7001953125,8969.7001953125,0
2026-01-30 00:00:00,8969.5,8969.5,8945.2001953125,8950.400390625,0
2026-01-30 01:00:00,8952.0,8952.0,8911.5,8912.599609375,0
2026-01-30 02:00:00,8911.400390625,8913.400390625,8864.2998046875,8870.900390625,0
2026-01-30 03:00:00,8870.7998046875,8882.599609375,8859.2998046875,8860.7998046875,0
2026-01-30 04:00:00,8859.5,8878.0,8858.900390625,8878.0,0
2026-01-30 05:00:00,8879.7998046875,8879.7998046875,8869.099609375,8869.099609375,0
2026-02-01 23:00:00,8809.0,8839.2001953125,8799.5,8830.2001953125,0
2026-02-02 00:00:00,8831.900390625,8838.900390625,8814.900390625,8825.099609375,0
2026-02-02 01:00:00,8826.2998046875,8826.2998046875,8782.0,8784.5,0
2026-02-02 02:00:00,8785.2998046875,8790.2998046875,8765.2001953125,8765.2001953125,0
2026-02-02 03:00:00,8766.599609375,8771.7001953125,8748.400390625,8750.5,0
2026-02-02 04:00:00,8752.5,8780.099609375,8746.2001953125,8776.599609375,0
2026-02-02 05:00:00,8774.5,8778.599609375,8774.5,8778.599609375,0
2026-02-02 23:00:00,8866.2998046875,8895.7001953125,8851.599609375,8889.599609375,0
2026-02-03 00:00:00,8889.0,8896.599609375,8868.599609375,8894.2001953125,0
2026-02-03 01:00:00,8891.5,8891.5,8873.099609375,8875.5,0
2026-02-03 02:00:00,8875.400390625,8882.7001953125,8868.400390625,8873.0,0
2026-02-03 03:00:00,8875.0,8876.599609375,8837.7998046875,8839.2998046875,0
2026-02-03 04:00:00,8840.2998046875,8876.400390625,8838.2998046875,8875.2998046875,0
2026-02-03 05:00:00,8872.0,8872.0,8857.099609375,8857.099609375,0
2026-02-03 23:00:00,8849.2001953125,8855.0,8832.599609375,8847.7998046875,0
2026-02-04 00:00:00,8849.599609375,8862.7998046875,8838.7998046875,8855.599609375,0
2026-02-04 01:00:00,8856.2998046875,8893.0,8854.900390625,8893.0,0
2026-02-04 02:00:00,8893.5,8909.7998046875,8889.7001953125,8903.5,0
2026-02-04 03:00:00,8903.5,8940.400390625,8901.400390625,8940.400390625,0
2026-02-04 04:00:00,8940.599609375,8943.5,8922.5,8926.2998046875,0
2026-02-04 05:00:00,8923.099609375,8927.7998046875,8923.099609375,8927.7998046875,0
2026-02-04 23:00:00,8900.900390625,8916.7998046875,8898.7998046875,8909.2998046875,0
2026-02-05 00:00:00,8909.400390625,8918.5,8901.2998046875,8917.7998046875,0
2026-02-05 01:00:00,8915.5,8920.0,8904.400390625,8911.099609375,0
2026-02-05 02:00:00,8911.400390625,8911.7001953125,8881.7001953125,8881.7001953125,0
2026-02-05 03:00:00,8882.2998046875,8892.900390625,8872.2998046875,8874.2998046875,0
2026-02-05 04:00:00,8873.599609375,8894.7998046875,8873.599609375,8894.7998046875,0
2026-02-05 05:00:00,8891.400390625,8891.5,8889.2001953125,8889.2001953125,0
2026-02-05 23:00:00,8798.0,8798.0,8741.400390625,8754.599609375,0
2026-02-06 00:00:00,8754.7998046875,8758.7998046875,8726.7001953125,8738.7001953125,0
2026-02-06 01:00:00,8737.0,8747.900390625,8714.099609375,8747.900390625,0
2026-02-06 02:00:00,8746.2998046875,8751.2998046875,8716.5,8723.7001953125,0
2026-02-06 03:00:00,8722.7998046875,8723.7998046875,8703.2001953125,8715.7001953125,0
2026-02-06 04:00:00,8714.2998046875,8714.2998046875,8683.7001953125,8702.2001953125,0
2026-02-06 05:00:00,8702.7001953125,8708.7998046875,8702.7001953125,8708.7998046875,0
2026-02-08 23:00:00,8808.7001953125,8857.5,8808.7001953125,8817.2001953125,0
2026-02-09 00:00:00,8815.7998046875,8852.0,8815.7998046875,8851.599609375,0
2026-02-09 01:00:00,8850.400390625,8875.5,8848.099609375,8871.5,0
2026-02-09 02:00:00,8871.099609375,8886.900390625,8869.900390625,8871.099609375,0
2026-02-09 03:00:00,8869.400390625,8881.2001953125,8869.099609375,8871.0,0
2026-02-09 04:00:00,8870.7001953125,8879.2001953125,8867.099609375,8877.900390625,0
2026-02-09 05:00:00,8875.5,8875.900390625,8870.099609375,8870.099609375,0
2026-02-09 23:00:00,8913.0,8925.599609375,8903.7998046875,8904.099609375,0
2026-02-10 00:00:00,8905.0,8908.5,8892.7001953125,8905.900390625,0
2026-02-10 01:00:00,8904.7001953125,8911.5,8896.599609375,8900.400390625,0
2026-02-10 02:00:00,8899.900390625,8899.900390625,8886.599609375,8886.599609375,0
2026-02-10 03:00:00,8886.7998046875,8889.0,8877.2001953125,8877.2001953125,0
2026-02-10 04:00:00,8875.099609375,8889.099609375,8870.5,8887.2998046875,0
2026-02-10 05:00:00,8886.099609375,8886.900390625,8886.099609375,8886.900390625,0
2026-02-10 23:00:00,8909.400390625,8933.400390625,8899.5,8928.7998046875,0
2026-02-11 00:00:00,8929.5,8979.0,8929.5,8977.5,0
2026-02-11 01:00:00,8978.7001953125,8997.099609375,8972.7001953125,8996.5,0
2026-02-11 02:00:00,8995.599609375,8999.400390625,8987.900390625,8993.900390625,0
2026-02-11 03:00:00,8994.599609375,9004.7001953125,8994.5,9002.2001953125,0
2026-02-11 04:00:00,9003.2001953125,9013.5,9001.2998046875,9010.400390625,0
2026-02-11 05:00:00,9008.7001953125,9014.7998046875,9008.2001953125,9014.7998046875,0
2026-02-11 23:00:00,9062.2998046875,9062.2998046875,9035.7998046875,9054.400390625,0
2026-02-12 00:00:00,9052.7001953125,9076.099609375,9049.099609375,9076.099609375,0
2026-02-12 01:00:00,9074.7998046875,9102.7998046875,9065.2001953125,9102.7998046875,0
2026-02-12 02:00:00,9105.0,9105.0,9062.7998046875,9062.7998046875,0
2026-02-12 03:00:00,9062.2998046875,9070.599609375,9047.7998046875,9047.7998046875,0
2026-02-12 04:00:00,9047.0,9047.0,9029.2998046875,9037.5,0
2026-02-12 05:00:00,9039.0,9043.5,9039.0,9043.5,0
2026-02-12 23:00:00,8979.900390625,8985.099609375,8950.7001953125,8955.900390625,0
2026-02-13 00:00:00,8956.5,8959.2998046875,8922.900390625,8927.7001953125,0
2026-02-13 01:00:00,8928.5,8934.099609375,8918.5,8920.5,0
2026-02-13 02:00:00,8920.7998046875,8928.599609375,8912.400390625,8923.2001953125,0
2026-02-13 03:00:00,8925.0,8934.400390625,8917.400390625,8919.2998046875,0
2026-02-13 04:00:00,8918.7998046875,8927.5,8911.400390625,8919.7001953125,0
2026-02-13 05:00:00,8920.599609375,8920.599609375,8917.599609375,8917.599609375,0
2026-02-15 23:00:00,8953.0,8953.0,8929.099609375,8931.7001953125,0
2026-02-16 00:00:00,8931.599609375,8934.2001953125,8915.0,8920.2998046875,0
2026-02-16 01:00:00,8920.099609375,8931.900390625,8917.400390625,8931.099609375,0
2026-02-16 02:00:00,8932.099609375,8939.400390625,8927.0,8935.5,0
2026-02-16 03:00:00,8935.099609375,8942.7998046875,8929.2998046875,8934.400390625,0
2026-02-16 04:00:00,8933.099609375,8943.0,8933.099609375,8939.0,0
2026-02-16 05:00:00,8938.900390625,8938.900390625,8937.099609375,8937.099609375,0
2026-02-16 23:00:00,8977.099609375,8988.2998046875,8965.2001953125,8970.099609375,0
2026-02-17 00:00:00,8972.7998046875,8988.2001953125,8972.599609375,8978.7998046875,0
2026-02-17 01:00:00,8977.5,8996.099609375,8964.900390625,8969.400390625,0
2026-02-17 02:00:00,8969.599609375,8976.2998046875,8965.400390625,8970.5,0
2026-02-17 03:00:00,8970.599609375,8974.7001953125,8961.099609375,8966.7001953125,0
2026-02-17 04:00:00,8966.5,8966.5,8956.2998046875,8965.5,0
2026-02-17 05:00:00,8963.7001953125,8963.900390625,8958.900390625,8958.900390625,0
2026-02-17 23:00:00,8994.5,9005.2001953125,8983.599609375,8985.099609375,0
2026-02-18 00:00:00,8986.2001953125,9007.099609375,8985.2998046875,8992.900390625,0
2026-02-18 01:00:00,8993.7998046875,8998.5,8979.900390625,8985.5,0
2026-02-18 02:00:00,8985.099609375,8996.7998046875,8981.099609375,8993.900390625,0
2026-02-18 03:00:00,8994.099609375,8999.099609375,8991.0,8993.599609375,0
2026-02-18 04:00:00,8993.099609375,9009.099609375,8992.400390625,9007.400390625,0
2026-02-18 05:00:00,9006.0,9007.0,9005.599609375,9007.0,0
2026-02-18 23:00:00,9103.599609375,9103.599609375,9077.2998046875,9082.5,0
2026-02-19 00:00:00,9082.7001953125,9113.900390625,9082.7001953125,9104.2001953125,0
2026-02-19 01:00:00,9104.2998046875,9118.2998046875,9100.099609375,9102.7998046875,0
2026-02-19 02:00:00,9103.7998046875,9106.900390625,9092.599609375,9095.2001953125,0
2026-02-19 03:00:00,9095.7001953125,9099.400390625,9085.2001953125,9091.599609375,0
2026-02-19 04:00:00,9092.5,9093.7001953125,9078.7001953125,9090.099609375,0
2026-02-19 05:00:00,9088.5,9088.599609375,9086.2001953125,9086.2001953125,0
2026-02-19 23:00:00,9069.2998046875,9072.7001953125,9046.900390625,9064.099609375,0
2026-02-20 00:00:00,9064.400390625,9080.599609375,9060.2001953125,9076.900390625,0
2026-02-20 01:00:00,9076.7998046875,9082.0,9072.7001953125,9076.2001953125,0
2026-02-20 02:00:00,9077.099609375,9082.400390625,9069.2998046875,9070.5,0
2026-02-20 03:00:00,9070.900390625,9082.2998046875,9069.599609375,9079.5,0
2026-02-20 04:00:00,9079.0,9080.900390625,9071.099609375,9075.2001953125,0
2026-02-20 05:00:00,9074.7001953125,9081.400390625,9074.7001953125,9081.400390625,0
2026-02-22 23:00:00,9112.900390625,9112.900390625,9053.5,9062.900390625,0
2026-02-23 00:00:00,9060.2001953125,9065.0,9029.900390625,9030.099609375,0
2026-02-23 01:00:00,9029.400390625,9045.400390625,9018.7001953125,9040.0,0
2026-02-23 02:00:00,9038.5,9040.5,9031.0,9032.400390625,0
2026-02-23 03:00:00,9033.599609375,9036.900390625,9010.599609375,9014.099609375,0
2026-02-23 04:00:00,9013.2998046875,9024.900390625,9013.2998046875,9024.2998046875,0
2026-02-23 05:00:00,9023.2998046875,9026.0,9023.2998046875,9026.0,0
2026-02-23 23:00:00,9039.099609375,9054.7001953125,9036.599609375,9036.599609375,0
2026-02-24 00:00:00,9036.599609375,9045.2001953125,9013.2998046875,9017.599609375,0
2026-02-24 01:00:00,9015.599609375,9016.099609375,8995.5,8997.599609375,0
2026-02-24 02:00:00,8996.5,9017.2998046875,8987.2001953125,9016.5,0
2026-02-24 03:00:00,9016.099609375,9025.900390625,9013.2001953125,9020.7998046875,0
2026-02-24 04:00:00,9020.400390625,9025.900390625,9014.900390625,9024.0,0
2026-02-24 05:00:00,9023.0,9023.2001953125,9022.2998046875,9022.2998046875,0
2026-02-24 23:00:00,9083.7001953125,9108.900390625,9076.400390625,9098.099609375,0
2026-02-25 00:00:00,9097.7998046875,9112.2001953125,9073.900390625,9110.599609375,0
2026-02-25 01:00:00,9110.2998046875,9124.2001953125,9106.599609375,9124.2001953125,0
2026-02-25 02:00:00,9122.7998046875,9130.2998046875,9115.2998046875,9118.2001953125,0
2026-02-25 03:00:00,9118.0,9118.0,9099.7001953125,9104.2998046875,0
2026-02-25 04:00:00,9102.900390625,9115.400390625,9099.599609375,9111.7001953125,0
2026-02-25 05:00:00,9111.2998046875,9128.2998046875,9111.2998046875,9128.2998046875,0
2026-02-25 23:00:00,9197.7001953125,9197.7001953125,9165.599609375,9168.099609375,0
2026-02-26 00:00:00,9168.0,9186.099609375,9164.2998046875,9185.900390625,0
2026-02-26 01:00:00,9186.099609375,9189.2998046875,9170.0,9188.2001953125,0
2026-02-26 02:00:00,9188.0,9190.099609375,9177.0,9182.5,0
2026-02-26 03:00:00,9182.5,9184.2001953125,9174.2998046875,9176.2001953125,0
2026-02-26 04:00:00,9176.2001953125,9178.7001953125,9171.7001953125,9178.2998046875,0
2026-02-26 05:00:00,9177.0,9177.0,9175.2998046875,9175.2998046875,0
2026-02-26 23:00:00,9181.0,9181.0,9158.400390625,9174.7998046875,0
2026-02-27 00:00:00,9175.2001953125,9195.2001953125,9175.2001953125,9188.7998046875,0
2026-02-27 01:00:00,9187.599609375,9188.7001953125,9166.5,9175.7998046875,0
2026-02-27 02:00:00,9176.099609375,9176.099609375,9162.400390625,9174.599609375,0
2026-02-27 03:00:00,9174.5,9186.099609375,9172.2001953125,9184.2998046875,0
2026-02-27 04:00:00,9184.900390625,9198.599609375,9175.599609375,9192.099609375,0
2026-02-27 05:00:00,9190.599609375,9198.599609375,9190.599609375,9198.599609375,0
2026-03-01 23:00:00,9126.099609375,9169.099609375,9123.5,9158.099609375,0
2026-03-02 00:00:00,9159.900390625,9173.099609375,9148.599609375,9158.5,0
2026-03-02 01:00:00,9158.7001953125,9160.2001953125,9139.7998046875,9157.5,0
2026-03-02 02:00:00,9158.0,9168.900390625,9144.099609375,9168.900390625,0
2026-03-02 03:00:00,9166.599609375,9178.2001953125,9164.5,9175.7001953125,0
2026-03-02 04:00:00,9174.7001953125,9188.599609375,9174.0,9187.0,0
2026-03-02 05:00:00,9185.900390625,9200.900390625,9185.599609375,9200.900390625,0
2026-03-02 23:00:00,9165.400390625,9183.099609375,9147.7998046875,9151.599609375,0
2026-03-03 00:00:00,9152.099609375,9152.099609375,9115.7001953125,9118.400390625,0
2026-03-03 01:00:00,9117.900390625,9118.7001953125,9079.2998046875,9079.599609375,0
2026-03-03 02:00:00,9080.0,9093.7001953125,9067.599609375,9093.7001953125,0
2026-03-03 03:00:00,9094.2001953125,9101.7001953125,9081.099609375,9082.599609375,0
2026-03-03 04:00:00,9079.0,9080.0,9062.599609375,9072.400390625,0
2026-03-03 05:00:00,9073.5,9077.2998046875,9073.099609375,9077.2998046875,0
2026-03-03 23:00:00,8943.400390625,8958.7001953125,8917.0,8917.0,0
2026-03-04 00:00:00,8917.099609375,8947.599609375,8907.900390625,8940.599609375,0
2026-03-04 01:00:00,8936.7001953125,8942.2998046875,8881.900390625,8908.0,0
2026-03-04 02:00:00,8908.400390625,8916.2001953125,8895.400390625,8902.099609375,0
2026-03-04 03:00:00,8900.0,8900.0,8878.7998046875,8894.7998046875,0
2026-03-04 04:00:00,8894.099609375,8901.7998046875,8888.7998046875,8899.099609375,0
2026-03-04 05:00:00,8897.400390625,8901.2001953125,8897.400390625,8901.2001953125,0
2026-03-04 23:00:00,8945.599609375,8964.099609375,8943.0,8943.7998046875,0
2026-03-05 00:00:00,8943.2998046875,8946.2998046875,8927.2001953125,8942.099609375,0
2026-03-05 01:00:00,8942.5,8944.400390625,8910.2001953125,8913.5,0
2026-03-05 02:00:00,8914.599609375,8930.7001953125,8906.5,8925.7001953125,0
2026-03-05 03:00:00,8926.900390625,8939.599609375,8920.400390625,8924.7998046875,0
2026-03-05 04:00:00,8925.099609375,8949.7998046875,8922.900390625,8948.2998046875,0
2026-03-05 05:00:00,8948.7998046875,8948.7998046875,8940.2998046875,8940.2998046875,0
2026-03-05 23:00:00,8825.599609375,8845.099609375,8814.0,8833.900390625,0
2026-03-06 00:00:00,8833.2998046875,8843.5,8815.7998046875,8817.400390625,0
2026-03-06 01:00:00,8818.2001953125,8834.900390625,8811.599609375,8831.7998046875,0
2026-03-06 02:00:00,8831.599609375,8847.2998046875,8823.0,8823.0,0
2026-03-06 03:00:00,8824.0,8848.099609375,8824.0,8847.900390625,0
2026-03-06 04:00:00,8847.7001953125,8851.2001953125,8838.0,8846.400390625,0
2026-03-06 05:00:00,8845.599609375,8851.0,8845.2998046875,8851.0,0
2026-03-08 23:00:00,8604.7001953125,8618.7001953125,8550.599609375,8563.5,0
2026-03-09 00:00:00,8564.599609375,8564.900390625,8492.2001953125,8496.5,0
2026-03-09 01:00:00,8498.7998046875,8501.900390625,8457.2001953125,8472.0,0
2026-03-09 02:00:00,8468.5,8535.400390625,8468.5,8534.099609375,0
2026-03-09 03:00:00,8532.5,8562.599609375,8524.599609375,8550.599609375,0
2026-03-09 04:00:00,8551.2001953125,8579.2998046875,8551.2001953125,8566.099609375,0
2026-03-09 05:00:00,8566.2998046875,8599.0,8566.2998046875,8599.0,0
2026-03-09 23:00:00,8718.0,8750.599609375,8687.2998046875,8720.099609375,0
2026-03-10 00:00:00,8719.599609375,8728.900390625,8696.7998046875,8716.7001953125,0
2026-03-10 01:00:00,8718.5,8721.599609375,8692.0,8719.5,0
2026-03-10 02:00:00,8717.400390625,8719.7001953125,8696.5,8697.7001953125,0
2026-03-10 03:00:00,8698.7001953125,8702.099609375,8661.0,8664.5,0
2026-03-10 04:00:00,8662.7001953125,8678.7001953125,8654.0,8674.900390625,0
2026-03-10 05:00:00,8675.2001953125,8692.599609375,8675.2001953125,8692.599609375,0
2026-03-10 23:00:00,8730.5,8735.900390625,8710.099609375,8715.599609375,0
2026-03-11 00:00:00,8715.099609375,8759.5,8715.099609375,8728.900390625,0
2026-03-11 01:00:00,8728.2998046875,8743.400390625,8721.5,8726.2998046875,0
2026-03-11 02:00:00,8726.0,8730.099609375,8722.2001953125,8730.099609375,0
2026-03-11 03:00:00,8731.2001953125,8753.2998046875,8730.099609375,8748.5,0
2026-03-11 04:00:00,8748.7001953125,8748.7001953125,8734.400390625,8743.7998046875,0
2026-03-11 05:00:00,8743.5,8743.7001953125,8743.5,8743.5,0
2026-03-11 23:00:00,8654.7001953125,8660.7001953125,8627.0,8628.2001953125,0
2026-03-12 00:00:00,8629.900390625,8629.900390625,8605.599609375,8625.2001953125,0
2026-03-12 01:00:00,8625.2998046875,8642.5,8620.7998046875,8626.7001953125,0
2026-03-12 02:00:00,8627.599609375,8630.099609375,8598.0,8598.0,0
2026-03-12 03:00:00,8597.7998046875,8608.099609375,8596.5,8604.0,0
2026-03-12 04:00:00,8603.400390625,8618.5,8599.7998046875,8614.400390625,0
2026-03-12 05:00:00,8615.2001953125,8629.0,8615.2001953125,8629.0,0
2026-03-12 23:00:00,8589.5,8610.5,8585.7001953125,8606.599609375,0
2026-03-13 00:00:00,8606.5,8645.2001953125,8603.599609375,8641.0,0
2026-03-13 01:00:00,8641.400390625,8664.599609375,8635.599609375,8635.599609375,0
2026-03-13 02:00:00,8635.7998046875,8646.099609375,8635.2001953125,8642.7001953125,0
2026-03-13 03:00:00,8642.900390625,8647.0,8628.400390625,8632.2998046875,0
2026-03-13 04:00:00,8631.5,8635.400390625,8614.599609375,8619.2001953125,0
2026-03-13 05:00:00,8620.0,8620.0,8617.099609375,8617.099609375,0
2026-03-15 23:00:00,8569.599609375,8594.599609375,8563.2998046875,8579.7001953125,0
2026-03-16 00:00:00,8579.7001953125,8617.5,8579.7001953125,8614.7001953125,0
2026-03-16 01:00:00,8613.7001953125,8615.2001953125,8575.0,8591.0,0
2026-03-16 02:00:00,8590.7001953125,8590.7001953125,8569.400390625,8571.0,0
2026-03-16 03:00:00,8570.400390625,8588.0,8568.5,8584.2998046875,0
2026-03-16 04:00:00,8584.400390625,8590.400390625,8577.900390625,8577.900390625,0
2026-03-16 05:00:00,8577.400390625,8583.400390625,8577.400390625,8583.400390625,0
2026-03-16 23:00:00,8622.5,8632.599609375,8606.900390625,8617.2998046875,0
2026-03-17 00:00:00,8618.0,8618.0,8584.7001953125,8586.400390625,0
2026-03-17 01:00:00,8585.2998046875,8598.400390625,8581.2998046875,8591.400390625,0
2026-03-17 02:00:00,8592.0,8593.2001953125,8577.900390625,8577.900390625,0
2026-03-17 03:00:00,8577.400390625,8617.5,8576.599609375,8603.900390625,0
2026-03-17 04:00:00,8605.0,8620.099609375,8603.2001953125,8617.2001953125,0
2026-03-17 05:00:00,8617.599609375,8617.7001953125,8614.2998046875,8614.2998046875,0
2026-03-17 23:00:00,8627.2001953125,8631.2998046875,8604.599609375,8604.599609375,0
2026-03-18 00:00:00,8607.0,8624.7001953125,8602.0,8623.7001953125,0
2026-03-18 01:00:00,8622.099609375,8641.7001953125,8621.0,8632.099609375,0
2026-03-18 02:00:00,8632.2001953125,8636.5,8628.5,8634.5,0
2026-03-18 03:00:00,8634.7001953125,8651.099609375,8634.7001953125,8645.7998046875,0
2026-03-18 04:00:00,8645.0,8654.5,8640.099609375,8645.0,0
2026-03-18 05:00:00,8644.2998046875,8644.2998046875,8640.599609375,8640.599609375,0
2026-03-18 23:00:00,8504.7001953125,8520.900390625,8495.2998046875,8504.099609375,0
2026-03-19 00:00:00,8504.900390625,8517.599609375,8495.599609375,8505.400390625,0
2026-03-19 01:00:00,8505.2001953125,8512.2001953125,8497.2998046875,8497.2998046875,0
2026-03-19 02:00:00,8495.0,8514.900390625,8485.2001953125,8512.400390625,0
2026-03-19 03:00:00,8513.0,8518.7998046875,8499.7001953125,8499.7001953125,0
2026-03-19 04:00:00,8498.7998046875,8500.7001953125,8487.7998046875,8500.7001953125,0
2026-03-19 05:00:00,8500.5,8500.7001953125,8497.7998046875,8497.7998046875,0
2026-03-19 23:00:00,8470.2998046875,8495.7001953125,8463.400390625,8466.7001953125,0
2026-03-20 00:00:00,8466.7998046875,8472.7001953125,8449.400390625,8449.400390625,0
2026-03-20 01:00:00,8448.7998046875,8484.2998046875,8438.0,8472.900390625,0
2026-03-20 02:00:00,8472.099609375,8485.2998046875,8460.900390625,8465.0,0
2026-03-20 03:00:00,8464.2998046875,8465.0,8448.2998046875,8453.599609375,0
2026-03-20 04:00:00,8453.900390625,8457.599609375,8438.2998046875,8438.2998046875,0
2026-03-20 05:00:00,8439.2001953125,8439.2001953125,8427.2001953125,8428.400390625,0
2026-03-22 23:00:00,8262.400390625,8295.900390625,8262.400390625,8292.2001953125,0
2026-03-23 00:00:00,8294.7998046875,8329.2001953125,8282.2001953125,8299.2001953125,0
2026-03-23 01:00:00,8297.2998046875,8366.0,8297.2998046875,8357.099609375,0
2026-03-23 02:00:00,8358.599609375,8393.7001953125,8358.599609375,8361.2998046875,0
2026-03-23 03:00:00,8360.0,8371.099609375,8349.400390625,8350.900390625,0
2026-03-23 04:00:00,8350.7998046875,8379.2001953125,8350.7998046875,8369.2001953125,0
2026-03-23 05:00:00,8370.099609375,8370.2001953125,8365.900390625,8365.900390625,0
2026-03-23 23:00:00,8499.7998046875,8499.7998046875,8435.5,8441.599609375,0
2026-03-24 00:00:00,8441.5,8446.900390625,8390.900390625,8403.900390625,0
2026-03-24 01:00:00,8405.0,8406.2001953125,8380.099609375,8389.2998046875,0
2026-03-24 02:00:00,8391.7001953125,8413.599609375,8391.7001953125,8397.0,0
2026-03-24 03:00:00,8395.7998046875,8406.099609375,8389.7001953125,8404.5,0
2026-03-24 04:00:00,8404.7001953125,8413.7998046875,8388.900390625,8400.7001953125,0
2026-03-24 05:00:00,8402.2998046875,8402.2998046875,8379.400390625,8379.400390625,0
2026-03-24 23:00:00,8488.0,8499.5,8461.7998046875,8495.7001953125,0
2026-03-25 00:00:00,8496.099609375,8561.099609375,8491.7998046875,8557.099609375,0
2026-03-25 01:00:00,8557.599609375,8564.2001953125,8544.900390625,8557.0,0
2026-03-25 02:00:00,8551.900390625,8551.900390625,8530.7001953125,8531.400390625,0
2026-03-25 03:00:00,8531.2001953125,8542.7001953125,8515.599609375,8529.400390625,0
2026-03-25 04:00:00,8530.099609375,8540.0,8526.400390625,8531.0,0
2026-03-25 05:00:00,8529.2998046875,8534.2998046875,8529.2998046875,8534.2998046875,0
2026-03-25 23:00:00,8545.0,8558.7001953125,8522.599609375,8538.5,0
2026-03-26 00:00:00,8538.2001953125,8555.0,8535.900390625,8541.0,0
2026-03-26 01:00:00,8540.599609375,8544.7998046875,8528.2001953125,8531.2998046875,0
2026-03-26 02:00:00,8532.2001953125,8535.099609375,8503.400390625,8512.2998046875,0
2026-03-26 03:00:00,8513.2998046875,8528.2998046875,8508.2998046875,8521.900390625,0
2026-03-26 04:00:00,8522.099609375,8531.099609375,8520.5,8523.5,0
2026-03-26 05:00:00,8522.900390625,8525.7001953125,8522.900390625,8525.7001953125,0
2026-03-26 23:00:00,8473.400390625,8514.7998046875,8470.0,8500.900390625,0
2026-03-27 00:00:00,8502.599609375,8514.099609375,8455.7001953125,8467.7001953125,0
2026-03-27 01:00:00,8468.2001953125,8486.099609375,8461.2001953125,8483.599609375,0
2026-03-27 02:00:00,8485.7998046875,8500.900390625,8484.900390625,8489.7998046875,0
2026-03-27 03:00:00,8489.400390625,8496.099609375,8479.900390625,8496.099609375,0
2026-03-27 04:00:00,8496.7001953125,8508.400390625,8494.7998046875,8505.0,0
2026-03-27 05:00:00,8505.400390625,8516.2998046875,8505.2001953125,8516.2998046875,0
2026-03-29 23:00:00,8458.2001953125,8458.900390625,8386.5,8397.400390625,0
2026-03-30 00:00:00,8397.400390625,8424.7998046875,8379.2998046875,8399.2001953125,0
2026-03-30 01:00:00,8399.400390625,8420.2998046875,8393.2001953125,8416.0,0
2026-03-30 02:00:00,8415.7001953125,8432.099609375,8397.0,8426.400390625,0
2026-03-30 03:00:00,8425.400390625,8453.599609375,8425.400390625,8443.099609375,0
2026-03-30 04:00:00,8442.2001953125,8458.400390625,8440.400390625,8452.2998046875,0
2026-03-30 05:00:00,8450.7998046875,8461.0,8450.7998046875,8461.0,0
2026-03-30 23:00:00,8472.400390625,8472.400390625,8433.7001953125,8450.900390625,0
2026-03-31 00:00:00,8451.5,8495.099609375,8410.599609375,8489.7001953125,0
2026-03-31 01:00:00,8492.0,8543.7998046875,8467.2998046875,8542.099609375,0
2026-03-31 02:00:00,8540.7998046875,8545.599609375,8523.400390625,8536.7001953125,0
2026-03-31 03:00:00,8536.7001953125,8549.0,8523.7001953125,8527.099609375,0
2026-03-31 04:00:00,8526.099609375,8529.2998046875,8497.2001953125,8501.7001953125,0
2026-03-31 05:00:00,8500.599609375,8500.599609375,8481.7998046875,8481.7998046875,0
2026-03-31 23:00:00,8621.2998046875,8635.5,8606.599609375,8631.2001953125,0
2026-04-01 00:00:00,8630.7998046875,8641.2998046875,8617.2001953125,8628.0,0
2026-04-01 01:00:00,8629.0,8629.2998046875,8606.0,8619.2001953125,0
2026-04-01 02:00:00,8618.5,8635.900390625,8616.2998046875,8621.400390625,0
2026-04-01 03:00:00,8620.400390625,8649.099609375,8619.900390625,8649.099609375,0
2026-04-01 04:00:00,8648.7998046875,8654.2998046875,8640.7001953125,8651.2998046875,0
2026-04-01 05:00:00,8653.099609375,8671.7998046875,8653.099609375,8671.7998046875,0
2026-04-01 23:00:00,8698.400390625,8715.0,8690.400390625,8715.0,0
2026-04-02 00:00:00,8713.2998046875,8723.2998046875,8703.7998046875,8719.7001953125,0
2026-04-02 01:00:00,8719.2001953125,8719.2001953125,8619.7998046875,8630.099609375,0
2026-04-02 02:00:00,8629.7998046875,8629.7998046875,8590.099609375,8597.900390625,0
2026-04-02 03:00:00,8597.5,8597.5,8571.5,8571.5,0
2026-04-02 04:00:00,8571.0,8583.599609375,8566.7998046875,8574.2998046875,0
2026-04-02 05:00:00,8573.2001953125,8579.5,8573.099609375,8579.5,0
2026-04-07 00:00:00,8713.099609375,8804.0,8694.5,8775.400390625,0
2026-04-07 01:00:00,8773.400390625,8784.5,8695.599609375,8695.599609375,0
2026-04-07 02:00:00,8698.099609375,8712.7998046875,8689.2001953125,8705.2001953125,0
2026-04-07 03:00:00,8705.7001953125,8705.900390625,8689.7998046875,8694.900390625,0
2026-04-07 04:00:00,8694.5,8713.5,8692.900390625,8709.599609375,0
2026-04-07 05:00:00,8710.2998046875,8715.900390625,8699.7998046875,8715.2998046875,0
2026-04-07 06:00:00,8715.7998046875,8728.7998046875,8715.7998046875,8728.7998046875,0
2026-04-08 00:00:00,8965.900390625,8986.099609375,8932.7001953125,8959.2998046875,0
2026-04-08 01:00:00,8956.2998046875,8964.2998046875,8933.7001953125,8941.2998046875,0
2026-04-08 02:00:00,8941.7998046875,8969.0,8937.2001953125,8968.2998046875,0
2026-04-08 03:00:00,8967.099609375,8970.5,8950.099609375,8951.599609375,0
2026-04-08 04:00:00,8951.0,8969.0,8951.0,8960.7998046875,0
2026-04-08 05:00:00,8960.5,8965.900390625,8952.2001953125,8957.0,0
2026-04-08 06:00:00,8957.7001953125,8957.7001953125,8951.7998046875,8951.7998046875,0
2026-04-09 00:00:00,8915.7001953125,8948.400390625,8904.900390625,8938.7001953125,0
2026-04-09 01:00:00,8939.7998046875,8951.5,8934.900390625,8950.7001953125,0
2026-04-09 02:00:00,8950.5,8960.400390625,8945.5,8950.2998046875,0
2026-04-09 03:00:00,8950.2998046875,8954.7001953125,8944.400390625,8945.900390625,0
2026-04-09 04:00:00,8945.7998046875,8952.2998046875,8935.7001953125,8950.7998046875,0
2026-04-09 05:00:00,8950.900390625,8961.0,8944.7001953125,8958.7998046875,0
2026-04-09 06:00:00,8959.2998046875,8973.2001953125,8959.2001953125,8973.2001953125,0
2026-04-10 00:00:00,8936.400390625,8940.400390625,8905.2001953125,8940.400390625,0
2026-04-10 01:00:00,8944.5,8950.0,8929.900390625,8936.099609375,0
2026-04-10 02:00:00,8936.5,8942.400390625,8926.7001953125,8941.2001953125,0
2026-04-10 03:00:00,8941.599609375,8948.599609375,8936.2001953125,8940.900390625,0
2026-04-10 04:00:00,8940.0,8948.2998046875,8938.099609375,8943.599609375,0
2026-04-10 05:00:00,8944.2001953125,8956.900390625,8944.2001953125,8952.5,0
2026-04-10 06:00:00,8953.7001953125,8960.599609375,8953.7001953125,8960.599609375,0
2026-04-13 00:00:00,8912.7998046875,8934.7001953125,8889.599609375,8927.0,0
2026-04-13 01:00:00,8927.2998046875,8938.5,8917.5,8930.400390625,0
2026-04-13 02:00:00,8930.599609375,8930.599609375,8911.900390625,8921.900390625,0
2026-04-13 03:00:00,8920.900390625,8921.7001953125,8908.400390625,8908.400390625,0
2026-04-13 04:00:00,8907.7998046875,8923.2998046875,8906.2998046875,8920.7998046875,0
2026-04-13 05:00:00,8920.7001953125,8922.400390625,8913.2998046875,8918.400390625,0
2026-04-13 06:00:00,8916.900390625,8926.0,8916.7001953125,8926.0,0
2026-04-14 00:00:00,9021.5,9021.5,8956.2001953125,8959.0,0
2026-04-14 01:00:00,8959.7001953125,8991.599609375,8952.7998046875,8989.7001953125,0
2026-04-14 02:00:00,8993.0,8994.5,8976.099609375,8980.0,0
2026-04-14 03:00:00,8979.7998046875,8979.7998046875,8952.599609375,8964.7001953125,0
2026-04-14 04:00:00,8964.900390625,8983.0,8964.2998046875,8982.099609375,0
2026-04-14 05:00:00,8982.900390625,8987.2998046875,8974.7001953125,8983.5,0
2026-04-14 06:00:00,8983.599609375,8983.599609375,8970.7998046875,8970.7998046875,0
2026-04-15 00:00:00,9015.400390625,9015.400390625,8984.599609375,8984.900390625,0
2026-04-15 01:00:00,8987.0,8993.099609375,8978.099609375,8986.0,0
2026-04-15 02:00:00,8985.7001953125,8988.2001953125,8975.900390625,8980.7001953125,0
2026-04-15 03:00:00,8981.400390625,8981.400390625,8971.099609375,8976.2001953125,0
2026-04-15 04:00:00,8976.2001953125,8985.099609375,8976.2001953125,8978.099609375,0
2026-04-15 05:00:00,8978.599609375,8983.599609375,8971.900390625,8976.0,0
2026-04-15 06:00:00,8975.400390625,8978.7001953125,8975.400390625,8978.7001953125,0
2026-04-16 00:00:00,9017.2001953125,9017.2001953125,8962.7001953125,8964.099609375,0
2026-04-16 01:00:00,8963.2998046875,8978.7001953125,8954.2998046875,8954.2998046875,0
2026-04-16 02:00:00,8956.7998046875,8962.400390625,8950.7001953125,8961.2001953125,0
2026-04-16 03:00:00,8960.7001953125,8966.900390625,8945.900390625,8945.900390625,0
2026-04-16 04:00:00,8945.599609375,8953.7001953125,8939.599609375,8943.2998046875,0
2026-04-16 05:00:00,8943.099609375,8953.2001953125,8937.2998046875,8951.400390625,0
2026-04-16 06:00:00,8952.5,8955.0,8952.5,8955.0,0
2026-04-17 00:00:00,8931.599609375,8944.400390625,8903.099609375,8925.2998046875,0
2026-04-17 01:00:00,8922.400390625,8928.0,8902.400390625,8925.5,0
2026-04-17 02:00:00,8926.2998046875,8934.2998046875,8918.5,8925.2998046875,0
2026-04-17 03:00:00,8925.0,8933.2998046875,8921.900390625,8932.0,0
2026-04-17 04:00:00,8931.0,8939.400390625,8929.5,8935.900390625,0
2026-04-17 05:00:00,8935.599609375,8940.0,8932.7001953125,8939.7998046875,0
2026-04-17 06:00:00,8939.400390625,8946.900390625,8939.400390625,8946.900390625,0
2026-04-20 00:00:00,8935.7998046875,8935.7998046875,8898.400390625,8921.400390625,0
2026-04-20 01:00:00,8923.5,8951.5,8923.5,8935.5,0
2026-04-20 02:00:00,8935.7998046875,8955.0,8934.0,8942.7998046875,0
2026-04-20 03:00:00,8943.2001953125,8950.099609375,8940.599609375,8944.7001953125,0
2026-04-20 04:00:00,8944.7998046875,8949.2998046875,8942.599609375,8946.2998046875,0
2026-04-21 00:00:00,8970.099609375,8976.099609375,8928.099609375,8930.7001953125,0
2026-04-21 01:00:00,8929.0,8946.400390625,8911.5,8943.0,0
2026-04-21 02:00:00,8943.2001953125,8945.2001953125,8932.7001953125,8936.400390625,0
2026-04-21 03:00:00,8937.5,8939.7001953125,8923.0,8927.900390625,0
2026-04-21 04:00:00,8928.400390625,8940.5,8927.7001953125,8938.2998046875,0
2026-04-21 05:00:00,8938.0,8947.099609375,8936.7001953125,8946.900390625,0
2026-04-21 06:00:00,8947.5,8949.400390625,8947.5,8949.400390625,0
2026-04-22 00:00:00,8901.0,8903.2998046875,8871.7001953125,8885.2998046875,0
2026-04-22 01:00:00,8885.0,8887.2001953125,8860.7998046875,8871.7998046875,0
2026-04-22 02:00:00,8871.5,8879.099609375,8860.400390625,8876.5,0
2026-04-22 03:00:00,8876.099609375,8880.7998046875,8859.599609375,8861.900390625,0
2026-04-22 04:00:00,8861.599609375,8863.2001953125,8843.400390625,8843.400390625,0
2026-04-22 05:00:00,8843.099609375,8866.2001953125,8838.7001953125,8851.7001953125,0
2026-04-22 06:00:00,8851.099609375,8851.2001953125,8843.599609375,8843.599609375,0
2026-04-23 00:00:00,8819.400390625,8825.2998046875,8747.7998046875,8821.7998046875,0
2026-04-23 01:00:00,8819.099609375,8819.099609375,8773.0,8777.7001953125,0
2026-04-23 02:00:00,8778.2001953125,8784.099609375,8765.5,8777.2001953125,0
2026-04-23 03:00:00,8777.900390625,8778.2001953125,8765.599609375,8768.5,0
2026-04-23 04:00:00,8769.0,8777.0,8760.900390625,8777.0,0
2026-04-23 05:00:00,8776.599609375,8785.400390625,8771.599609375,8783.599609375,0
2026-04-23 06:00:00,8784.400390625,8793.400390625,8784.400390625,8793.400390625,0
2026-04-24 00:00:00,8796.7998046875,8796.7998046875,8759.900390625,8765.099609375,0
2026-04-24 01:00:00,8765.7998046875,8776.2001953125,8736.900390625,8774.5,0
2026-04-24 02:00:00,8774.099609375,8774.099609375,8749.599609375,8756.900390625,0
2026-04-24 03:00:00,8757.2998046875,8759.7998046875,8745.0,8749.099609375,0
2026-04-24 04:00:00,8748.099609375,8779.099609375,8746.099609375,8776.900390625,0
2026-04-24 05:00:00,8777.599609375,8791.400390625,8772.599609375,8790.2998046875,0
2026-04-24 06:00:00,8790.400390625,8790.599609375,8786.5,8786.5,0
2026-04-27 00:00:00,8741.7998046875,8751.7001953125,8729.599609375,8736.7998046875,0
2026-04-27 01:00:00,8736.7998046875,8763.599609375,8736.7998046875,8763.599609375,0
2026-04-27 02:00:00,8763.5,8773.7001953125,8758.2998046875,8773.2998046875,0
2026-04-27 03:00:00,8772.2998046875,8775.7998046875,8764.0,8771.7001953125,0
2026-04-27 04:00:00,8771.5,8780.2998046875,8769.099609375,8778.2001953125,0
2026-04-27 05:00:00,8778.2001953125,8778.2001953125,8755.900390625,8761.2998046875,0
2026-04-27 06:00:00,8760.599609375,8766.400390625,8760.5,8766.400390625,0
2026-04-28 00:00:00,8726.900390625,8726.900390625,8693.400390625,8712.099609375,0
2026-04-28 01:00:00,8712.2998046875,8733.400390625,8704.2001953125,8714.7998046875,0
2026-04-28 02:00:00,8715.5,8728.099609375,8713.2001953125,8714.2998046875,0
2026-04-28 03:00:00,8713.0,8723.2998046875,8710.400390625,8718.0,0
2026-04-28 04:00:00,8718.599609375,8720.2998046875,8711.599609375,8714.599609375,0
2026-04-28 05:00:00,8714.7998046875,8716.0,8702.0,8708.0,0
2026-04-28 06:00:00,8709.7998046875,8711.599609375,8709.7001953125,8710.7001953125,0
2026-04-29 00:00:00,8682.2998046875,8689.099609375,8663.7001953125,8674.099609375,0
2026-04-29 01:00:00,8673.2001953125,8704.5,8659.099609375,8701.7001953125,0
2026-04-29 02:00:00,8701.5,8710.400390625,8687.2001953125,8688.2998046875,0
2026-04-29 03:00:00,8688.099609375,8692.7998046875,8683.2998046875,8692.7998046875,0
2026-04-29 04:00:00,8691.7001953125,8694.599609375,8685.900390625,8690.0,0
2026-04-29 05:00:00,8688.900390625,8688.900390625,8675.0,8679.7001953125,0
2026-04-29 06:00:00,8678.7998046875,8687.0,8678.5,8687.0,0
2026-04-30 00:00:00,8639.0,8662.2998046875,8638.2001953125,8651.599609375,0
2026-04-30 01:00:00,8652.2998046875,8678.0,8652.2998046875,8675.900390625,0
2026-04-30 02:00:00,8677.400390625,8680.099609375,8657.2001953125,8670.0,0
2026-04-30 03:00:00,8668.900390625,8673.400390625,8658.2001953125,8658.2001953125,0
2026-04-30 04:00:00,8658.900390625,8658.900390625,8632.2001953125,8639.400390625,0
2026-04-30 05:00:00,8639.0,8663.099609375,8639.0,8655.5,0
2026-04-30 06:00:00,8653.7001953125,8665.7998046875,8653.2001953125,8665.7998046875,0
2026-05-01 00:00:00,8752.900390625,8764.099609375,8710.5,8727.0,0
2026-05-01 01:00:00,8727.2998046875,8754.900390625,8713.2998046875,8745.099609375,0
2026-05-01 02:00:00,8747.400390625,8756.7998046875,8743.599609375,8748.5,0
2026-05-01 03:00:00,8748.7998046875,8756.5,8745.900390625,8751.5,0
2026-05-01 04:00:00,8751.2001953125,8753.599609375,8745.2998046875,8745.7001953125,0
2026-05-01 05:00:00,8744.2001953125,8749.099609375,8726.599609375,8734.099609375,0
2026-05-01 06:00:00,8733.5,8733.5,8729.7998046875,8729.7998046875,0
2026-05-04 00:00:00,8723.7998046875,8733.900390625,8675.400390625,8711.599609375,0
2026-05-04 01:00:00,8712.7001953125,8738.099609375,8704.900390625,8711.599609375,0
2026-05-04 02:00:00,8712.599609375,8713.7001953125,8692.0,8694.599609375,0
2026-05-04 03:00:00,8695.099609375,8702.400390625,8689.099609375,8694.2998046875,0
2026-05-04 04:00:00,8695.2001953125,8696.099609375,8686.400390625,8691.099609375,0
2026-05-04 05:00:00,8690.900390625,8701.599609375,8690.2001953125,8700.7998046875,0
2026-05-04 06:00:00,8699.7998046875,8699.7998046875,8697.099609375,8697.099609375,0
2026-05-05 00:00:00,8643.7001953125,8667.0,8634.5,8635.900390625,0
2026-05-05 01:00:00,8635.0,8639.900390625,8621.599609375,8627.400390625,0
2026-05-05 02:00:00,8627.0,8657.2998046875,8627.0,8649.400390625,0
2026-05-05 03:00:00,8649.7998046875,8653.900390625,8639.2998046875,8650.2998046875,0
2026-05-05 04:00:00,8651.400390625,8661.7998046875,8634.2998046875,8659.900390625,0
2026-05-05 05:00:00,8659.599609375,8679.2998046875,8654.0,8678.400390625,0
2026-05-05 06:00:00,8677.0,8680.5,8676.2998046875,8680.5,0
2026-05-06 00:00:00,8730.2001953125,8752.599609375,8717.7998046875,8752.599609375,0
2026-05-06 01:00:00,8752.599609375,8783.7998046875,8752.599609375,8782.2998046875,0
2026-05-06 02:00:00,8782.599609375,8787.900390625,8763.2998046875,8765.599609375,0
2026-05-06 03:00:00,8764.7998046875,8765.599609375,8752.0,8757.099609375,0
2026-05-06 04:00:00,8756.5,8778.599609375,8756.5,8775.7001953125,0
2026-05-06 05:00:00,8775.099609375,8794.599609375,8765.5,8794.599609375,0
2026-05-06 06:00:00,8794.7001953125,8794.7001953125,8793.599609375,8793.599609375,0
2026-05-07 00:00:00,8858.0,8887.900390625,8858.0,8866.0,0
2026-05-07 01:00:00,8863.900390625,8874.0,8854.099609375,8868.7998046875,0
2026-05-07 02:00:00,8869.099609375,8877.2001953125,8864.599609375,8871.900390625,0
2026-05-07 03:00:00,8871.900390625,8871.900390625,8863.0,8865.900390625,0
2026-05-07 04:00:00,8865.2998046875,8866.5,8856.400390625,8860.599609375,0
2026-05-07 05:00:00,8860.7001953125,8867.2001953125,8858.599609375,8864.599609375,0
2026-05-07 06:00:00,8864.099609375,8878.099609375,8863.7001953125,8878.099609375,0
2026-05-08 00:00:00,8779.7998046875,8804.599609375,8758.099609375,8769.7001953125,0
2026-05-08 01:00:00,8767.900390625,8768.0,8735.099609375,8735.099609375,0
2026-05-08 02:00:00,8734.5,8745.099609375,8723.900390625,8734.400390625,0
2026-05-08 03:00:00,8734.0,8734.0,8717.599609375,8719.5,0
2026-05-08 04:00:00,8720.0,8734.7998046875,8720.0,8731.599609375,0
2026-05-08 05:00:00,8731.7001953125,8750.2001953125,8731.0,8747.7998046875,0
2026-05-08 06:00:00,8747.099609375,8747.099609375,8744.400390625,8744.400390625,0
2026-05-11 00:00:00,8690.0,8691.099609375,8643.5,8671.599609375,0
2026-05-11 01:00:00,8669.599609375,8679.7998046875,8658.2998046875,8679.7998046875,0
2026-05-11 02:00:00,8680.5,8703.099609375,8680.2998046875,8686.099609375,0
2026-05-11 03:00:00,8684.599609375,8697.099609375,8680.2001953125,8690.5,0
2026-05-11 04:00:00,8690.2001953125,8694.0,8685.099609375,8686.7001953125,0
2026-05-11 05:00:00,8687.0,8701.2001953125,8687.0,8698.7998046875,0
2026-05-11 06:00:00,8698.7001953125,8701.7998046875,8698.7001953125,8701.7998046875,0
2026-05-12 00:00:00,8713.2998046875,8713.400390625,8652.7998046875,8675.599609375,0
2026-05-12 01:00:00,8673.7001953125,8674.099609375,8619.099609375,8634.599609375,0
2026-05-12 02:00:00,8634.900390625,8681.7998046875,8632.5,8679.099609375,0
2026-05-12 03:00:00,8680.099609375,8683.099609375,8668.5,8676.5,0
2026-05-12 04:00:00,8677.7001953125,8685.900390625,8673.2001953125,8677.599609375,0
2026-05-12 05:00:00,8677.7998046875,8677.7998046875,8662.599609375,8673.5,0
2026-05-12 06:00:00,8674.5,8675.2001953125,8670.7001953125,8670.7001953125,0
2026-05-13 00:00:00,8629.7001953125,8639.2998046875,8590.7001953125,8637.7001953125,0
2026-05-13 01:00:00,8634.2001953125,8654.2001953125,8626.7998046875,8649.7001953125,0
2026-05-13 02:00:00,8649.0,8655.099609375,8632.400390625,8643.2001953125,0
2026-05-13 03:00:00,8640.099609375,8645.900390625,8629.0,8638.7998046875,0
2026-05-13 04:00:00,8639.400390625,8639.400390625,8619.7998046875,8626.5,0
2026-05-13 05:00:00,8627.2001953125,8634.599609375,8617.599609375,8630.7001953125,0
2026-05-13 06:00:00,8630.7001953125,8630.7001953125,8630.400390625,8630.400390625,0
2026-05-14 00:00:00,8617.900390625,8642.7998046875,8602.900390625,8642.7998046875,0
2026-05-14 01:00:00,8643.099609375,8644.5,8605.599609375,8606.400390625,0
2026-05-14 02:00:00,8607.099609375,8628.0,8607.099609375,8619.5,0
2026-05-14 03:00:00,8619.2001953125,8619.2001953125,8606.7001953125,8609.099609375,0
2026-05-14 04:00:00,8608.400390625,8620.0,8604.5,8614.5,0
2026-05-14 05:00:00,8613.7998046875,8631.400390625,8613.400390625,8631.400390625,0
2026-05-14 06:00:00,8631.0,8640.7001953125,8631.0,8640.7001953125,0
2026-05-15 00:00:00,8661.2998046875,8691.900390625,8649.900390625,8669.400390625,0
2026-05-15 01:00:00,8668.099609375,8668.099609375,8610.2998046875,8626.0,0
2026-05-15 02:00:00,8624.7998046875,8640.099609375,8617.5,8638.7001953125,0
2026-05-15 03:00:00,8638.7001953125,8641.2998046875,8624.7001953125,8636.900390625,0
2026-05-15 04:00:00,8637.900390625,8640.2998046875,8623.7998046875,8624.2998046875,0
2026-05-15 05:00:00,8623.7998046875,8625.900390625,8613.900390625,8621.400390625,0
2026-05-15 06:00:00,8621.400390625,8630.7998046875,8621.400390625,8630.7998046875,0
2026-05-18 00:00:00,8575.599609375,8591.7001953125,8534.599609375,8548.2001953125,0
2026-05-18 01:00:00,8551.2001953125,8552.599609375,8507.599609375,8522.2001953125,0
2026-05-18 02:00:00,8520.7001953125,8530.099609375,8505.7001953125,8505.7001953125,0
2026-05-18 03:00:00,8505.5,8514.900390625,8500.2001953125,8504.900390625,0
2026-05-18 04:00:00,8504.5,8521.0,8503.7998046875,8513.2001953125,0
2026-05-18 05:00:00,8513.2998046875,8521.7998046875,8502.599609375,8512.0,0
2026-05-18 06:00:00,8511.599609375,8511.900390625,8505.2998046875,8505.2998046875,0
2026-05-19 00:00:00,8570.2001953125,8604.2001953125,8563.0,8578.2998046875,0
2026-05-19 01:00:00,8578.5,8595.400390625,8563.5,8575.2001953125,0
2026-05-19 02:00:00,8571.5,8592.900390625,8566.7998046875,8585.7001953125,0
2026-05-19 03:00:00,8586.2001953125,8607.7001953125,8583.099609375,8592.400390625,0
2026-05-19 04:00:00,8593.2001953125,8594.400390625,8575.5,8585.2998046875,0
2026-05-19 05:00:00,8585.400390625,8596.400390625,8575.5,8593.2001953125,0
2026-05-19 06:00:00,8594.7001953125,8604.7001953125,8594.7001953125,8604.7001953125,0
2026-05-20 00:00:00,8573.5,8577.7998046875,8539.099609375,8564.2001953125,0
2026-05-20 01:00:00,8564.099609375,8564.099609375,8518.5,8533.599609375,0
2026-05-20 02:00:00,8533.099609375,8536.2001953125,8501.400390625,8510.7001953125,0
2026-05-20 03:00:00,8510.599609375,8510.599609375,8496.2001953125,8500.2001953125,0
2026-05-20 04:00:00,8498.5,8511.7001953125,8485.2001953125,8488.400390625,0
2026-05-20 05:00:00,8488.2001953125,8500.400390625,8488.0,8495.900390625,0
2026-05-20 06:00:00,8497.7001953125,8497.7001953125,8496.599609375,8496.599609375,0
2026-05-21 00:00:00,8618.2001953125,8640.900390625,8603.0,8617.599609375,0
2026-05-21 01:00:00,8615.400390625,8649.7001953125,8603.2998046875,8636.5,0
2026-05-21 02:00:00,8634.599609375,8649.5,8628.400390625,8643.7998046875,0
2026-05-21 03:00:00,8643.900390625,8646.7998046875,8626.5,8626.5,0
2026-05-21 04:00:00,8626.099609375,8636.099609375,8624.099609375,8635.0,0
2026-05-21 05:00:00,8636.099609375,8640.599609375,8613.7001953125,8619.2001953125,0
2026-05-21 06:00:00,8618.2998046875,8621.7001953125,8618.2001953125,8621.7001953125,0
2026-05-22 00:00:00,8665.5,8671.900390625,8645.900390625,8651.599609375,0
2026-05-22 01:00:00,8650.0,8672.0,8643.7001953125,8662.400390625,0
2026-05-22 02:00:00,8662.2001953125,8674.5,8659.2998046875,8668.2001953125,0
2026-05-22 03:00:00,8669.099609375,8671.5,8661.900390625,8661.900390625,0
2026-05-22 04:00:00,8663.099609375,8668.7998046875,8650.2001953125,8655.400390625,0
2026-05-22 05:00:00,8655.2001953125,8660.5,8641.7001953125,8644.099609375,0
2026-05-22 06:00:00,8644.0,8657.0,8643.7001953125,8657.0,0
2026-05-25 00:00:00,8660.400390625,8667.599609375,8644.7001953125,8666.2001953125,0
2026-05-25 01:00:00,8665.2998046875,8696.400390625,8661.5,8695.599609375,0
2026-05-25 02:00:00,8695.0,8713.0,8695.0,8696.7998046875,0
2026-05-25 03:00:00,8697.2001953125,8700.0,8689.7001953125,8694.0,0
2026-05-25 04:00:00,8694.5,8700.7998046875,8694.5,8695.7998046875,0
2026-05-25 05:00:00,8696.2001953125,8696.2001953125,8686.099609375,8691.7998046875,0
2026-05-25 06:00:00,8691.599609375,8692.0,8691.400390625,8692.0,0
2026-05-26 00:00:00,8682.7998046875,8682.7998046875,8628.900390625,8633.7001953125,0
2026-05-26 01:00:00,8633.7998046875,8663.7001953125,8632.7998046875,8656.0,0
2026-05-26 02:00:00,8654.2998046875,8661.400390625,8643.2001953125,8657.599609375,0
2026-05-26 03:00:00,8657.900390625,8663.2998046875,8654.0,8656.400390625,0
2026-05-26 04:00:00,8657.7001953125,8663.2998046875,8649.599609375,8660.099609375,0
2026-05-26 05:00:00,8659.7998046875,8668.0,8657.599609375,8663.0,0
2026-05-26 06:00:00,8662.599609375,8662.599609375,8657.7998046875,8657.7998046875,0
2026-05-27 00:00:00,8656.400390625,8672.0,8636.7001953125,8642.099609375,0
2026-05-27 01:00:00,8640.7998046875,8671.2001953125,8625.7998046875,8666.2998046875,0
2026-05-27 02:00:00,8667.2001953125,8674.900390625,8656.2001953125,8673.900390625,0
2026-05-27 03:00:00,8674.400390625,8677.599609375,8669.2998046875,8671.0,0
2026-05-27 04:00:00,8670.599609375,8685.7998046875,8666.900390625,8683.900390625,0
2026-05-27 05:00:00,8682.0,8704.2998046875,8680.400390625,8703.099609375,0
2026-05-27 06:00:00,8701.900390625,8717.7001953125,8701.2998046875,8717.7001953125,0
2026-05-28 00:00:00,8663.7001953125,8663.7001953125,8626.2001953125,8658.7001953125,0
2026-05-28 01:00:00,8658.2998046875,8662.2001953125,8647.7001953125,8662.2001953125,0
2026-05-28 02:00:00,8660.400390625,8661.099609375,8622.599609375,8630.2001953125,0
2026-05-28 03:00:00,8629.2001953125,8629.900390625,8573.599609375,8574.900390625,0
2026-05-28 04:00:00,8572.7001953125,8583.599609375,8561.7998046875,8577.7001953125,0
2026-05-28 05:00:00,8578.0,8598.7001953125,8577.7998046875,8592.900390625,0
2026-05-28 06:00:00,8593.7998046875,8594.099609375,8592.900390625,8592.900390625,0
2026-05-29 00:00:00,8660.2998046875,8666.7998046875,8650.7998046875,8654.0,0
2026-05-29 01:00:00,8654.099609375,8687.7001953125,8654.099609375,8679.0,0
2026-05-29 02:00:00,8676.2998046875,8690.0,8672.7998046875,8685.7001953125,0
2026-05-29 03:00:00,8685.2998046875,8704.099609375,8684.7998046875,8701.900390625,0
2026-05-29 04:00:00,8703.7998046875,8721.400390625,8703.7998046875,8716.7998046875,0
2026-05-29 05:00:00,8716.7998046875,8725.2998046875,8705.5,8709.400390625,0
2026-05-29 06:00:00,8709.0,8731.7001953125,8709.0,8731.7001953125,0
2026-06-01 00:00:00,8711.0,8732.2001953125,8697.2998046875,8704.5,0
2026-06-01 01:00:00,8705.0,8725.2998046875,8697.900390625,8720.900390625,0
2026-06-01 02:00:00,8719.599609375,8727.0,8711.7998046875,8725.099609375,0
2026-06-01 03:00:00,8723.2001953125,8728.400390625,8708.400390625,8709.2998046875,0
2026-06-01 04:00:00,8708.7001953125,8725.2998046875,8707.2001953125,8722.0,0
2026-06-01 05:00:00,8721.400390625,8736.5,8720.400390625,8735.0,0
2026-06-01 06:00:00,8735.599609375,8735.599609375,8729.400390625,8729.400390625,0
2026-06-02 00:00:00,8713.7001953125,8713.7001953125,8625.7998046875,8632.7998046875,0
2026-06-02 01:00:00,8636.0,8676.099609375,8636.0,8650.7001953125,0
2026-06-02 02:00:00,8647.5,8692.400390625,8647.5,8691.7001953125,0
2026-06-02 03:00:00,8691.2998046875,8698.2001953125,8678.099609375,8697.2998046875,0
2026-06-02 04:00:00,8695.400390625,8706.400390625,8689.599609375,8704.7001953125,0
2026-06-02 05:00:00,8704.5,8729.2001953125,8704.5,8727.2998046875,0
2026-06-02 06:00:00,8726.2998046875,8726.2998046875,8724.400390625,8724.400390625,0
2026-06-03 00:00:00,8779.7001953125,8779.7001953125,8736.0,8742.900390625,0
2026-06-03 01:00:00,8740.5,8765.7001953125,8732.2001953125,8765.400390625,0
2026-06-03 02:00:00,8766.2001953125,8784.099609375,8766.2001953125,8784.099609375,0
2026-06-03 03:00:00,8784.5,8799.5,8778.0,8791.5,0
2026-06-03 04:00:00,8791.2998046875,8803.099609375,8790.099609375,8802.2998046875,0
2026-06-03 05:00:00,8802.7998046875,8810.5,8799.099609375,8801.900390625,0
2026-06-03 06:00:00,8800.2998046875,8800.2998046875,8785.7001953125,8785.7001953125,0
2026-06-04 00:00:00,8743.400390625,8743.400390625,8669.5,8682.7001953125,0
2026-06-04 01:00:00,8682.900390625,8695.7001953125,8666.7001953125,8674.099609375,0
2026-06-04 02:00:00,8672.900390625,8678.7001953125,8652.2001953125,8668.7001953125,0
2026-06-04 03:00:00,8669.0,8679.0,8668.2998046875,8674.0,0
2026-06-04 04:00:00,8672.5,8680.2998046875,8668.2001953125,8678.099609375,0
2026-06-04 05:00:00,8679.0,8686.2998046875,8675.7001953125,8683.5,0
2026-06-04 06:00:00,8682.7998046875,8686.099609375,8682.7998046875,8686.099609375,0
2026-06-05 00:00:00,8695.5,8695.5,8623.400390625,8633.900390625,0
2026-06-05 01:00:00,8635.2001953125,8639.900390625,8613.599609375,8633.400390625,0
2026-06-05 02:00:00,8632.900390625,8651.5,8630.2998046875,8632.0,0
2026-06-05 03:00:00,8631.5,8632.099609375,8616.099609375,8624.099609375,0
2026-06-05 04:00:00,8624.099609375,8640.099609375,8622.7998046875,8627.2998046875,0
2026-06-05 05:00:00,8625.599609375,8636.400390625,8621.0,8624.2998046875,0
2026-06-05 06:00:00,8623.599609375,8625.099609375,8623.5,8625.099609375,0
2026-06-09 00:00:00,8532.599609375,8532.599609375,8490.900390625,8527.599609375,0
2026-06-09 01:00:00,8529.7998046875,8579.900390625,8526.2001953125,8579.900390625,0
2026-06-09 02:00:00,8580.0,8596.2998046875,8576.7998046875,8588.7998046875,0
2026-06-09 03:00:00,8589.2998046875,8609.099609375,8589.2998046875,8607.7998046875,0
2026-06-09 04:00:00,8608.7998046875,8611.7998046875,8597.7001953125,8607.099609375,0
2026-06-09 05:00:00,8607.5,8616.900390625,8607.0,8612.099609375,0
2026-06-09 06:00:00,8611.2001953125,8611.2001953125,8604.2001953125,8604.2001953125,0
2026-06-10 00:00:00,8585.5,8651.7001953125,8585.5,8651.2998046875,0
2026-06-10 01:00:00,8650.900390625,8670.2001953125,8633.900390625,8638.400390625,0
2026-06-10 02:00:00,8639.0,8642.900390625,8622.2001953125,8622.2001953125,0
2026-06-10 03:00:00,8622.5,8637.900390625,8610.099609375,8613.7998046875,0
2026-06-10 04:00:00,8614.099609375,8619.2998046875,8601.900390625,8601.900390625,0
2026-06-10 05:00:00,8602.2998046875,8644.400390625,8600.7001953125,8642.5,0
2026-06-10 06:00:00,8641.5,8653.2998046875,8641.5,8653.2998046875,0
2026-06-11 00:00:00,8564.2998046875,8607.7998046875,8555.2998046875,8604.599609375,0
2026-06-11 01:00:00,8606.0,8637.7001953125,8606.0,8618.099609375,0
2026-06-11 02:00:00,8616.099609375,8628.2998046875,8591.2001953125,8608.599609375,0
2026-06-11 03:00:00,8609.2001953125,8632.2998046875,8603.5,8632.2998046875,0
2026-06-11 04:00:00,8634.2998046875,8670.2001953125,8634.2998046875,8664.900390625,0
2026-06-11 05:00:00,8665.599609375,8665.599609375,8642.400390625,8642.5,0
2026-06-11 06:00:00,8642.5,8642.5,8633.2001953125,8633.2001953125,0
2026-06-12 00:00:00,8769.400390625,8799.5,8749.2998046875,8792.099609375,0
2026-06-12 01:00:00,8791.599609375,8802.900390625,8776.2998046875,8802.900390625,0
2026-06-12 02:00:00,8802.099609375,8809.2998046875,8792.2998046875,8795.2998046875,0
2026-06-12 03:00:00,8794.900390625,8804.2001953125,8788.7998046875,8799.7998046875,0
2026-06-12 04:00:00,8800.099609375,8802.7001953125,8790.900390625,8802.099609375,0
2026-06-12 05:00:00,8801.7998046875,8805.2001953125,8784.5,8793.0,0
2026-06-12 06:00:00,8792.7001953125,8804.0,8792.7001953125,8804.0,0
2026-06-15 00:00:00,8900.7001953125,8937.5,8886.099609375,8926.400390625,0
2026-06-15 01:00:00,8928.0,8931.400390625,8914.400390625,8926.0,0
2026-06-15 02:00:00,8926.2001953125,8928.099609375,8914.7001953125,8923.7001953125,0
2026-06-15 03:00:00,8924.2998046875,8925.2001953125,8915.7001953125,8920.099609375,0
2026-06-15 04:00:00,8921.5,8926.2001953125,8910.099609375,8918.400390625,0
2026-06-15 05:00:00,8919.400390625,8927.7998046875,8912.7998046875,8917.2998046875,0
2026-06-15 06:00:00,8917.599609375,8917.599609375,8914.0,8914.0,0
2026-06-16 00:00:00,8847.099609375,8899.5,8834.0,8892.099609375,0
2026-06-16 01:00:00,8892.2001953125,8895.7001953125,8869.5,8879.599609375,0
2026-06-16 02:00:00,8877.0,8882.2998046875,8865.0,8874.099609375,0
2026-06-16 03:00:00,8874.099609375,8886.900390625,8874.099609375,8883.099609375,0
2026-06-16 04:00:00,8883.2001953125,8915.2001953125,8882.7001953125,8911.099609375,0
2026-06-16 05:00:00,8911.400390625,8915.0,8905.099609375,8914.7998046875,0
2026-06-16 06:00:00,8915.2998046875,8917.7001953125,8914.5,8917.7001953125,0
2026-06-17 00:00:00,8892.099609375,8925.400390625,8888.099609375,8905.0,0
2026-06-17 01:00:00,8904.5,8967.7001953125,8897.7001953125,8967.0,0
2026-06-17 02:00:00,8966.900390625,8976.7998046875,8961.7001953125,8965.400390625,0
2026-06-17 03:00:00,8965.2998046875,8965.900390625,8950.900390625,8960.2998046875,0
2026-06-17 04:00:00,8958.5,8969.7001953125,8951.0,8960.2998046875,0
2026-06-17 05:00:00,8960.5,8970.7998046875,8959.2001953125,8965.2001953125,0
2026-06-17 06:00:00,8966.2001953125,8966.2998046875,8966.2001953125,8966.2998046875,0
2026-06-18 00:00:00,8944.400390625,8983.7998046875,8935.2998046875,8937.900390625,0
2026-06-18 01:00:00,8937.2001953125,8949.599609375,8922.2998046875,8927.2001953125,0
2026-06-18 02:00:00,8927.0,8934.599609375,8916.7998046875,8919.099609375,0
2026-06-18 03:00:00,8920.5,8928.599609375,8912.2998046875,8920.599609375,0
2026-06-18 04:00:00,8920.2001953125,8930.900390625,8917.7001953125,8917.7001953125,0
2026-06-18 05:00:00,8919.0,8937.900390625,8914.5,8922.2998046875,0
2026-06-18 06:00:00,8922.2998046875,8922.2998046875,8911.099609375,8911.099609375,0
2026-06-19 00:00:00,8858.5,8858.5,8816.599609375,8828.0,0
2026-06-19 01:00:00,8827.7998046875,8828.599609375,8812.7001953125,8821.099609375,0
2026-06-19 02:00:00,8821.7001953125,8835.2001953125,8816.900390625,8821.400390625,0
2026-06-19 03:00:00,8821.0,8822.7001953125,8811.400390625,8814.400390625,0
2026-06-19 04:00:00,8815.7998046875,8817.400390625,8802.599609375,8807.900390625,0
2026-06-19 05:00:00,8808.099609375,8823.099609375,8806.0,8822.7001953125,0
2026-06-19 06:00:00,8823.400390625,8828.7001953125,8823.400390625,8828.7001953125,0
2026-06-22 00:00:00,8800.099609375,8841.099609375,8793.7998046875,8839.0,0
2026-06-22 01:00:00,8837.7998046875,8851.7998046875,8828.400390625,8829.7001953125,0
2026-06-22 02:00:00,8830.900390625,8841.5,8827.400390625,8831.2001953125,0
2026-06-22 03:00:00,8830.2001953125,8830.2001953125,8818.5,8820.599609375,0
2026-06-22 04:00:00,8821.7001953125,8829.7998046875,8812.7001953125,8818.2998046875,0
2026-06-22 05:00:00,8819.099609375,8825.7001953125,8817.7998046875,8822.900390625,0
2026-06-22 06:00:00,8821.7998046875,8821.7998046875,8816.099609375,8816.099609375,0
2026-06-23 00:00:00,8833.2001953125,8849.900390625,8798.400390625,8826.7001953125,0
2026-06-23 01:00:00,8830.0,8833.599609375,8808.099609375,8820.2998046875,0
2026-06-23 02:00:00,8820.7001953125,8831.599609375,8811.7998046875,8824.0,0
2026-06-23 03:00:00,8823.900390625,8823.900390625,8798.7001953125,8819.900390625,0
2026-06-23 04:00:00,8821.0,8826.900390625,8785.599609375,8785.599609375,0
2026-06-23 05:00:00,8785.5,8795.400390625,8777.7998046875,8783.099609375,0
2026-06-23 06:00:00,8783.2998046875,8787.0,8782.7001953125,8787.0,0
2026-06-24 00:00:00,8794.099609375,8813.5,8785.400390625,8792.099609375,0
2026-06-24 01:00:00,8792.5,8823.2001953125,8787.2001953125,8815.7998046875,0
2026-06-24 02:00:00,8817.400390625,8819.5,8789.2001953125,8789.7001953125,0
2026-06-24 03:00:00,8789.0,8806.7001953125,8786.400390625,8801.2998046875,0
2026-06-24 04:00:00,8803.900390625,8803.900390625,8784.400390625,8794.7998046875,0
2026-06-24 05:00:00,8796.0,8812.5,8792.2001953125,8807.2001953125,0
2026-06-24 06:00:00,8806.400390625,8808.400390625,8806.2998046875,8808.400390625,0
2026-06-25 00:00:00,8796.7998046875,8800.900390625,8756.2001953125,8766.599609375,0
2026-06-25 01:00:00,8765.7001953125,8797.0,8761.2998046875,8781.599609375,0
2026-06-25 02:00:00,8782.599609375,8783.099609375,8770.0,8780.099609375,0
2026-06-25 03:00:00,8779.2998046875,8782.599609375,8768.5,8773.7998046875,0
2026-06-25 04:00:00,8775.0,8775.0,8757.5,8760.599609375,0
2026-06-25 05:00:00,8761.5,8783.7001953125,8748.7001953125,8750.5,0
2026-06-25 06:00:00,8749.7001953125,8749.7001953125,8748.7001953125,8748.7001953125,0
2026-06-26 00:00:00,8764.0,8774.5,8746.7001953125,8754.0,0
2026-06-26 01:00:00,8753.0,8772.0,8742.400390625,8762.5,0
2026-06-26 02:00:00,8763.5,8773.900390625,8728.2001953125,8732.5,0
2026-06-26 03:00:00,8732.900390625,8744.2998046875,8708.099609375,8744.2998046875,0
2026-06-26 04:00:00,8744.5,8753.2998046875,8740.099609375,8753.0,0
2026-06-26 05:00:00,8752.7001953125,8769.2001953125,8749.7001953125,8761.900390625,0
2026-06-26 06:00:00,8761.7001953125,8764.2001953125,8761.7001953125,8764.2001953125,0
2026-06-29 00:00:00,8774.0,8822.0,8771.2998046875,8794.400390625,0
2026-06-29 01:00:00,8795.7998046875,8797.7998046875,8771.099609375,8778.0,0
2026-06-29 02:00:00,8778.599609375,8786.7001953125,8767.0,8782.2998046875,0
2026-06-29 03:00:00,8781.7001953125,8796.0,8780.599609375,8796.0,0
2026-06-29 04:00:00,8795.400390625,8801.2998046875,8791.0,8792.400390625,0
2026-06-29 05:00:00,8792.2001953125,8814.2998046875,8791.400390625,8812.900390625,0
2026-06-29 06:00:00,8813.400390625,8823.400390625,8813.2001953125,8823.400390625,0
2026-06-30 00:00:00,8828.400390625,8832.900390625,8816.5,8825.2001953125,0
2026-06-30 01:00:00,8827.599609375,8836.400390625,8818.2998046875,8832.7001953125,0
2026-06-30 02:00:00,8833.400390625,8833.400390625,8814.7998046875,8820.900390625,0
2026-06-30 03:00:00,8821.0,8828.5,8816.0,8822.2001953125,0
2026-06-30 04:00:00,8822.7998046875,8826.599609375,8805.2998046875,8805.7998046875,0
2026-06-30 05:00:00,8805.400390625,8810.400390625,8789.2998046875,8792.2998046875,0
2026-06-30 06:00:00,8790.7001953125,8790.7001953125,8778.7001953125,8778.7001953125,0
2026-07-01 00:00:00,8795.7998046875,8795.7998046875,8727.099609375,8753.599609375,0
2026-07-01 01:00:00,8753.7998046875,8766.599609375,8736.7001953125,8744.599609375,0
2026-07-01 02:00:00,8743.099609375,8746.7998046875,8721.400390625,8733.7001953125,0
2026-07-01 03:00:00,8734.2998046875,8740.7001953125,8725.0,8727.099609375,0
2026-07-01 04:00:00,8726.900390625,8729.099609375,8711.400390625,8725.400390625,0
2026-07-01 05:00:00,8726.5,8730.400390625,8714.5,8724.0,0
2026-07-01 06:00:00,8722.5,8722.900390625,8722.5,8722.900390625,0
2026-07-02 00:00:00,8704.7998046875,8706.2001953125,8656.2001953125,8702.900390625,0
2026-07-02 01:00:00,8704.099609375,8729.400390625,8702.0,8717.0,0
2026-07-02 02:00:00,8716.599609375,8720.7998046875,8706.5,8711.900390625,0
2026-07-02 03:00:00,8711.599609375,8724.599609375,8707.7001953125,8722.400390625,0
2026-07-02 04:00:00,8721.7998046875,8723.599609375,8706.7001953125,8715.7001953125,0
2026-07-02 05:00:00,8715.2001953125,8724.900390625,8712.7998046875,8719.2998046875,0
2026-07-02 06:00:00,8717.5,8724.5,8717.400390625,8724.5,0
2026-07-03 00:00:00,8763.2998046875,8789.0,8751.2998046875,8784.5,0
2026-07-03 01:00:00,8786.7998046875,8838.2001953125,8786.7998046875,8810.400390625,0
2026-07-03 02:00:00,8810.0,8842.7998046875,8810.0,8842.7998046875,0
2026-07-03 03:00:00,8841.900390625,8845.0,8832.7001953125,8841.5,0
2026-07-03 04:00:00,8841.2001953125,8850.400390625,8841.2001953125,8849.5,0
2026-07-03 05:00:00,8849.7001953125,8853.7998046875,8840.900390625,8841.7998046875,0
2026-07-03 06:00:00,8840.2001953125,8844.2998046875,8840.2001953125,8844.2998046875,0
2026-07-06 00:00:00,8817.5,8855.099609375,8817.5,8850.400390625,0
2026-07-06 01:00:00,8849.0,8856.7998046875,8842.400390625,8849.2001953125,0
2026-07-06 02:00:00,8849.5,8852.2998046875,8830.2001953125,8831.7001953125,0
2026-07-06 03:00:00,8830.5,8831.400390625,8820.2001953125,8822.7001953125,0
2026-07-06 04:00:00,8822.900390625,8835.0,8821.599609375,8834.400390625,0
2026-07-06 05:00:00,8835.2001953125,8835.400390625,8820.7001953125,8821.0,0
2026-07-06 06:00:00,8821.400390625,8831.0,8821.099609375,8831.0,0
2026-07-07 00:00:00,8837.2998046875,8837.2998046875,8790.2998046875,8801.400390625,0
2026-07-07 01:00:00,8801.5,8843.2998046875,8800.599609375,8834.2001953125,0
2026-07-07 02:00:00,8832.2998046875,8835.7998046875,8814.400390625,8815.099609375,0
2026-07-07 03:00:00,8815.599609375,8817.7998046875,8796.099609375,8807.400390625,0
2026-07-07 04:00:00,8806.5,8808.400390625,8791.400390625,8793.0,0
2026-07-07 05:00:00,8791.7998046875,8807.7998046875,8786.900390625,8807.7998046875,0
2026-07-07 06:00:00,8808.099609375,8808.2001953125,8803.900390625,8803.900390625,0
2026-07-08 00:00:00,8733.5,8733.5,8676.7001953125,8711.5,0
2026-07-08 01:00:00,8708.7998046875,8724.0,8692.400390625,8723.7001953125,0
2026-07-08 02:00:00,8724.2001953125,8724.2001953125,8694.900390625,8712.2998046875,0
2026-07-08 03:00:00,8713.7001953125,8748.400390625,8713.7001953125,8734.7001953125,0
2026-07-08 04:00:00,8734.900390625,8762.0,8733.0,8756.599609375,0
2026-07-08 05:00:00,8757.599609375,8765.5,8754.7001953125,8762.5,0
2026-07-08 06:00:00,8761.0,8785.099609375,8761.0,8785.099609375,0
2026-07-09 00:00:00,8717.7998046875,8726.0,8700.5,8721.7998046875,0
2026-07-09 01:00:00,8721.2998046875,8737.099609375,8713.099609375,8723.2001953125,0
2026-07-09 02:00:00,8723.7998046875,8745.0,8719.5,8719.7998046875,0
2026-07-09 03:00:00,8719.099609375,8739.099609375,8715.0,8734.400390625,0
2026-07-09 04:00:00,8734.599609375,8748.5,8734.099609375,8742.900390625,0
2026-07-09 05:00:00,8742.2998046875,8754.900390625,8736.7001953125,8754.7998046875,0
2026-07-09 06:00:00,8755.5,8762.5,8755.5,8762.5,0
2026-07-10 00:00:00,8765.599609375,8771.0,8748.599609375,8769.2998046875,0
2026-07-10 01:00:00,8768.900390625,8804.099609375,8768.900390625,8802.7001953125,0
2026-07-10 02:00:00,8802.900390625,8821.599609375,8802.900390625,8818.0,0
2026-07-10 03:00:00,8819.2001953125,8819.2001953125,8803.7998046875,8806.2001953125,0
2026-07-10 04:00:00,8805.7998046875,8805.900390625,8789.0,8790.2998046875,0
2026-07-10 05:00:00,8789.7001953125,8794.0,8786.7001953125,8792.7001953125,0
2026-07-10 06:00:00,8792.900390625,8806.0,8792.7998046875,8806.0,0
2026-07-13 00:00:00,8797.0,8823.2001953125,8786.5,8795.2998046875,0
2026-07-13 01:00:00,8796.599609375,8798.7001953125,8773.599609375,8779.2001953125,0
2026-07-13 02:00:00,8781.2001953125,8784.099609375,8771.5,8773.599609375,0
2026-07-13 03:00:00,8772.099609375,8790.900390625,8769.7998046875,8790.0,0
2026-07-13 04:00:00,8790.2998046875,8796.5,8787.599609375,8796.099609375,0
2026-07-13 05:00:00,8795.400390625,8808.900390625,8792.099609375,8798.900390625,0
2026-07-13 06:00:00,8799.7998046875,8808.5,8799.599609375,8808.5,0
2026-07-14 00:00:00,8801.0,8804.2001953125,8758.599609375,8770.900390625,0
2026-07-14 01:00:00,8771.599609375,8781.2998046875,8767.2998046875,8773.2001953125,0
2026-07-14 02:00:00,8774.2998046875,8785.099609375,8759.2001953125,8771.0,0
2026-07-14 03:00:00,8771.099609375,8771.099609375,8759.2998046875,8766.099609375,0
2026-07-14 04:00:00,8766.2001953125,8792.599609375,8764.2001953125,8791.7001953125,0
2026-07-14 05:00:00,8791.400390625,8807.7998046875,8790.400390625,8797.099609375,0
2026-07-14 06:00:00,8797.400390625,8808.5,8797.400390625,8808.5,0
2026-07-15 00:00:00,8863.099609375,8872.599609375,8845.5,8846.099609375,0
2026-07-15 01:00:00,8845.400390625,8848.0,8830.5,8838.099609375,0
2026-07-15 02:00:00,8838.0,8848.7998046875,8834.2001953125,8834.2001953125,0
2026-07-15 03:00:00,8833.7998046875,8841.5,8828.599609375,8835.599609375,0
2026-07-15 04:00:00,8835.2001953125,8838.2998046875,8825.599609375,8835.099609375,0
2026-07-15 05:00:00,8835.599609375,8835.900390625,8828.400390625,8832.099609375,0
2026-07-15 06:00:00,8831.900390625,8841.099609375,8831.900390625,8841.099609375,0
2026-07-16 00:00:00,8855.2998046875,8855.2998046875,8831.2001953125,8840.099609375,0
2026-07-16 01:00:00,8837.7001953125,8837.7001953125,8812.5,8812.5,0
2026-07-16 02:00:00,8814.2001953125,8821.2998046875,8808.099609375,8816.2001953125,0
2026-07-16 03:00:00,8815.0,8827.099609375,8815.0,8825.900390625,0
2026-07-16 04:00:00,8823.2998046875,8827.5,8817.900390625,8826.900390625,0
2026-07-16 05:00:00,8825.5,8844.0,8825.5,8839.7001953125,0
2026-07-16 06:00:00,8840.2001953125,8840.7001953125,8840.2001953125,8840.7001953125,0
2026-07-17 00:00:00,8814.900390625,8819.7001953125,8774.599609375,8781.7998046875,0
2026-07-17 01:00:00,8783.099609375,8784.099609375,8762.900390625,8763.900390625,0
2026-07-17 02:00:00,8764.7001953125,8785.099609375,8758.099609375,8785.099609375,0
2026-07-17 03:00:00,8786.599609375,8800.7998046875,8776.2998046875,8776.2998046875,0
2026-07-17 04:00:00,8776.900390625,8779.2001953125,8759.900390625,8773.0,0
2026-07-17 05:00:00,8772.400390625,8784.599609375,8762.2998046875,8783.7001953125,0
2026-07-17 06:00:00,8782.5,8796.7001953125,8782.5,8796.7001953125,0
2026-07-20 00:00:00,8836.2001953125,8836.2001953125,8800.2998046875,8816.599609375,0
2026-07-20 01:00:00,8816.5,8822.599609375,8792.099609375,8798.099609375,0
2026-07-20 02:00:00,8798.099609375,8816.400390625,8792.0,8811.900390625,0
2026-07-20 03:00:00,8812.2001953125,8815.900390625,8805.599609375,8812.0,0
2026-07-20 04:00:00,8812.0,8818.0,8801.7998046875,8811.7998046875,0
2026-07-20 05:00:00,8812.099609375,8815.099609375,8795.900390625,8796.2998046875,0
2026-07-20 06:00:00,8796.2001953125,8796.400390625,8791.2998046875,8791.2998046875,0
2026-07-21 00:00:00,8761.7998046875,8772.2998046875,8733.0,8755.5,0
2026-07-21 01:00:00,8755.2001953125,8776.900390625,8748.099609375,8764.099609375,0
2026-07-21 02:00:00,8763.7001953125,8782.5,8756.5,8782.5,0
2026-07-21 03:00:00,8783.7001953125,8800.900390625,8779.900390625,8800.0,0
2026-07-21 04:00:00,8800.099609375,8803.2998046875,8783.7998046875,8784.599609375,0
2026-07-21 05:00:00,8784.099609375,8784.2001953125,8770.7998046875,8782.099609375,0
2026-07-21 06:00:00,8783.099609375,8793.2998046875,8783.099609375,8793.2998046875,0
2026-07-22 00:00:00,8802.2998046875,8841.599609375,8797.900390625,8829.599609375,0
2026-07-22 01:00:00,8831.0,8831.0,8808.2998046875,8811.099609375,0
2026-07-22 02:00:00,8811.2001953125,8824.400390625,8808.599609375,8824.400390625,0
2026-07-22 03:00:00,8824.7001953125,8833.099609375,8818.2001953125,8819.900390625,0
2026-07-22 04:00:00,8818.900390625,8822.2998046875,8811.599609375,8812.400390625,0
2026-07-22 05:00:00,8812.0,8820.900390625,8812.0,8814.599609375,0
2026-07-22 06:00:00,8815.2998046875,8823.0,8815.2001953125,8823.0,0
2026-07-23 00:00:00,8879.5,8920.599609375,8879.5,8906.599609375,0
2026-07-23 01:00:00,8905.599609375,8926.2998046875,8874.5,8875.5,0
2026-07-23 02:00:00,8875.2998046875,8889.5,8875.2998046875,8887.2998046875,0
2026-07-23 03:00:00,8887.599609375,8887.599609375,8873.0,8876.099609375,0
2026-07-23 04:00:00,8875.900390625,8880.7001953125,8866.2998046875,8867.7998046875,0
2026-07-23 05:00:00,8866.7998046875,8867.2001953125,8843.5,8845.2001953125,0
2026-07-23 06:00:00,8844.5,8844.5,8839.0,8839.0,0
2026-07-24 00:00:00,8799.7998046875,8800.599609375,8776.7998046875,8795.0,0
2026-07-24 01:00:00,8797.5,8816.0,8793.0,8793.0,0
2026-07-24 02:00:00,8793.900390625,8795.7001953125,8742.5,8742.5,0
2026-07-24 03:00:00,8743.0,8758.7998046875,8740.5,8753.599609375,0
2026-07-24 04:00:00,8753.599609375,8765.400390625,8753.099609375,8765.400390625,0
2026-07-24 05:00:00,8765.2998046875,8777.099609375,8764.7998046875,8767.5,0
2026-07-24 06:00:00,8769.099609375,8772.2998046875,8769.099609375,8772.2998046875,0
2026-07-27 00:00:00,8857.7001953125,8863.0,8841.2998046875,8843.0,0
2026-07-27 01:00:00,8843.5,8859.2001953125,8838.099609375,8859.2001953125,0
2026-07-27 02:00:00,8857.400390625,8868.2001953125,8857.400390625,8867.0,0
2026-07-27 03:00:00,8867.2998046875,8880.099609375,8867.2998046875,8869.099609375,0
2026-07-27 04:00:00,8869.099609375,8885.0,8868.7998046875,8881.0,0
2026-07-27 05:00:00,8880.5,8893.599609375,8880.5,8887.900390625,0
2026-07-27 06:00:00,8887.7001953125,8894.0,8887.400390625,8894.0,0
2026-07-28 00:00:00,8863.7998046875,8884.5,8856.599609375,8871.0,0
2026-07-28 01:00:00,8872.5,8881.099609375,8861.099609375,8863.2001953125,0
2026-07-28 02:00:00,8863.5,8877.7001953125,8862.2998046875,8877.099609375,0
2026-07-28 03:00:00,8878.099609375,8942.2998046875,8873.2998046875,8941.599609375,0
2026-07-28 04:00:00,8941.599609375,8945.5,8928.7998046875,8933.7001953125,0
2026-07-28 05:00:00,8932.5,8939.2998046875,8929.099609375,8939.0,0
2026-07-28 06:00:00,8940.2001953125,8947.7998046875,8939.900390625,8947.7998046875,0
2026-07-29 00:00:00,9001.900390625,9066.7998046875,9001.900390625,9042.5,0
2026-07-29 01:00:00,9045.2998046875,9086.099609375,9032.7998046875,9059.2998046875,0
2026-07-29 02:00:00,9060.0,9067.0,9032.7998046875,9032.7998046875,0
2026-07-29 03:00:00,9032.7998046875,9047.7001953125,9026.599609375,9040.099609375,0
2026-07-29 04:00:00,9040.2998046875,9045.2001953125,9024.7001953125,9044.400390625,0
2026-07-29 05:00:00,9045.099609375,9051.7998046875,9034.400390625,9041.099609375,0
2026-07-29 06:00:00,9039.099609375,9039.2998046875,9038.599609375,9038.599609375,0
2026-07-30 00:00:00,9018.2998046875,9025.7998046875,8972.2998046875,8973.7998046875,0
2026-07-30 01:00:00,8975.7998046875,9014.099609375,8975.7998046875,9006.0,0
2026-07-30 02:00:00,9006.7001953125,9010.5,8983.900390625,8984.099609375,0
2026-07-30 03:00:00,8983.400390625,8987.5,8959.2001953125,8968.5,0
2026-07-30 04:00:00,8969.400390625,8974.5,8956.900390625,8957.5,0
2026-07-30 05:00:00,8957.2001953125,8966.7001953125,8951.2998046875,8959.400390625,0
2026-07-30 06:00:00,8960.0,8967.7001953125,8959.900390625,8967.7001953125,0
2026-07-31 00:00:00,9049.900390625,9059.7998046875,8999.5,8999.599609375,0
2026-07-31 01:00:00,9001.2998046875,9015.599609375,8986.0,8986.0,0
2026-07-31 02:00:00,8985.400390625,8996.5,8978.599609375,8996.400390625,0
2026-07-31 03:00:00,8995.5,9002.2998046875,8976.7998046875,8988.7998046875,0
2026-07-31 04:00:00,8988.7001953125,8994.2998046875,8983.7001953125,8986.2001953125,0
2026-07-31 05:00:00,8984.7001953125,8991.900390625,8971.599609375,8978.2001953125,0
2026-07-31 06:00:00,8977.7998046875,8977.900390625,8976.7998046875,8976.7998046875,0
2026-08-03 00:00:00,8947.2001953125,8975.900390625,8940.400390625,8971.2001953125,0
2026-08-03 01:00:00,8970.099609375,8970.099609375,8953.0,8959.2998046875,0
2026-08-03 02:00:00,8959.7001953125,8960.7998046875,8953.2001953125,8955.099609375,0
2026-08-03 03:00:00,8956.099609375,8968.900390625,8956.099609375,8965.7998046875,0
2026-08-03 04:00:00,8964.900390625,8987.0,8963.0,8980.900390625,0
2026-08-03 05:00:00,8980.7998046875,9002.7998046875,8980.099609375,8999.0,0
2026-08-03 06:00:00,8998.599609375,9019.2998046875,8998.599609375,9019.2998046875,0
2026-08-04 00:00:00,9024.7998046875,9075.099609375,9023.2998046875,9069.2998046875,0
2026-08-04 01:00:00,9070.7001953125,9135.099609375,9070.5,9134.0,0
2026-08-04 02:00:00,9134.7998046875,9134.7998046875,9115.5,9129.400390625,0
2026-08-04 03:00:00,9128.5,9139.2998046875,9124.7001953125,9139.2998046875,0
2026-08-04 04:00:00,9139.7001953125,9139.7001953125,9127.900390625,9134.2998046875,0
2026-08-04 05:00:00,9135.900390625,9140.2998046875,9131.2998046875,9137.7001953125,0
2026-08-04 06:00:00,9136.599609375,9145.7998046875,9136.400390625,9145.7998046875,0
2026-08-05 00:00:00,9176.599609375,9213.0,9140.5,9161.099609375,0
2026-08-05 01:00:00,9164.2998046875,9164.2998046875,9138.0,9164.099609375,0
2026-08-05 02:00:00,9165.7001953125,9196.099609375,9165.599609375,9194.599609375,0
2026-08-05 03:00:00,9195.5,9216.099609375,9194.900390625,9216.099609375,0
2026-08-05 04:00:00,9216.2998046875,9218.400390625,9207.5,9217.2998046875,0
2026-08-05 05:00:00,9215.5,9230.0,9211.2998046875,9224.7001953125,0
2026-08-05 06:00:00,9224.7001953125,9227.7998046875,9224.7001953125,9227.7998046875,0
2026-08-06 00:00:00,9229.7998046875,9296.7001953125,9229.7998046875,9275.0,0
2026-08-06 01:00:00,9274.2998046875,9291.099609375,9268.2001953125,9278.0,0
2026-08-06 02:00:00,9279.5,9283.400390625,9249.0,9266.0,0
2026-08-06 03:00:00,9266.5,9275.7001953125,9263.900390625,9266.0,0
2026-08-06 04:00:00,9267.099609375,9269.900390625,9252.2998046875,9262.900390625,0
2026-08-06 05:00:00,9263.099609375,9271.2001953125,9260.2998046875,9269.900390625,0
2026-08-06 06:00:00,9271.599609375,9271.599609375,9271.099609375,9271.599609375,0
2026-08-07 00:00:00,9234.099609375,9244.0,9216.7001953125,9243.5,0
2026-08-07 01:00:00,9245.2998046875,9266.0,9244.5,9252.7001953125,0
2026-08-07 02:00:00,9253.099609375,9274.2998046875,9243.900390625,9271.0,0
2026-08-07 03:00:00,9270.7998046875,9273.0,9257.0,9266.7998046875,0
2026-08-07 04:00:00,9267.0,9274.7001953125,9263.099609375,9268.599609375,0
2026-08-07 05:00:00,9269.099609375,9273.099609375,9262.0,9262.7001953125,0
2026-08-07 06:00:00,9261.7998046875,9263.599609375,9261.5,9263.599609375,0
2026-08-10 00:00:00,9260.599609375,9267.2998046875,9217.7001953125,9217.7001953125,0
2026-08-10 01:00:00,9216.599609375,9234.900390625,9204.5,9232.2998046875,0
2026-08-10 02:00:00,9232.7998046875,9235.5,9215.599609375,9220.2001953125,0
2026-08-10 03:00:00,9221.2001953125,9234.5,9221.2001953125,9224.900390625,0
2026-08-10 04:00:00,9223.599609375,9231.099609375,9216.099609375,9231.0,0
2026-08-10 05:00:00,9232.2001953125,9237.2001953125,9230.0,9232.7998046875,0
2026-08-10 06:00:00,9233.2001953125,9233.400390625,9232.599609375,9232.599609375,0
2026-08-11 00:00:00,9239.2998046875,9257.2998046875,9235.0,9248.7001953125,0
2026-08-11 01:00:00,9250.099609375,9260.900390625,9247.900390625,9252.900390625,0
2026-08-11 02:00:00,9252.2998046875,9263.7001953125,9244.2001953125,9254.7998046875,0
2026-08-11 03:00:00,9254.400390625,9267.2001953125,9254.400390625,9255.400390625,0
2026-08-11 04:00:00,9255.099609375,9282.900390625,9254.099609375,9270.2001953125,0
2026-08-11 05:00:00,9270.2001953125,9270.7998046875,9250.099609375,9253.900390625,0
2026-08-11 06:00:00,9254.7001953125,9254.7001953125,9250.599609375,9250.599609375,0
2026-08-12 00:00:00,9216.400390625,9229.400390625,9197.2998046875,9209.2998046875,0
2026-08-12 01:00:00,9208.2001953125,9212.5,9192.2998046875,9194.099609375,0
2026-08-12 02:00:00,9196.2998046875,9202.2998046875,9190.5,9196.099609375,0
2026-08-12 03:00:00,9194.2998046875,9194.900390625,9185.5,9188.2001953125,0
2026-08-12 04:00:00,9188.2998046875,9203.400390625,9187.400390625,9203.0,0
2026-08-12 05:00:00,9203.099609375,9209.2001953125,9200.900390625,9209.099609375,0
2026-08-12 06:00:00,9208.900390625,9209.400390625,9208.900390625,9209.400390625,0
2026-08-13 00:00:00,9192.7001953125,9202.2998046875,9165.7001953125,9168.099609375,0
2026-08-13 01:00:00,9168.400390625,9168.400390625,9141.2998046875,9159.099609375,0
2026-08-13 02:00:00,9156.599609375,9164.400390625,9147.7001953125,9156.900390625,0
2026-08-13 03:00:00,9157.2001953125,9170.400390625,9153.2998046875,9170.400390625,0
2026-08-13 04:00:00,9171.0,9180.5,9163.400390625,9170.2001953125,0
2026-08-13 05:00:00,9170.0,9192.5,9170.0,9190.099609375,0
2026-08-13 06:00:00,9189.7001953125,9190.099609375,9188.5,9188.5,0
2026-08-14 00:00:00,9135.2001953125,9137.7001953125,9108.2998046875,9115.900390625,0
2026-08-14 01:00:00,9116.599609375,9134.099609375,9113.5,9122.599609375,0
2026-08-14 02:00:00,9123.0,9126.2998046875,9111.099609375,9111.099609375,0
2026-08-14 03:00:00,9109.5,9115.5,9103.5,9103.5,0
2026-08-14 04:00:00,9103.2001953125,9107.400390625,9090.5,9092.400390625,0
2026-08-14 05:00:00,9092.5,9104.7998046875,9091.2001953125,9104.0,0
2026-08-14 06:00:00,9104.900390625,9115.2001953125,9104.900390625,9115.2001953125,0
2026-08-17 00:00:00,9079.400390625,9094.900390625,9077.099609375,9083.7998046875,0
2026-08-17 01:00:00,9082.400390625,9111.5,9082.400390625,9092.900390625,0
2026-08-17 02:00:00,9091.099609375,9096.0,9083.0,9083.0,0
2026-08-17 03:00:00,9082.2001953125,9090.400390625,9079.900390625,9082.2998046875,0
2026-08-17 04:00:00,9083.900390625,9087.0,9067.099609375,9070.099609375,0
2026-08-17 05:00:00,9069.5,9074.599609375,9065.099609375,9068.2001953125,0
2026-08-17 06:00:00,9065.7998046875,9073.2001953125,9065.2998046875,9073.2001953125,0
2026-08-18 00:00:00,9068.599609375,9087.900390625,9054.5,9080.099609375,0
2026-08-18 01:00:00,9080.099609375,9106.599609375,9080.099609375,9092.7998046875,0
2026-08-18 02:00:00,9094.7998046875,9094.7998046875,9083.0,9088.7001953125,0
2026-08-18 03:00:00,9089.2998046875,9095.2998046875,9071.2998046875,9077.2998046875,0
2026-08-18 04:00:00,9078.099609375,9084.400390625,9074.400390625,9082.5,0
2026-08-18 05:00:00,9082.2998046875,9090.0,9076.5,9083.2001953125,0
2026-08-18 06:00:00,9081.400390625,9081.400390625,9070.0,9070.0,0
2026-08-19 00:00:00,9034.7998046875,9060.2998046875,9019.5,9036.2998046875,0
2026-08-19 01:00:00,9036.2998046875,9047.900390625,9031.2998046875,9037.400390625,0
2026-08-19 02:00:00,9036.400390625,9040.400390625,9029.2001953125,9033.5,0
2026-08-19 03:00:00,9033.599609375,9040.099609375,9025.2001953125,9033.0,0
2026-08-19 04:00:00,9034.0,9050.599609375,9034.0,9050.099609375,0
2026-08-19 05:00:00,9049.599609375,9054.400390625,9043.900390625,9048.0,0
2026-08-19 06:00:00,9047.099609375,9053.7998046875,9046.599609375,9053.7998046875,0
2026-08-20 00:00:00,9111.2001953125,9111.2001953125,9070.099609375,9072.7998046875,0
2026-08-20 01:00:00,9071.599609375,9087.0,9064.5,9064.5,0
2026-08-20 02:00:00,9065.5,9087.400390625,9065.400390625,9082.5,0
2026-08-20 03:00:00,9083.2001953125,9083.900390625,9068.400390625,9072.2998046875,0
2026-08-20 04:00:00,9072.400390625,9073.5,9060.5,9071.2001953125,0
2026-08-20 05:00:00,9069.400390625,9080.2998046875,9067.900390625,9074.900390625,0
2026-08-20 06:00:00,9075.900390625,9083.7998046875,9075.900390625,9083.7998046875,0
2026-08-21 00:00:00,9068.099609375,9074.0,9059.7001953125,9066.0,0
2026-08-21 01:00:00,9065.7001953125,9079.2998046875,9061.400390625,9063.5,0
2026-08-21 02:00:00,9065.0,9065.0,9049.2998046875,9062.900390625,0
2026-08-21 03:00:00,9062.599609375,9064.2998046875,9049.2001953125,9052.7001953125,0
2026-08-21 04:00:00,9053.2998046875,9062.2998046875,9045.0,9055.2001953125,0
2026-08-21 05:00:00,9054.599609375,9058.5,9050.7998046875,9053.7001953125,0
2026-08-21 06:00:00,9055.5,9058.900390625,9054.7998046875,9058.900390625,0
2026-08-24 00:00:00,9099.2998046875,9099.2998046875,9070.7998046875,9096.900390625,0
2026-08-24 01:00:00,9098.7001953125,9116.599609375,9084.5,9116.599609375,0
2026-08-24 02:00:00,9116.5,9131.2998046875,9107.5,9115.2998046875,0
2026-08-24 03:00:00,9115.0,9116.0,9106.0,9106.7001953125,0
2026-08-24 04:00:00,9107.2001953125,9112.599609375,9100.900390625,9102.7998046875,0
2026-08-24 05:00:00,9103.2998046875,9107.900390625,9092.7998046875,9094.400390625,0
2026-08-24 06:00:00,9094.599609375,9102.900390625,9094.099609375,9102.900390625,0
2026-08-25 00:00:00,9111.2998046875,9152.599609375,9111.2998046875,9139.0,0
2026-08-25 01:00:00,9137.0,9179.900390625,9136.7001953125,9163.0,0
2026-08-25 02:00:00,9163.099609375,9165.7001953125,9139.900390625,9140.5,0
2026-08-25 03:00:00,9141.400390625,9165.0,9141.400390625,9151.0,0
2026-08-25 04:00:00,9151.2998046875,9162.400390625,9149.599609375,9149.7001953125,0
2026-08-25 05:00:00,9149.599609375,9167.2001953125,9149.5,9165.7998046875,0
2026-08-25 06:00:00,9165.400390625,9165.400390625,9164.599609375,9164.599609375,0
2026-08-26 00:00:00,9191.2998046875,9208.0,9179.0,9207.0,0
2026-08-26 01:00:00,9206.2998046875,9220.599609375,9174.900390625,9182.7998046875,0
2026-08-26 02:00:00,9183.599609375,9185.7001953125,9153.7998046875,9154.400390625,0
2026-08-26 03:00:00,9153.0,9153.0,9142.5,9148.900390625,0
2026-08-26 04:00:00,9148.400390625,9152.2001953125,9139.099609375,9140.599609375,0
2026-08-26 05:00:00,9140.5,9146.2998046875,9130.400390625,9134.7001953125,0
2026-08-26 06:00:00,9133.7998046875,9134.0,9127.7998046875,9127.7998046875,0
2026-08-27 00:00:00,9114.599609375,9120.900390625,9074.5,9077.099609375,0
2026-08-27 01:00:00,9079.099609375,9086.400390625,9064.5,9072.400390625,0
2026-08-27 02:00:00,9073.599609375,9075.099609375,9053.5,9055.900390625,0
2026-08-27 03:00:00,9054.2998046875,9062.2001953125,9040.099609375,9040.099609375,0
2026-08-27 04:00:00,9040.099609375,9052.099609375,9033.7998046875,9037.0,0
2026-08-27 05:00:00,9036.5,9038.0,9028.2998046875,9029.2998046875,0
2026-08-27 06:00:00,9029.099609375,9038.2001953125,9028.7998046875,9038.2001953125,0
2026-08-28 00:00:00,9050.900390625,9076.7998046875,9045.5,9067.2001953125,0
2026-08-28 01:00:00,9067.400390625,9077.5,9055.7998046875,9068.2001953125,0
2026-08-28 02:00:00,9068.099609375,9069.5,9060.5,9065.400390625,0
2026-08-28 03:00:00,9064.7998046875,9078.7998046875,9064.099609375,9067.0,0
2026-08-28 04:00:00,9067.0,9083.900390625,9066.7001953125,9079.599609375,0
2026-08-28 05:00:00,9079.7001953125,9089.2001953125,9078.2998046875,9088.099609375,0
2026-08-28 06:00:00,9085.099609375,9092.2998046875,9085.099609375,9092.2998046875,0
2026-08-31 00:00:00,9060.5,9100.5,9055.7998046875,9091.400390625,0
2026-08-31 01:00:00,9089.7998046875,9122.7001953125,9089.099609375,9091.900390625,0
2026-08-31 02:00:00,9093.0,9098.2001953125,9087.2998046875,9095.5,0
2026-08-31 03:00:00,9096.2998046875,9101.2998046875,9082.5,9083.099609375,0
2026-08-31 04:00:00,9082.7998046875,9082.7998046875,9065.599609375,9069.599609375,0
2026-08-31 05:00:00,9068.5,9080.0,9068.2998046875,9078.2001953125,0
2026-08-31 06:00:00,9077.5,9077.599609375,9076.0,9076.0,0
2026-09-01 00:00:00,9030.0,9057.599609375,9030.0,9038.599609375,0
2026-09-01 01:00:00,9039.900390625,9042.099609375,9023.7998046875,9042.099609375,0
2026-09-01 02:00:00,9041.599609375,9057.2001953125,9041.599609375,9050.2001953125,0
2026-09-01 03:00:00,9050.2998046875,9052.900390625,9035.599609375,9035.599609375,0
2026-09-01 04:00:00,9035.2001953125,9053.599609375,9034.900390625,9046.7001953125,0
2026-09-01 05:00:00,9046.7998046875,9068.5,9045.599609375,9066.099609375,0
2026-09-01 06:00:00,9065.2998046875,9066.7001953125,9065.2998046875,9066.7001953125,0
2026-09-02 00:00:00,8975.7998046875,8975.7998046875,8938.400390625,8938.400390625,0
2026-09-02 01:00:00,8937.7998046875,8970.5,8935.099609375,8961.400390625,0
2026-09-02 02:00:00,8962.7998046875,8975.2998046875,8956.5,8957.5,0
2026-09-02 03:00:00,8958.2001953125,8967.5,8953.2001953125,8961.0,0
2026-09-02 04:00:00,8961.400390625,8975.0,8961.099609375,8971.900390625,0
2026-09-02 05:00:00,8971.900390625,8988.7001953125,8971.7001953125,8974.599609375,0
2026-09-02 06:00:00,8973.900390625,8978.400390625,8973.400390625,8978.400390625,0
2026-09-03 00:00:00,8975.5,8991.0,8970.2998046875,8979.2998046875,0
2026-09-03 01:00:00,8981.0,9001.099609375,8972.599609375,9001.099609375,0
2026-09-03 02:00:00,9001.0,9023.7001953125,9001.0,9023.400390625,0
2026-09-03 03:00:00,9024.599609375,9027.900390625,9016.2001953125,9021.7001953125,0
2026-09-03 04:00:00,9022.599609375,9023.7001953125,9011.7001953125,9018.2998046875,0
2026-09-03 05:00:00,9018.599609375,9019.599609375,9004.400390625,9016.2001953125,0
2026-09-03 06:00:00,9014.900390625,9020.099609375,9014.599609375,9020.099609375,0
2026-09-04 00:00:00,9060.400390625,9060.400390625,9026.099609375,9029.2001953125,0
2026-09-04 01:00:00,9030.2001953125,9034.2001953125,9002.599609375,9007.599609375,0
2026-09-04 02:00:00,9008.2998046875,9014.400390625,9000.7998046875,9011.2998046875,0
2026-09-04 03:00:00,9010.7998046875,9012.2998046875,8997.900390625,9001.7998046875,0
2026-09-04 04:00:00,9001.5,9007.7998046875,8997.5,9006.7001953125,0
2026-09-04 05:00:00,9007.400390625,9020.900390625,9005.5,9019.7998046875,0
2026-09-04 06:00:00,9019.599609375,9019.599609375,9005.900390625,9005.900390625,0
2026-09-07 00:00:00,9014.2001953125,9044.5,9001.599609375,9029.2998046875,0
2026-09-07 01:00:00,9029.2001953125,9033.7001953125,9005.7998046875,9008.2001953125,0
2026-09-07 02:00:00,9008.900390625,9013.7001953125,9005.2001953125,9007.0,0
2026-09-07 03:00:00,9004.7998046875,9017.7998046875,9001.900390625,9010.0,0
2026-09-07 04:00:00,9010.5,9011.2998046875,8999.400390625,9009.2998046875,0
2026-09-07 05:00:00,9009.2001953125,9017.900390625,9006.5,9010.7001953125,0
2026-09-07 06:00:00,9010.7001953125,9010.900390625,9010.7001953125,9010.900390625,0
2026-09-08 00:00:00,9000.599609375,9000.7001953125,8942.900390625,8951.2998046875,0
2026-09-08 01:00:00,8954.0,8979.099609375,8934.2001953125,8976.0,0
2026-09-08 02:00:00,8977.7001953125,8982.900390625,8947.099609375,8948.599609375,0
2026-09-08 03:00:00,8949.7001953125,8959.099609375,8943.5,8945.2001953125,0
2026-09-08 04:00:00,8943.099609375,8948.5,8933.400390625,8933.400390625,0
2026-09-08 05:00:00,8933.2998046875,8934.400390625,8914.5,8918.0,0
2026-09-08 06:00:00,8918.2998046875,8920.7998046875,8918.2001953125,8920.7998046875,0
2026-09-09 00:00:00,8932.2001953125,8951.0,8896.2998046875,8901.2001953125,0
2026-09-09 01:00:00,8899.900390625,8909.400390625,8893.599609375,8902.2998046875,0
2026-09-09 02:00:00,8902.599609375,8903.400390625,8888.7998046875,8902.099609375,0
2026-09-09 03:00:00,8902.5,8904.7001953125,8899.2001953125,8901.599609375,0
2026-09-09 04:00:00,8901.2998046875,8910.5,8893.599609375,8909.2001953125,0
2026-09-09 05:00:00,8909.900390625,8922.400390625,8907.7998046875,8917.900390625,0
2026-09-09 06:00:00,8918.599609375,8918.7001953125,8911.400390625,8911.400390625,0
2026-09-10 00:00:00,8838.0,8838.0,8759.599609375,8760.5,0
2026-09-10 01:00:00,8758.7001953125,8762.5,8742.599609375,8751.5,0
2026-09-10 02:00:00,8751.5,8774.599609375,8748.7998046875,8772.599609375,0
2026-09-10 03:00:00,8773.7001953125,8783.099609375,8773.7001953125,8774.900390625,0
2026-09-10 04:00:00,8774.5,8790.5,8773.7998046875,8788.599609375,0
2026-09-10 05:00:00,8788.900390625,8805.5,8784.2998046875,8804.2001953125,0
2026-09-10 06:00:00,8804.2001953125,8819.400390625,8804.0,8819.400390625,0
2026-09-11 00:00:00,8717.5,8745.599609375,8717.5,8745.599609375,0
2026-09-11 01:00:00,8745.7998046875,8759.0,8704.900390625,8707.099609375,0
2026-09-11 02:00:00,8707.2001953125,8714.7998046875,8699.7998046875,8709.0,0
