timestamp,open,high,low,close,volume
2023-10-04 07:00:00,4084.780029296875,4087.419921875,4061.93994140625,4086.300048828125,0
2023-10-04 08:00:00,4086.2099609375,4103.47998046875,4081.9599609375,4097.58984375,0
2023-10-04 09:00:00,4096.60009765625,4114.1298828125,4094.449951171875,4112.39013671875,0
2023-10-04 10:00:00,4112.93017578125,4116.16015625,4104.68994140625,4108.56005859375,0
2023-10-04 11:00:00,4108.06982421875,4114.97998046875,4104.990234375,4112.85986328125,0
2023-10-04 12:00:00,4112.97998046875,4126.60009765625,4108.31005859375,4118.60986328125,0
2023-10-04 13:00:00,4118.4501953125,4119.39990234375,4103.2001953125,4103.35986328125,0
2023-10-04 14:00:00,4103.580078125,4103.580078125,4085.830078125,4087.179931640625,0
2023-10-04 15:00:00,4084.8701171875,4102.33984375,4084.570068359375,4099.35009765625,0
2023-10-05 07:00:00,4104.169921875,4110.2099609375,4094.669921875,4105.47021484375,0
2023-10-05 08:00:00,4105.58984375,4120.77001953125,4100.81005859375,4100.85986328125,0
2023-10-05 09:00:00,4099.89990234375,4100.35009765625,4092.030029296875,4098.7001953125,0
2023-10-05 10:00:00,4098.81982421875,4112.22998046875,4097.18994140625,4109.0400390625,0
2023-10-05 11:00:00,4108.9599609375,4118.18017578125,4101.2998046875,4116.740234375,0
2023-10-05 12:00:00,4117.06005859375,4122.52001953125,4105.72021484375,4108.0400390625,0
2023-10-05 13:00:00,4107.85986328125,4117.83984375,4104.66015625,4117.83984375,0
2023-10-05 14:00:00,4118.330078125,4118.330078125,4101.27001953125,4101.89013671875,0
2023-10-05 15:00:00,4101.89013671875,4102.490234375,4094.2099609375,4100.919921875,0
2023-10-06 07:00:00,4106.16015625,4126.89990234375,4106.16015625,4124.35986328125,0
2023-10-06 08:00:00,4124.27001953125,4128.7001953125,4115.2998046875,4116.2001953125,0
2023-10-06 09:00:00,4115.6298828125,4130.259765625,4114.0400390625,4127.89990234375,0
2023-10-06 10:00:00,4128.52001953125,4141.06982421875,4127.6201171875,4134.9501953125,0
2023-10-06 11:00:00,4135.1298828125,4141.3701171875,4132.6201171875,4133.7998046875,0
2023-10-06 12:00:00,4133.7900390625,4137.419921875,4094.5,4100.85986328125,0
2023-10-06 13:00:00,4100.89990234375,4127.509765625,4096.31005859375,4109.64013671875,0
2023-10-06 14:00:00,4109.33984375,4125.2099609375,4094.010009765625,4124.6298828125,0
2023-10-06 15:00:00,4123.990234375,4142.06982421875,4123.72998046875,4141.97998046875,0
2023-10-09 07:00:00,4139.509765625,4139.509765625,4097.93994140625,4113.830078125,0
2023-10-09 08:00:00,4115.0,4131.91015625,4106.35986328125,4131.0,0
2023-10-09 09:00:00,4131.16015625,4139.2900390625,4126.02978515625,4127.990234375,0
2023-10-09 10:00:00,4127.81005859375,4132.240234375,4121.080078125,4121.080078125,0
2023-10-09 11:00:00,4120.72998046875,4122.7900390625,4110.0400390625,4112.0400390625,0
2023-10-09 12:00:00,4112.27978515625,4119.8701171875,4107.52001953125,4107.97998046875,0
2023-10-09 13:00:00,4107.75,4124.4501953125,4107.06982421875,4124.39013671875,0
2023-10-09 14:00:00,4125.1201171875,4125.4501953125,4103.830078125,4105.68994140625,0
2023-10-09 15:00:00,4105.93017578125,4111.490234375,4103.68994140625,4111.490234375,0
2023-10-10 07:00:00,4153.81005859375,4177.47998046875,4153.81005859375,4170.5,0
2023-10-10 08:00:00,4170.4599609375,4182.27978515625,4161.9599609375,4176.77978515625,0
2023-10-10 09:00:00,4177.16015625,4179.89013671875,4170.52978515625,4178.89013671875,0
2023-10-10 10:00:00,4178.419921875,4187.06982421875,4176.240234375,4185.10986328125,0
2023-10-10 11:00:00,4184.7900390625,4187.85009765625,4173.919921875,4174.52001953125,0
2023-10-10 12:00:00,4174.64990234375,4181.77978515625,4170.9501953125,4180.27978515625,0
2023-10-10 13:00:00,4180.52001953125,4191.169921875,4179.83984375,4189.66015625,0
2023-10-10 14:00:00,4189.89013671875,4208.43017578125,4189.89013671875,4201.330078125,0
2023-10-10 15:00:00,4201.10986328125,4207.25,4201.080078125,4205.35009765625,0
2023-10-11 07:00:00,4203.83984375,4203.83984375,4172.91015625,4181.5400390625,0
2023-10-11 08:00:00,4182.0,4197.3701171875,4173.16015625,4192.14990234375,0
2023-10-11 09:00:00,4192.169921875,4198.56982421875,4187.9599609375,4190.3798828125,0
2023-10-11 10:00:00,4190.85009765625,4197.83984375,4190.02001953125,4194.77978515625,0
2023-10-11 11:00:00,4194.02001953125,4204.27978515625,4193.419921875,4203.43017578125,0
2023-10-11 12:00:00,4203.240234375,4210.66015625,4201.580078125,4210.43994140625,0
2023-10-11 13:00:00,4210.27978515625,4217.0,4203.580078125,4212.35009765625,0
2023-10-11 14:00:00,4212.93994140625,4213.97998046875,4198.02978515625,4209.259765625,0
2023-10-11 15:00:00,4209.14013671875,4212.080078125,4202.60009765625,4204.77001953125,0
2023-10-12 07:00:00,4202.7900390625,4229.77001953125,4202.7900390625,4213.27001953125,0
2023-10-12 08:00:00,4213.5,4228.25,4212.39013671875,4227.60009765625,0
2023-10-12 09:00:00,4228.33984375,4233.43994140625,4226.0400390625,4229.990234375,0
2023-10-12 10:00:00,4229.83984375,4234.490234375,4228.009765625,4228.5498046875,0
2023-10-12 11:00:00,4227.60986328125,4230.0400390625,4220.490234375,4225.47998046875,0
2023-10-12 12:00:00,4225.7001953125,4226.60986328125,4209.5400390625,4211.18017578125,0
2023-10-12 13:00:00,4210.68017578125,4212.330078125,4194.52001953125,4197.47021484375,0
2023-10-12 14:00:00,4197.9501953125,4207.830078125,4193.97998046875,4199.85009765625,0
2023-10-12 15:00:00,4199.33984375,4201.77001953125,4194.5400390625,4198.66015625,0
2023-10-13 07:00:00,4197.2998046875,4198.10009765625,4186.08984375,4187.5400390625,0
2023-10-13 08:00:00,4187.27978515625,4195.60009765625,4176.39990234375,4180.72021484375,0
2023-10-13 09:00:00,4181.2998046875,4182.89990234375,4151.27001953125,4153.259765625,0
2023-10-13 10:00:00,4153.5,4165.85009765625,4153.009765625,4164.9501953125,0
2023-10-13 11:00:00,4165.18994140625,4170.85009765625,4160.5400390625,4162.10986328125,0
2023-10-13 12:00:00,4162.35009765625,4175.81982421875,4152.919921875,4174.68017578125,0
2023-10-13 13:00:00,4175.02978515625,4178.72021484375,4166.740234375,4167.89013671875,0
2023-10-13 14:00:00,4165.83984375,4167.2900390625,4142.56982421875,4142.56982421875,0
2023-10-13 15:00:00,4143.77978515625,4143.77978515625,4133.1298828125,4136.43994140625,0
2023-10-16 07:00:00,4137.06982421875,4157.2001953125,4117.990234375,4124.0498046875,0
2023-10-16 08:00:00,4123.83984375,4134.259765625,4110.830078125,4128.490234375,0
2023-10-16 09:00:00,4128.02978515625,4134.97021484375,4124.6201171875,4133.2900390625,0
2023-10-16 10:00:00,4133.97021484375,4143.2001953125,4127.35009765625,4143.2001953125,0
2023-10-16 11:00:00,4143.5498046875,4147.60009765625,4137.6298828125,4141.81982421875,0
2023-10-16 12:00:00,4141.669921875,4147.02001953125,4134.68017578125,4146.02978515625,0
2023-10-16 13:00:00,4145.990234375,4150.080078125,4142.39990234375,4145.64013671875,0
2023-10-16 14:00:00,4147.64990234375,4163.39990234375,4144.91015625,4161.330078125,0
2023-10-16 15:00:00,4157.02001953125,4157.02001953125,4146.31982421875,4149.1201171875,0
2023-10-17 07:00:00,4148.08984375,4162.080078125,4140.83984375,4161.990234375,0
2023-10-17 08:00:00,4161.85986328125,4163.10009765625,4134.27978515625,4140.2900390625,0
2023-10-17 09:00:00,4139.81005859375,4152.47998046875,4139.81005859375,4146.39990234375,0
2023-10-17 10:00:00,4146.39990234375,4146.7001953125,4133.0,4141.77978515625,0
2023-10-17 11:00:00,4140.7998046875,4140.8701171875,4128.56982421875,4136.7900390625,0
2023-10-17 12:00:00,4137.14013671875,4137.9501953125,4118.8701171875,4120.06982421875,0
2023-10-17 13:00:00,4119.66015625,4125.669921875,4111.52001953125,4118.60009765625,0
2023-10-17 14:00:00,4116.5498046875,4146.169921875,4114.5498046875,4145.759765625,0
2023-10-17 15:00:00,4147.33984375,4151.27001953125,4145.2001953125,4150.52978515625,0
2023-10-18 07:00:00,4152.52978515625,4152.52978515625,4125.47998046875,4148.7900390625,0
2023-10-18 08:00:00,4148.72998046875,4159.259765625,4141.9501953125,4159.02978515625,0
2023-10-18 09:00:00,4158.7001953125,4161.5,4140.2001953125,4141.759765625,0
2023-10-18 10:00:00,4141.60009765625,4142.06005859375,4119.06982421875,4122.6201171875,0
2023-10-18 11:00:00,4122.4501953125,4129.06005859375,4118.68994140625,4125.43994140625,0
2023-10-18 12:00:00,4125.6201171875,4134.39013671875,4117.43994140625,4117.93994140625,0
2023-10-18 13:00:00,4117.43017578125,4123.39990234375,4101.72021484375,4105.33984375,0
2023-10-18 14:00:00,4105.6298828125,4120.22021484375,4099.89990234375,4104.509765625,0
2023-10-18 15:00:00,4105.14013671875,4110.0400390625,4101.77978515625,4107.0400390625,0
2023-10-19 07:00:00,4104.7900390625,4104.7900390625,4069.2900390625,4077.510009765625,0
2023-10-19 08:00:00,4077.030029296875,4091.56005859375,4074.239990234375,4085.760009765625,0
2023-10-19 09:00:00,4084.739990234375,4101.77001953125,4081.2099609375,4101.66015625,0
2023-10-19 10:00:00,4102.10986328125,4109.81005859375,4099.8701171875,4108.0498046875,0
2023-10-19 11:00:00,4107.91015625,4108.27978515625,4095.5,4099.009765625,0
2023-10-19 12:00:00,4098.81005859375,4104.240234375,4094.60009765625,4101.1298828125,0
2023-10-19 13:00:00,4101.2900390625,4104.2099609375,4087.47998046875,4094.47998046875,0
2023-10-19 14:00:00,4093.989990234375,4097.2099609375,4084.6298828125,4087.10009765625,0
2023-10-19 15:00:00,4087.010009765625,4091.2099609375,4085.35009765625,4089.679931640625,0
2023-10-20 07:00:00,4077.43994140625,4077.43994140625,4033.679931640625,4055.22998046875,0
2023-10-20 08:00:00,4053.449951171875,4067.389892578125,4048.030029296875,4057.760009765625,0
2023-10-20 09:00:00,4056.39990234375,4059.080078125,4037.780029296875,4053.85009765625,0
2023-10-20 10:00:00,4052.7099609375,4052.949951171875,4039.06005859375,4044.070068359375,0
2023-10-20 11:00:00,4043.949951171875,4051.02001953125,4042.8798828125,4049.31005859375,0
2023-10-20 12:00:00,4049.320068359375,4049.64990234375,4037.27001953125,4039.949951171875,0
2023-10-20 13:00:00,4040.1201171875,4057.909912109375,4040.1201171875,4054.6201171875,0
2023-10-20 14:00:00,4052.60009765625,4054.25,4029.739990234375,4035.72998046875,0
2023-10-20 15:00:00,4035.77001953125,4040.10009765625,4026.77001953125,4029.3701171875,0
2023-10-23 07:00:00,4025.47998046875,4039.260009765625,4008.239990234375,4008.699951171875,0
2023-10-23 08:00:00,4008.820068359375,4028.3701171875,4005.52001953125,4022.3701171875,0
2023-10-23 09:00:00,4022.5,4022.929931640625,3993.10009765625,3995.25,0
2023-10-23 10:00:00,3994.260009765625,4010.409912109375,3994.260009765625,4009.31005859375,0
2023-10-23 11:00:00,4009.3701171875,4021.6298828125,4005.409912109375,4013.3701171875,0
2023-10-23 12:00:00,4013.389892578125,4023.030029296875,4011.340087890625,4016.3701171875,0
2023-10-23 13:00:00,4015.669921875,4026.7099609375,4006.340087890625,4025.56005859375,0
2023-10-23 14:00:00,4027.300048828125,4038.530029296875,4024.780029296875,4032.969970703125,0
2023-10-23 15:00:00,4033.300048828125,4044.6201171875,4032.22998046875,4041.75,0
2023-10-24 07:00:00,4045.419921875,4053.68994140625,4032.830078125,4037.830078125,0
2023-10-24 08:00:00,4038.27001953125,4048.2900390625,4026.64990234375,4047.449951171875,0
2023-10-24 09:00:00,4047.239990234375,4060.89990234375,4041.590087890625,4059.18994140625,0
2023-10-24 10:00:00,4059.570068359375,4063.679931640625,4055.969970703125,4060.27001953125,0
2023-10-24 11:00:00,4060.18994140625,4061.969970703125,4055.669921875,4055.669921875,0
2023-10-24 12:00:00,4055.5400390625,4059.330078125,4050.570068359375,4058.320068359375,0
2023-10-24 13:00:00,4058.169921875,4058.860107421875,4047.4599609375,4057.35009765625,0
2023-10-24 14:00:00,4058.340087890625,4074.300048828125,4052.110107421875,4074.10009765625,0
2023-10-24 15:00:00,4074.320068359375,4074.320068359375,4060.93994140625,4062.719970703125,0
2023-10-25 07:00:00,4062.340087890625,4062.340087890625,4040.510009765625,4046.7900390625,0
2023-10-25 08:00:00,4046.8701171875,4058.2900390625,4040.929931640625,4057.10009765625,0
2023-10-25 09:00:00,4056.889892578125,4058.8798828125,4045.469970703125,4050.6201171875,0
2023-10-25 10:00:00,4049.929931640625,4064.56005859375,4044.820068359375,4064.2900390625,0
2023-10-25 11:00:00,4064.340087890625,4070.75,4063.679931640625,4066.090087890625,0
2023-10-25 12:00:00,4066.39990234375,4076.389892578125,4063.8798828125,4063.8798828125,0
2023-10-25 13:00:00,4063.6298828125,4067.159912109375,4043.3798828125,4050.010009765625,0
2023-10-25 14:00:00,4050.0400390625,4066.81005859375,4043.68994140625,4066.239990234375,0
2023-10-25 15:00:00,4065.969970703125,4081.6201171875,4065.969970703125,4073.75,0
2023-10-26 07:00:00,4070.75,4070.75,4017.739990234375,4034.699951171875,0
2023-10-26 08:00:00,4034.010009765625,4041.409912109375,4025.219970703125,4028.739990234375,0
2023-10-26 09:00:00,4029.199951171875,4043.449951171875,4026.409912109375,4033.31005859375,0
2023-10-26 10:00:00,4033.639892578125,4043.840087890625,4029.219970703125,4032.010009765625,0
2023-10-26 11:00:00,4032.179931640625,4033.199951171875,4024.409912109375,4032.699951171875,0
2023-10-26 12:00:00,4032.739990234375,4062.260009765625,4029.18994140625,4062.260009765625,0
2023-10-26 13:00:00,4062.010009765625,4065.159912109375,4051.080078125,4053.02001953125,0
2023-10-26 14:00:00,4053.75,4063.6298828125,4043.010009765625,4060.429931640625,0
2023-10-26 15:00:00,4060.830078125,4061.590087890625,4049.1201171875,4049.18994140625,0
2023-10-27 07:00:00,4056.10009765625,4068.52001953125,4022.85009765625,4038.110107421875,0
2023-10-27 08:00:00,4038.06005859375,4060.6201171875,4035.010009765625,4059.68994140625,0
2023-10-27 09:00:00,4059.929931640625,4061.760009765625,4046.8701171875,4048.669921875,0
2023-10-27 10:00:00,4049.300048828125,4057.1298828125,4039.85009765625,4039.85009765625,0
2023-10-27 11:00:00,4038.489990234375,4040.43994140625,4020.030029296875,4020.030029296875,0
2023-10-27 12:00:00,4020.110107421875,4047.3701171875,4017.8798828125,4038.389892578125,0
2023-10-27 13:00:00,4043.280029296875,4051.659912109375,4022.330078125,4028.06005859375,0
2023-10-27 14:00:00,4029.22998046875,4033.820068359375,4006.639892578125,4012.199951171875,0
2023-10-27 15:00:00,4012.7099609375,4023.89990234375,4009.8798828125,4020.780029296875,0
2023-10-30 08:00:00,4023.419921875,4042.469970703125,4023.419921875,4031.81005859375,0
2023-10-30 09:00:00,4031.949951171875,4046.510009765625,4031.949951171875,4042.419921875,0
2023-10-30 10:00:00,4042.5400390625,4050.97998046875,4034.93994140625,4046.1298828125,0
2023-10-30 11:00:00,4045.469970703125,4050.4599609375,4041.070068359375,4047.419921875,0
2023-10-30 12:00:00,4047.43994140625,4047.43994140625,4034.360107421875,4038.989990234375,0
2023-10-30 13:00:00,4039.10009765625,4048.25,4036.070068359375,4044.419921875,0
2023-10-30 14:00:00,4044.3798828125,4045.550048828125,4023.909912109375,4029.590087890625,0
2023-10-30 15:00:00,4030.6201171875,4039.31005859375,4024.3798828125,4032.39990234375,0
2023-10-30 16:00:00,4032.25,4033.6201171875,4027.7099609375,4027.7099609375,0
2023-10-31 08:00:00,4030.830078125,4057.260009765625,4026.929931640625,4057.260009765625,0
2023-10-31 09:00:00,4056.81005859375,4063.429931640625,4045.570068359375,4062.31005859375,0
2023-10-31 10:00:00,4061.989990234375,4068.510009765625,4061.0400390625,4065.2900390625,0
2023-10-31 11:00:00,4065.6298828125,4072.300048828125,4063.929931640625,4067.6201171875,0
2023-10-31 12:00:00,4067.6201171875,4073.489990234375,4063.2099609375,4065.800048828125,0
2023-10-31 13:00:00,4065.860107421875,4066.989990234375,4052.070068359375,4055.18994140625,0
2023-10-31 14:00:00,4054.260009765625,4070.340087890625,4049.659912109375,4063.929931640625,0
2023-10-31 15:00:00,4064.010009765625,4066.110107421875,4055.760009765625,4061.3798828125,0
2023-10-31 16:00:00,4062.550048828125,4062.68994140625,4053.080078125,4057.3798828125,0
2023-11-01 08:00:00,4069.64990234375,4083.179931640625,4061.219970703125,4062.070068359375,0
2023-11-01 09:00:00,4062.300048828125,4069.949951171875,4057.550048828125,4060.389892578125,0
2023-11-01 10:00:00,4060.510009765625,4061.330078125,4050.669921875,4058.64990234375,0
2023-11-01 11:00:00,4058.719970703125,4062.14990234375,4049.8701171875,4055.9599609375,0
2023-11-01 12:00:00,4055.75,4077.18994140625,4055.260009765625,4073.56005859375,0
2023-11-01 13:00:00,4073.5400390625,4099.669921875,4071.1201171875,4093.919921875,0
2023-11-01 14:00:00,4092.75,4103.64990234375,4086.06005859375,4099.83984375,0
2023-11-01 15:00:00,4099.52001953125,4101.02001953125,4084.18994140625,4097.83984375,0
2023-11-01 16:00:00,4097.97021484375,4099.22021484375,4089.0,4089.10009765625,0
2023-11-02 08:00:00,4102.08984375,4154.33984375,4102.08984375,4150.240234375,0
2023-11-02 09:00:00,4150.27001953125,4165.85009765625,4150.27001953125,4159.7099609375,0
2023-11-02 10:00:00,4159.7900390625,4166.77978515625,4155.740234375,4166.77978515625,0
2023-11-02 11:00:00,4166.2001953125,4172.14990234375,4162.93017578125,4169.41015625,0
2023-11-02 12:00:00,4169.0498046875,4175.0,4165.06982421875,4172.2001953125,0
2023-11-02 13:00:00,4172.68017578125,4176.509765625,4165.68994140625,4173.81005859375,0
2023-11-02 14:00:00,4173.58984375,4184.9501953125,4161.169921875,4184.830078125,0
2023-11-02 15:00:00,4185.06005859375,4188.31005859375,4174.6201171875,4174.6201171875,0
2023-11-02 16:00:00,4174.330078125,4174.97021484375,4164.97998046875,4169.47998046875,0
2023-11-03 08:00:00,4175.85009765625,4187.33984375,4175.85009765625,4182.0,0
2023-11-03 09:00:00,4182.22998046875,4182.27978515625,4168.66015625,4174.10009765625,0
2023-11-03 10:00:00,4174.0400390625,4175.7099609375,4167.43017578125,4170.7998046875,0
2023-11-03 11:00:00,4170.08984375,4172.68994140625,4163.85986328125,4172.580078125,0
2023-11-03 12:00:00,4172.5498046875,4193.83984375,4167.830078125,4185.509765625,0
2023-11-03 13:00:00,4185.43994140625,4195.9599609375,4182.759765625,4192.68994140625,0
2023-11-03 14:00:00,4192.58984375,4194.18017578125,4177.009765625,4182.2998046875,0
2023-11-03 15:00:00,4183.2001953125,4184.60009765625,4173.9599609375,4176.93017578125,0
2023-11-03 16:00:00,4176.240234375,4179.0,4174.27978515625,4177.6201171875,0
2023-11-06 08:00:00,4178.31982421875,4188.64990234375,4175.10986328125,4178.009765625,0
2023-11-06 09:00:00,4178.080078125,4178.080078125,4166.080078125,4166.490234375,0
2023-11-06 10:00:00,4167.08984375,4171.2998046875,4161.35986328125,4163.25,0
2023-11-06 11:00:00,4164.10009765625,4167.06005859375,4161.8798828125,4162.47998046875,0
2023-11-06 12:00:00,4162.77978515625,4167.64990234375,4160.2998046875,4164.89990234375,0
2023-11-06 13:00:00,4164.85986328125,4164.85986328125,4159.66015625,4164.0,0
2023-11-06 14:00:00,4164.080078125,4169.10009765625,4156.2998046875,4157.0498046875,0
2023-11-06 15:00:00,4157.31982421875,4162.35986328125,4152.080078125,4160.7998046875,0
2023-11-06 16:00:00,4161.72998046875,4161.97998046875,4157.64013671875,4158.64013671875,0
2023-11-07 08:00:00,4150.52001953125,4163.56982421875,4142.2900390625,4157.9501953125,0
2023-11-07 09:00:00,4157.97998046875,4158.56982421875,4143.66015625,4144.2900390625,0
2023-11-07 10:00:00,4143.93994140625,4152.89990234375,4143.259765625,4146.7900390625,0
2023-11-07 11:00:00,4146.81005859375,4146.81005859375,4135.52978515625,4140.91015625,0
2023-11-07 12:00:00,4141.0400390625,4143.97021484375,4139.009765625,4142.31005859375,0
2023-11-07 13:00:00,4142.7099609375,4152.18994140625,4139.83984375,4151.68994140625,0
2023-11-07 14:00:00,4151.52978515625,4153.31005859375,4143.97021484375,4152.52001953125,0
2023-11-07 15:00:00,4152.14013671875,4164.8798828125,4146.77978515625,4161.18994140625,0
2023-11-07 16:00:00,4161.009765625,4161.009765625,4152.669921875,4153.68994140625,0
2023-11-08 08:00:00,4148.419921875,4150.02978515625,4134.2998046875,4143.080078125,0
2023-11-08 09:00:00,4143.27001953125,4143.27001953125,4133.4599609375,4137.31982421875,0
2023-11-08 10:00:00,4137.33984375,4149.759765625,4135.58984375,4147.89013671875,0
2023-11-08 11:00:00,4147.9501953125,4158.02978515625,4147.9501953125,4154.580078125,0
2023-11-08 12:00:00,4154.490234375,4166.1298828125,4152.47998046875,4165.580078125,0
2023-11-08 13:00:00,4164.77978515625,4176.419921875,4164.77978515625,4175.68017578125,0
2023-11-08 14:00:00,4175.7900390625,4197.6298828125,4175.7900390625,4194.68017578125,0
2023-11-08 15:00:00,4195.3798828125,4195.3798828125,4176.89013671875,4177.33984375,0
2023-11-08 16:00:00,4177.009765625,4182.27978515625,4175.7900390625,4178.16015625,0
2023-11-09 08:00:00,4179.35009765625,4199.3798828125,4166.89013671875,4191.52001953125,0
2023-11-09 09:00:00,4191.18994140625,4201.47021484375,4188.4501953125,4201.0400390625,0
2023-11-09 10:00:00,4201.22998046875,4215.02001953125,4200.25,4214.08984375,0
2023-11-09 11:00:00,4214.169921875,4215.33984375,4206.58984375,4209.0498046875,0
2023-11-09 12:00:00,4209.58984375,4219.330078125,4209.58984375,4217.14013671875,0
2023-11-09 13:00:00,4217.14990234375,4221.43017578125,4215.72998046875,4215.72998046875,0
2023-11-09 14:00:00,4215.85009765625,4223.240234375,4214.7900390625,4222.89013671875,0
2023-11-09 15:00:00,4223.72998046875,4224.3701171875,4211.16015625,4223.77001953125,0
2023-11-09 16:00:00,4224.06982421875,4234.0,4224.06982421875,4229.18994140625,0
2023-11-10 08:00:00,4218.259765625,4218.259765625,4202.97998046875,4204.75,0
2023-11-10 09:00:00,4205.77001953125,4208.10009765625,4196.14990234375,4208.10009765625,0
2023-11-10 10:00:00,4207.740234375,4207.740234375,4189.4501953125,4192.9501953125,0
2023-11-10 11:00:00,4193.14013671875,4193.4599609375,4184.3798828125,4191.68994140625,0
2023-11-10 12:00:00,4191.64990234375,4202.27978515625,4189.68994140625,4199.9501953125,0
2023-11-10 13:00:00,4199.6201171875,4206.72021484375,4196.27978515625,4203.169921875,0
2023-11-10 14:00:00,4203.080078125,4203.81005859375,4193.64013671875,4194.0400390625,0
2023-11-10 15:00:00,4193.35986328125,4194.0400390625,4176.16015625,4187.39013671875,0
2023-11-10 16:00:00,4189.1201171875,4201.14990234375,4189.1201171875,4197.64990234375,0
2023-11-13 08:00:00,4205.41015625,4227.02978515625,4205.41015625,4226.2900390625,0
2023-11-13 09:00:00,4226.83984375,4234.72998046875,4225.759765625,4226.169921875,0
2023-11-13 10:00:00,4225.85009765625,4229.52001953125,4219.10986328125,4229.52001953125,0
2023-11-13 11:00:00,4228.919921875,4229.06005859375,4215.33984375,4217.7099609375,0
2023-11-13 12:00:00,4217.89013671875,4218.31005859375,4211.3798828125,4212.4501953125,0
2023-11-13 13:00:00,4212.33984375,4220.89990234375,4211.9599609375,4215.85009765625,0
2023-11-13 14:00:00,4216.4501953125,4218.830078125,4209.77978515625,4216.0,0
2023-11-13 15:00:00,4215.990234375,4224.66015625,4213.81005859375,4224.169921875,0
2023-11-13 16:00:00,4224.0,4230.3798828125,4221.0400390625,4230.3798828125,0
2023-11-14 08:00:00,4232.39990234375,4244.06005859375,4230.91015625,4243.31005859375,0
2023-11-14 09:00:00,4243.31982421875,4250.18994140625,4239.25,4242.759765625,0
2023-11-14 10:00:00,4243.68994140625,4249.18017578125,4236.0498046875,4240.5,0
2023-11-14 11:00:00,4240.22998046875,4243.080078125,4236.97021484375,4242.669921875,0
2023-11-14 12:00:00,4242.43017578125,4246.18994140625,4239.58984375,4243.259765625,0
2023-11-14 13:00:00,4243.18994140625,4282.0498046875,4240.60986328125,4275.93017578125,0
2023-11-14 14:00:00,4275.7099609375,4288.08984375,4273.31982421875,4286.1298828125,0
2023-11-14 15:00:00,4286.0400390625,4304.72021484375,4286.0400390625,4291.169921875,0
2023-11-14 16:00:00,4292.0498046875,4297.4599609375,4292.0498046875,4296.08984375,0
2023-11-15 08:00:00,4294.97998046875,4325.10009765625,4294.97998046875,4325.08984375,0
2023-11-15 09:00:00,4325.2001953125,4326.169921875,4305.1298828125,4307.33984375,0
2023-11-15 10:00:00,4307.4501953125,4318.64013671875,4306.31982421875,4316.0400390625,0
2023-11-15 11:00:00,4316.08984375,4324.33984375,4313.35009765625,4324.10009765625,0
2023-11-15 12:00:00,4324.14013671875,4324.27001953125,4315.43994140625,4321.93994140625,0
2023-11-15 13:00:00,4321.5,4326.72021484375,4311.66015625,4313.18994140625,0
2023-11-15 14:00:00,4313.2900390625,4316.490234375,4306.81982421875,4310.64013671875,0
2023-11-15 15:00:00,4310.47021484375,4318.009765625,4309.77978515625,4314.580078125,0
2023-11-15 16:00:00,4314.27001953125,4317.43017578125,4313.97021484375,4316.31982421875,0
2023-11-16 08:00:00,4315.56982421875,4323.60009765625,4308.35009765625,4319.97021484375,0
2023-11-16 09:00:00,4319.93017578125,4320.580078125,4309.56982421875,4312.93994140625,0
2023-11-16 10:00:00,4312.8701171875,4316.3798828125,4308.8798828125,4311.14013671875,0
2023-11-16 11:00:00,4311.39013671875,4312.18994140625,4306.2099609375,4308.66015625,0
2023-11-16 12:00:00,4309.2001953125,4310.81005859375,4303.25,4307.10986328125,0
2023-11-16 13:00:00,4307.10986328125,4320.6298828125,4306.2099609375,4319.2001953125,0
2023-11-16 14:00:00,4319.35986328125,4319.35986328125,4305.85986328125,4316.77978515625,0
2023-11-16 15:00:00,4317.27001953125,4317.27001953125,4304.10009765625,4306.919921875,0
2023-11-16 16:00:00,4306.8701171875,4307.39990234375,4302.89013671875,4303.02978515625,0
2023-11-17 08:00:00,4304.0,4330.8798828125,4304.0,4324.60986328125,0
2023-11-17 09:00:00,4324.4599609375,4335.7998046875,4324.4599609375,4332.25,0
2023-11-17 10:00:00,4333.1201171875,4347.52978515625,4333.1201171875,4343.580078125,0
2023-11-17 11:00:00,4343.93017578125,4343.93017578125,4334.580078125,4336.97998046875,0
2023-11-17 12:00:00,4337.0400390625,4340.39013671875,4335.4501953125,4335.64990234375,0
2023-11-17 13:00:00,4335.85009765625,4341.4501953125,4335.85009765625,4337.58984375,0
2023-11-17 14:00:00,4337.39990234375,4342.2998046875,4333.6201171875,4339.41015625,0
2023-11-17 15:00:00,4339.7001953125,4342.169921875,4336.72021484375,4339.5400390625,0
2023-11-17 16:00:00,4339.35986328125,4341.18017578125,4336.3798828125,4339.9501953125,0
2023-11-20 08:00:00,4338.39990234375,4348.490234375,4334.60986328125,4334.9599609375,0
2023-11-20 09:00:00,4334.77978515625,4340.68017578125,4333.89990234375,4339.7001953125,0
2023-11-20 10:00:00,4339.6298828125,4343.77978515625,4335.8798828125,4340.1201171875,0
2023-11-20 11:00:00,4340.16015625,4340.52001953125,4335.56982421875,4337.47998046875,0
2023-11-20 12:00:00,4337.41015625,4339.31982421875,4330.47021484375,4331.43994140625,0
2023-11-20 13:00:00,4331.5400390625,4338.990234375,4331.31005859375,4338.0498046875,0
2023-11-20 14:00:00,4337.75,4342.14990234375,4334.830078125,4341.39990234375,0
2023-11-20 15:00:00,4341.9599609375,4346.2099609375,4339.77978515625,4342.64990234375,0
2023-11-20 16:00:00,4342.64990234375,4344.68017578125,4341.56005859375,4343.64990234375,0
2023-11-21 08:00:00,4343.06982421875,4345.06982421875,4335.8798828125,4341.7998046875,0
2023-11-21 09:00:00,4341.7998046875,4344.31982421875,4335.8701171875,4337.27001953125,0
2023-11-21 10:00:00,4337.0400390625,4342.7099609375,4336.35009765625,4340.72998046875,0
2023-11-21 11:00:00,4340.740234375,4341.35009765625,4336.22021484375,4339.81005859375,0
2023-11-21 12:00:00,4339.91015625,4342.25,4334.0,4334.16015625,0
2023-11-21 13:00:00,4334.0498046875,4334.0498046875,4329.77978515625,4331.1201171875,0
2023-11-21 14:00:00,4331.02001953125,4339.259765625,4331.02001953125,4335.509765625,0
2023-11-21 15:00:00,4334.31982421875,4337.43017578125,4330.27001953125,4333.22998046875,0
2023-11-21 16:00:00,4333.080078125,4333.2001953125,4329.52978515625,4332.60009765625,0
2023-11-22 08:00:00,4335.77978515625,4347.240234375,4335.77978515625,4347.240234375,0
2023-11-22 09:00:00,4347.68017578125,4354.14013671875,4337.080078125,4338.31005859375,0
2023-11-22 10:00:00,4338.330078125,4353.4501953125,4337.97021484375,4353.06982421875,0
2023-11-22 11:00:00,4353.22021484375,4353.35009765625,4345.41015625,4345.41015625,0
2023-11-22 12:00:00,4345.2099609375,4347.7099609375,4342.97998046875,4344.81982421875,0
2023-11-22 13:00:00,4345.31982421875,4354.16015625,4344.990234375,4352.85009765625,0
2023-11-22 14:00:00,4352.669921875,4357.10009765625,4344.83984375,4348.85986328125,0
2023-11-22 15:00:00,4349.4599609375,4356.240234375,4345.14013671875,4353.9599609375,0
2023-11-22 16:00:00,4354.18017578125,4355.5,4350.6201171875,4352.02001953125,0
2023-11-23 08:00:00,4352.72998046875,4356.72021484375,4350.419921875,4356.47998046875,0
2023-11-23 09:00:00,4356.5,4358.5400390625,4351.31005859375,4355.7900390625,0
2023-11-23 10:00:00,4355.2900390625,4355.990234375,4351.419921875,4355.169921875,0
2023-11-23 11:00:00,4355.52001953125,4358.18994140625,4354.22021484375,4356.0400390625,0
2023-11-23 12:00:00,4356.06005859375,4358.509765625,4355.22021484375,4355.22021484375,0
2023-11-23 13:00:00,4355.64990234375,4360.39013671875,4355.3798828125,4358.259765625,0
2023-11-23 14:00:00,4358.3798828125,4363.60986328125,4357.9599609375,4360.14013671875,0
2023-11-23 15:00:00,4360.2001953125,4362.2001953125,4358.8798828125,4362.2001953125,0
2023-11-23 16:00:00,4362.240234375,4363.64990234375,4361.56982421875,4362.72998046875,0
2023-11-24 08:00:00,4357.9501953125,4363.740234375,4356.080078125,4358.2099609375,0
2023-11-24 09:00:00,4358.6298828125,4368.60986328125,4358.39013671875,4364.39990234375,0
2023-11-24 10:00:00,4364.0400390625,4375.830078125,4363.77978515625,4375.7998046875,0
2023-11-24 11:00:00,4375.7900390625,4375.7900390625,4367.43994140625,4369.2900390625,0
2023-11-24 12:00:00,4369.4501953125,4372.2099609375,4368.1298828125,4368.5400390625,0
2023-11-24 13:00:00,4368.66015625,4369.14990234375,4363.330078125,4368.75,0
2023-11-24 14:00:00,4369.14013671875,4370.25,4366.740234375,4369.830078125,0
2023-11-24 15:00:00,4370.27978515625,4374.27001953125,4369.91015625,4372.18017578125,0
2023-11-24 16:00:00,4372.06005859375,4374.52978515625,4371.81005859375,4372.68017578125,0
2023-11-27 08:00:00,4369.919921875,4376.7001953125,4367.919921875,4370.41015625,0
2023-11-27 09:00:00,4370.22021484375,4370.22021484375,4360.4501953125,4361.2001953125,0
2023-11-27 10:00:00,4361.31005859375,4370.72998046875,4360.509765625,4369.10009765625,0
2023-11-27 11:00:00,4369.2900390625,4369.5,4363.72998046875,4364.64990234375,0
2023-11-27 12:00:00,4364.83984375,4370.009765625,4364.83984375,4369.27978515625,0
2023-11-27 13:00:00,4369.10986328125,4372.58984375,4365.240234375,4366.85986328125,0
2023-11-27 14:00:00,4367.259765625,4370.33984375,4365.68017578125,4367.56005859375,0
2023-11-27 15:00:00,4367.75,4370.2099609375,4360.14013671875,4360.14013671875,0
2023-11-27 16:00:00,4359.759765625,4359.89990234375,4353.27001953125,4357.52001953125,0
2023-11-28 08:00:00,4350.33984375,4350.33984375,4331.240234375,4334.97021484375,0
2023-11-28 09:00:00,4334.72021484375,4339.97021484375,4328.1201171875,4337.91015625,0
2023-11-28 10:00:00,4337.8701171875,4340.43994140625,4335.10986328125,4338.490234375,0
2023-11-28 11:00:00,4338.81982421875,4340.06005859375,4333.7001953125,4333.7001953125,0
2023-11-28 12:00:00,4333.759765625,4337.169921875,4332.8701171875,4333.56005859375,0
2023-11-28 13:00:00,4333.75,4340.5,4329.91015625,4335.509765625,0
2023-11-28 14:00:00,4335.5498046875,4337.759765625,4332.64990234375,4336.2900390625,0
2023-11-28 15:00:00,4336.47021484375,4344.3798828125,4335.02978515625,4343.97021484375,0
2023-11-28 16:00:00,4344.22998046875,4347.830078125,4342.9599609375,4346.259765625,0
2023-11-29 08:00:00,4341.2998046875,4370.08984375,4341.2998046875,4367.39990234375,0
2023-11-29 09:00:00,4367.2998046875,4380.1298828125,4367.2998046875,4373.22998046875,0
2023-11-29 10:00:00,4373.06982421875,4377.4501953125,4371.60986328125,4373.47021484375,0
2023-11-29 11:00:00,4373.330078125,4374.89013671875,4369.1298828125,4372.93017578125,0
2023-11-29 12:00:00,4372.81982421875,4376.6201171875,4371.60986328125,4376.5,0
2023-11-29 13:00:00,4376.8798828125,4382.14990234375,4372.3701171875,4372.9599609375,0
2023-11-29 14:00:00,4372.9501953125,4376.2998046875,4366.93017578125,4370.91015625,0
2023-11-29 15:00:00,4371.02001953125,4380.47998046875,4363.39013671875,4379.35009765625,0
2023-11-29 16:00:00,4379.06982421875,4379.77978515625,4370.9599609375,4371.75,0
2023-11-30 08:00:00,4370.39013671875,4379.4501953125,4361.830078125,4362.22998046875,0
2023-11-30 09:00:00,4362.7998046875,4375.7998046875,4362.7998046875,4373.10986328125,0
2023-11-30 10:00:00,4373.4501953125,4385.0,4372.72021484375,4382.93017578125,0
2023-11-30 11:00:00,4382.47021484375,4385.009765625,4381.3701171875,4382.6201171875,0
2023-11-30 12:00:00,4382.56005859375,4390.7998046875,4382.56005859375,4388.43994140625,0
2023-11-30 13:00:00,4388.5400390625,4392.81005859375,4386.330078125,4387.41015625,0
2023-11-30 14:00:00,4387.72998046875,4387.77001953125,4378.35009765625,4384.18994140625,0
2023-11-30 15:00:00,4385.2099609375,4387.009765625,4377.9599609375,4381.18017578125,0
2023-11-30 16:00:00,4381.97021484375,4388.10986328125,4380.89013671875,4384.02978515625,0
2023-12-01 08:00:00,4393.0400390625,4412.58984375,4393.0400390625,4412.58984375,0
2023-12-01 09:00:00,4412.43017578125,4420.56982421875,4410.89013671875,4411.06005859375,0
2023-12-01 10:00:00,4410.89990234375,4416.18994140625,4407.759765625,4415.16015625,0
2023-12-01 11:00:00,4414.77978515625,4414.830078125,4410.02001953125,4413.1298828125,0
2023-12-01 12:00:00,4413.0400390625,4413.0400390625,4405.919921875,4406.02001953125,0
2023-12-01 13:00:00,4406.330078125,4407.830078125,4399.47998046875,4399.47998046875,0
2023-12-01 14:00:00,4399.7998046875,4407.60986328125,4396.08984375,4405.60009765625,0
2023-12-01 15:00:00,4405.3701171875,4414.919921875,4405.3701171875,4413.39013671875,0
2023-12-01 16:00:00,4413.52001953125,4418.7998046875,4406.97021484375,4417.330078125,0
2023-12-04 08:00:00,4414.2998046875,4426.5498046875,4408.31005859375,4416.27978515625,0
2023-12-04 09:00:00,4416.5,4417.009765625,4405.330078125,4410.39990234375,0
2023-12-04 10:00:00,4410.43994140625,4416.56005859375,4409.5498046875,4414.02001953125,0
2023-12-04 11:00:00,4414.080078125,4417.81982421875,4411.9501953125,4412.740234375,0
2023-12-04 12:00:00,4412.83984375,4413.740234375,4410.5498046875,4412.2998046875,0
2023-12-04 13:00:00,4412.2998046875,4414.64990234375,4409.93017578125,4411.2900390625,0
2023-12-04 14:00:00,4411.3798828125,4423.509765625,4409.990234375,4415.10986328125,0
2023-12-04 15:00:00,4416.35009765625,4423.2998046875,4412.35986328125,4413.18017578125,0
2023-12-04 16:00:00,4413.31005859375,4415.31005859375,4410.64990234375,4414.97998046875,0
2023-12-05 08:00:00,4414.330078125,4424.669921875,4412.669921875,4421.2900390625,0
2023-12-05 09:00:00,4421.240234375,4433.580078125,4421.02978515625,4430.06982421875,0
2023-12-05 10:00:00,4430.14013671875,4430.2001953125,4420.2998046875,4422.52001953125,0
2023-12-05 11:00:00,4422.02978515625,4431.06005859375,4420.02001953125,4424.72021484375,0
2023-12-05 12:00:00,4424.60009765625,4432.5400390625,4423.83984375,4432.3798828125,0
2023-12-05 13:00:00,4432.240234375,4438.8798828125,4431.85009765625,4434.2998046875,0
2023-12-05 14:00:00,4434.169921875,4441.580078125,4433.27978515625,4440.89990234375,0
2023-12-05 15:00:00,4440.7998046875,4453.91015625,4440.7998046875,4453.85009765625,0
2023-12-05 16:00:00,4454.33984375,4457.81982421875,4448.89013671875,4451.14990234375,0
2023-12-06 08:00:00,4460.330078125,4469.16015625,4459.35009765625,4463.9599609375,0
2023-12-06 09:00:00,4463.47998046875,4464.14013671875,4458.52978515625,4464.009765625,0
2023-12-06 10:00:00,4464.2099609375,4469.7998046875,4462.81982421875,4469.7998046875,0
2023-12-06 11:00:00,4469.81982421875,4473.64990234375,4468.490234375,4473.64990234375,0
2023-12-06 12:00:00,4473.22021484375,4475.5,4471.419921875,4475.2998046875,0
2023-12-06 13:00:00,4475.25,4483.66015625,4475.2001953125,4483.259765625,0
2023-12-06 14:00:00,4483.02001953125,4485.0498046875,4481.10986328125,4484.58984375,0
2023-12-06 15:00:00,4484.3701171875,4495.25,4483.72998046875,4488.990234375,0
2023-12-06 16:00:00,4489.1201171875,4489.83984375,4483.259765625,4483.259765625,0
2023-12-07 08:00:00,4480.52001953125,4480.52001953125,4470.52978515625,4472.52978515625,0
2023-12-07 09:00:00,4472.259765625,4475.97021484375,4469.2900390625,4474.68017578125,0
2023-12-07 10:00:00,4474.5400390625,4477.18994140625,4470.259765625,4475.08984375,0
2023-12-07 11:00:00,4474.93017578125,4478.14013671875,4474.06982421875,4475.759765625,0
2023-12-07 12:00:00,4475.52978515625,4477.83984375,4469.330078125,4469.89013671875,0
2023-12-07 13:00:00,4469.5400390625,4471.60986328125,4466.669921875,4469.27001953125,0
2023-12-07 14:00:00,4469.2099609375,4472.39990234375,4466.43994140625,4470.990234375,0
2023-12-07 15:00:00,4470.72998046875,4474.93994140625,4465.25,4474.93994140625,0
2023-12-07 16:00:00,4475.16015625,4479.169921875,4470.56005859375,4473.7998046875,0
2023-12-08 08:00:00,4477.0400390625,4492.8798828125,4477.0400390625,4491.93994140625,0
2023-12-08 09:00:00,4491.8798828125,4507.43994140625,4491.7099609375,4502.14990234375,0
2023-12-08 10:00:00,4502.3701171875,4509.9599609375,4501.89013671875,4502.89013671875,0
2023-12-08 11:00:00,4502.64990234375,4503.10009765625,4493.60986328125,4493.9501953125,0
2023-12-08 12:00:00,4494.39990234375,4498.7001953125,4492.2099609375,4497.2998046875,0
2023-12-08 13:00:00,4497.009765625,4508.22021484375,4488.919921875,4502.97998046875,0
2023-12-08 14:00:00,4503.080078125,4519.7998046875,4500.14990234375,4515.35009765625,0
2023-12-08 15:00:00,4515.60986328125,4531.5400390625,4515.60986328125,4531.35986328125,0
2023-12-08 16:00:00,4531.43994140625,4531.43994140625,4519.02978515625,4522.93017578125,0
2023-12-11 08:00:00,4522.7900390625,4527.2900390625,4519.6201171875,4521.669921875,0
2023-12-11 09:00:00,4521.35009765625,4532.7998046875,4521.14013671875,4522.43994140625,0
2023-12-11 10:00:00,4522.68017578125,4530.509765625,4522.60009765625,4524.02978515625,0
2023-12-11 11:00:00,4524.169921875,4530.669921875,4520.97021484375,4530.5400390625,0
2023-12-11 12:00:00,4530.919921875,4539.580078125,4530.31982421875,4539.5498046875,0
2023-12-11 13:00:00,4539.39013671875,4540.64013671875,4530.4599609375,4530.64990234375,0
2023-12-11 14:00:00,4530.5,4538.490234375,4529.669921875,4538.490234375,0
2023-12-11 15:00:00,4538.990234375,4542.22998046875,4536.2001953125,4540.66015625,0
2023-12-11 16:00:00,4540.39013671875,4544.1298828125,4539.31982421875,4543.47998046875,0
2023-12-12 08:00:00,4544.41015625,4555.27978515625,4544.41015625,4552.1298828125,0
2023-12-12 09:00:00,4551.6298828125,4561.10986328125,4551.1298828125,4558.89013671875,0
2023-12-12 10:00:00,4559.009765625,4559.009765625,4539.330078125,4539.490234375,0
2023-12-12 11:00:00,4538.7998046875,4543.2998046875,4537.2099609375,4538.2900390625,0
2023-12-12 12:00:00,4537.2998046875,4540.77978515625,4536.56005859375,4538.5400390625,0
2023-12-12 13:00:00,4538.33984375,4552.72998046875,4537.169921875,4537.330078125,0
2023-12-12 14:00:00,4537.39013671875,4545.18994140625,4535.0400390625,4543.830078125,0
2023-12-12 15:00:00,4543.580078125,4545.77001953125,4541.4599609375,4543.08984375,0
2023-12-12 16:00:00,4543.22021484375,4543.22021484375,4537.31982421875,4537.85986328125,0
2023-12-13 08:00:00,4539.4501953125,4551.740234375,4536.18017578125,4551.740234375,0
2023-12-13 09:00:00,4553.8798828125,4554.1298828125,4544.81005859375,4550.75,0
2023-12-13 10:00:00,4550.68017578125,4552.47998046875,4545.43994140625,4545.60986328125,0
2023-12-13 11:00:00,4545.22998046875,4547.169921875,4541.97021484375,4547.169921875,0
2023-12-13 12:00:00,4547.31982421875,4552.10009765625,4541.77978515625,4543.89013671875,0
2023-12-13 13:00:00,4543.60009765625,4547.009765625,4540.56005859375,4547.0,0
2023-12-13 14:00:00,4546.66015625,4550.39990234375,4542.7998046875,4543.22021484375,0
2023-12-13 15:00:00,4543.8701171875,4543.8701171875,4537.16015625,4537.64013671875,0
2023-12-13 16:00:00,4537.2998046875,4538.22998046875,4528.990234375,4529.7001953125,0
2023-12-14 08:00:00,4541.47021484375,4593.10986328125,4541.47021484375,4577.7998046875,0
2023-12-14 09:00:00,4578.35986328125,4579.06982421875,4558.419921875,4567.89013671875,0
2023-12-14 10:00:00,4568.33984375,4583.64013671875,4565.8701171875,4579.919921875,0
2023-12-14 11:00:00,4580.10986328125,4580.10986328125,4563.58984375,4563.58984375,0
2023-12-14 12:00:00,4560.7900390625,4568.83984375,4560.7900390625,4565.419921875,0
2023-12-14 13:00:00,4565.06005859375,4569.2001953125,4560.759765625,4567.81005859375,0
2023-12-14 14:00:00,4567.89990234375,4570.669921875,4537.7998046875,4541.25,0
2023-12-14 15:00:00,4542.52001953125,4542.52001953125,4515.919921875,4540.2998046875,0
2023-12-14 16:00:00,4540.169921875,4543.60986328125,4536.4501953125,4541.77001953125,0
2023-12-15 08:00:00,4551.02978515625,4569.1298828125,4551.02978515625,4565.6298828125,0
2023-12-15 09:00:00,4565.81005859375,4568.52001953125,4558.43994140625,4567.8798828125,0
2023-12-15 10:00:00,4567.68994140625,4579.89990234375,4567.31005859375,4574.2900390625,0
2023-12-15 11:00:00,4575.14013671875,4575.14013671875,4560.2001953125,4564.009765625,0
2023-12-15 12:00:00,4564.06005859375,4565.35009765625,4553.97021484375,4554.0400390625,0
2023-12-15 13:00:00,4554.10009765625,4557.35986328125,4543.08984375,4545.89990234375,0
2023-12-15 14:00:00,4545.97998046875,4553.990234375,4542.10986328125,4550.18994140625,0
2023-12-15 15:00:00,4550.33984375,4559.60986328125,4549.7099609375,4554.22021484375,0
2023-12-15 16:00:00,4554.31982421875,4558.47021484375,4550.1201171875,4554.580078125,0
2023-12-18 08:00:00,4540.1201171875,4540.1201171875,4526.18994140625,4535.6201171875,0
2023-12-18 09:00:00,4536.31005859375,4541.08984375,4531.35009765625,4537.64990234375,0
2023-12-18 10:00:00,4537.5400390625,4541.419921875,4531.1201171875,4531.43994140625,0
2023-12-18 11:00:00,4531.509765625,4537.81982421875,4528.35009765625,4530.68994140625,0
2023-12-18 12:00:00,4530.2998046875,4537.8798828125,4526.3701171875,4530.72021484375,0
2023-12-18 13:00:00,4530.81005859375,4534.97021484375,4526.8701171875,4532.31005859375,0
2023-12-18 14:00:00,4532.10986328125,4532.240234375,4519.1201171875,4521.77001953125,0
2023-12-18 15:00:00,4521.6298828125,4523.08984375,4513.10009765625,4516.22021484375,0
2023-12-18 16:00:00,4515.64013671875,4521.35986328125,4514.740234375,4520.58984375,0
2023-12-19 08:00:00,4522.1298828125,4535.64990234375,4519.27978515625,4523.1201171875,0
2023-12-19 09:00:00,4523.14013671875,4533.89990234375,4521.35986328125,4530.14990234375,0
2023-12-19 10:00:00,4529.8701171875,4535.81005859375,4525.43017578125,4529.91015625,0
2023-12-19 11:00:00,4529.89990234375,4534.8701171875,4528.740234375,4528.740234375,0
2023-12-19 12:00:00,4528.68017578125,4537.0,4527.22998046875,4534.6201171875,0
2023-12-19 13:00:00,4534.31982421875,4536.509765625,4531.97998046875,4533.93994140625,0
2023-12-19 14:00:00,4533.75,4535.669921875,4528.830078125,4534.41015625,0
2023-12-19 15:00:00,4534.18994140625,4538.31982421875,4529.5498046875,4534.89990234375,0
2023-12-19 16:00:00,4534.8798828125,4537.91015625,4533.7099609375,4536.7099609375,0
2023-12-20 08:00:00,4538.1201171875,4546.06005859375,4529.77001953125,4530.06005859375,0
2023-12-20 09:00:00,4529.81982421875,4530.14990234375,4515.52001953125,4526.9501953125,0
2023-12-20 10:00:00,4526.740234375,4531.31005859375,4524.91015625,4525.1201171875,0
2023-12-20 11:00:00,4525.1298828125,4532.58984375,4525.0498046875,4529.43017578125,0
2023-12-20 12:00:00,4529.93017578125,4533.27978515625,4527.56005859375,4529.91015625,0
2023-12-20 13:00:00,4529.77001953125,4539.330078125,4529.7099609375,4533.89990234375,0
2023-12-20 14:00:00,4533.7900390625,4534.85009765625,4524.25,4527.81005859375,0
2023-12-20 15:00:00,4527.93994140625,4535.72998046875,4527.93994140625,4529.22998046875,0
2023-12-20 16:00:00,4529.240234375,4537.52001953125,4529.02978515625,4533.81982421875,0
2023-12-21 08:00:00,4522.490234375,4523.7099609375,4512.9501953125,4520.2998046875,0
2023-12-21 09:00:00,4520.009765625,4522.43017578125,4514.18017578125,4515.56982421875,0
2023-12-21 10:00:00,4515.580078125,4515.68017578125,4505.35009765625,4506.22021484375,0
2023-12-21 11:00:00,4505.97021484375,4510.52001953125,4503.35986328125,4506.1201171875,0
2023-12-21 12:00:00,4506.14013671875,4510.77001953125,4504.16015625,4510.77001953125,0
2023-12-21 13:00:00,4510.580078125,4520.990234375,4510.580078125,4520.58984375,0
2023-12-21 14:00:00,4520.4501953125,4524.68994140625,4515.85986328125,4516.3798828125,0
2023-12-21 15:00:00,4516.47998046875,4521.52978515625,4511.2099609375,4519.75,0
2023-12-21 16:00:00,4519.72998046875,4524.580078125,4519.27001953125,4524.56005859375,0
2023-12-22 08:00:00,4520.60009765625,4524.06982421875,4507.080078125,4507.080078125,0
2023-12-22 09:00:00,4506.89990234375,4518.5498046875,4506.89990234375,4512.919921875,0
2023-12-22 10:00:00,4512.8798828125,4518.2998046875,4505.72998046875,4515.0400390625,0
2023-12-22 11:00:00,4515.009765625,4519.240234375,4514.66015625,4515.06005859375,0
2023-12-22 12:00:00,4514.9501953125,4518.14013671875,4513.47998046875,4517.93017578125,0
2023-12-22 13:00:00,4518.080078125,4524.85009765625,4518.080078125,4523.18994140625,0
2023-12-22 14:00:00,4523.06005859375,4528.0498046875,4521.77978515625,4523.2998046875,0
2023-12-22 15:00:00,4523.669921875,4526.43994140625,4518.97021484375,4522.0498046875,0
2023-12-22 16:00:00,4519.9599609375,4521.77001953125,4519.02978515625,4521.6298828125,0
2023-12-27 08:00:00,4521.7998046875,4542.330078125,4520.509765625,4535.240234375,0
2023-12-27 09:00:00,4535.2998046875,4535.85986328125,4527.22998046875,4531.22998046875,0
2023-12-27 10:00:00,4532.0498046875,4537.47998046875,4529.35009765625,4532.4599609375,0
2023-12-27 11:00:00,4532.43017578125,4536.22021484375,4531.52001953125,4533.60009765625,0
2023-12-27 12:00:00,4533.75,4538.35009765625,4530.43994140625,4537.259765625,0
2023-12-27 13:00:00,4537.27978515625,4542.10009765625,4533.81005859375,4533.81005859375,0
2023-12-27 14:00:00,4533.509765625,4533.68017578125,4526.18017578125,4526.8798828125,0
2023-12-27 15:00:00,4526.66015625,4529.35009765625,4523.509765625,4526.14013671875,0
2023-12-27 16:00:00,4526.31005859375,4528.72998046875,4522.6201171875,4528.72998046875,0
2023-12-28 08:00:00,4536.68017578125,4542.35986328125,4526.240234375,4526.240234375,0
2023-12-28 09:00:00,4526.3798828125,4527.35009765625,4523.2900390625,4524.66015625,0
2023-12-28 10:00:00,4524.52001953125,4529.330078125,4520.33984375,4521.419921875,0
2023-12-28 11:00:00,4521.35009765625,4525.2001953125,4514.89013671875,4518.7998046875,0
2023-12-28 12:00:00,4519.2900390625,4520.85009765625,4513.39013671875,4515.759765625,0
2023-12-28 13:00:00,4515.81005859375,4521.2998046875,4514.1298828125,4519.85986328125,0
2023-12-28 14:00:00,4519.52001953125,4522.10009765625,4515.7900390625,4519.1298828125,0
2023-12-28 15:00:00,4519.06005859375,4520.97021484375,4514.81005859375,4515.7099609375,0
2023-12-28 16:00:00,4515.919921875,4516.9599609375,4512.64013671875,4514.3798828125,0
2023-12-29 08:00:00,4518.1201171875,4534.68017578125,4518.1201171875,4530.68017578125,0
2023-12-29 09:00:00,4531.1201171875,4536.43994140625,4530.16015625,4530.43017578125,0
2023-12-29 10:00:00,4530.6298828125,4533.14013671875,4526.27978515625,4530.7998046875,0
2023-12-29 11:00:00,4530.8701171875,4533.66015625,4529.16015625,4529.7001953125,0
2023-12-29 12:00:00,4529.18994140625,4533.85986328125,4528.72021484375,4530.58984375,0
2023-12-29 13:00:00,4530.3798828125,4533.3798828125,4529.93017578125,4531.1201171875,0
2023-12-29 14:00:00,4531.25,4532.580078125,4530.2099609375,4531.259765625,0
2023-12-29 15:00:00,4531.10009765625,4533.31005859375,4527.10009765625,4528.740234375,0
2023-12-29 16:00:00,4528.509765625,4528.68994140625,4517.31005859375,4517.85009765625,0
2024-01-03 08:00:00,4514.2001953125,4515.7001953125,4493.16015625,4496.31982421875,0
2024-01-03 09:00:00,4496.169921875,4497.240234375,4471.72998046875,4471.72998046875,0
2024-01-03 10:00:00,4470.27978515625,4480.2998046875,4465.89013671875,4475.43017578125,0
2024-01-03 11:00:00,4475.490234375,4481.85986328125,4462.31982421875,4467.77978515625,0
2024-01-03 12:00:00,4467.47021484375,4467.5498046875,4455.85986328125,4460.66015625,0
2024-01-03 13:00:00,4460.93017578125,4470.33984375,4454.9501953125,4455.6201171875,0
2024-01-03 14:00:00,4455.81005859375,4456.06005859375,4439.5,4442.10009765625,0
2024-01-03 15:00:00,4442.47021484375,4451.27978515625,4433.89990234375,4442.8798828125,0
2024-01-03 16:00:00,4443.08984375,4446.89990234375,4440.68017578125,4446.02001953125,0
2024-01-04 08:00:00,4451.72021484375,4467.18994140625,4451.72021484375,4458.22998046875,0
2024-01-04 09:00:00,4457.93994140625,4466.259765625,4453.85986328125,4466.259765625,0
2024-01-04 10:00:00,4466.93017578125,4468.35009765625,4457.89013671875,4464.10009765625,0
2024-01-04 11:00:00,4464.0,4464.02001953125,4449.7099609375,4450.14990234375,0
2024-01-04 12:00:00,4450.02978515625,4457.33984375,4443.419921875,4456.72021484375,0
2024-01-04 13:00:00,4456.7900390625,4457.9599609375,4445.43017578125,4451.18994140625,0
2024-01-04 14:00:00,4451.0400390625,4463.27978515625,4447.43994140625,4456.8701171875,0
2024-01-04 15:00:00,4457.009765625,4471.68017578125,4457.009765625,4470.490234375,0
2024-01-04 16:00:00,4470.4599609375,4476.72021484375,4469.41015625,4475.10009765625,0
2024-01-05 08:00:00,4458.740234375,4458.740234375,4434.93017578125,4439.10986328125,0
2024-01-05 09:00:00,4438.7900390625,4441.5,4427.10986328125,4430.4599609375,0
2024-01-05 10:00:00,4429.7998046875,4436.5400390625,4418.080078125,4426.2998046875,0
2024-01-05 11:00:00,4426.75,4433.02001953125,4421.89013671875,4432.64013671875,0
2024-01-05 12:00:00,4432.56982421875,4436.02978515625,4426.60986328125,4432.10009765625,0
2024-01-05 13:00:00,4432.22998046875,4444.31005859375,4421.77001953125,4441.580078125,0
2024-01-05 14:00:00,4441.490234375,4462.3798828125,4439.669921875,4458.7099609375,0
2024-01-05 15:00:00,4458.60986328125,4474.8798828125,4458.60986328125,4473.35986328125,0
2024-01-05 16:00:00,4472.91015625,4473.06982421875,4462.83984375,4463.009765625,0
2024-01-08 08:00:00,4461.7998046875,4470.41015625,4455.81005859375,4461.419921875,0
2024-01-08 09:00:00,4460.830078125,4461.39013671875,4438.490234375,4453.2099609375,0
2024-01-08 10:00:00,4452.77978515625,4461.7998046875,4452.27001953125,4456.2099609375,0
2024-01-08 11:00:00,4456.58984375,4462.27001953125,4452.7998046875,4460.10009765625,0
2024-01-08 12:00:00,4460.39990234375,4466.35986328125,4459.81005859375,4466.35986328125,0
2024-01-08 13:00:00,4466.5,4472.25,4464.43994140625,4466.60009765625,0
2024-01-08 14:00:00,4466.56982421875,4483.89013671875,4466.27978515625,4483.75,0
2024-01-08 15:00:00,4485.5400390625,4486.83984375,4480.91015625,4482.18017578125,0
2024-01-08 16:00:00,4481.77978515625,4485.68017578125,4477.22021484375,4483.68994140625,0
2024-01-09 08:00:00,4486.990234375,4486.990234375,4462.77001953125,4472.419921875,0
2024-01-09 09:00:00,4472.41015625,4476.35009765625,4458.009765625,4474.240234375,0
2024-01-09 10:00:00,4473.77978515625,4473.77978515625,4465.31005859375,4466.580078125,0
2024-01-09 11:00:00,4466.64013671875,4467.75,4451.56982421875,4454.77978515625,0
2024-01-09 12:00:00,4454.64990234375,4464.52001953125,4452.25,4461.77978515625,0
2024-01-09 13:00:00,4461.669921875,4461.89990234375,4446.6201171875,4452.27001953125,0
2024-01-09 14:00:00,4452.31005859375,4456.7099609375,4449.41015625,4454.85986328125,0
2024-01-09 15:00:00,4455.2099609375,4471.91015625,4451.169921875,4467.43017578125,0
2024-01-09 16:00:00,4467.02001953125,4470.91015625,4465.14013671875,4469.41015625,0
2024-01-10 08:00:00,4467.14990234375,4473.56005859375,4460.08984375,4470.81005859375,0
2024-01-10 09:00:00,4470.85009765625,4484.7998046875,4469.7998046875,4479.47998046875,0
2024-01-10 10:00:00,4479.52978515625,4480.240234375,4465.9599609375,4468.02001953125,0
2024-01-10 11:00:00,4468.0498046875,4471.22998046875,4459.5400390625,4461.66015625,0
2024-01-10 12:00:00,4461.58984375,4472.60009765625,4461.5498046875,4462.3798828125,0
2024-01-10 13:00:00,4462.2001953125,4473.02978515625,4460.10986328125,4462.02978515625,0
2024-01-10 14:00:00,4461.81982421875,4471.27978515625,4460.830078125,4465.18994140625,0
2024-01-10 15:00:00,4465.1201171875,4469.330078125,4459.89990234375,4469.330078125,0
2024-01-10 16:00:00,4469.18017578125,4470.35009765625,4466.52001953125,4469.60009765625,0
2024-01-11 08:00:00,4481.39990234375,4510.009765625,4481.39990234375,4507.41015625,0
2024-01-11 09:00:00,4507.169921875,4507.169921875,4483.2900390625,4487.66015625,0
2024-01-11 10:00:00,4487.56982421875,4489.2998046875,4475.0400390625,4481.14990234375,0
2024-01-11 11:00:00,4481.1298828125,4486.35986328125,4480.0400390625,4480.83984375,0
2024-01-11 12:00:00,4480.669921875,4486.3798828125,4476.77978515625,4479.60986328125,0
2024-01-11 13:00:00,4479.72998046875,4486.81005859375,4463.43017578125,4463.43017578125,0
2024-01-11 14:00:00,4463.39990234375,4488.81005859375,4461.52978515625,4477.52978515625,0
2024-01-11 15:00:00,4478.18994140625,4478.18994140625,4444.0400390625,4444.08984375,0
2024-01-11 16:00:00,4444.02001953125,4448.009765625,4441.4599609375,4442.27978515625,0
2024-01-12 08:00:00,4453.240234375,4492.77001953125,4453.240234375,4487.64013671875,0
2024-01-12 09:00:00,4487.89990234375,4491.3798828125,4479.1201171875,4479.89990234375,0
2024-01-12 10:00:00,4479.830078125,4489.1201171875,4476.4599609375,4478.7099609375,0
2024-01-12 11:00:00,4478.7998046875,4484.81982421875,4459.2998046875,4466.52978515625,0
2024-01-12 12:00:00,4467.5400390625,4470.68017578125,4462.5,4464.0,0
2024-01-12 13:00:00,4463.2900390625,4476.009765625,4462.5498046875,4475.97998046875,0
2024-01-12 14:00:00,4476.419921875,4492.080078125,4475.22021484375,4481.2900390625,0
2024-01-12 15:00:00,4479.68994140625,4484.7001953125,4470.93017578125,4474.85009765625,0
2024-01-12 16:00:00,4474.72021484375,4477.41015625,4472.580078125,4476.06982421875,0
2024-01-15 08:00:00,4483.97998046875,4489.490234375,4462.919921875,4463.41015625,0
2024-01-15 09:00:00,4463.35009765625,4476.66015625,4457.5498046875,4470.18017578125,0
2024-01-15 10:00:00,4470.2001953125,4473.990234375,4465.72998046875,4472.68994140625,0
2024-01-15 11:00:00,4472.56982421875,4472.81005859375,4461.6201171875,4464.2001953125,0
2024-01-15 12:00:00,4464.27001953125,4466.08984375,4459.5,4459.669921875,0
2024-01-15 13:00:00,4459.75,4461.68994140625,4453.830078125,4455.490234375,0
2024-01-15 14:00:00,4455.580078125,4457.16015625,4451.02978515625,4457.16015625,0
2024-01-15 15:00:00,4456.9599609375,4461.330078125,4454.16015625,4456.39013671875,0
2024-01-15 16:00:00,4456.6298828125,4458.81005859375,4454.93994140625,4456.43994140625,0
2024-01-16 08:00:00,4443.2099609375,4443.2099609375,4414.43994140625,4432.3798828125,0
2024-01-16 09:00:00,4432.2900390625,4443.10986328125,4430.06982421875,4435.43994140625,0
2024-01-16 10:00:00,4435.4599609375,4435.47021484375,4426.8798828125,4427.43017578125,0
2024-01-16 11:00:00,4427.919921875,4438.919921875,4426.68994140625,4438.919921875,0
2024-01-16 12:00:00,4439.14990234375,4445.830078125,4436.35986328125,4442.9501953125,0
2024-01-16 13:00:00,4442.97998046875,4443.8701171875,4432.330078125,4432.830078125,0
2024-01-16 14:00:00,4432.89013671875,4437.72998046875,4428.4599609375,4437.72998046875,0
2024-01-16 15:00:00,4438.81982421875,4448.4501953125,4436.35009765625,4447.75,0
2024-01-16 16:00:00,4447.3798828125,4447.3798828125,4439.39990234375,4446.509765625,0
2024-01-17 08:00:00,4420.60009765625,4420.60009765625,4387.97021484375,4399.18017578125,0
2024-01-17 09:00:00,4398.64013671875,4408.6298828125,4389.16015625,4404.77978515625,0
2024-01-17 10:00:00,4404.85986328125,4407.58984375,4397.85009765625,4399.91015625,0
2024-01-17 11:00:00,4400.47998046875,4405.14990234375,4396.81982421875,4403.2998046875,0
2024-01-17 12:00:00,4403.4599609375,4408.18994140625,4401.490234375,4401.72998046875,0
2024-01-17 13:00:00,4401.52978515625,4401.58984375,4390.41015625,4391.43017578125,0
2024-01-17 14:00:00,4391.72998046875,4395.7900390625,4382.97021484375,4382.97021484375,0
2024-01-17 15:00:00,4382.6201171875,4397.56982421875,4381.93017578125,4393.58984375,0
2024-01-17 16:00:00,4393.89013671875,4405.43994140625,4393.89013671875,4402.2900390625,0
2024-01-18 08:00:00,4417.56005859375,4419.740234375,4408.419921875,4413.43994140625,0
2024-01-18 09:00:00,4412.89013671875,4424.89013671875,4412.89013671875,4421.56982421875,0
2024-01-18 10:00:00,4421.509765625,4429.580078125,4415.77001953125,4429.580078125,0
2024-01-18 11:00:00,4429.5400390625,4437.52978515625,4429.5400390625,4436.97998046875,0
2024-01-18 12:00:00,4437.02978515625,4447.1298828125,4437.02978515625,4441.52001953125,0
2024-01-18 13:00:00,4441.47021484375,4447.2998046875,4434.83984375,4434.83984375,0
2024-01-18 14:00:00,4434.7099609375,4447.02001953125,4434.7099609375,4446.85986328125,0
2024-01-18 15:00:00,4447.0498046875,4455.47021484375,4442.52001953125,4447.10009765625,0
2024-01-18 16:00:00,4447.06982421875,4453.06982421875,4443.3701171875,4450.89990234375,0
2024-01-19 08:00:00,4465.2001953125,4476.77978515625,4464.919921875,4470.18017578125,0
2024-01-19 09:00:00,4470.1298828125,4472.9501953125,4458.68017578125,4466.0,0
2024-01-19 10:00:00,4466.4599609375,4466.740234375,4458.27978515625,4463.2998046875,0
2024-01-19 11:00:00,4463.22998046875,4471.740234375,4461.89990234375,4465.08984375,0
2024-01-19 12:00:00,4464.9501953125,4465.759765625,4460.2099609375,4465.759765625,0
2024-01-19 13:00:00,4465.7001953125,4469.02978515625,4452.85986328125,4452.990234375,0
2024-01-19 14:00:00,4452.97998046875,4454.14990234375,4441.52978515625,4448.43017578125,0
2024-01-19 15:00:00,4449.080078125,4453.02978515625,4437.5,4447.990234375,0
2024-01-19 16:00:00,4448.18017578125,4451.35986328125,4445.39990234375,4447.93994140625,0
2024-01-22 08:00:00,4454.4501953125,4495.43017578125,4454.4501953125,4481.6298828125,0
2024-01-22 09:00:00,4482.31005859375,4485.0,4472.18017578125,4472.75,0
2024-01-22 10:00:00,4472.7998046875,4474.97021484375,4464.72998046875,4471.080078125,0
2024-01-22 11:00:00,4471.41015625,4477.330078125,4468.81982421875,4470.009765625,0
2024-01-22 12:00:00,4469.31982421875,4472.47021484375,4465.39990234375,4468.43017578125,0
2024-01-22 13:00:00,4468.58984375,4472.5,4465.41015625,4470.3701171875,0
2024-01-22 14:00:00,4470.31982421875,4484.7099609375,4470.31982421875,4482.4501953125,0
2024-01-22 15:00:00,4482.89013671875,4485.18017578125,4479.41015625,4480.43994140625,0
2024-01-22 16:00:00,4480.2099609375,4481.169921875,4476.9501953125,4481.009765625,0
2024-01-23 08:00:00,4487.509765625,4496.39013671875,4462.2099609375,4463.31005859375,0
2024-01-23 09:00:00,4464.06982421875,4471.22998046875,4463.85009765625,4469.27978515625,0
2024-01-23 10:00:00,4469.14013671875,4469.14013671875,4462.169921875,4466.6201171875,0
2024-01-23 11:00:00,4466.7099609375,4470.0,4461.68017578125,4467.8701171875,0
2024-01-23 12:00:00,4468.3701171875,4471.72021484375,4465.22021484375,4471.6201171875,0
2024-01-23 13:00:00,4472.1298828125,4474.16015625,4465.47021484375,4465.47021484375,0
2024-01-23 14:00:00,4465.56005859375,4466.02978515625,4456.77978515625,4466.02978515625,0
2024-01-23 15:00:00,4465.77001953125,4473.830078125,4462.97021484375,4464.8798828125,0
2024-01-23 16:00:00,4464.66015625,4470.9501953125,4464.66015625,4467.06005859375,0
2024-01-24 08:00:00,4469.7900390625,4530.64990234375,4469.60009765625,4526.669921875,0
2024-01-24 09:00:00,4526.1298828125,4530.7001953125,4519.5400390625,4530.7001953125,0
2024-01-24 10:00:00,4529.81005859375,4534.60986328125,4525.68994140625,4534.5400390625,0
2024-01-24 11:00:00,4534.830078125,4544.02978515625,4534.830078125,4543.14990234375,0
2024-01-24 12:00:00,4543.10986328125,4549.0400390625,4540.93017578125,4547.31005859375,0
2024-01-24 13:00:00,4547.77001953125,4551.52001953125,4546.7998046875,4549.5400390625,0
2024-01-24 14:00:00,4549.27001953125,4560.97021484375,4547.919921875,4556.85009765625,0
2024-01-24 15:00:00,4556.72998046875,4562.97998046875,4552.509765625,4559.25,0
2024-01-24 16:00:00,4559.33984375,4563.06005859375,4556.5400390625,4562.16015625,0
2024-01-25 08:00:00,4562.33984375,4564.47021484375,4555.8798828125,4560.39013671875,0
2024-01-25 09:00:00,4560.919921875,4565.68994140625,4553.8701171875,4562.33984375,0
2024-01-25 10:00:00,4562.1298828125,4562.1298828125,4549.740234375,4551.5498046875,0
2024-01-25 11:00:00,4551.39013671875,4554.25,4547.81005859375,4550.35986328125,0
2024-01-25 12:00:00,4550.43017578125,4551.72021484375,4546.06982421875,4546.43017578125,0
2024-01-25 13:00:00,4546.490234375,4574.58984375,4545.52001953125,4569.58984375,0
2024-01-25 14:00:00,4569.41015625,4583.16015625,4569.39990234375,4580.4501953125,0
2024-01-25 15:00:00,4580.2099609375,4584.8701171875,4572.759765625,4575.9599609375,0
2024-01-25 16:00:00,4575.91015625,4583.02001953125,4574.52001953125,4582.5400390625,0
2024-01-26 08:00:00,4572.1298828125,4603.43994140625,4572.1298828125,4602.85009765625,0
2024-01-26 09:00:00,4602.52978515625,4617.72021484375,4594.97998046875,4616.35009765625,0
2024-01-26 10:00:00,4616.06005859375,4624.97998046875,4616.06005859375,4618.27001953125,0
2024-01-26 11:00:00,4618.52001953125,4628.10009765625,4616.75,4627.169921875,0
2024-01-26 12:00:00,4627.39013671875,4639.0498046875,4627.39013671875,4631.3701171875,0
2024-01-26 13:00:00,4631.39990234375,4637.18017578125,4626.1201171875,4635.1201171875,0
2024-01-26 14:00:00,4635.490234375,4635.58984375,4624.06005859375,4629.240234375,0
2024-01-26 15:00:00,4629.8798828125,4638.14013671875,4627.68994140625,4637.27978515625,0
2024-01-26 16:00:00,4637.490234375,4637.5498046875,4632.39013671875,4635.18994140625,0
2024-01-29 08:00:00,4636.77001953125,4638.33984375,4630.990234375,4631.8701171875,0
2024-01-29 09:00:00,4631.3798828125,4635.1298828125,4625.5400390625,4627.72998046875,0
2024-01-29 10:00:00,4628.31982421875,4632.72998046875,4626.35986328125,4629.9501953125,0
2024-01-29 11:00:00,4629.93017578125,4632.1201171875,4627.9599609375,4627.9599609375,0
2024-01-29 12:00:00,4628.0,4631.5,4623.56982421875,4624.2001953125,0
2024-01-29 13:00:00,4623.7099609375,4627.080078125,4622.4599609375,4626.5498046875,0
2024-01-29 14:00:00,4626.47021484375,4636.47998046875,4625.6201171875,4634.08984375,0
2024-01-29 15:00:00,4634.60009765625,4636.58984375,4630.83984375,4634.419921875,0
2024-01-29 16:00:00,4634.33984375,4638.47021484375,4634.33984375,4637.9501953125,0
2024-01-30 08:00:00,4647.41015625,4656.60009765625,4642.259765625,4653.419921875,0
2024-01-30 09:00:00,4653.240234375,4658.18017578125,4651.259765625,4658.1201171875,0
2024-01-30 10:00:00,4658.080078125,4666.509765625,4656.18017578125,4662.02978515625,0
2024-01-30 11:00:00,4662.16015625,4665.81005859375,4659.77978515625,4665.56982421875,0
2024-01-30 12:00:00,4665.330078125,4667.419921875,4657.52001953125,4658.0400390625,0
2024-01-30 13:00:00,4657.93017578125,4662.5,4653.41015625,4661.35009765625,0
2024-01-30 14:00:00,4661.2099609375,4663.43017578125,4658.31982421875,4662.97998046875,0
2024-01-30 15:00:00,4664.08984375,4664.08984375,4655.7001953125,4656.4599609375,0
2024-01-30 16:00:00,4656.33984375,4663.009765625,4656.33984375,4663.009765625,0
2024-01-31 08:00:00,4659.8701171875,4674.740234375,4659.8701171875,4670.169921875,0
2024-01-31 09:00:00,4670.8701171875,4671.06982421875,4659.16015625,4659.43994140625,0
2024-01-31 10:00:00,4659.39013671875,4661.16015625,4656.33984375,4660.66015625,0
2024-01-31 11:00:00,4660.5,4666.7998046875,4658.169921875,4665.64013671875,0
2024-01-31 12:00:00,4664.85986328125,4666.43017578125,4659.41015625,4666.39013671875,0
2024-01-31 13:00:00,4665.93017578125,4668.66015625,4663.169921875,4667.7998046875,0
2024-01-31 14:00:00,4667.64990234375,4667.64990234375,4656.68017578125,4657.669921875,0
2024-01-31 15:00:00,4657.35009765625,4657.83984375,4642.68994140625,4645.14990234375,0
2024-01-31 16:00:00,4645.08984375,4655.2001953125,4644.509765625,4647.31005859375,0
2024-02-01 08:00:00,4641.93994140625,4644.3798828125,4619.47998046875,4638.68994140625,0
2024-02-01 09:00:00,4638.39013671875,4639.2900390625,4631.66015625,4635.4599609375,0
2024-02-01 10:00:00,4635.5498046875,4640.419921875,4634.97998046875,4640.14990234375,0
2024-02-01 11:00:00,4640.41015625,4646.39013671875,4636.9599609375,4646.009765625,0
2024-02-01 12:00:00,4646.2001953125,4655.5498046875,4645.39013671875,4654.60986328125,0
2024-02-01 13:00:00,4654.72998046875,4654.72998046875,4648.68994140625,4652.490234375,0
2024-02-01 14:00:00,4652.669921875,4654.509765625,4645.64013671875,4646.919921875,0
2024-02-01 15:00:00,4647.27001953125,4656.52001953125,4630.7001953125,4630.89990234375,0
2024-02-01 16:00:00,4630.5,4632.52001953125,4626.419921875,4631.39990234375,0
2024-02-02 08:00:00,4645.77978515625,4668.22998046875,4645.77978515625,4663.58984375,0
2024-02-02 09:00:00,4663.58984375,4671.10009765625,4663.58984375,4669.47021484375,0
2024-02-02 10:00:00,4669.97998046875,4676.7099609375,4669.14990234375,4671.25,0
2024-02-02 11:00:00,4670.919921875,4672.64013671875,4665.2001953125,4672.06005859375,0
2024-02-02 12:00:00,4672.35009765625,4675.68017578125,4669.240234375,4674.31005859375,0
2024-02-02 13:00:00,4673.3701171875,4674.72998046875,4653.8701171875,4654.39990234375,0
2024-02-02 14:00:00,4653.7900390625,4663.18017578125,4651.56982421875,4654.740234375,0
2024-02-02 15:00:00,4656.27978515625,4662.759765625,4651.669921875,4658.5400390625,0
2024-02-02 16:00:00,4657.68994140625,4658.02978515625,4649.31005859375,4653.16015625,0
2024-02-05 08:00:00,4656.0498046875,4661.7998046875,4652.5,4654.43994140625,0
2024-02-05 09:00:00,4654.56982421875,4655.64990234375,4647.3701171875,4651.3701171875,0
2024-02-05 10:00:00,4651.6298828125,4664.10986328125,4651.6298828125,4662.93017578125,0
2024-02-05 11:00:00,4663.02001953125,4667.14990234375,4660.93017578125,4665.10009765625,0
2024-02-05 12:00:00,4665.27978515625,4667.39990234375,4661.08984375,4661.77978515625,0
2024-02-05 13:00:00,4661.8701171875,4663.0498046875,4645.580078125,4645.580078125,0
2024-02-05 14:00:00,4645.41015625,4654.68017578125,4644.68994140625,4653.7900390625,0
2024-02-05 15:00:00,4653.919921875,4653.919921875,4638.330078125,4646.97021484375,0
2024-02-05 16:00:00,4647.47998046875,4652.85986328125,4645.3798828125,4648.97998046875,0
2024-02-06 08:00:00,4667.5,4683.22998046875,4666.0498046875,4666.64013671875,0
2024-02-06 09:00:00,4666.2900390625,4670.14990234375,4663.14990234375,4664.7998046875,0
2024-02-06 10:00:00,4664.8701171875,4666.10009765625,4660.02001953125,4665.7099609375,0
2024-02-06 11:00:00,4665.68017578125,4667.02978515625,4660.330078125,4666.0400390625,0
2024-02-06 12:00:00,4665.97021484375,4670.5400390625,4662.77001953125,4670.3798828125,0
2024-02-06 13:00:00,4670.2001953125,4678.009765625,4670.2001953125,4675.259765625,0
2024-02-06 14:00:00,4675.14013671875,4684.83984375,4675.14013671875,4681.9501953125,0
2024-02-06 15:00:00,4681.83984375,4690.81005859375,4677.89990234375,4687.77978515625,0
2024-02-06 16:00:00,4688.52978515625,4692.43994140625,4687.14990234375,4691.52001953125,0
2024-02-07 08:00:00,4691.56982421875,4694.60986328125,4685.9599609375,4694.33984375,0
2024-02-07 09:00:00,4694.8798828125,4694.8798828125,4686.5498046875,4688.77001953125,0
2024-02-07 10:00:00,4688.77001953125,4690.25,4678.35986328125,4679.64990234375,0
2024-02-07 11:00:00,4679.509765625,4685.330078125,4678.8701171875,4681.830078125,0
2024-02-07 12:00:00,4681.97998046875,4689.72998046875,4679.2998046875,4689.10009765625,0
2024-02-07 13:00:00,4689.1298828125,4692.6201171875,4684.02001953125,4684.6201171875,0
2024-02-07 14:00:00,4684.7001953125,4689.85986328125,4680.52978515625,4682.0400390625,0
2024-02-07 15:00:00,4682.2900390625,4691.10009765625,4680.10986328125,4683.4599609375,0
2024-02-07 16:00:00,4683.35009765625,4683.35009765625,4677.919921875,4677.9599609375,0
2024-02-08 08:00:00,4687.2099609375,4694.56005859375,4682.830078125,4691.509765625,0
2024-02-08 09:00:00,4691.77001953125,4705.39013671875,4690.4501953125,4705.2998046875,0
2024-02-08 10:00:00,4705.009765625,4705.009765625,4697.080078125,4697.7900390625,0
2024-02-08 11:00:00,4697.81982421875,4703.2001953125,4693.35009765625,4703.2001953125,0
2024-02-08 12:00:00,4703.4599609375,4711.66015625,4703.43994140625,4708.91015625,0
2024-02-08 13:00:00,4709.10009765625,4717.10009765625,4708.39990234375,4715.0,0
2024-02-08 14:00:00,4715.25,4720.75,4713.58984375,4716.169921875,0
2024-02-08 15:00:00,4715.77001953125,4718.52978515625,4710.4501953125,4711.47021484375,0
2024-02-08 16:00:00,4711.39990234375,4711.4599609375,4707.68994140625,4708.1201171875,0
2024-02-09 08:00:00,4711.330078125,4719.4599609375,4702.68017578125,4710.2001953125,0
2024-02-09 09:00:00,4709.97021484375,4711.10009765625,4703.85986328125,4710.77978515625,0
2024-02-09 10:00:00,4710.85986328125,4717.83984375,4709.10009765625,4717.5,0
2024-02-09 11:00:00,4717.4599609375,4720.0400390625,4713.6201171875,4715.89013671875,0
2024-02-09 12:00:00,4715.93994140625,4722.06005859375,4715.47998046875,4720.2900390625,0
2024-02-09 13:00:00,4719.7099609375,4723.77001953125,4716.06982421875,4716.1201171875,0
2024-02-09 14:00:00,4716.1298828125,4719.89013671875,4703.47998046875,4705.39990234375,0
2024-02-09 15:00:00,4706.509765625,4710.4599609375,4696.509765625,4710.4599609375,0
2024-02-09 16:00:00,4710.740234375,4716.68017578125,4709.8798828125,4714.240234375,0
2024-02-12 08:00:00,4720.2998046875,4734.35009765625,4720.2998046875,4726.3798828125,0
2024-02-12 09:00:00,4726.3701171875,4733.91015625,4726.18994140625,4733.7099609375,0
2024-02-12 10:00:00,4733.7900390625,4738.1298828125,4733.72021484375,4734.8798828125,0
2024-02-12 11:00:00,4734.85009765625,4734.85009765625,4726.259765625,4726.64990234375,0
2024-02-12 12:00:00,4726.7099609375,4728.77001953125,4725.240234375,4726.830078125,0
2024-02-12 13:00:00,4726.9599609375,4730.9501953125,4722.93017578125,4725.35986328125,0
2024-02-12 14:00:00,4725.7099609375,4737.1201171875,4725.7099609375,4736.60986328125,0
2024-02-12 15:00:00,4736.81982421875,4744.27001953125,4734.5,4742.85986328125,0
2024-02-12 16:00:00,4742.35009765625,4743.60986328125,4740.41015625,4743.52978515625,0
2024-02-13 08:00:00,4746.4599609375,4746.4599609375,4705.7998046875,4713.990234375,0
2024-02-13 09:00:00,4713.75,4715.14013671875,4706.39990234375,4712.39013671875,0
2024-02-13 10:00:00,4712.18017578125,4713.8798828125,4704.68994140625,4706.7998046875,0
2024-02-13 11:00:00,4706.93994140625,4708.97021484375,4702.0400390625,4702.18994140625,0
2024-02-13 12:00:00,4702.27978515625,4704.77001953125,4699.3798828125,4703.669921875,0
2024-02-13 13:00:00,4703.740234375,4710.31982421875,4682.419921875,4683.0,0
2024-02-13 14:00:00,4682.39990234375,4689.52001953125,4673.1298828125,4678.580078125,0
2024-02-13 15:00:00,4678.83984375,4687.64013671875,4671.990234375,4682.56005859375,0
2024-02-13 16:00:00,4682.52978515625,4693.06005859375,4682.52978515625,4688.330078125,0
2024-02-14 08:00:00,4685.93994140625,4697.330078125,4681.6201171875,4692.35009765625,0
2024-02-14 09:00:00,4692.27001953125,4701.33984375,4691.669921875,4698.52978515625,0
2024-02-14 10:00:00,4698.47998046875,4704.39990234375,4696.97021484375,4703.8701171875,0
2024-02-14 11:00:00,4703.75,4707.93017578125,4700.41015625,4707.18994140625,0
2024-02-14 12:00:00,4707.66015625,4708.9599609375,4705.64990234375,4708.77978515625,0
2024-02-14 13:00:00,4708.81005859375,4712.18017578125,4703.31005859375,4704.56982421875,0
2024-02-14 14:00:00,4704.35986328125,4707.2900390625,4699.7099609375,4706.47021484375,0
2024-02-14 15:00:00,4706.8701171875,4712.89013671875,4705.72998046875,4709.919921875,0
2024-02-14 16:00:00,4709.0498046875,4711.009765625,4705.490234375,4709.580078125,0
2024-02-15 08:00:00,4713.77978515625,4749.22998046875,4713.77978515625,4742.740234375,0
2024-02-15 09:00:00,4742.77001953125,4744.0400390625,4738.77978515625,4742.14990234375,0
2024-02-15 10:00:00,4742.18994140625,4743.5,4737.33984375,4740.9501953125,0
2024-02-15 11:00:00,4740.97021484375,4743.60986328125,4737.89990234375,4743.06005859375,0
2024-02-15 12:00:00,4743.27001953125,4749.27001953125,4743.27001953125,4747.0400390625,0
2024-02-15 13:00:00,4747.2001953125,4747.41015625,4734.52001953125,4736.990234375,0
2024-02-15 14:00:00,4737.080078125,4740.81005859375,4731.169921875,4736.14990234375,0
2024-02-15 15:00:00,4736.85986328125,4744.8701171875,4733.25,4743.43017578125,0
2024-02-15 16:00:00,4743.33984375,4743.72998046875,4737.91015625,4740.68994140625,0
2024-02-16 08:00:00,4754.43017578125,4773.93994140625,4754.43017578125,4771.43994140625,0
2024-02-16 09:00:00,4771.5,4778.9599609375,4768.18017578125,4772.169921875,0
2024-02-16 10:00:00,4772.18994140625,4782.7900390625,4772.18017578125,4776.52001953125,0
2024-02-16 11:00:00,4776.93994140625,4776.93994140625,4769.7001953125,4770.72998046875,0
2024-02-16 12:00:00,4770.52978515625,4773.10986328125,4766.7998046875,4767.2998046875,0
2024-02-16 13:00:00,4767.2998046875,4769.5,4759.89013671875,4766.3798828125,0
2024-02-16 14:00:00,4766.6298828125,4767.419921875,4750.759765625,4754.85009765625,0
2024-02-16 15:00:00,4754.22998046875,4763.3798828125,4751.009765625,4760.740234375,0
2024-02-16 16:00:00,4761.0,4764.41015625,4761.0,4763.8798828125,0
2024-02-19 08:00:00,4755.75,4755.75,4744.58984375,4750.4599609375,0
2024-02-19 09:00:00,4750.27978515625,4754.1298828125,4745.72021484375,4753.669921875,0
2024-02-19 10:00:00,4753.6298828125,4753.6298828125,4745.33984375,4749.72021484375,0
2024-02-19 11:00:00,4749.830078125,4753.1298828125,4748.39013671875,4751.2099609375,0
2024-02-19 12:00:00,4751.27001953125,4754.4599609375,4750.64013671875,4753.830078125,0
2024-02-19 13:00:00,4753.97021484375,4757.7099609375,4752.77001953125,4757.0400390625,0
2024-02-19 14:00:00,4757.35986328125,4760.56982421875,4755.509765625,4760.5498046875,0
2024-02-19 15:00:00,4760.35009765625,4765.81982421875,4760.14990234375,4763.91015625,0
2024-02-19 16:00:00,4763.72998046875,4765.1201171875,4763.18994140625,4763.33984375,0
2024-02-20 08:00:00,4757.9501953125,4763.5498046875,4750.64013671875,4762.169921875,0
2024-02-20 09:00:00,4761.91015625,4763.97998046875,4755.919921875,4760.06982421875,0
2024-02-20 10:00:00,4759.81005859375,4764.9501953125,4758.41015625,4760.2900390625,0
2024-02-20 11:00:00,4760.1298828125,4760.1298828125,4755.419921875,4759.580078125,0
2024-02-20 12:00:00,4760.0,4766.6201171875,4760.0,4762.3701171875,0
2024-02-20 13:00:00,4762.31982421875,4764.580078125,4755.740234375,4756.77001953125,0
2024-02-20 14:00:00,4756.56005859375,4757.5498046875,4749.18017578125,4756.35009765625,0
2024-02-20 15:00:00,4755.68994140625,4764.68017578125,4752.6298828125,4764.22021484375,0
2024-02-20 16:00:00,4764.240234375,4766.16015625,4762.52001953125,4763.259765625,0
2024-02-21 08:00:00,4761.240234375,4770.330078125,4756.68017578125,4757.259765625,0
2024-02-21 09:00:00,4757.6201171875,4773.27978515625,4757.6201171875,4772.18017578125,0
2024-02-21 10:00:00,4772.35986328125,4782.490234375,4771.33984375,4779.5400390625,0
2024-02-21 11:00:00,4779.85009765625,4781.35009765625,4773.85986328125,4777.5,0
2024-02-21 12:00:00,4777.77001953125,4782.56005859375,4775.43017578125,4777.31005859375,0
2024-02-21 13:00:00,4777.72021484375,4777.919921875,4767.75,4769.0,0
2024-02-21 14:00:00,4769.080078125,4774.990234375,4764.7998046875,4773.240234375,0
2024-02-21 15:00:00,4773.31005859375,4777.259765625,4765.72998046875,4769.6298828125,0
2024-02-21 16:00:00,4769.60986328125,4776.240234375,4769.31005859375,4773.93994140625,0
2024-02-22 08:00:00,4812.02001953125,4851.9501953125,4812.02001953125,4834.27978515625,0
2024-02-22 09:00:00,4834.77978515625,4834.77978515625,4820.47021484375,4824.81005859375,0
2024-02-22 10:00:00,4824.58984375,4830.7001953125,4821.35986328125,4830.7001953125,0
2024-02-22 11:00:00,4831.10986328125,4841.97998046875,4827.7900390625,4840.27001953125,0
2024-02-22 12:00:00,4840.330078125,4849.22998046875,4838.39990234375,4842.39990234375,0
2024-02-22 13:00:00,4842.580078125,4848.85986328125,4839.83984375,4846.97998046875,0
2024-02-22 14:00:00,4847.1298828125,4866.06005859375,4847.08984375,4864.4599609375,0
2024-02-22 15:00:00,4863.47021484375,4863.47021484375,4848.259765625,4850.35986328125,0
2024-02-22 16:00:00,4850.009765625,4857.81982421875,4848.7900390625,4855.14013671875,0
2024-02-23 08:00:00,4857.41015625,4859.66015625,4850.31982421875,4854.419921875,0
2024-02-23 09:00:00,4854.16015625,4860.31005859375,4853.08984375,4859.39013671875,0
2024-02-23 10:00:00,4859.25,4864.2099609375,4855.419921875,4862.93017578125,0
2024-02-23 11:00:00,4863.0400390625,4870.06005859375,4860.9599609375,4869.7001953125,0
2024-02-23 12:00:00,4869.75,4872.47998046875,4868.60986328125,4869.5,0
2024-02-23 13:00:00,4869.6298828125,4879.02001953125,4869.2900390625,4872.41015625,0
2024-02-23 14:00:00,4872.39990234375,4879.8798828125,4872.39013671875,4879.31982421875,0
2024-02-23 15:00:00,4879.39013671875,4881.66015625,4873.06982421875,4873.22021484375,0
2024-02-23 16:00:00,4873.27001953125,4873.91015625,4866.89990234375,4872.56982421875,0
2024-02-26 08:00:00,4865.8701171875,4869.27978515625,4860.08984375,4863.4599609375,0
2024-02-26 09:00:00,4863.169921875,4866.08984375,4859.60009765625,4863.31982421875,0
2024-02-26 10:00:00,4863.47998046875,4864.10986328125,4859.490234375,4862.31982421875,0
2024-02-26 11:00:00,4862.22021484375,4867.509765625,4862.22021484375,4866.58984375,0
2024-02-26 12:00:00,4867.0498046875,4867.27001953125,4860.7998046875,4863.06005859375,0
2024-02-26 13:00:00,4863.06982421875,4869.2900390625,4863.06982421875,4867.009765625,0
2024-02-26 14:00:00,4867.1298828125,4867.2001953125,4862.35986328125,4865.83984375,0
2024-02-26 15:00:00,4864.9501953125,4870.43017578125,4864.35009765625,4865.2900390625,0
2024-02-26 16:00:00,4865.43017578125,4865.740234375,4860.27001953125,4864.6298828125,0
2024-02-27 08:00:00,4865.5400390625,4875.72021484375,4863.81005859375,4864.85009765625,0
2024-02-27 09:00:00,4864.89990234375,4878.27001953125,4864.89990234375,4876.27978515625,0
2024-02-27 10:00:00,4876.39990234375,4880.7099609375,4875.490234375,4880.7099609375,0
2024-02-27 11:00:00,4880.60009765625,4880.60009765625,4873.830078125,4877.1201171875,0
2024-02-27 12:00:00,4876.56982421875,4885.27978515625,4876.2900390625,4882.490234375,0
2024-02-27 13:00:00,4882.33984375,4883.240234375,4866.419921875,4873.39990234375,0
2024-02-27 14:00:00,4873.81982421875,4883.490234375,4871.669921875,4882.7001953125,0
2024-02-27 15:00:00,4882.72998046875,4887.35009765625,4880.58984375,4887.2099609375,0
2024-02-27 16:00:00,4887.58984375,4887.85009765625,4884.93994140625,4886.5498046875,0
2024-02-28 08:00:00,4883.83984375,4884.08984375,4875.31005859375,4879.27978515625,0
2024-02-28 09:00:00,4879.35986328125,4884.64013671875,4875.35986328125,4875.39013671875,0
2024-02-28 10:00:00,4875.6201171875,4882.64013671875,4875.16015625,4880.10009765625,0
2024-02-28 11:00:00,4880.0,4885.669921875,4876.02001953125,4882.1298828125,0
2024-02-28 12:00:00,4882.14990234375,4882.669921875,4875.580078125,4880.22021484375,0
2024-02-28 13:00:00,4880.259765625,4887.18017578125,4878.6298828125,4880.3701171875,0
2024-02-28 14:00:00,4880.669921875,4882.1201171875,4874.93994140625,4877.0,0
2024-02-28 15:00:00,4876.72021484375,4881.39990234375,4875.89990234375,4880.2001953125,0
2024-02-28 16:00:00,4880.02978515625,4883.66015625,4880.02978515625,4883.35009765625,0
2024-02-29 08:00:00,4883.77001953125,4898.3701171875,4882.7900390625,4895.27001953125,0
2024-02-29 09:00:00,4894.6298828125,4894.77001953125,4883.4599609375,4887.3701171875,0
2024-02-29 10:00:00,4887.240234375,4888.02978515625,4877.4599609375,4878.169921875,0
2024-02-29 11:00:00,4878.22021484375,4887.8798828125,4878.22021484375,4885.52001953125,0
2024-02-29 12:00:00,4886.39990234375,4886.39990234375,4876.740234375,4876.740234375,0
2024-02-29 13:00:00,4876.8798828125,4887.740234375,4872.6298828125,4884.06005859375,0
2024-02-29 14:00:00,4883.9599609375,4890.91015625,4883.9599609375,4889.580078125,0
2024-02-29 15:00:00,4889.91015625,4891.60986328125,4879.990234375,4879.990234375,0
2024-02-29 16:00:00,4879.06982421875,4886.4501953125,4877.22998046875,4885.47998046875,0
2024-03-01 08:00:00,4888.580078125,4904.85009765625,4880.419921875,4884.25,0
2024-03-01 09:00:00,4884.60009765625,4898.22021484375,4884.33984375,4892.77978515625,0
2024-03-01 10:00:00,4892.77978515625,4892.77978515625,4874.56005859375,4877.35986328125,0
2024-03-01 11:00:00,4877.330078125,4892.169921875,4877.330078125,4892.169921875,0
2024-03-01 12:00:00,4892.85009765625,4893.169921875,4882.08984375,4888.85009765625,0
2024-03-01 13:00:00,4888.72021484375,4890.990234375,4886.06005859375,4886.22021484375,0
2024-03-01 14:00:00,4886.02001953125,4893.02978515625,4874.02978515625,4875.72021484375,0
2024-03-01 15:00:00,4876.080078125,4896.759765625,4874.35986328125,4895.64990234375,0
2024-03-01 16:00:00,4896.0400390625,4896.2001953125,4892.06005859375,4893.58984375,0
2024-03-04 08:00:00,4904.580078125,4905.08984375,4897.93994140625,4902.740234375,0
2024-03-04 09:00:00,4903.31982421875,4908.169921875,4903.31982421875,4905.9599609375,0
2024-03-04 10:00:00,4906.009765625,4909.06005859375,4903.72021484375,4905.22998046875,0
2024-03-04 11:00:00,4905.35009765625,4905.6298828125,4898.02978515625,4905.22021484375,0
2024-03-04 12:00:00,4905.56005859375,4914.02978515625,4905.509765625,4912.009765625,0
2024-03-04 13:00:00,4911.9501953125,4915.43994140625,4908.60986328125,4910.490234375,0
2024-03-04 14:00:00,4910.60986328125,4910.60986328125,4903.06982421875,4903.06982421875,0
2024-03-04 15:00:00,4903.509765625,4906.93994140625,4899.8798828125,4906.81982421875,0
2024-03-04 16:00:00,4907.43017578125,4911.35009765625,4907.43017578125,4911.240234375,0
2024-03-05 08:00:00,4909.419921875,4909.419921875,4892.5400390625,4893.4599609375,0
2024-03-05 09:00:00,4893.169921875,4902.25,4892.6298828125,4895.830078125,0
2024-03-05 10:00:00,4895.83984375,4903.06005859375,4895.56982421875,4901.9501953125,0
2024-03-05 11:00:00,4901.7099609375,4908.830078125,4901.7099609375,4904.56982421875,0
2024-03-05 12:00:00,4904.64990234375,4910.080078125,4902.6298828125,4902.6298828125,0
2024-03-05 13:00:00,4902.72021484375,4907.43994140625,4899.330078125,4903.64013671875,0
2024-03-05 14:00:00,4903.240234375,4906.35009765625,4900.97998046875,4906.35009765625,0
2024-03-05 15:00:00,4906.43017578125,4912.85986328125,4886.06982421875,4887.72021484375,0
2024-03-05 16:00:00,4888.22021484375,4893.56005859375,4887.64013671875,4891.77978515625,0
2024-03-06 08:00:00,4890.83984375,4911.490234375,4889.580078125,4908.39990234375,0
2024-03-06 09:00:00,4908.509765625,4917.89013671875,4908.3798828125,4915.47021484375,0
2024-03-06 10:00:00,4914.919921875,4918.25,4906.77001953125,4907.240234375,0
2024-03-06 11:00:00,4907.240234375,4910.6201171875,4903.14990234375,4903.5,0
2024-03-06 12:00:00,4902.06005859375,4912.31005859375,4902.06005859375,4910.0400390625,0
2024-03-06 13:00:00,4910.10009765625,4912.669921875,4905.2998046875,4912.64013671875,0
2024-03-06 14:00:00,4912.77001953125,4920.5,4912.77001953125,4917.75,0
2024-03-06 15:00:00,4915.93017578125,4920.56982421875,4909.72021484375,4914.25,0
2024-03-06 16:00:00,4914.18017578125,4916.56005859375,4913.91015625,4916.56005859375,0
2024-03-07 08:00:00,4901.009765625,4911.81982421875,4891.7900390625,4910.81982421875,0
2024-03-07 09:00:00,4910.93017578125,4917.83984375,4905.68994140625,4917.68994140625,0
2024-03-07 10:00:00,4917.31005859375,4932.52978515625,4917.31005859375,4931.22021484375,0
2024-03-07 11:00:00,4930.75,4933.41015625,4927.9501953125,4932.14013671875,0
2024-03-07 12:00:00,4932.10986328125,4939.06005859375,4932.10986328125,4935.68017578125,0
2024-03-07 13:00:00,4935.41015625,4959.66015625,4930.75,4957.4501953125,0
2024-03-07 14:00:00,4958.14990234375,4971.669921875,4951.68017578125,4970.990234375,0
2024-03-07 15:00:00,4970.7998046875,4978.18994140625,4968.169921875,4974.60009765625,0
2024-03-07 16:00:00,4975.580078125,4978.14013671875,4973.31982421875,4977.9599609375,0
2024-03-08 08:00:00,4974.97021484375,4981.47021484375,4970.58984375,4977.77001953125,0
2024-03-08 09:00:00,4977.75,4985.3701171875,4975.6201171875,4981.77978515625,0
2024-03-08 10:00:00,4981.8701171875,4985.58984375,4978.919921875,4984.52978515625,0
2024-03-08 11:00:00,4984.919921875,4985.68017578125,4973.8701171875,4974.2001953125,0
2024-03-08 12:00:00,4974.5,4974.5,4967.08984375,4971.33984375,0
2024-03-08 13:00:00,4971.35009765625,4986.56982421875,4970.6201171875,4980.89013671875,0
2024-03-08 14:00:00,4980.4599609375,4985.2998046875,4969.2900390625,4973.81982421875,0
2024-03-08 15:00:00,4973.89013671875,4980.91015625,4970.740234375,4979.9501953125,0
2024-03-08 16:00:00,4979.0,4979.06982421875,4962.8701171875,4962.8701171875,0
2024-03-11 08:00:00,4932.2001953125,4932.2001953125,4916.72998046875,4922.93994140625,0
2024-03-11 09:00:00,4924.27001953125,4930.4599609375,4919.3701171875,4928.06982421875,0
2024-03-11 10:00:00,4928.22998046875,4936.39013671875,4923.60986328125,4934.1298828125,0
2024-03-11 11:00:00,4934.2099609375,4936.97021484375,4930.14990234375,4933.0,0
2024-03-11 12:00:00,4932.56005859375,4932.56005859375,4921.33984375,4930.490234375,0
2024-03-11 13:00:00,4930.919921875,4938.64990234375,4928.93017578125,4928.93994140625,0
2024-03-11 14:00:00,4927.93017578125,4929.52001953125,4913.83984375,4919.759765625,0
2024-03-11 15:00:00,4920.5498046875,4926.0400390625,4914.18994140625,4925.93994140625,0
2024-03-11 16:00:00,4925.81005859375,4930.83984375,4925.39990234375,4930.6298828125,0
2024-03-12 08:00:00,4937.759765625,4955.58984375,4934.10986328125,4936.14990234375,0
2024-03-12 09:00:00,4936.64990234375,4944.4599609375,4932.97021484375,4932.97021484375,0
2024-03-12 10:00:00,4932.85009765625,4939.740234375,4932.47998046875,4938.14013671875,0
2024-03-12 11:00:00,4937.60009765625,4941.14013671875,4933.85009765625,4937.14013671875,0
2024-03-12 12:00:00,4937.2998046875,4953.02978515625,4926.2099609375,4942.68017578125,0
2024-03-12 13:00:00,4942.52978515625,4949.259765625,4929.81982421875,4945.919921875,0
2024-03-12 14:00:00,4947.1298828125,4962.8798828125,4941.10986328125,4960.169921875,0
2024-03-12 15:00:00,4960.68017578125,4985.10009765625,4958.89990234375,4983.990234375,0
2024-03-12 16:00:00,4984.3798828125,4984.3798828125,4979.97021484375,4984.08984375,0
2024-03-13 08:00:00,4985.830078125,4995.68994140625,4983.81982421875,4990.18017578125,0
2024-03-13 09:00:00,4990.4501953125,5003.77978515625,4990.4501953125,5003.77978515625,0
2024-03-13 10:00:00,5004.080078125,5012.35009765625,5003.58984375,5011.52978515625,0
2024-03-13 11:00:00,5011.27001953125,5016.240234375,5009.10009765625,5009.60986328125,0
2024-03-13 12:00:00,5009.27001953125,5009.27001953125,5000.10009765625,5006.83984375,0
2024-03-13 13:00:00,5006.8798828125,5013.8701171875,5005.77978515625,5008.39990234375,0
2024-03-13 14:00:00,5008.0498046875,5014.10009765625,5004.2900390625,5007.64990234375,0
2024-03-13 15:00:00,5006.43994140625,5008.669921875,5003.56982421875,5005.89013671875,0
2024-03-13 16:00:00,5005.39990234375,5005.91015625,5001.2900390625,5001.2900390625,0
2024-03-14 08:00:00,5007.72998046875,5024.509765625,5007.72998046875,5022.5498046875,0
2024-03-14 09:00:00,5022.68017578125,5024.18994140625,5015.81005859375,5023.60009765625,0
2024-03-14 10:00:00,5023.56005859375,5027.22998046875,5021.52001953125,5024.7998046875,0
2024-03-14 11:00:00,5024.759765625,5031.81982421875,5021.02001953125,5022.93017578125,0
2024-03-14 12:00:00,5023.009765625,5026.89013671875,5018.68017578125,5022.080078125,0
2024-03-14 13:00:00,5021.4599609375,5021.5,4997.75,4998.64013671875,0
2024-03-14 14:00:00,4998.58984375,5005.0400390625,4986.60009765625,4988.83984375,0
2024-03-14 15:00:00,4989.240234375,4995.2998046875,4988.6298828125,4995.08984375,0
2024-03-14 16:00:00,4994.509765625,4995.43017578125,4988.68017578125,4993.240234375,0
2024-03-15 08:00:00,4993.43994140625,5001.14990234375,4987.85986328125,4996.9501953125,0
2024-03-15 09:00:00,4996.6201171875,5011.02001953125,4994.93994140625,5011.02001953125,0
2024-03-15 10:00:00,5010.509765625,5019.0498046875,5006.9599609375,5016.02001953125,0
2024-03-15 11:00:00,5015.830078125,5023.2001953125,5009.9599609375,5021.7998046875,0
2024-03-15 12:00:00,5022.009765625,5023.64990234375,5016.2001953125,5020.85009765625,0
2024-03-15 13:00:00,5020.81005859375,5021.9501953125,5006.669921875,5007.06982421875,0
2024-03-15 14:00:00,5006.85986328125,5013.9501953125,5001.4599609375,5013.5,0
2024-03-15 15:00:00,5014.97998046875,5015.47998046875,5007.02001953125,5008.2099609375,0
2024-03-15 16:00:00,5007.830078125,5009.68994140625,4998.33984375,4998.33984375,0
2024-03-18 08:00:00,4993.66015625,4998.68994140625,4985.81005859375,4998.68994140625,0
2024-03-18 09:00:00,4999.16015625,5003.89990234375,4990.52001953125,5002.64990234375,0
2024-03-18 10:00:00,5002.64990234375,5004.080078125,4993.919921875,4995.2001953125,0
2024-03-18 11:00:00,4995.52978515625,5003.259765625,4993.85986328125,4998.169921875,0
2024-03-18 12:00:00,4998.259765625,5002.6298828125,4990.5498046875,4992.77978515625,0
2024-03-18 13:00:00,4993.14990234375,4996.7900390625,4982.7001953125,4983.4501953125,0
2024-03-18 14:00:00,4983.60986328125,4988.77001953125,4976.60986328125,4980.8701171875,0
2024-03-18 15:00:00,4981.64013671875,4983.490234375,4978.22021484375,4982.85009765625,0
2024-03-18 16:00:00,4982.89013671875,4987.509765625,4981.93017578125,4986.9599609375,0
2024-03-19 08:00:00,4979.06005859375,4990.9599609375,4976.3701171875,4986.77978515625,0
2024-03-19 09:00:00,4986.60986328125,4993.33984375,4982.08984375,4989.58984375,0
2024-03-19 10:00:00,4989.3798828125,4999.64990234375,4985.4501953125,4990.39013671875,0
2024-03-19 11:00:00,4989.990234375,4990.5498046875,4980.56982421875,4988.10009765625,0
2024-03-19 12:00:00,4988.2099609375,4995.64013671875,4982.7099609375,4995.64013671875,0
2024-03-19 13:00:00,4995.759765625,4997.41015625,4989.10986328125,4992.14013671875,0
2024-03-19 14:00:00,4992.33984375,4994.89990234375,4984.419921875,4991.2099609375,0
2024-03-19 15:00:00,4990.490234375,5001.97998046875,4989.64013671875,5001.509765625,0
2024-03-19 16:00:00,5001.759765625,5006.5498046875,5000.02978515625,5006.5498046875,0
2024-03-20 08:00:00,4991.3701171875,4996.3701171875,4980.9501953125,4990.580078125,0
2024-03-20 09:00:00,4990.89013671875,4994.8798828125,4985.16015625,4994.8798828125,0
2024-03-20 10:00:00,4995.10009765625,5003.8701171875,4992.509765625,5002.64013671875,0
2024-03-20 11:00:00,5003.06982421875,5009.1298828125,5002.47021484375,5004.580078125,0
2024-03-20 12:00:00,5004.22021484375,5005.080078125,4998.52001953125,5000.9599609375,0
2024-03-20 13:00:00,5000.72021484375,5002.77001953125,4994.509765625,5001.7099609375,0
2024-03-20 14:00:00,5001.5400390625,5004.35009765625,4995.06005859375,4998.72998046875,0
2024-03-20 15:00:00,4998.89990234375,5002.669921875,4992.75,4995.8798828125,0
2024-03-20 16:00:00,4995.7900390625,5000.89990234375,4995.43017578125,5000.27978515625,0
2024-03-21 08:00:00,5042.31982421875,5058.91015625,5041.47021484375,5044.43017578125,0
2024-03-21 09:00:00,5044.33984375,5045.1201171875,5027.56982421875,5029.75,0
2024-03-21 10:00:00,5029.60009765625,5031.18994140625,5021.14013671875,5022.759765625,0
2024-03-21 11:00:00,5022.64990234375,5031.2900390625,5021.919921875,5031.2900390625,0
2024-03-21 12:00:00,5031.6201171875,5036.72021484375,5031.27001953125,5034.47998046875,0
2024-03-21 13:00:00,5034.2900390625,5040.2900390625,5029.35986328125,5037.2998046875,0
2024-03-21 14:00:00,5037.6298828125,5046.8701171875,5034.52978515625,5044.4599609375,0
2024-03-21 15:00:00,5044.58984375,5054.33984375,5043.0400390625,5052.4501953125,0
2024-03-21 16:00:00,5052.35009765625,5053.16015625,5048.64990234375,5052.31005859375,0
2024-03-22 08:00:00,5035.1298828125,5035.1298828125,5026.509765625,5033.3798828125,0
2024-03-22 09:00:00,5032.60009765625,5037.740234375,5027.5498046875,5032.830078125,0
2024-03-22 10:00:00,5032.75,5037.1201171875,5028.75,5030.2099609375,0
2024-03-22 11:00:00,5030.41015625,5033.85009765625,5017.10986328125,5017.89013671875,0
2024-03-22 12:00:00,5017.6298828125,5024.919921875,5008.89990234375,5024.47021484375,0
2024-03-22 13:00:00,5024.68017578125,5032.56982421875,5021.22021484375,5021.22021484375,0
2024-03-22 14:00:00,5020.47998046875,5025.22998046875,5016.830078125,5022.10009765625,0
2024-03-22 15:00:00,5022.43994140625,5033.3798828125,5022.43994140625,5031.6201171875,0
2024-03-22 16:00:00,5031.91015625,5035.41015625,5031.91015625,5033.009765625,0
2024-03-25 08:00:00,5029.25,5038.72998046875,5028.0498046875,5032.66015625,0
2024-03-25 09:00:00,5032.5,5032.759765625,5022.08984375,5022.08984375,0
2024-03-25 10:00:00,5021.35009765625,5023.7900390625,5013.60009765625,5021.93994140625,0
2024-03-25 11:00:00,5021.85986328125,5023.60009765625,5015.8798828125,5017.89990234375,0
2024-03-25 12:00:00,5017.919921875,5025.81005859375,5015.93017578125,5020.89013671875,0
2024-03-25 13:00:00,5020.8701171875,5037.2001953125,5020.8701171875,5036.64013671875,0
2024-03-25 14:00:00,5037.43017578125,5051.47021484375,5037.43017578125,5047.830078125,0
2024-03-25 15:00:00,5048.27978515625,5050.4501953125,5044.990234375,5045.1201171875,0
2024-03-25 16:00:00,5044.27001953125,5047.0400390625,5042.41015625,5046.77001953125,0
2024-03-26 08:00:00,5046.259765625,5049.22021484375,5038.72998046875,5041.60986328125,0
2024-03-26 09:00:00,5041.58984375,5054.669921875,5040.31982421875,5054.669921875,0
2024-03-26 10:00:00,5054.64013671875,5065.77001953125,5054.64013671875,5061.39990234375,0
2024-03-26 11:00:00,5061.490234375,5067.64013671875,5059.3798828125,5067.64013671875,0
2024-03-26 12:00:00,5067.740234375,5072.39990234375,5064.43017578125,5067.25,0
2024-03-26 13:00:00,5067.39990234375,5069.75,5061.009765625,5067.330078125,0
2024-03-26 14:00:00,5067.66015625,5072.75,5066.27001953125,5069.43994140625,0
2024-03-26 15:00:00,5069.68017578125,5070.919921875,5059.7998046875,5063.2099609375,0
2024-03-26 16:00:00,5063.22021484375,5069.68994140625,5062.83984375,5069.68994140625,0
2024-03-27 08:00:00,5063.27001953125,5074.66015625,5063.27001953125,5066.83984375,0
2024-03-27 09:00:00,5066.60009765625,5074.22021484375,5065.419921875,5073.89990234375,0
2024-03-27 10:00:00,5073.580078125,5080.0,5070.81005859375,5079.2001953125,0
2024-03-27 11:00:00,5079.3701171875,5086.18994140625,5077.2099609375,5083.77978515625,0
2024-03-27 12:00:00,5083.97021484375,5093.1201171875,5083.91015625,5092.91015625,0
2024-03-27 13:00:00,5093.10009765625,5095.10986328125,5088.75,5089.8701171875,0
2024-03-27 14:00:00,5089.66015625,5093.31982421875,5082.83984375,5088.919921875,0
2024-03-27 15:00:00,5089.33984375,5090.0498046875,5082.47998046875,5083.83984375,0
2024-03-27 16:00:00,5083.43994140625,5083.43994140625,5077.43017578125,5080.3798828125,0
2024-03-28 08:00:00,5085.25,5099.5498046875,5085.25,5093.64990234375,0
2024-03-28 09:00:00,5094.0400390625,5101.9599609375,5093.18017578125,5101.759765625,0
2024-03-28 10:00:00,5101.33984375,5103.259765625,5096.39013671875,5096.39013671875,0
2024-03-28 11:00:00,5095.9599609375,5100.18994140625,5086.75,5093.1298828125,0
2024-03-28 12:00:00,5093.08984375,5094.52978515625,5087.990234375,5090.97021484375,0
2024-03-28 13:00:00,5090.75,5093.68017578125,5088.830078125,5089.240234375,0
2024-03-28 14:00:00,5089.240234375,5091.52978515625,5085.10986328125,5088.7998046875,0
2024-03-28 15:00:00,5089.7998046875,5092.740234375,5085.43017578125,5086.1201171875,0
2024-03-28 16:00:00,5086.14990234375,5087.33984375,5081.77978515625,5086.080078125,0
2024-04-02 07:00:00,5096.85986328125,5115.08984375,5094.91015625,5112.259765625,0
2024-04-02 08:00:00,5111.22021484375,5121.7099609375,5094.5400390625,5096.8798828125,0
2024-04-02 09:00:00,5096.89990234375,5105.669921875,5095.9501953125,5101.4599609375,0
2024-04-02 10:00:00,5101.1201171875,5101.1201171875,5089.68994140625,5095.97021484375,0
2024-04-02 11:00:00,5095.47998046875,5098.10986328125,5088.56982421875,5089.10986328125,0
2024-04-02 12:00:00,5089.35986328125,5091.22998046875,5073.93017578125,5073.93017578125,0
2024-04-02 13:00:00,5073.8798828125,5073.8798828125,5038.6298828125,5043.4501953125,0
2024-04-02 14:00:00,5043.39013671875,5052.72021484375,5038.72021484375,5042.330078125,0
2024-04-02 15:00:00,5042.0400390625,5048.39013671875,5039.93994140625,5045.85009765625,0
2024-04-03 07:00:00,5047.7998046875,5059.7998046875,5046.22998046875,5050.3798828125,0
2024-04-03 08:00:00,5050.39013671875,5060.5400390625,5050.39013671875,5056.14013671875,0
2024-04-03 09:00:00,5055.97998046875,5069.1298828125,5055.490234375,5064.35986328125,0
2024-04-03 10:00:00,5064.35986328125,5065.16015625,5056.240234375,5060.47998046875,0
2024-04-03 11:00:00,5060.5,5063.89013671875,5057.2099609375,5063.7001953125,0
2024-04-03 12:00:00,5063.43017578125,5064.66015625,5052.77978515625,5055.14990234375,0
2024-04-03 13:00:00,5055.33984375,5060.60009765625,5052.75,5059.35986328125,0
2024-04-03 14:00:00,5058.93994140625,5069.580078125,5058.93994140625,5066.97998046875,0
2024-04-03 15:00:00,5067.259765625,5071.2001953125,5066.52978515625,5070.0498046875,0
2024-04-04 07:00:00,5071.830078125,5080.72998046875,5065.64990234375,5078.919921875,0
2024-04-04 08:00:00,5079.2001953125,5089.330078125,5078.93994140625,5079.2998046875,0
2024-04-04 09:00:00,5078.85986328125,5081.080078125,5074.08984375,5074.93994140625,0
2024-04-04 10:00:00,5075.0,5080.58984375,5072.2998046875,5079.8701171875,0
2024-04-04 11:00:00,5080.02001953125,5080.919921875,5069.85009765625,5073.56005859375,0
2024-04-04 12:00:00,5073.5498046875,5079.240234375,5068.39990234375,5078.64013671875,0
2024-04-04 13:00:00,5078.240234375,5084.56005859375,5072.64013671875,5075.77978515625,0
2024-04-04 14:00:00,5076.85986328125,5079.93994140625,5073.5400390625,5077.89013671875,0
2024-04-04 15:00:00,5078.02978515625,5078.58984375,5071.759765625,5073.97021484375,0
2024-04-05 07:00:00,5043.60986328125,5043.60986328125,4997.52001953125,5005.06982421875,0
2024-04-05 08:00:00,5004.77001953125,5010.330078125,4988.490234375,4991.52001953125,0
2024-04-05 09:00:00,4992.0498046875,5001.68017578125,4985.669921875,4998.56005859375,0
2024-04-05 10:00:00,4998.93017578125,5000.9501953125,4992.31005859375,4997.14990234375,0
2024-04-05 11:00:00,4997.8798828125,5000.52001953125,4992.25,4992.39013671875,0
2024-04-05 12:00:00,4992.39013671875,5010.97021484375,4986.27978515625,5006.18017578125,0
2024-04-05 13:00:00,5005.97021484375,5012.97021484375,4998.31005859375,5009.10986328125,0
2024-04-05 14:00:00,5008.97998046875,5015.990234375,4998.1201171875,5015.5,0
2024-04-05 15:00:00,5016.02978515625,5018.08984375,5010.509765625,5012.93994140625,0
2024-04-08 07:00:00,5012.02001953125,5040.759765625,5005.31005859375,5035.2998046875,0
2024-04-08 08:00:00,5035.27001953125,5037.43994140625,5024.31982421875,5025.93994140625,0
2024-04-08 09:00:00,5026.14013671875,5038.1298828125,5024.60986328125,5036.97021484375,0
2024-04-08 10:00:00,5037.10986328125,5039.990234375,5030.6298828125,5038.669921875,0
2024-04-08 11:00:00,5038.56982421875,5041.509765625,5031.9599609375,5036.31982421875,0
2024-04-08 12:00:00,5036.1201171875,5050.6201171875,5032.7900390625,5048.47021484375,0
2024-04-08 13:00:00,5048.52978515625,5052.85986328125,5046.169921875,5048.009765625,0
2024-04-08 14:00:00,5047.60009765625,5049.0,5036.77001953125,5045.4599609375,0
2024-04-08 15:00:00,5044.97998046875,5048.080078125,5042.759765625,5045.77001953125,0
2024-04-09 07:00:00,5038.72998046875,5038.72998046875,5020.22021484375,5020.41015625,0
2024-04-09 08:00:00,5020.58984375,5026.52978515625,5013.9501953125,5019.0400390625,0
2024-04-09 09:00:00,5018.93017578125,5023.08984375,5013.43017578125,5015.10009765625,0
2024-04-09 10:00:00,5014.91015625,5018.25,4999.72021484375,5008.2001953125,0
2024-04-09 11:00:00,5008.22021484375,5024.83984375,5008.22021484375,5024.83984375,0
2024-04-09 12:00:00,5024.669921875,5033.60009765625,5024.669921875,5026.85986328125,0
2024-04-09 13:00:00,5026.77001953125,5032.509765625,5005.35009765625,5010.47021484375,0
2024-04-09 14:00:00,5010.72998046875,5012.83984375,4981.22998046875,4988.990234375,0
2024-04-09 15:00:00,4988.22998046875,4994.60986328125,4985.669921875,4990.0400390625,0
2024-04-10 07:00:00,5006.5,5030.81005859375,5006.5,5025.27978515625,0
2024-04-10 08:00:00,5025.169921875,5034.2998046875,5023.75,5034.1201171875,0
2024-04-10 09:00:00,5033.97998046875,5035.31005859375,5022.93994140625,5023.31005859375,0
2024-04-10 10:00:00,5023.2900390625,5030.6298828125,5022.5,5030.2001953125,0
2024-04-10 11:00:00,5030.18017578125,5037.18017578125,5029.66015625,5034.31005859375,0
2024-04-10 12:00:00,5034.080078125,5034.18017578125,4963.2001953125,4965.419921875,0
2024-04-10 13:00:00,4966.6201171875,4987.43017578125,4951.18994140625,4982.7900390625,0
2024-04-10 14:00:00,4982.8798828125,5011.83984375,4980.97021484375,5000.18017578125,0
2024-04-10 15:00:00,5000.06005859375,5000.85009765625,4995.919921875,4999.830078125,0
2024-04-11 07:00:00,4994.14990234375,5009.85986328125,4993.83984375,5006.22998046875,0
2024-04-11 08:00:00,5006.47998046875,5009.490234375,4987.27978515625,4987.27978515625,0
2024-04-11 09:00:00,4986.06005859375,4989.08984375,4977.3701171875,4980.81982421875,0
2024-04-11 10:00:00,4980.830078125,4980.97998046875,4968.009765625,4973.16015625,0
2024-04-11 11:00:00,4973.31982421875,4976.1298828125,4963.02978515625,4967.27978515625,0
2024-04-11 12:00:00,4965.7099609375,4997.0400390625,4963.39013671875,4990.5400390625,0
2024-04-11 13:00:00,4990.75,5004.14990234375,4979.10009765625,4980.7900390625,0
2024-04-11 14:00:00,4979.64013671875,4979.64013671875,4934.39990234375,4950.81982421875,0
2024-04-11 15:00:00,4950.60986328125,4966.08984375,4950.60986328125,4964.08984375,0
2024-04-12 07:00:00,4986.02978515625,5021.39990234375,4986.02978515625,5017.97998046875,0
2024-04-12 08:00:00,5018.509765625,5023.89990234375,5014.41015625,5016.0,0
2024-04-12 09:00:00,5015.72998046875,5017.1201171875,4996.06982421875,5004.5400390625,0
2024-04-12 10:00:00,5004.52001953125,5009.35986328125,4994.77978515625,4999.97021484375,0
2024-04-12 11:00:00,4999.3798828125,5007.580078125,4996.7998046875,5003.14990234375,0
2024-04-12 12:00:00,5003.2998046875,5005.580078125,4955.47021484375,4955.47021484375,0
2024-04-12 13:00:00,4955.080078125,4980.240234375,4941.27001953125,4969.64990234375,0
2024-04-12 14:00:00,4972.56982421875,4972.56982421875,4936.06982421875,4936.06982421875,0
2024-04-12 15:00:00,4936.39990234375,4948.35009765625,4935.02978515625,4948.35009765625,0
2024-04-15 07:00:00,4969.0,4989.58984375,4969.0,4989.0400390625,0
2024-04-15 08:00:00,4989.4599609375,4998.22021484375,4987.8798828125,4994.81005859375,0
2024-04-15 09:00:00,4994.02001953125,4999.759765625,4990.18994140625,4995.3701171875,0
2024-04-15 10:00:00,4995.490234375,5004.47021484375,4995.490234375,4999.330078125,0
2024-04-15 11:00:00,4999.3798828125,5013.64013671875,4999.3798828125,5013.64013671875,0
2024-04-15 12:00:00,5013.91015625,5034.72998046875,5009.2001953125,5024.2099609375,0
2024-04-15 13:00:00,5024.47998046875,5030.9501953125,5020.85009765625,5025.669921875,0
2024-04-15 14:00:00,5025.47998046875,5026.990234375,4985.56982421875,4986.0498046875,0
2024-04-15 15:00:00,4984.9599609375,4984.9599609375,4972.35986328125,4978.81005859375,0
2024-04-16 07:00:00,4962.14990234375,4962.14990234375,4904.16015625,4919.8701171875,0
2024-04-16 08:00:00,4920.3798828125,4924.68994140625,4913.39013671875,4919.7900390625,0
2024-04-16 09:00:00,4919.830078125,4925.93017578125,4910.1201171875,4914.10986328125,0
2024-04-16 10:00:00,4915.1298828125,4920.64013671875,4909.60009765625,4917.25,0
2024-04-16 11:00:00,4917.47998046875,4941.4501953125,4916.22998046875,4941.240234375,0
2024-04-16 12:00:00,4941.2001953125,4944.22021484375,4928.7099609375,4935.6201171875,0
2024-04-16 13:00:00,4935.22021484375,4935.33984375,4899.41015625,4915.33984375,0
2024-04-16 14:00:00,4913.7998046875,4923.56005859375,4903.2900390625,4905.64990234375,0
2024-04-16 15:00:00,4905.66015625,4914.41015625,4904.43994140625,4911.97998046875,0
2024-04-17 07:00:00,4918.72998046875,4938.39013671875,4898.89990234375,4938.39013671875,0
2024-04-17 08:00:00,4938.43994140625,4951.39990234375,4932.39013671875,4946.33984375,0
2024-04-17 09:00:00,4946.56005859375,4956.72021484375,4938.080078125,4956.2001953125,0
2024-04-17 10:00:00,4955.759765625,4964.43994140625,4955.759765625,4957.3798828125,0
2024-04-17 11:00:00,4957.27978515625,4959.3798828125,4948.7099609375,4949.83984375,0
2024-04-17 12:00:00,4949.97021484375,4958.6298828125,4941.25,4956.41015625,0
2024-04-17 13:00:00,4956.52001953125,4968.41015625,4943.27001953125,4944.39990234375,0
2024-04-17 14:00:00,4942.580078125,4942.580078125,4916.1201171875,4920.97998046875,0
2024-04-17 15:00:00,4921.16015625,4927.7099609375,4914.1298828125,4914.1298828125,0
2024-04-18 07:00:00,4924.830078125,4940.5498046875,4924.830078125,4933.85986328125,0
2024-04-18 08:00:00,4933.75,4940.06005859375,4928.72998046875,4936.27001953125,0
2024-04-18 09:00:00,4936.5400390625,4939.080078125,4924.5,4933.2998046875,0
2024-04-18 10:00:00,4933.7001953125,4935.9599609375,4927.2900390625,4934.47021484375,0
2024-04-18 11:00:00,4934.52001953125,4937.0498046875,4927.4501953125,4934.58984375,0
2024-04-18 12:00:00,4934.43994140625,4935.18017578125,4915.39990234375,4919.7099609375,0
2024-04-18 13:00:00,4920.47021484375,4931.10986328125,4907.97998046875,4923.72998046875,0
2024-04-18 14:00:00,4922.419921875,4943.97998046875,4921.6201171875,4934.2998046875,0
2024-04-18 15:00:00,4934.1298828125,4942.580078125,4932.1298828125,4936.56982421875,0
2024-04-19 07:00:00,4911.58984375,4911.58984375,4884.1201171875,4899.39990234375,0
2024-04-19 08:00:00,4898.89013671875,4904.72998046875,4886.5498046875,4890.2099609375,0
2024-04-19 09:00:00,4890.3798828125,4925.72021484375,4890.3798828125,4919.56982421875,0
2024-04-19 10:00:00,4916.169921875,4919.080078125,4908.1298828125,4914.68017578125,0
2024-04-19 11:00:00,4915.64013671875,4925.2900390625,4907.2001953125,4921.7900390625,0
2024-04-19 12:00:00,4922.14990234375,4927.8701171875,4914.89013671875,4927.490234375,0
2024-04-19 13:00:00,4926.9501953125,4932.2001953125,4915.7998046875,4922.77978515625,0
2024-04-19 14:00:00,4923.8701171875,4933.3798828125,4917.9599609375,4920.60009765625,0
2024-04-19 15:00:00,4920.5498046875,4923.41015625,4916.83984375,4918.77001953125,0
2024-04-22 07:00:00,4921.0400390625,4953.759765625,4915.47021484375,4917.419921875,0
2024-04-22 08:00:00,4916.89990234375,4924.759765625,4913.7001953125,4924.58984375,0
2024-04-22 09:00:00,4924.43017578125,4939.0498046875,4924.2900390625,4937.02001953125,0
2024-04-22 10:00:00,4936.64013671875,4942.259765625,4930.490234375,4933.509765625,0
2024-04-22 11:00:00,4933.990234375,4937.81005859375,4928.7900390625,4935.58984375,0
2024-04-22 12:00:00,4935.0400390625,4939.259765625,4927.81982421875,4939.18994140625,0
2024-04-22 13:00:00,4938.8701171875,4943.77978515625,4932.93017578125,4937.9599609375,0
2024-04-22 14:00:00,4937.60009765625,4943.64990234375,4933.259765625,4940.58984375,0
2024-04-22 15:00:00,4940.7099609375,4942.2900390625,4931.56005859375,4935.14013671875,0
2024-04-23 07:00:00,4941.2900390625,4979.14013671875,4941.2900390625,4966.8798828125,0
2024-04-23 08:00:00,4966.669921875,4975.1201171875,4966.669921875,4968.6201171875,0
2024-04-23 09:00:00,4968.0400390625,4977.77001953125,4967.72998046875,4976.1298828125,0
2024-04-23 10:00:00,4976.1298828125,4993.47998046875,4976.0400390625,4992.08984375,0
2024-04-23 11:00:00,4992.33984375,4995.4599609375,4980.56982421875,4981.080078125,0
2024-04-23 12:00:00,4981.2001953125,4987.22021484375,4973.7099609375,4986.77978515625,0
2024-04-23 13:00:00,4987.3798828125,4992.10009765625,4981.43994140625,4989.2001953125,0
2024-04-23 14:00:00,4989.35986328125,5006.669921875,4985.77001953125,5006.35009765625,0
2024-04-23 15:00:00,5005.72998046875,5011.10009765625,5000.81982421875,5010.7099609375,0
2024-04-24 07:00:00,5004.91015625,5029.6298828125,5004.91015625,5027.7998046875,0
2024-04-24 08:00:00,5027.5,5031.83984375,5019.0,5019.0,0
2024-04-24 09:00:00,5018.64990234375,5027.9599609375,5018.64990234375,5024.2001953125,0
2024-04-24 10:00:00,5023.31005859375,5029.580078125,5023.08984375,5025.919921875,0
2024-04-24 11:00:00,5025.39013671875,5029.080078125,5023.830078125,5027.080078125,0
2024-04-24 12:00:00,5027.0,5029.0,5015.169921875,5015.35986328125,0
2024-04-24 13:00:00,5014.75,5017.3798828125,5003.77978515625,5004.81005859375,0
2024-04-24 14:00:00,5003.89013671875,5008.240234375,4987.68017578125,4987.68017578125,0
2024-04-24 15:00:00,4986.7001953125,4988.60009765625,4981.81005859375,4986.27001953125,0
2024-04-25 07:00:00,4993.35009765625,4994.41015625,4963.580078125,4969.669921875,0
2024-04-25 08:00:00,4969.47021484375,4979.31005859375,4967.830078125,4972.0498046875,0
2024-04-25 09:00:00,4972.64990234375,4972.64990234375,4964.5400390625,4965.81982421875,0
2024-04-25 10:00:00,4966.06982421875,4966.1298828125,4949.60986328125,4950.31982421875,0
2024-04-25 11:00:00,4949.419921875,4959.52978515625,4946.669921875,4959.52978515625,0
2024-04-25 12:00:00,4959.31005859375,4959.35986328125,4924.06982421875,4927.27978515625,0
2024-04-25 13:00:00,4926.509765625,4929.56005859375,4903.3798828125,4907.91015625,0
2024-04-25 14:00:00,4908.02001953125,4933.18994140625,4900.27001953125,4932.77978515625,0
2024-04-25 15:00:00,4933.81005859375,4942.7900390625,4933.669921875,4940.8701171875,0
2024-04-26 07:00:00,4950.22021484375,4974.64990234375,4950.22021484375,4970.39013671875,0
2024-04-26 08:00:00,4969.91015625,4974.52001953125,4966.7900390625,4968.41015625,0
2024-04-26 09:00:00,4968.490234375,4975.02978515625,4963.22998046875,4973.169921875,0
2024-04-26 10:00:00,4973.0498046875,4975.3798828125,4968.7998046875,4974.5,0
2024-04-26 11:00:00,4974.669921875,4981.52001953125,4974.5498046875,4978.43994140625,0
2024-04-26 12:00:00,4978.52001953125,4990.509765625,4974.240234375,4980.0,0
2024-04-26 13:00:00,4980.0400390625,5005.89013671875,4980.0400390625,5002.7001953125,0
2024-04-26 14:00:00,5002.97998046875,5017.97998046875,5002.97998046875,5005.669921875,0
2024-04-26 15:00:00,5005.7099609375,5010.06982421875,5004.89990234375,5006.85009765625,0
2024-04-29 07:00:00,5014.22021484375,5026.81982421875,5006.85009765625,5018.58984375,0
2024-04-29 08:00:00,5019.1298828125,5019.1298828125,5009.18994140625,5009.91015625,0
2024-04-29 09:00:00,5009.81005859375,5011.91015625,4996.89990234375,4997.14990234375,0
2024-04-29 10:00:00,4997.509765625,5001.22021484375,4995.5400390625,4997.72021484375,0
2024-04-29 11:00:00,4998.08984375,4998.5498046875,4993.7998046875,4995.52001953125,0
2024-04-29 12:00:00,4995.6201171875,4998.919921875,4991.43994140625,4995.60009765625,0
2024-04-29 13:00:00,4995.490234375,4996.75,4980.419921875,4981.7099609375,0
2024-04-29 14:00:00,4981.8798828125,4989.18017578125,4981.06982421875,4986.9501953125,0
2024-04-29 15:00:00,4986.740234375,4986.81005859375,4982.89013671875,4984.31005859375,0
2024-04-30 07:00:00,4985.5400390625,4988.1201171875,4964.580078125,4966.1298828125,0
2024-04-30 08:00:00,4966.1201171875,4969.02978515625,4952.85986328125,4953.60986328125,0
2024-04-30 09:00:00,4954.08984375,4958.58984375,4951.77001953125,4957.740234375,0
2024-04-30 10:00:00,4957.7900390625,4968.31005859375,4955.8798828125,4965.4599609375,0
2024-04-30 11:00:00,4965.8701171875,4966.669921875,4957.60009765625,4958.97021484375,0
2024-04-30 12:00:00,4958.97998046875,4962.89990234375,4943.91015625,4943.91015625,0
2024-04-30 13:00:00,4944.2001953125,4952.4599609375,4941.31005859375,4949.080078125,0
2024-04-30 14:00:00,4949.259765625,4956.240234375,4939.89013671875,4939.89013671875,0
2024-04-30 15:00:00,4939.509765625,4939.509765625,4916.56982421875,4920.64990234375,0
2024-05-02 07:00:00,4907.330078125,4909.85986328125,4891.47021484375,4896.830078125,0
2024-05-02 08:00:00,4896.93994140625,4913.1298828125,4889.83984375,4890.43994140625,0
2024-05-02 09:00:00,4890.72021484375,4901.2900390625,4890.259765625,4892.39013671875,0
2024-05-02 10:00:00,4893.2001953125,4906.85009765625,4893.080078125,4903.89013671875,0
2024-05-02 11:00:00,4904.1201171875,4912.31982421875,4904.1201171875,4904.2998046875,0
2024-05-02 12:00:00,4904.14990234375,4912.31005859375,4902.02001953125,4904.5498046875,0
2024-05-02 13:00:00,4904.56005859375,4913.7099609375,4903.009765625,4903.93994140625,0
2024-05-02 14:00:00,4903.5,4906.77001953125,4888.39013671875,4899.31982421875,0
2024-05-02 15:00:00,4899.1298828125,4902.5,4895.43017578125,4895.43017578125,0
2024-05-03 07:00:00,4901.0400390625,4915.580078125,4896.41015625,4905.7099609375,0
2024-05-03 08:00:00,4906.16015625,4917.5,4905.6298828125,4914.39990234375,0
2024-05-03 09:00:00,4913.8798828125,4922.2099609375,4912.43017578125,4921.2998046875,0
2024-05-03 10:00:00,4921.64990234375,4926.10986328125,4917.2998046875,4919.2001953125,0
2024-05-03 11:00:00,4919.4599609375,4920.06005859375,4911.60986328125,4912.3798828125,0
2024-05-03 12:00:00,4912.830078125,4944.81982421875,4911.56982421875,4934.64990234375,0
2024-05-03 13:00:00,4935.1201171875,4938.85009765625,4923.080078125,4936.18017578125,0
2024-05-03 14:00:00,4936.52978515625,4936.52978515625,4910.7001953125,4916.58984375,0
2024-05-03 15:00:00,4916.240234375,4919.5400390625,4912.77978515625,4918.7001953125,0
2024-05-06 07:00:00,4921.02001953125,4934.580078125,4921.02001953125,4922.64990234375,0
2024-05-06 08:00:00,4922.64990234375,4936.7001953125,4920.93017578125,4935.7001953125,0
2024-05-06 09:00:00,4935.66015625,4950.97998046875,4935.0,4950.68994140625,0
2024-05-06 10:00:00,4950.35986328125,4962.27001953125,4950.35986328125,4961.89013671875,0
2024-05-06 11:00:00,4961.759765625,4964.240234375,4959.35986328125,4962.97021484375,0
2024-05-06 12:00:00,4963.39013671875,4969.1201171875,4957.22021484375,4958.0498046875,0
2024-05-06 13:00:00,4958.169921875,4958.169921875,4943.0498046875,4949.5400390625,0
2024-05-06 14:00:00,4949.81005859375,4956.169921875,4949.14990234375,4952.5498046875,0
2024-05-06 15:00:00,4953.0400390625,4956.16015625,4921.47998046875,4955.2099609375,0
2024-05-07 07:00:00,4969.81982421875,4988.56005859375,4969.81982421875,4971.60986328125,0
2024-05-07 08:00:00,4970.330078125,4983.0498046875,4967.81005859375,4982.47021484375,0
2024-05-07 09:00:00,4982.1298828125,4988.7001953125,4982.1298828125,4987.0498046875,0
2024-05-07 10:00:00,4987.1201171875,4990.22998046875,4984.27978515625,4986.56005859375,0
2024-05-07 11:00:00,4987.169921875,4987.169921875,4974.6298828125,4979.14013671875,0
2024-05-07 12:00:00,4979.419921875,4993.39990234375,4979.419921875,4993.39990234375,0
2024-05-07 13:00:00,4993.35009765625,5008.06982421875,4993.35009765625,4998.56982421875,0
2024-05-07 14:00:00,4996.56005859375,5011.60986328125,4996.56005859375,5010.490234375,0
2024-05-07 15:00:00,5011.08984375,5016.6201171875,5010.4501953125,5016.009765625,0
2024-05-08 07:00:00,5025.2998046875,5036.52001953125,5024.85986328125,5030.2900390625,0
2024-05-08 08:00:00,5029.8798828125,5043.5,5029.2998046875,5036.89990234375,0
2024-05-08 09:00:00,5036.8798828125,5046.5,5036.60986328125,5044.2001953125,0
2024-05-08 10:00:00,5043.89990234375,5046.06005859375,5039.89013671875,5042.080078125,0
2024-05-08 11:00:00,5041.75,5045.0400390625,5038.18017578125,5039.2998046875,0
2024-05-08 12:00:00,5039.240234375,5039.60009765625,5023.740234375,5025.64990234375,0
2024-05-08 13:00:00,5025.52001953125,5041.7099609375,5025.52001953125,5041.7099609375,0
2024-05-08 14:00:00,5042.259765625,5047.5400390625,5041.64013671875,5041.97021484375,0
2024-05-08 15:00:00,5041.66015625,5043.93994140625,5035.18994140625,5038.81982421875,0
2024-05-10 07:00:00,5060.72998046875,5082.35986328125,5060.72998046875,5081.7998046875,0
2024-05-10 08:00:00,5081.6298828125,5094.4501953125,5080.27001953125,5094.2900390625,0
2024-05-10 09:00:00,5094.830078125,5096.89013671875,5091.5400390625,5095.39013671875,0
2024-05-10 10:00:00,5093.97998046875,5096.4599609375,5091.2998046875,5091.509765625,0
2024-05-10 11:00:00,5091.18994140625,5093.7001953125,5085.490234375,5090.56005859375,0
2024-05-10 12:00:00,5090.4599609375,5095.47021484375,5087.7001953125,5088.85009765625,0
2024-05-10 13:00:00,5088.6298828125,5090.1201171875,5082.60986328125,5088.06005859375,0
2024-05-10 14:00:00,5088.81005859375,5089.919921875,5082.509765625,5084.7998046875,0
2024-05-10 15:00:00,5084.9501953125,5084.9501953125,5078.39013671875,5081.02978515625,0
2024-05-13 07:00:00,5083.5400390625,5087.919921875,5077.14990234375,5079.52001953125,0
2024-05-13 08:00:00,5079.490234375,5081.080078125,5075.39013671875,5075.68994140625,0
2024-05-13 09:00:00,5075.31982421875,5077.56005859375,5074.47998046875,5075.3701171875,0
2024-05-13 10:00:00,5075.7001953125,5075.830078125,5073.1201171875,5074.990234375,0
2024-05-13 11:00:00,5075.22021484375,5078.1201171875,5073.3798828125,5077.14013671875,0
2024-05-13 12:00:00,5077.2001953125,5078.2001953125,5072.7900390625,5074.39013671875,0
2024-05-13 13:00:00,5073.919921875,5077.97998046875,5068.06005859375,5077.81005859375,0
2024-05-13 14:00:00,5077.93017578125,5081.68994140625,5074.8798828125,5078.830078125,0
2024-05-13 15:00:00,5079.10986328125,5079.75,5075.009765625,5077.4501953125,0
2024-05-14 07:00:00,5079.3701171875,5079.3701171875,5068.75,5070.5,0
2024-05-14 08:00:00,5070.64013671875,5075.8701171875,5069.25,5072.7900390625,0
2024-05-14 09:00:00,5072.7001953125,5074.6201171875,5070.52978515625,5073.18994140625,0
2024-05-14 10:00:00,5073.4501953125,5074.7900390625,5069.1201171875,5074.740234375,0
2024-05-14 11:00:00,5074.669921875,5077.83984375,5068.4501953125,5075.43994140625,0
2024-05-14 12:00:00,5075.22998046875,5077.490234375,5057.93994140625,5075.02978515625,0
2024-05-14 13:00:00,5075.4501953125,5079.02001953125,5070.7900390625,5077.7998046875,0
2024-05-14 14:00:00,5077.22021484375,5080.27978515625,5070.91015625,5077.14013671875,0
2024-05-14 15:00:00,5077.509765625,5083.5498046875,5077.080078125,5081.330078125,0
2024-05-15 07:00:00,5083.25,5098.22998046875,5080.68017578125,5084.47998046875,0
2024-05-15 08:00:00,5083.8798828125,5091.2998046875,5083.10986328125,5086.9501953125,0
2024-05-15 09:00:00,5087.06982421875,5090.009765625,5082.9501953125,5083.97998046875,0
2024-05-15 10:00:00,5083.89013671875,5083.93994140625,5076.93994140625,5077.52001953125,0
2024-05-15 11:00:00,5077.669921875,5086.990234375,5077.669921875,5079.580078125,0
2024-05-15 12:00:00,5079.31982421875,5102.009765625,5075.06005859375,5086.52001953125,0
2024-05-15 13:00:00,5086.66015625,5097.47998046875,5086.009765625,5092.18017578125,0
2024-05-15 14:00:00,5092.18017578125,5098.31005859375,5083.5498046875,5097.0498046875,0
2024-05-15 15:00:00,5097.009765625,5102.2998046875,5096.39990234375,5100.89990234375,0
2024-05-16 07:00:00,5094.77001953125,5101.41015625,5088.2998046875,5089.8701171875,0
2024-05-16 08:00:00,5089.89013671875,5090.009765625,5083.0400390625,5083.7998046875,0
2024-05-16 09:00:00,5083.60009765625,5084.580078125,5078.68017578125,5081.25,0
2024-05-16 10:00:00,5081.6298828125,5091.8701171875,5080.7900390625,5089.259765625,0
2024-05-16 11:00:00,5089.18994140625,5091.25,5086.58984375,5088.64013671875,0
2024-05-16 12:00:00,5088.52001953125,5088.52001953125,5077.330078125,5082.0,0
2024-05-16 13:00:00,5081.830078125,5084.0498046875,5072.240234375,5075.18017578125,0
2024-05-16 14:00:00,5074.56982421875,5082.080078125,5071.759765625,5078.169921875,0
2024-05-16 15:00:00,5078.1201171875,5078.1201171875,5068.10986328125,5070.490234375,0
2024-05-17 07:00:00,5061.43994140625,5064.7001953125,5051.4599609375,5052.41015625,0
2024-05-17 08:00:00,5052.419921875,5052.419921875,5040.22998046875,5051.25,0
2024-05-17 09:00:00,5051.27001953125,5056.830078125,5051.27001953125,5056.4599609375,0
2024-05-17 10:00:00,5056.18017578125,5058.5498046875,5047.9501953125,5052.0498046875,0
2024-05-17 11:00:00,5051.97998046875,5058.08984375,5048.97021484375,5052.7998046875,0
2024-05-17 12:00:00,5052.7998046875,5055.68994140625,5051.0498046875,5053.97021484375,0
2024-05-17 13:00:00,5054.080078125,5061.6298828125,5052.64013671875,5059.06005859375,0
2024-05-17 14:00:00,5058.64013671875,5065.68017578125,5057.68017578125,5065.1201171875,0
2024-05-17 15:00:00,5064.56005859375,5068.39013671875,5061.97021484375,5063.52978515625,0
2024-05-21 07:00:00,5064.8701171875,5064.8701171875,5053.330078125,5054.419921875,0
2024-05-21 08:00:00,5054.75,5055.080078125,5041.009765625,5044.080078125,0
2024-05-21 09:00:00,5043.919921875,5045.77001953125,5027.2900390625,5028.39990234375,0
2024-05-21 10:00:00,5028.22998046875,5041.52978515625,5028.22998046875,5038.259765625,0
2024-05-21 11:00:00,5038.66015625,5040.64013671875,5035.1298828125,5039.06005859375,0
2024-05-21 12:00:00,5039.22021484375,5040.66015625,5031.5498046875,5031.72998046875,0
2024-05-21 13:00:00,5031.3701171875,5038.7998046875,5026.06982421875,5031.77978515625,0
2024-05-21 14:00:00,5031.740234375,5045.06005859375,5031.740234375,5041.35986328125,0
2024-05-21 15:00:00,5043.25,5047.58984375,5041.8701171875,5045.41015625,0
2024-05-22 07:00:00,5043.72021484375,5044.47998046875,5028.9501953125,5033.60986328125,0
2024-05-22 08:00:00,5033.72021484375,5036.2998046875,5026.31005859375,5028.4501953125,0
2024-05-22 09:00:00,5028.919921875,5034.7001953125,5026.02001953125,5034.39013671875,0
2024-05-22 10:00:00,5034.22998046875,5036.7099609375,5029.14990234375,5030.72998046875,0
2024-05-22 11:00:00,5030.16015625,5035.1201171875,5026.7900390625,5027.0400390625,0
2024-05-22 12:00:00,5027.259765625,5032.58984375,5022.72998046875,5031.81005859375,0
2024-05-22 13:00:00,5031.7099609375,5036.06005859375,5029.240234375,5031.7001953125,0
2024-05-22 14:00:00,5031.16015625,5031.580078125,5020.7001953125,5025.06982421875,0
2024-05-22 15:00:00,5024.7900390625,5029.22998046875,5024.580078125,5024.9501953125,0
2024-05-23 07:00:00,5026.7001953125,5056.97021484375,5026.7001953125,5053.41015625,0
2024-05-23 08:00:00,5053.419921875,5053.419921875,5038.169921875,5040.39990234375,0
2024-05-23 09:00:00,5040.580078125,5052.52978515625,5038.22021484375,5043.68017578125,0
2024-05-23 10:00:00,5043.72021484375,5049.60986328125,5039.14990234375,5048.77001953125,0
2024-05-23 11:00:00,5049.0400390625,5057.1298828125,5047.7998046875,5055.91015625,0
2024-05-23 12:00:00,5055.75,5064.5,5053.759765625,5058.2998046875,0
2024-05-23 13:00:00,5058.419921875,5058.72021484375,5032.31005859375,5035.43017578125,0
2024-05-23 14:00:00,5035.580078125,5048.5,5025.27978515625,5026.25,0
2024-05-23 15:00:00,5026.759765625,5038.10986328125,5026.10009765625,5035.58984375,0
2024-05-24 07:00:00,5027.93994140625,5027.93994140625,4991.7001953125,5007.81005859375,0
2024-05-24 08:00:00,5007.72021484375,5020.58984375,5007.72021484375,5019.18994140625,0
2024-05-24 09:00:00,5019.16015625,5019.6201171875,5011.5498046875,5016.52978515625,0
2024-05-24 10:00:00,5016.33984375,5022.10986328125,5016.33984375,5018.47998046875,0
2024-05-24 11:00:00,5018.330078125,5019.8798828125,5012.10009765625,5016.490234375,0
2024-05-24 12:00:00,5016.419921875,5020.830078125,5010.81982421875,5011.009765625,0
2024-05-24 13:00:00,5011.27978515625,5018.81005859375,5009.75,5013.33984375,0
2024-05-24 14:00:00,5013.02978515625,5030.89990234375,5013.02978515625,5029.93017578125,0
2024-05-24 15:00:00,5030.39990234375,5040.89013671875,5030.10986328125,5036.3701171875,0
2024-05-27 07:00:00,5038.919921875,5041.97021484375,5033.56005859375,5037.6201171875,0
2024-05-27 08:00:00,5037.6201171875,5045.009765625,5037.60009765625,5040.35009765625,0
2024-05-27 09:00:00,5040.3798828125,5044.85986328125,5038.14013671875,5039.490234375,0
2024-05-27 10:00:00,5039.35009765625,5041.740234375,5037.3798828125,5039.81982421875,0
2024-05-27 11:00:00,5039.85986328125,5040.89013671875,5034.9501953125,5039.91015625,0
2024-05-27 12:00:00,5039.93994140625,5048.31982421875,5039.93994140625,5046.93017578125,0
2024-05-27 13:00:00,5046.89990234375,5051.330078125,5040.77001953125,5044.08984375,0
2024-05-27 14:00:00,5044.10009765625,5053.3701171875,5044.10009765625,5053.06982421875,0
2024-05-27 15:00:00,5052.75,5054.02001953125,5050.83984375,5053.919921875,0
2024-05-28 07:00:00,5060.3798828125,5071.2001953125,5060.27001953125,5063.009765625,0
2024-05-28 08:00:00,5062.3798828125,5071.39013671875,5062.3798828125,5067.97021484375,0
2024-05-28 09:00:00,5068.009765625,5068.97998046875,5061.89013671875,5062.2099609375,0
2024-05-28 10:00:00,5061.740234375,5061.740234375,5046.509765625,5050.0,0
2024-05-28 11:00:00,5050.18994140625,5053.080078125,5044.5400390625,5048.2099609375,0
2024-05-28 12:00:00,5048.33984375,5048.4501953125,5034.27001953125,5037.9599609375,0
2024-05-28 13:00:00,5037.66015625,5041.81982421875,5024.7900390625,5024.8798828125,0
2024-05-28 14:00:00,5026.02001953125,5028.16015625,5015.85009765625,5024.5,0
2024-05-28 15:00:00,5024.97021484375,5029.4501953125,5020.5,5029.4501953125,0
2024-05-29 07:00:00,5027.52001953125,5027.52978515625,5001.43017578125,5001.47998046875,0
2024-05-29 08:00:00,5001.16015625,5013.72998046875,5001.16015625,5010.7900390625,0
2024-05-29 09:00:00,5010.06005859375,5011.009765625,4992.43017578125,4998.4501953125,0
2024-05-29 10:00:00,4997.89990234375,5000.10009765625,4991.240234375,4991.33984375,0
2024-05-29 11:00:00,4990.56982421875,4991.27001953125,4979.89013671875,4982.81982421875,0
2024-05-29 12:00:00,4982.85009765625,4982.85009765625,4961.14990234375,4963.58984375,0
2024-05-29 13:00:00,4963.5,4974.39990234375,4955.83984375,4974.39990234375,0
2024-05-29 14:00:00,4974.93017578125,4977.56982421875,4967.25,4969.9599609375,0
2024-05-29 15:00:00,4970.18017578125,4970.18017578125,4962.68017578125,4966.3798828125,0
2024-05-30 07:00:00,4954.77978515625,4965.60009765625,4947.2099609375,4965.56982421875,0
2024-05-30 08:00:00,4965.47021484375,4972.830078125,4962.919921875,4970.990234375,0
2024-05-30 09:00:00,4970.35986328125,4973.35009765625,4964.08984375,4966.4501953125,0
2024-05-30 10:00:00,4966.43994140625,4972.14990234375,4965.2001953125,4969.93017578125,0
2024-05-30 11:00:00,4969.89990234375,4971.2998046875,4964.009765625,4971.080078125,0
2024-05-30 12:00:00,4970.83984375,4978.7998046875,4968.0,4973.52001953125,0
2024-05-30 13:00:00,4973.990234375,4981.240234375,4972.56005859375,4979.85009765625,0
2024-05-30 14:00:00,4979.25,4985.8701171875,4974.25,4978.22021484375,0
2024-05-30 15:00:00,4977.91015625,4983.9501953125,4977.5498046875,4983.2998046875,0
2024-05-31 07:00:00,4985.7099609375,4989.93994140625,4975.759765625,4979.2900390625,0
2024-05-31 08:00:00,4979.68994140625,4991.169921875,4978.97998046875,4983.64990234375,0
2024-05-31 09:00:00,4984.10986328125,4988.35986328125,4976.4599609375,4986.7998046875,0
2024-05-31 10:00:00,4986.81982421875,4987.75,4975.56005859375,4987.75,0
2024-05-31 11:00:00,4988.3798828125,4988.3798828125,4981.1298828125,4984.10009765625,0
2024-05-31 12:00:00,4983.97021484375,5000.3701171875,4982.7900390625,4994.5498046875,0
2024-05-31 13:00:00,4994.39013671875,5000.759765625,4987.35009765625,4993.6201171875,0
2024-05-31 14:00:00,4992.919921875,4992.919921875,4967.27001953125,4979.1298828125,0
2024-05-31 15:00:00,4979.39013671875,4980.5400390625,4974.35986328125,4976.740234375,0
2024-06-03 07:00:00,5008.10009765625,5039.5498046875,5007.330078125,5007.83984375,0
2024-06-03 08:00:00,5007.60009765625,5032.3798828125,5005.89990234375,5025.85986328125,0
2024-06-03 09:00:00,5026.06005859375,5026.919921875,5011.8701171875,5017.77978515625,0
2024-06-03 10:00:00,5017.990234375,5022.77001953125,5015.6298828125,5016.64013671875,0
2024-06-03 11:00:00,5015.580078125,5020.1201171875,5010.14013671875,5015.9501953125,0
2024-06-03 12:00:00,5016.2099609375,5029.1201171875,5015.18017578125,5027.35986328125,0
2024-06-03 13:00:00,5027.3798828125,5035.02001953125,5015.66015625,5018.75,0
2024-06-03 14:00:00,5019.22998046875,5027.52001953125,5000.5,5003.1298828125,0
2024-06-03 15:00:00,5003.02001953125,5006.39013671875,4997.009765625,5004.77001953125,0
2024-06-04 07:00:00,5001.97021484375,5001.97021484375,4967.85986328125,4978.7099609375,0
2024-06-04 08:00:00,4978.830078125,4978.89990234375,4954.4599609375,4956.259765625,0
2024-06-04 09:00:00,4955.52978515625,4957.2900390625,4944.56982421875,4948.8701171875,0
2024-06-04 10:00:00,4948.3798828125,4953.56982421875,4942.14013671875,4950.1201171875,0
2024-06-04 11:00:00,4950.02001953125,4977.3798828125,4950.02001953125,4976.5498046875,0
2024-06-04 12:00:00,4976.580078125,4984.68017578125,4972.0400390625,4983.41015625,0
2024-06-04 13:00:00,4983.93017578125,4988.47021484375,4978.77001953125,4981.27001953125,0
2024-06-04 14:00:00,4981.8798828125,4989.240234375,4958.22998046875,4959.3798828125,0
2024-06-04 15:00:00,4959.259765625,4961.56005859375,4955.02978515625,4957.580078125,0
2024-06-05 07:00:00,4972.72021484375,4993.08984375,4972.72021484375,4988.39990234375,0
2024-06-05 08:00:00,4988.25,4994.18017578125,4983.02978515625,4988.89013671875,0
2024-06-05 09:00:00,4988.72998046875,5001.68994140625,4988.5498046875,5001.68994140625,0
2024-06-05 10:00:00,5001.8701171875,5012.669921875,5000.85009765625,5011.0,0
2024-06-05 11:00:00,5010.7099609375,5025.47998046875,5009.169921875,5023.75,0
2024-06-05 12:00:00,5023.7001953125,5038.06005859375,5023.02978515625,5038.06005859375,0
2024-06-05 13:00:00,5038.080078125,5044.02001953125,5024.5498046875,5029.02001953125,0
2024-06-05 14:00:00,5029.31005859375,5034.16015625,5021.31982421875,5029.16015625,0
2024-06-05 15:00:00,5029.02001953125,5035.580078125,5029.02001953125,5033.1201171875,0
2024-06-06 07:00:00,5051.93994140625,5072.52001953125,5051.93994140625,5072.240234375,0
2024-06-06 08:00:00,5072.10009765625,5082.06982421875,5065.6298828125,5066.68017578125,0
2024-06-06 09:00:00,5067.14013671875,5072.68994140625,5065.64990234375,5069.5498046875,0
2024-06-06 10:00:00,5069.85986328125,5073.58984375,5066.919921875,5073.43017578125,0
2024-06-06 11:00:00,5073.5498046875,5077.43017578125,5071.759765625,5074.6201171875,0
2024-06-06 12:00:00,5074.68994140625,5075.60986328125,5049.8798828125,5065.759765625,0
2024-06-06 13:00:00,5065.83984375,5070.60009765625,5057.58984375,5064.18994140625,0
2024-06-06 14:00:00,5063.5498046875,5074.85009765625,5061.02978515625,5066.18017578125,0
2024-06-06 15:00:00,5066.2001953125,5070.64990234375,5064.68017578125,5068.06005859375,0
2024-06-07 07:00:00,5072.8798828125,5077.2099609375,5063.72021484375,5066.669921875,0
2024-06-07 08:00:00,5066.52001953125,5066.97021484375,5044.75,5045.89013671875,0
2024-06-07 09:00:00,5046.14990234375,5053.9501953125,5041.18994140625,5051.9501953125,0
2024-06-07 10:00:00,5051.85009765625,5053.669921875,5032.60986328125,5032.60986328125,0
2024-06-07 11:00:00,5032.77001953125,5037.81005859375,5024.25,5036.77978515625,0
2024-06-07 12:00:00,5036.3798828125,5044.41015625,5018.35009765625,5031.08984375,0
2024-06-07 13:00:00,5030.43017578125,5058.16015625,5028.330078125,5051.7099609375,0
2024-06-07 14:00:00,5052.72021484375,5066.6298828125,5052.169921875,5056.8701171875,0
2024-06-07 15:00:00,5056.31982421875,5056.31982421875,5049.85986328125,5052.81982421875,0
2024-06-10 07:00:00,5027.85986328125,5027.85986328125,4986.22998046875,5004.5498046875,0
2024-06-10 08:00:00,5004.60009765625,5006.18994140625,4986.7001953125,4986.7001953125,0
2024-06-10 09:00:00,4986.77001953125,4989.31005859375,4973.8798828125,4978.22998046875,0
2024-06-10 10:00:00,4979.31982421875,4996.009765625,4976.77978515625,4990.7099609375,0
2024-06-10 11:00:00,4991.0498046875,5003.8701171875,4991.0498046875,5001.14013671875,0
2024-06-10 12:00:00,5001.39990234375,5008.1298828125,4995.97998046875,4998.22021484375,0
2024-06-10 13:00:00,4997.08984375,4997.77001953125,4986.14990234375,4993.5400390625,0
2024-06-10 14:00:00,4993.330078125,5004.7099609375,4991.47998046875,5000.81982421875,0
2024-06-10 15:00:00,5000.97998046875,5011.64990234375,4999.39990234375,5011.259765625,0
2024-06-11 07:00:00,5025.1298828125,5034.580078125,5019.2998046875,5025.56005859375,0
2024-06-11 08:00:00,5025.7900390625,5029.18017578125,5008.7099609375,5009.77001953125,0
2024-06-11 09:00:00,5008.93017578125,5017.990234375,4978.0,4978.0,0
2024-06-11 10:00:00,4976.0498046875,4981.97021484375,4970.419921875,4977.919921875,0
2024-06-11 11:00:00,4977.75,4977.97998046875,4955.18994140625,4962.93017578125,0
2024-06-11 12:00:00,4962.6298828125,4972.10009765625,4958.7900390625,4962.68994140625,0
2024-06-11 13:00:00,4963.3798828125,4973.81005859375,4942.5400390625,4960.8798828125,0
2024-06-11 14:00:00,4961.56982421875,4973.89990234375,4955.919921875,4970.4599609375,0
2024-06-11 15:00:00,4970.7099609375,4972.2998046875,4964.22998046875,4966.33984375,0
2024-06-12 07:00:00,4970.60986328125,4995.259765625,4970.60986328125,4993.2099609375,0
2024-06-12 08:00:00,4992.990234375,4995.27978515625,4982.3798828125,4984.83984375,0
2024-06-12 09:00:00,4984.72021484375,4990.06982421875,4979.27001953125,4986.7998046875,0
2024-06-12 10:00:00,4986.509765625,4995.89990234375,4985.81982421875,4989.58984375,0
2024-06-12 11:00:00,4989.990234375,5002.3798828125,4989.990234375,4999.240234375,0
2024-06-12 12:00:00,4999.4599609375,5025.8798828125,4994.5498046875,5022.740234375,0
2024-06-12 13:00:00,5022.5498046875,5039.1201171875,5019.25,5034.22998046875,0
2024-06-12 14:00:00,5034.009765625,5042.39013671875,5029.56982421875,5033.080078125,0
2024-06-12 15:00:00,5032.919921875,5038.66015625,5030.919921875,5038.66015625,0
2024-06-13 07:00:00,5031.0400390625,5031.0400390625,5020.41015625,5020.919921875,0
2024-06-13 08:00:00,5020.6298828125,5020.6298828125,4997.64990234375,5002.4501953125,0
2024-06-13 09:00:00,5002.33984375,5006.93994140625,4985.0,4988.2998046875,0
2024-06-13 10:00:00,4988.33984375,4990.08984375,4975.22998046875,4982.3798828125,0
2024-06-13 11:00:00,4982.25,4991.14990234375,4980.91015625,4985.6201171875,0
2024-06-13 12:00:00,4985.56982421875,4996.3798828125,4985.330078125,4985.3701171875,0
2024-06-13 13:00:00,4984.72998046875,4987.009765625,4952.6201171875,4954.0,0
2024-06-13 14:00:00,4954.72998046875,4959.27978515625,4939.16015625,4941.6201171875,0
2024-06-13 15:00:00,4940.0,4940.0,4929.8701171875,4933.2001953125,0
2024-06-14 07:00:00,4942.81982421875,4942.81982421875,4903.490234375,4903.7099609375,0
2024-06-14 08:00:00,4903.0400390625,4907.7099609375,4888.06005859375,4888.7900390625,0
2024-06-14 09:00:00,4888.68017578125,4894.08984375,4856.56982421875,4857.22021484375,0
2024-06-14 10:00:00,4856.2998046875,4857.02001953125,4832.02001953125,4845.52978515625,0
2024-06-14 11:00:00,4844.669921875,4875.7001953125,4834.64990234375,4848.8701171875,0
2024-06-14 12:00:00,4849.740234375,4859.5400390625,4842.259765625,4851.52001953125,0
2024-06-14 13:00:00,4851.080078125,4864.169921875,4842.47021484375,4848.2900390625,0
2024-06-14 14:00:00,4848.14013671875,4848.14013671875,4819.56005859375,4833.7998046875,0
2024-06-14 15:00:00,4834.85009765625,4842.35009765625,4826.33984375,4841.06005859375,0
2024-06-17 07:00:00,4858.68017578125,4900.31005859375,4858.68017578125,4871.490234375,0
2024-06-17 08:00:00,4871.56982421875,4881.39990234375,4853.2099609375,4855.6201171875,0
2024-06-17 09:00:00,4855.85986328125,4863.9501953125,4853.1298828125,4859.0498046875,0
2024-06-17 10:00:00,4858.81982421875,4859.419921875,4837.8798828125,4854.830078125,0
2024-06-17 11:00:00,4855.259765625,4870.14990234375,4855.259765625,4869.22021484375,0
2024-06-17 12:00:00,4869.4501953125,4871.22998046875,4853.490234375,4863.02001953125,0
2024-06-17 13:00:00,4863.68017578125,4878.58984375,4863.68017578125,4865.18017578125,0
2024-06-17 14:00:00,4864.08984375,4878.08984375,4854.41015625,4876.10986328125,0
2024-06-17 15:00:00,4876.7900390625,4883.169921875,4876.58984375,4880.419921875,0
2024-06-18 07:00:00,4898.330078125,4922.60986328125,4896.02001953125,4896.06982421875,0
2024-06-18 08:00:00,4896.14990234375,4896.85986328125,4883.18017578125,4894.5,0
2024-06-18 09:00:00,4893.89990234375,4909.47021484375,4893.89990234375,4904.68017578125,0
2024-06-18 10:00:00,4904.85009765625,4917.3701171875,4902.2099609375,4909.60986328125,0
2024-06-18 11:00:00,4909.9599609375,4910.740234375,4897.14990234375,4899.669921875,0
2024-06-18 12:00:00,4900.080078125,4908.43994140625,4893.740234375,4906.60009765625,0
2024-06-18 13:00:00,4906.77001953125,4913.8798828125,4897.97021484375,4904.259765625,0
2024-06-18 14:00:00,4905.10009765625,4919.0498046875,4903.8701171875,4911.02001953125,0
2024-06-18 15:00:00,4911.89013671875,4914.2998046875,4908.7998046875,4912.22021484375,0
2024-06-19 07:00:00,4913.5400390625,4915.93994140625,4896.39990234375,4911.10986328125,0
2024-06-19 08:00:00,4910.97998046875,4916.68994140625,4890.0400390625,4893.580078125,0
2024-06-19 09:00:00,4893.5498046875,4901.68017578125,4890.169921875,4896.85009765625,0
2024-06-19 10:00:00,4896.75,4899.759765625,4890.64013671875,4896.77001953125,0
2024-06-19 11:00:00,4896.6201171875,4907.6201171875,4896.6201171875,4903.759765625,0
2024-06-19 12:00:00,4903.52001953125,4904.89990234375,4893.0,4897.77978515625,0
2024-06-19 13:00:00,4897.77978515625,4904.0498046875,4891.68994140625,4892.990234375,0
2024-06-19 14:00:00,4893.14013671875,4899.0,4888.22998046875,4893.18994140625,0
2024-06-19 15:00:00,4893.47021484375,4893.47021484375,4883.2998046875,4885.60986328125,0
2024-06-20 07:00:00,4894.1298828125,4920.08984375,4894.1298828125,4909.77001953125,0
2024-06-20 08:00:00,4909.85009765625,4917.18994140625,4905.68017578125,4914.58984375,0
2024-06-20 09:00:00,4914.509765625,4925.759765625,4914.06005859375,4925.759765625,0
2024-06-20 10:00:00,4926.31982421875,4930.06982421875,4921.35986328125,4922.47021484375,0
2024-06-20 11:00:00,4921.31005859375,4928.97998046875,4919.4599609375,4923.240234375,0
2024-06-20 12:00:00,4922.97021484375,4924.669921875,4917.259765625,4920.080078125,0
2024-06-20 13:00:00,4919.93017578125,4940.330078125,4916.0498046875,4938.89013671875,0
2024-06-20 14:00:00,4940.080078125,4947.14013671875,4927.60009765625,4946.2099609375,0
2024-06-20 15:00:00,4947.0498046875,4948.89013671875,4943.0498046875,4946.56982421875,0
2024-06-21 07:00:00,4945.02001953125,4945.02001953125,4922.7001953125,4932.97998046875,0
2024-06-21 08:00:00,4933.27001953125,4936.259765625,4910.9599609375,4915.5498046875,0
2024-06-21 09:00:00,4915.25,4921.39990234375,4905.4501953125,4907.85986328125,0
2024-06-21 10:00:00,4909.490234375,4911.509765625,4898.580078125,4911.1298828125,0
2024-06-21 11:00:00,4911.27001953125,4919.7900390625,4905.97998046875,4906.080078125,0
2024-06-21 12:00:00,4905.8701171875,4910.1298828125,4901.52978515625,4909.16015625,0
2024-06-21 13:00:00,4908.990234375,4910.10009765625,4890.1298828125,4898.14013671875,0
2024-06-21 14:00:00,4898.7099609375,4926.27978515625,4898.7099609375,4924.77001953125,0
2024-06-21 15:00:00,4922.8701171875,4924.2900390625,4912.68017578125,4913.35009765625,0
2024-06-24 07:00:00,4917.60986328125,4939.330078125,4911.56982421875,4936.31005859375,0
2024-06-24 08:00:00,4937.919921875,4946.47998046875,4934.60009765625,4941.1298828125,0
2024-06-24 09:00:00,4941.18994140625,4949.41015625,4934.75,4939.25,0
2024-06-24 10:00:00,4938.93994140625,4948.330078125,4936.58984375,4948.2900390625,0
2024-06-24 11:00:00,4948.31982421875,4954.35009765625,4942.68994140625,4947.85009765625,0
2024-06-24 12:00:00,4947.8798828125,4947.97021484375,4937.75,4940.259765625,0
2024-06-24 13:00:00,4940.43994140625,4960.18994140625,4937.60009765625,4958.35986328125,0
2024-06-24 14:00:00,4958.330078125,4964.47021484375,4947.02001953125,4955.64990234375,0
2024-06-24 15:00:00,4955.27978515625,4956.68017578125,4950.58984375,4955.43994140625,0
2024-06-25 07:00:00,4938.43994140625,4938.43994140625,4912.81982421875,4918.080078125,0
2024-06-25 08:00:00,4917.89990234375,4927.7998046875,4915.7001953125,4927.35986328125,0
2024-06-25 09:00:00,4927.22998046875,4938.009765625,4922.41015625,4928.60986328125,0
2024-06-25 10:00:00,4928.5400390625,4930.52978515625,4920.72998046875,4927.669921875,0
2024-06-25 11:00:00,4927.31982421875,4932.85986328125,4917.97998046875,4923.2099609375,0
2024-06-25 12:00:00,4922.919921875,4931.2099609375,4921.9599609375,4925.47998046875,0
2024-06-25 13:00:00,4925.5498046875,4929.89990234375,4910.919921875,4921.60986328125,0
2024-06-25 14:00:00,4922.14990234375,4935.43017578125,4922.14990234375,4926.580078125,0
2024-06-25 15:00:00,4926.4599609375,4933.64013671875,4925.330078125,4930.52978515625,0
2024-06-26 07:00:00,4954.7900390625,4975.330078125,4954.7900390625,4973.5498046875,0
2024-06-26 08:00:00,4974.009765625,4975.81005859375,4961.52978515625,4961.52978515625,0
2024-06-26 09:00:00,4961.58984375,4961.58984375,4943.91015625,4946.77978515625,0
2024-06-26 10:00:00,4946.93994140625,4946.93994140625,4927.31005859375,4928.0400390625,0
2024-06-26 11:00:00,4928.10009765625,4928.35986328125,4913.8701171875,4916.43017578125,0
2024-06-26 12:00:00,4916.4501953125,4916.4501953125,4891.7900390625,4891.830078125,0
2024-06-26 13:00:00,4892.68994140625,4915.41015625,4889.22998046875,4913.06005859375,0
2024-06-26 14:00:00,4913.35009765625,4923.60986328125,4911.25,4921.22021484375,0
2024-06-26 15:00:00,4921.68994140625,4923.830078125,4909.5,4917.81005859375,0
2024-06-27 07:00:00,4918.6298828125,4935.10986328125,4918.2900390625,4930.27978515625,0
2024-06-27 08:00:00,4930.31005859375,4930.31005859375,4913.85009765625,4922.91015625,0
2024-06-27 09:00:00,4922.7099609375,4924.5,4911.02001953125,4911.89013671875,0
2024-06-27 10:00:00,4912.1298828125,4917.259765625,4909.31982421875,4914.02978515625,0
2024-06-27 11:00:00,4914.35009765625,4918.85009765625,4907.64990234375,4914.47021484375,0
2024-06-27 12:00:00,4914.3701171875,4916.39990234375,4905.580078125,4910.81982421875,0
2024-06-27 13:00:00,4910.47998046875,4925.52978515625,4908.259765625,4918.60009765625,0
2024-06-27 14:00:00,4918.56005859375,4927.5498046875,4909.06982421875,4909.06982421875,0
2024-06-27 15:00:00,4910.43994140625,4910.43994140625,4897.18017578125,4901.669921875,0
2024-06-28 07:00:00,4909.2998046875,4922.83984375,4900.22998046875,4903.2900390625,0
2024-06-28 08:00:00,4902.43017578125,4917.7099609375,4890.759765625,4911.18017578125,0
2024-06-28 09:00:00,4910.8798828125,4920.66015625,4903.0,4913.7099609375,0
2024-06-28 10:00:00,4913.41015625,4919.39013671875,4911.60986328125,4917.68994140625,0
2024-06-28 11:00:00,4917.669921875,4917.669921875,4891.7001953125,4899.72998046875,0
2024-06-28 12:00:00,4900.419921875,4903.97021484375,4880.97998046875,4886.669921875,0
2024-06-28 13:00:00,4887.08984375,4903.39990234375,4886.9599609375,4896.77978515625,0
2024-06-28 14:00:00,4897.77978515625,4912.47021484375,4896.72998046875,4897.33984375,0
2024-06-28 15:00:00,4897.7998046875,4897.7998046875,4883.0,4890.10009765625,0
2024-07-01 07:00:00,4924.080078125,4981.31005859375,4924.080078125,4948.10009765625,0
2024-07-01 08:00:00,4949.10986328125,4958.47998046875,4935.97998046875,4939.81982421875,0
2024-07-01 09:00:00,4939.64013671875,4939.64013671875,4923.31982421875,4937.009765625,0
2024-07-01 10:00:00,4935.97021484375,4941.9599609375,4932.2099609375,4938.0498046875,0
2024-07-01 11:00:00,4938.080078125,4944.2998046875,4935.31982421875,4944.2998046875,0
2024-07-01 12:00:00,4944.47021484375,4951.68017578125,4941.6298828125,4950.259765625,0
2024-07-01 13:00:00,4950.31982421875,4959.919921875,4948.0498046875,4948.0498046875,0
2024-07-01 14:00:00,4947.080078125,4954.18994140625,4925.60986328125,4930.580078125,0
2024-07-01 15:00:00,4928.4501953125,4939.31005859375,4927.64013671875,4934.77978515625,0
2024-07-02 07:00:00,4918.2099609375,4918.2099609375,4881.89990234375,4898.75,0
2024-07-02 08:00:00,4898.77978515625,4904.85009765625,4890.16015625,4899.740234375,0
2024-07-02 09:00:00,4899.9501953125,4903.3798828125,4882.2998046875,4885.4501953125,0
2024-07-02 10:00:00,4884.919921875,4889.43017578125,4879.93017578125,4880.68017578125,0
2024-07-02 11:00:00,4881.4599609375,4883.669921875,4869.47998046875,4875.93994140625,0
2024-07-02 12:00:00,4876.509765625,4889.0498046875,4874.25,4883.2099609375,0
2024-07-02 13:00:00,4883.60986328125,4902.68994140625,4883.60986328125,4900.93017578125,0
2024-07-02 14:00:00,4900.1201171875,4908.97998046875,4896.10009765625,4905.669921875,0
2024-07-02 15:00:00,4904.81982421875,4908.5498046875,4903.02978515625,4904.83984375,0
2024-07-03 07:00:00,4922.02978515625,4956.68017578125,4922.02978515625,4942.8701171875,0
2024-07-03 08:00:00,4942.7998046875,4958.3798828125,4937.83984375,4954.18994140625,0
2024-07-03 09:00:00,4954.169921875,4971.56982421875,4951.97021484375,4970.52001953125,0
2024-07-03 10:00:00,4970.0400390625,4976.14990234375,4970.0400390625,4973.81005859375,0
2024-07-03 11:00:00,4973.330078125,4977.56982421875,4972.81005859375,4974.97998046875,0
2024-07-03 12:00:00,4975.0400390625,4976.080078125,4956.81982421875,4969.7998046875,0
2024-07-03 13:00:00,4969.7099609375,4969.77001953125,4959.2099609375,4964.10986328125,0
2024-07-03 14:00:00,4963.64013671875,4965.7900390625,4954.18017578125,4962.740234375,0
2024-07-03 15:00:00,4964.0,4971.4501953125,4961.259765625,4968.830078125,0
2024-07-04 07:00:00,4972.669921875,4990.580078125,4972.669921875,4982.5,0
2024-07-04 08:00:00,4982.35009765625,4990.66015625,4981.39013671875,4985.8701171875,0
2024-07-04 09:00:00,4986.06982421875,4993.66015625,4984.5400390625,4987.919921875,0
2024-07-04 10:00:00,4987.35009765625,4988.97998046875,4983.83984375,4986.990234375,0
2024-07-04 11:00:00,4987.41015625,4990.64990234375,4984.72021484375,4987.18994140625,0
2024-07-04 12:00:00,4986.83984375,4991.6201171875,4983.1201171875,4991.33984375,0
2024-07-04 13:00:00,4991.43994140625,4992.06005859375,4983.2998046875,4984.4599609375,0
2024-07-04 14:00:00,4984.2099609375,4986.169921875,4975.16015625,4985.2998046875,0
2024-07-04 15:00:00,4985.22021484375,4991.72021484375,4985.22021484375,4989.02978515625,0
2024-07-05 07:00:00,4993.990234375,5019.64990234375,4993.990234375,5016.02001953125,0
2024-07-05 08:00:00,5015.93017578125,5015.93017578125,5007.91015625,5011.259765625,0
2024-07-05 09:00:00,5011.27978515625,5018.31005859375,5009.759765625,5017.93994140625,0
2024-07-05 10:00:00,5016.47021484375,5016.47021484375,5006.330078125,5006.330078125,0
2024-07-05 11:00:00,5006.64013671875,5011.02978515625,5003.81005859375,5004.4599609375,0
2024-07-05 12:00:00,5004.68994140625,5015.7099609375,5002.8701171875,5008.3701171875,0
2024-07-05 13:00:00,5008.16015625,5009.68017578125,4976.64990234375,4977.93994140625,0
2024-07-05 14:00:00,4977.97998046875,4978.75,4960.509765625,4975.2001953125,0
2024-07-05 15:00:00,4975.47998046875,4980.85009765625,4973.1298828125,4973.93994140625,0
2024-07-08 07:00:00,4976.52978515625,5009.2099609375,4965.240234375,5009.2099609375,0
2024-07-08 08:00:00,5008.990234375,5029.25,5008.81005859375,5013.4501953125,0
2024-07-08 09:00:00,5013.22998046875,5015.0,4999.669921875,5010.0400390625,0
2024-07-08 10:00:00,5010.2900390625,5010.2900390625,4991.35986328125,4991.77978515625,0
2024-07-08 11:00:00,4991.18017578125,5002.02978515625,4989.85009765625,4999.66015625,0
2024-07-08 12:00:00,4999.740234375,5001.669921875,4991.7900390625,4999.97021484375,0
2024-07-08 13:00:00,4999.8701171875,5002.490234375,4991.830078125,4992.85009765625,0
2024-07-08 14:00:00,4992.89990234375,4992.89990234375,4970.1201171875,4970.66015625,0
2024-07-08 15:00:00,4971.68994140625,4977.85009765625,4970.9501953125,4976.2998046875,0
2024-07-09 07:00:00,4960.14990234375,4960.14990234375,4931.080078125,4951.22021484375,0
2024-07-09 08:00:00,4951.2900390625,4958.2998046875,4947.85009765625,4957.97998046875,0
2024-07-09 09:00:00,4957.64013671875,4960.5498046875,4948.91015625,4950.419921875,0
2024-07-09 10:00:00,4950.240234375,4953.02978515625,4941.0400390625,4942.1298828125,0
2024-07-09 11:00:00,4942.10009765625,4943.990234375,4933.919921875,4941.81982421875,0
2024-07-09 12:00:00,4941.93017578125,4943.3798828125,4917.4501953125,4925.91015625,0
2024-07-09 13:00:00,4925.8701171875,4931.97021484375,4916.22021484375,4917.740234375,0
2024-07-09 14:00:00,4917.1298828125,4917.91015625,4900.08984375,4900.259765625,0
2024-07-09 15:00:00,4899.3798828125,4903.41015625,4894.759765625,4896.77978515625,0
2024-07-10 07:00:00,4909.14013671875,4918.0498046875,4896.85009765625,4908.2001953125,0
2024-07-10 08:00:00,4908.47021484375,4921.72021484375,4908.47021484375,4919.10986328125,0
2024-07-10 09:00:00,4918.25,4942.31005859375,4918.16015625,4941.3798828125,0
2024-07-10 10:00:00,4941.52001953125,4945.06982421875,4934.5498046875,4937.81982421875,0
2024-07-10 11:00:00,4937.52978515625,4938.93994140625,4928.77978515625,4936.27001953125,0
2024-07-10 12:00:00,4936.2900390625,4939.0,4933.06982421875,4937.240234375,0
2024-07-10 13:00:00,4937.14990234375,4944.669921875,4936.7001953125,4943.89990234375,0
2024-07-10 14:00:00,4944.60009765625,4951.1298828125,4942.85986328125,4950.18994140625,0
2024-07-10 15:00:00,4950.7001953125,4960.759765625,4950.7001953125,4960.52978515625,0
2024-07-11 07:00:00,4970.31982421875,4985.39013671875,4964.1201171875,4977.02978515625,0
2024-07-11 08:00:00,4977.240234375,4989.080078125,4977.240234375,4982.27001953125,0
2024-07-11 09:00:00,4982.66015625,4984.43017578125,4975.4599609375,4981.35009765625,0
2024-07-11 10:00:00,4981.0498046875,4981.81982421875,4970.759765625,4975.72998046875,0
2024-07-11 11:00:00,4975.9599609375,4976.759765625,4968.64990234375,4975.56005859375,0
2024-07-11 12:00:00,4975.240234375,5005.7001953125,4971.97998046875,4978.1298828125,0
2024-07-11 13:00:00,4976.990234375,4995.39013671875,4973.89990234375,4983.39990234375,0
2024-07-11 14:00:00,4983.66015625,4991.35986328125,4973.14990234375,4982.0400390625,0
2024-07-11 15:00:00,4983.06005859375,4988.5498046875,4977.5498046875,4980.83984375,0
2024-07-12 07:00:00,4980.9599609375,4995.66015625,4980.9599609375,4993.419921875,0
2024-07-12 08:00:00,4992.8701171875,5004.58984375,4992.8701171875,5004.58984375,0
2024-07-12 09:00:00,5004.4501953125,5004.4501953125,4990.14013671875,4995.330078125,0
2024-07-12 10:00:00,4994.52001953125,5008.83984375,4994.52001953125,5006.47998046875,0
2024-07-12 11:00:00,5006.4599609375,5010.9599609375,5003.64990234375,5010.9599609375,0
2024-07-12 12:00:00,5011.14990234375,5013.4599609375,4998.77001953125,5007.06005859375,0
2024-07-12 13:00:00,5007.81005859375,5021.14990234375,5001.64990234375,5020.72021484375,0
2024-07-12 14:00:00,5020.2998046875,5048.10009765625,5020.2998046875,5046.47021484375,0
2024-07-12 15:00:00,5046.7998046875,5051.58984375,5045.08984375,5050.509765625,0
2024-07-15 07:00:00,5029.27978515625,5029.27978515625,5011.9599609375,5025.35009765625,0
2024-07-15 08:00:00,5025.4501953125,5031.10986328125,5023.35986328125,5027.0498046875,0
2024-07-15 09:00:00,5027.58984375,5038.2998046875,5026.16015625,5029.3798828125,0
2024-07-15 10:00:00,5029.91015625,5033.81005859375,5025.8701171875,5026.5,0
2024-07-15 11:00:00,5026.7001953125,5027.06005859375,5013.60009765625,5017.06982421875,0
2024-07-15 12:00:00,5016.8798828125,5019.89013671875,5005.2900390625,5006.18994140625,0
2024-07-15 13:00:00,5006.2998046875,5008.9501953125,4988.419921875,4994.56982421875,0
2024-07-15 14:00:00,4995.18017578125,4996.97021484375,4982.419921875,4984.1201171875,0
2024-07-15 15:00:00,4987.56005859375,4992.47021484375,4987.27001953125,4987.35986328125,0
2024-07-16 07:00:00,4968.2099609375,4968.2099609375,4939.169921875,4941.18017578125,0
2024-07-16 08:00:00,4941.6201171875,4959.08984375,4939.509765625,4958.009765625,0
2024-07-16 09:00:00,4957.66015625,4961.9599609375,4948.77978515625,4950.5,0
2024-07-16 10:00:00,4950.7998046875,4957.89013671875,4949.75,4950.669921875,0
2024-07-16 11:00:00,4950.7900390625,4954.9599609375,4948.31005859375,4949.31982421875,0
2024-07-16 12:00:00,4949.25,4960.1298828125,4948.669921875,4953.580078125,0
2024-07-16 13:00:00,4953.1201171875,4955.89990234375,4940.35009765625,4945.7998046875,0
2024-07-16 14:00:00,4945.89990234375,4955.490234375,4945.89990234375,4951.8701171875,0
2024-07-16 15:00:00,4952.39013671875,4956.02001953125,4949.509765625,4951.6201171875,0
2024-07-17 07:00:00,4939.43994140625,4939.43994140625,4902.39990234375,4914.0,0
2024-07-17 08:00:00,4914.740234375,4915.83984375,4897.5400390625,4912.240234375,0
2024-07-17 09:00:00,4912.58984375,4912.58984375,4900.25,4903.3798828125,0
2024-07-17 10:00:00,4902.669921875,4909.2900390625,4902.06982421875,4904.419921875,0
2024-07-17 11:00:00,4904.080078125,4904.43017578125,4877.14990234375,4888.2900390625,0
2024-07-17 12:00:00,4888.330078125,4900.8701171875,4887.08984375,4892.2998046875,0
2024-07-17 13:00:00,4892.31005859375,4907.759765625,4890.43994140625,4903.5498046875,0
2024-07-17 14:00:00,4903.169921875,4912.990234375,4895.06982421875,4898.7998046875,0
2024-07-17 15:00:00,4898.919921875,4898.919921875,4892.14013671875,4895.35009765625,0
2024-07-18 07:00:00,4902.41015625,4910.93994140625,4870.509765625,4878.18994140625,0
2024-07-18 08:00:00,4879.56005859375,4905.330078125,4877.81005859375,4905.330078125,0
2024-07-18 09:00:00,4905.52978515625,4908.9599609375,4898.77001953125,4905.5498046875,0
2024-07-18 10:00:00,4905.759765625,4906.18994140625,4892.1298828125,4906.18994140625,0
2024-07-18 11:00:00,4906.64013671875,4908.35986328125,4899.169921875,4907.16015625,0
2024-07-18 12:00:00,4906.919921875,4922.2001953125,4905.1298828125,4920.72998046875,0
2024-07-18 13:00:00,4920.509765625,4923.85986328125,4904.93994140625,4913.330078125,0
2024-07-18 14:00:00,4913.2099609375,4914.39013671875,4879.27978515625,4885.0,0
2024-07-18 15:00:00,4886.16015625,4891.91015625,4875.18994140625,4875.7001953125,0
2024-07-19 07:00:00,4868.97021484375,4868.97021484375,4831.10009765625,4842.60986328125,0
2024-07-19 08:00:00,4842.4599609375,4850.9599609375,4834.16015625,4850.0,0
2024-07-19 09:00:00,4849.64013671875,4855.8701171875,4831.740234375,4834.919921875,0
2024-07-19 10:00:00,4835.02001953125,4853.93017578125,4835.02001953125,4845.06005859375,0
2024-07-19 11:00:00,4844.77978515625,4858.43017578125,4842.330078125,4852.7998046875,0
2024-07-19 12:00:00,4853.080078125,4856.0498046875,4843.10986328125,4853.7998046875,0
2024-07-19 13:00:00,4853.509765625,4854.490234375,4834.2998046875,4842.39990234375,0
2024-07-19 14:00:00,4842.3798828125,4843.14990234375,4830.02978515625,4833.97998046875,0
2024-07-19 15:00:00,4834.41015625,4838.06005859375,4822.5498046875,4822.7900390625,0
2024-07-22 07:00:00,4833.169921875,4863.330078125,4833.169921875,4857.2998046875,0
2024-07-22 08:00:00,4855.91015625,4889.2099609375,4854.740234375,4885.169921875,0
2024-07-22 09:00:00,4884.72021484375,4896.4599609375,4882.4501953125,4895.509765625,0
2024-07-22 10:00:00,4895.2099609375,4904.97021484375,4892.02001953125,4902.5,0
2024-07-22 11:00:00,4902.0400390625,4902.06982421875,4892.740234375,4900.2001953125,0
2024-07-22 12:00:00,4900.240234375,4906.490234375,4896.7099609375,4903.60986328125,0
2024-07-22 13:00:00,4903.66015625,4911.18017578125,4896.2900390625,4896.2900390625,0
2024-07-22 14:00:00,4897.2099609375,4905.97021484375,4892.0,4904.27001953125,0
2024-07-22 15:00:00,4904.14990234375,4910.1298828125,4897.9599609375,4897.9599609375,0
2024-07-23 07:00:00,4906.89013671875,4916.3701171875,4897.5498046875,4900.080078125,0
2024-07-23 08:00:00,4900.47998046875,4922.2998046875,4896.330078125,4915.64013671875,0
2024-07-23 09:00:00,4915.7900390625,4932.4599609375,4915.43017578125,4932.4599609375,0
2024-07-23 10:00:00,4932.33984375,4946.81982421875,4932.2099609375,4945.27001953125,0
2024-07-23 11:00:00,4944.97021484375,4949.27001953125,4936.56005859375,4936.9501953125,0
2024-07-23 12:00:00,4936.5498046875,4936.5498046875,4920.64013671875,4922.68994140625,0
2024-07-23 13:00:00,4922.0400390625,4922.14013671875,4910.85009765625,4913.52978515625,0
2024-07-23 14:00:00,4913.2900390625,4914.89990234375,4904.39013671875,4910.259765625,0
2024-07-23 15:00:00,4910.43994140625,4918.5,4910.43994140625,4914.22998046875,0
2024-07-24 07:00:00,4892.66015625,4892.66015625,4855.91015625,4859.35986328125,0
2024-07-24 08:00:00,4857.85986328125,4868.919921875,4847.39013671875,4868.06005859375,0
2024-07-24 09:00:00,4868.3701171875,4877.490234375,4861.759765625,4877.490234375,0
2024-07-24 10:00:00,4875.830078125,4885.72998046875,4873.77978515625,4880.1201171875,0
2024-07-24 11:00:00,4880.27978515625,4884.31005859375,4871.7099609375,4876.89990234375,0
2024-07-24 12:00:00,4876.27001953125,4877.509765625,4864.64013671875,4865.02978515625,0
2024-07-24 13:00:00,4865.6201171875,4877.81982421875,4864.740234375,4867.06982421875,0
2024-07-24 14:00:00,4867.009765625,4875.89013671875,4858.509765625,4866.68017578125,0
2024-07-24 15:00:00,4866.52978515625,4867.02978515625,4855.89990234375,4859.52001953125,0
2024-07-25 07:00:00,4832.68017578125,4832.68017578125,4783.89013671875,4795.3701171875,0
2024-07-25 08:00:00,4795.5498046875,4805.7099609375,4775.830078125,4800.2900390625,0
2024-07-25 09:00:00,4800.10986328125,4802.7099609375,4773.919921875,4782.240234375,0
2024-07-25 10:00:00,4782.419921875,4784.2900390625,4767.14990234375,4779.7900390625,0
2024-07-25 11:00:00,4780.169921875,4788.22998046875,4778.18017578125,4780.22998046875,0
2024-07-25 12:00:00,4779.72998046875,4796.39990234375,4778.7001953125,4796.39990234375,0
2024-07-25 13:00:00,4796.52001953125,4805.58984375,4790.06982421875,4795.10009765625,0
2024-07-25 14:00:00,4793.97021484375,4810.31982421875,4773.830078125,4810.31982421875,0
2024-07-25 15:00:00,4810.7099609375,4819.6201171875,4807.06982421875,4812.2998046875,0
2024-07-26 07:00:00,4810.8701171875,4841.6201171875,4810.2001953125,4839.1201171875,0
2024-07-26 08:00:00,4839.22021484375,4855.22998046875,4834.8798828125,4852.9599609375,0
2024-07-26 09:00:00,4853.1201171875,4853.1201171875,4833.41015625,4847.93017578125,0
2024-07-26 10:00:00,4847.93017578125,4857.8798828125,4847.580078125,4854.35986328125,0
2024-07-26 11:00:00,4854.419921875,4862.9501953125,4847.64990234375,4861.64990234375,0
2024-07-26 12:00:00,4861.58984375,4861.58984375,4851.18994140625,4856.93994140625,0
2024-07-26 13:00:00,4857.080078125,4857.080078125,4841.419921875,4851.41015625,0
2024-07-26 14:00:00,4852.72021484375,4867.1298828125,4848.81982421875,4866.509765625,0
2024-07-26 15:00:00,4866.27001953125,4867.8798828125,4860.2900390625,4863.31005859375,0
2024-07-29 07:00:00,4873.83984375,4886.60009765625,4857.759765625,4858.240234375,0
2024-07-29 08:00:00,4858.6201171875,4862.9501953125,4851.0400390625,4855.740234375,0
2024-07-29 09:00:00,4855.919921875,4871.7099609375,4851.06982421875,4868.7900390625,0
2024-07-29 10:00:00,4869.2099609375,4870.6201171875,4861.89013671875,4861.89013671875,0
2024-07-29 11:00:00,4861.91015625,4864.2001953125,4855.52001953125,4857.72021484375,0
2024-07-29 12:00:00,4857.93017578125,4865.22998046875,4851.10986328125,4851.10986328125,0
2024-07-29 13:00:00,4851.18017578125,4851.18017578125,4832.7998046875,4838.93994140625,0
2024-07-29 14:00:00,4839.259765625,4840.9501953125,4810.81005859375,4817.47998046875,0
2024-07-29 15:00:00,4817.35009765625,4818.81982421875,4813.16015625,4818.06982421875,0
2024-07-30 07:00:00,4830.52001953125,4846.83984375,4829.919921875,4839.72998046875,0
2024-07-30 08:00:00,4840.0,4842.35986328125,4830.009765625,4836.3701171875,0
2024-07-30 09:00:00,4836.27978515625,4842.60986328125,4835.02001953125,4840.89013671875,0
2024-07-30 10:00:00,4840.7998046875,4849.6298828125,4840.6201171875,4843.68994140625,0
2024-07-30 11:00:00,4843.77978515625,4844.77978515625,4841.1201171875,4843.18017578125,0
2024-07-30 12:00:00,4843.06005859375,4853.25,4842.419921875,4853.25,0
2024-07-30 13:00:00,4854.08984375,4861.85009765625,4853.5498046875,4857.27978515625,0
2024-07-30 14:00:00,4857.56005859375,4859.580078125,4847.31982421875,4847.66015625,0
2024-07-30 15:00:00,4847.8701171875,4848.5,4835.22021484375,4845.22998046875,0
2024-07-31 07:00:00,4852.18017578125,4907.39013671875,4852.18017578125,4896.419921875,0
2024-07-31 08:00:00,4896.2998046875,4898.91015625,4881.2099609375,4890.18994140625,0
2024-07-31 09:00:00,4890.83984375,4891.77001953125,4875.5498046875,4884.77978515625,0
2024-07-31 10:00:00,4885.39990234375,4895.7001953125,4883.6201171875,4893.31005859375,0
2024-07-31 11:00:00,4893.66015625,4893.66015625,4879.68994140625,4880.509765625,0
2024-07-31 12:00:00,4880.47021484375,4889.85009765625,4877.89990234375,4883.580078125,0
2024-07-31 13:00:00,4883.419921875,4886.47021484375,4858.75,4859.4501953125,0
2024-07-31 14:00:00,4859.85009765625,4880.8701171875,4859.85009765625,4868.81005859375,0
2024-07-31 15:00:00,4868.52978515625,4873.60986328125,4864.43994140625,4873.10009765625,0
2024-08-02 07:00:00,4752.10009765625,4752.10009765625,4685.06982421875,4707.35986328125,0
2024-08-02 08:00:00,4709.14990234375,4721.7001953125,4698.580078125,4719.56982421875,0
2024-08-02 09:00:00,4719.259765625,4720.41015625,4682.85009765625,4683.60986328125,0
2024-08-02 10:00:00,4685.5,4691.669921875,4675.919921875,4686.60986328125,0
2024-08-02 11:00:00,4686.4501953125,4694.22021484375,4681.60986328125,4692.10986328125,0
2024-08-02 12:00:00,4692.3701171875,4702.1298828125,4655.35009765625,4681.60986328125,0
2024-08-02 13:00:00,4680.31982421875,4684.8701171875,4658.58984375,4670.33984375,0
2024-08-02 14:00:00,4668.5,4674.490234375,4639.33984375,4639.33984375,0
2024-08-02 15:00:00,4638.85986328125,4638.85986328125,4627.27001953125,4633.580078125,0
2024-08-05 07:00:00,4605.72021484375,4605.72021484375,4475.25,4531.43017578125,0
2024-08-05 08:00:00,4532.830078125,4551.759765625,4526.4501953125,4534.27978515625,0
2024-08-05 09:00:00,4534.39013671875,4544.5,4509.2998046875,4529.2900390625,0
2024-08-05 10:00:00,4529.16015625,4532.75,4505.919921875,4525.16015625,0
2024-08-05 11:00:00,4524.85009765625,4534.33984375,4492.9501953125,4495.22021484375,0
2024-08-05 12:00:00,4496.2998046875,4501.9501953125,4473.93994140625,4492.169921875,0
2024-08-05 13:00:00,4492.72021484375,4544.0498046875,4491.10009765625,4535.22998046875,0
2024-08-05 14:00:00,4555.6298828125,4573.080078125,4537.81982421875,4543.97021484375,0
2024-08-05 15:00:00,4544.27001953125,4578.18017578125,4536.7998046875,4566.33984375,0
2024-08-06 07:00:00,4580.1201171875,4607.81982421875,4577.580078125,4590.14990234375,0
2024-08-06 08:00:00,4589.66015625,4596.75,4563.81005859375,4573.27978515625,0
2024-08-06 09:00:00,4570.06005859375,4570.06005859375,4547.0,4563.06005859375,0
2024-08-06 10:00:00,4563.009765625,4577.259765625,4551.47998046875,4572.64990234375,0
2024-08-06 11:00:00,4570.93017578125,4580.35986328125,4554.2001953125,4565.68017578125,0
2024-08-06 12:00:00,4565.72998046875,4566.6201171875,4538.5,4543.97021484375,0
2024-08-06 13:00:00,4542.0400390625,4570.740234375,4538.2001953125,4566.9501953125,0
2024-08-06 14:00:00,4568.330078125,4594.759765625,4558.009765625,4585.35986328125,0
2024-08-06 15:00:00,4584.10009765625,4592.3701171875,4567.7099609375,4567.7099609375,0
2024-08-07 07:00:00,4592.8701171875,4618.43017578125,4591.58984375,4615.85986328125,0
2024-08-07 08:00:00,4616.509765625,4642.080078125,4613.8798828125,4642.080078125,0
2024-08-07 09:00:00,4642.330078125,4655.18994140625,4640.0,4647.740234375,0
2024-08-07 10:00:00,4648.85986328125,4658.18994140625,4646.7099609375,4656.009765625,0
2024-08-07 11:00:00,4656.66015625,4658.75,4644.509765625,4645.1201171875,0
2024-08-07 12:00:00,4645.06005859375,4653.5,4634.81982421875,4653.5,0
2024-08-07 13:00:00,4653.43017578125,4674.9501953125,4650.52001953125,4673.68017578125,0
2024-08-07 14:00:00,4674.08984375,4683.72021484375,4661.2998046875,4676.18994140625,0
2024-08-07 15:00:00,4676.58984375,4677.83984375,4665.2998046875,4668.669921875,0
2024-08-08 07:00:00,4661.81982421875,4661.81982421875,4606.7001953125,4619.9501953125,0
2024-08-08 08:00:00,4620.85986328125,4634.77001953125,4610.8701171875,4631.25,0
2024-08-08 09:00:00,4631.669921875,4634.4501953125,4608.759765625,4615.91015625,0
2024-08-08 10:00:00,4615.830078125,4629.7099609375,4615.669921875,4620.10009765625,0
2024-08-08 11:00:00,4619.58984375,4628.7900390625,4614.77978515625,4627.669921875,0
2024-08-08 12:00:00,4628.41015625,4650.9599609375,4616.64013671875,4641.7099609375,0
2024-08-08 13:00:00,4640.81982421875,4660.6201171875,4638.7900390625,4651.64990234375,0
2024-08-08 14:00:00,4652.169921875,4671.490234375,4652.169921875,4671.16015625,0
2024-08-08 15:00:00,4671.10986328125,4673.66015625,4659.08984375,4668.740234375,0
2024-08-09 07:00:00,4678.43994140625,4688.56005859375,4670.25,4688.490234375,0
2024-08-09 08:00:00,4688.81005859375,4702.919921875,4686.39013671875,4702.56982421875,0
2024-08-09 09:00:00,4702.47998046875,4703.22021484375,4685.919921875,4698.10986328125,0
2024-08-09 10:00:00,4697.509765625,4697.509765625,4682.4599609375,4683.0498046875,0
2024-08-09 11:00:00,4683.1201171875,4686.8798828125,4670.4599609375,4676.7998046875,0
2024-08-09 12:00:00,4676.64990234375,4676.7099609375,4655.16015625,4661.16015625,0
2024-08-09 13:00:00,4661.31982421875,4663.39013671875,4646.7099609375,4657.83984375,0
2024-08-09 14:00:00,4657.75,4672.08984375,4656.490234375,4670.68017578125,0
2024-08-09 15:00:00,4670.9599609375,4677.35009765625,4670.9599609375,4671.1201171875,0
2024-08-12 07:00:00,4686.85009765625,4699.759765625,4681.759765625,4698.18994140625,0
2024-08-12 08:00:00,4698.009765625,4699.91015625,4672.9599609375,4672.9599609375,0
2024-08-12 09:00:00,4673.41015625,4680.31982421875,4669.18994140625,4678.64990234375,0
2024-08-12 10:00:00,4678.8701171875,4679.259765625,4670.5,4679.259765625,0
2024-08-12 11:00:00,4679.31005859375,4686.66015625,4679.1201171875,4682.68017578125,0
2024-08-12 12:00:00,4682.68994140625,4684.27001953125,4675.990234375,4679.2099609375,0
2024-08-12 13:00:00,4679.22998046875,4687.490234375,4658.85986328125,4661.509765625,0
2024-08-12 14:00:00,4661.64013671875,4683.5498046875,4661.64013671875,4683.009765625,0
2024-08-12 15:00:00,4683.0,4684.14990234375,4664.7099609375,4669.1298828125,0
2024-08-13 07:00:00,4680.2099609375,4697.9599609375,4680.2099609375,4691.85986328125,0
2024-08-13 08:00:00,4691.830078125,4693.56982421875,4674.72021484375,4683.3701171875,0
2024-08-13 09:00:00,4683.18017578125,4687.10009765625,4674.91015625,4677.58984375,0
2024-08-13 10:00:00,4677.7001953125,4677.7001953125,4659.22998046875,4664.240234375,0
2024-08-13 11:00:00,4664.240234375,4670.64013671875,4662.58984375,4667.1298828125,0
2024-08-13 12:00:00,4667.27001953125,4680.10986328125,4666.60986328125,4677.68017578125,0
2024-08-13 13:00:00,4677.4599609375,4679.5400390625,4670.02978515625,4676.31982421875,0
2024-08-13 14:00:00,4676.1201171875,4690.7900390625,4673.2900390625,4690.4599609375,0
2024-08-13 15:00:00,4690.35009765625,4695.7998046875,4690.14990234375,4694.330078125,0
2024-08-14 07:00:00,4710.18017578125,4721.35986328125,4710.18017578125,4713.1298828125,0
2024-08-14 08:00:00,4712.9501953125,4723.68017578125,4707.6201171875,4723.509765625,0
2024-08-14 09:00:00,4723.39013671875,4724.47998046875,4711.14990234375,4712.33984375,0
2024-08-14 10:00:00,4711.7998046875,4716.43017578125,4706.759765625,4714.85986328125,0
2024-08-14 11:00:00,4715.18017578125,4719.759765625,4708.740234375,4719.1298828125,0
2024-08-14 12:00:00,4719.27001953125,4726.1201171875,4711.419921875,4725.83984375,0
2024-08-14 13:00:00,4725.83984375,4728.68017578125,4711.7099609375,4712.58984375,0
2024-08-14 14:00:00,4712.7900390625,4720.22998046875,4707.75,4719.7900390625,0
2024-08-14 15:00:00,4719.56982421875,4723.419921875,4719.490234375,4723.3798828125,0
2024-08-15 07:00:00,4736.83984375,4755.85009765625,4736.83984375,4752.18994140625,0
2024-08-15 08:00:00,4751.93994140625,4752.6201171875,4736.25,4738.2099609375,0
2024-08-15 09:00:00,4738.22998046875,4740.60009765625,4737.39990234375,4738.580078125,0
2024-08-15 10:00:00,4738.7099609375,4739.06005859375,4727.6298828125,4734.990234375,0
2024-08-15 11:00:00,4734.419921875,4746.68017578125,4733.240234375,4744.81005859375,0
2024-08-15 12:00:00,4744.830078125,4799.06005859375,4742.66015625,4791.81982421875,0
2024-08-15 13:00:00,4791.97998046875,4808.9501953125,4788.89013671875,4807.419921875,0
2024-08-15 14:00:00,4806.77001953125,4809.8798828125,4795.7900390625,4802.3701171875,0
2024-08-15 15:00:00,4802.93994140625,4808.35009765625,4802.2001953125,4805.6201171875,0
2024-08-16 07:00:00,4813.72021484375,4834.0400390625,4813.72021484375,4833.14013671875,0
2024-08-16 08:00:00,4833.330078125,4841.990234375,4828.89990234375,4834.39990234375,0
2024-08-16 09:00:00,4834.39013671875,4850.740234375,4833.66015625,4848.52001953125,0
2024-08-16 10:00:00,4848.52001953125,4848.52001953125,4831.2099609375,4837.10009765625,0
2024-08-16 11:00:00,4837.1298828125,4837.77001953125,4826.43017578125,4826.72998046875,0
2024-08-16 12:00:00,4826.759765625,4828.7998046875,4814.93017578125,4825.77978515625,0
2024-08-16 13:00:00,4824.72998046875,4832.7998046875,4823.27978515625,4830.18017578125,0
2024-08-16 14:00:00,4830.25,4843.0400390625,4830.25,4836.580078125,0
2024-08-16 15:00:00,4836.10009765625,4839.7099609375,4835.27978515625,4839.7099609375,0
2024-08-19 07:00:00,4838.02001953125,4845.0400390625,4835.580078125,4838.7001953125,0
2024-08-19 08:00:00,4838.64013671875,4849.0498046875,4836.8798828125,4848.5498046875,0
2024-08-19 09:00:00,4848.58984375,4857.169921875,4842.81982421875,4856.81982421875,0
2024-08-19 10:00:00,4856.509765625,4861.4501953125,4855.89013671875,4857.990234375,0
2024-08-19 11:00:00,4857.7998046875,4863.8798828125,4857.419921875,4861.0,0
2024-08-19 12:00:00,4861.080078125,4867.419921875,4861.080078125,4862.2998046875,0
2024-08-19 13:00:00,4862.31005859375,4873.60986328125,4860.83984375,4869.5498046875,0
2024-08-19 14:00:00,4869.35986328125,4879.2998046875,4867.7900390625,4874.39990234375,0
2024-08-19 15:00:00,4874.31005859375,4876.3798828125,4870.97998046875,4872.0400390625,0
2024-08-20 07:00:00,4878.22021484375,4895.81982421875,4878.22021484375,4895.75,0
2024-08-20 08:00:00,4896.490234375,4897.43017578125,4880.27001953125,4886.75,0
2024-08-20 09:00:00,4886.97998046875,4890.10009765625,4879.75,4880.22021484375,0
2024-08-20 10:00:00,4880.6298828125,4883.47998046875,4873.9501953125,4878.9501953125,0
2024-08-20 11:00:00,4878.35009765625,4879.47021484375,4875.08984375,4877.77001953125,0
2024-08-20 12:00:00,4877.72998046875,4878.33984375,4868.56005859375,4868.8701171875,0
2024-08-20 13:00:00,4869.6201171875,4875.39013671875,4865.2099609375,4875.06982421875,0
2024-08-20 14:00:00,4874.7900390625,4874.7900390625,4857.9599609375,4861.10009765625,0
2024-08-20 15:00:00,4861.2099609375,4861.490234375,4855.89990234375,4856.89013671875,0
2024-08-21 07:00:00,4856.22998046875,4874.89013671875,4856.22998046875,4871.330078125,0
2024-08-21 08:00:00,4871.31982421875,4876.02978515625,4864.81982421875,4869.72998046875,0
2024-08-21 09:00:00,4869.41015625,4879.85009765625,4869.41015625,4873.759765625,0
2024-08-21 10:00:00,4873.5498046875,4880.85009765625,4871.2001953125,4880.85009765625,0
2024-08-21 11:00:00,4880.75,4887.58984375,4880.75,4885.18017578125,0
2024-08-21 12:00:00,4885.2001953125,4888.64013671875,4881.52001953125,4885.52978515625,0
2024-08-21 13:00:00,4886.33984375,4887.33984375,4876.490234375,4880.68994140625,0
2024-08-21 14:00:00,4881.14013671875,4887.43994140625,4871.47998046875,4877.35986328125,0
2024-08-21 15:00:00,4877.68994140625,4887.81005859375,4876.4599609375,4885.669921875,0
2024-08-22 07:00:00,4885.740234375,4898.25,4884.97998046875,4893.31005859375,0
2024-08-22 08:00:00,4893.41015625,4904.39013671875,4893.41015625,4901.9599609375,0
2024-08-22 09:00:00,4902.10009765625,4911.43017578125,4897.47998046875,4897.7099609375,0
2024-08-22 10:00:00,4897.580078125,4902.22021484375,4896.97998046875,4899.4501953125,0
2024-08-22 11:00:00,4899.3798828125,4899.89013671875,4897.02001953125,4898.72998046875,0
2024-08-22 12:00:00,4898.43994140625,4899.509765625,4893.31005859375,4896.8798828125,0
2024-08-22 13:00:00,4897.25,4906.06005859375,4896.97021484375,4903.240234375,0
2024-08-22 14:00:00,4902.2998046875,4903.8701171875,4888.97021484375,4888.97021484375,0
2024-08-22 15:00:00,4888.509765625,4893.6201171875,4883.97998046875,4885.58984375,0
2024-08-23 07:00:00,4890.33984375,4902.68994140625,4889.08984375,4889.39990234375,0
2024-08-23 08:00:00,4889.2998046875,4902.759765625,4887.7001953125,4902.759765625,0
2024-08-23 09:00:00,4902.77978515625,4913.669921875,4898.93017578125,4912.0498046875,0
2024-08-23 10:00:00,4912.08984375,4912.5498046875,4905.18017578125,4909.259765625,0
2024-08-23 11:00:00,4909.169921875,4910.16015625,4902.85009765625,4903.0498046875,0
2024-08-23 12:00:00,4903.009765625,4904.66015625,4896.31982421875,4900.56982421875,0
2024-08-23 13:00:00,4900.02001953125,4901.5498046875,4893.490234375,4896.56005859375,0
2024-08-23 14:00:00,4897.2001953125,4918.7099609375,4896.83984375,4906.22998046875,0
2024-08-23 15:00:00,4905.990234375,4908.93994140625,4899.06982421875,4908.14013671875,0
2024-08-26 07:00:00,4907.0400390625,4907.0400390625,4895.68994140625,4900.830078125,0
2024-08-26 08:00:00,4900.77001953125,4909.9599609375,4900.27001953125,4906.2998046875,0
2024-08-26 09:00:00,4906.4501953125,4907.68017578125,4898.330078125,4899.4599609375,0
2024-08-26 10:00:00,4899.72021484375,4906.35986328125,4899.6201171875,4903.8701171875,0
2024-08-26 11:00:00,4904.169921875,4910.3798828125,4903.97998046875,4909.990234375,0
2024-08-26 12:00:00,4910.0,4910.0400390625,4905.85986328125,4909.2900390625,0
2024-08-26 13:00:00,4909.169921875,4910.7099609375,4899.52978515625,4909.47021484375,0
2024-08-26 14:00:00,4909.85009765625,4911.02001953125,4892.18994140625,4898.68994140625,0
2024-08-26 15:00:00,4898.43017578125,4901.58984375,4897.68017578125,4898.5498046875,0
2024-08-27 07:00:00,4897.27001953125,4910.60986328125,4897.27001953125,4905.2998046875,0
2024-08-27 08:00:00,4905.31982421875,4916.68017578125,4905.31982421875,4913.66015625,0
2024-08-27 09:00:00,4914.3701171875,4915.0400390625,4901.47021484375,4901.72998046875,0
2024-08-27 10:00:00,4901.68017578125,4902.8701171875,4895.3701171875,4900.64013671875,0
2024-08-27 11:00:00,4900.47021484375,4909.22021484375,4898.33984375,4907.3701171875,0
2024-08-27 12:00:00,4906.81982421875,4908.77978515625,4894.7099609375,4897.39013671875,0
2024-08-27 13:00:00,4897.14990234375,4904.85009765625,4892.509765625,4899.85986328125,0
2024-08-27 14:00:00,4899.8798828125,4909.58984375,4899.8798828125,4905.740234375,0
2024-08-27 15:00:00,4905.669921875,4907.330078125,4901.10009765625,4903.18017578125,0
2024-08-28 07:00:00,4904.759765625,4917.39013671875,4904.759765625,4916.6201171875,0
2024-08-28 08:00:00,4917.31982421875,4924.419921875,4913.18017578125,4918.3701171875,0
2024-08-28 09:00:00,4918.10009765625,4922.60986328125,4914.14013671875,4922.27978515625,0
2024-08-28 10:00:00,4922.2900390625,4929.419921875,4921.52001953125,4927.080078125,0
2024-08-28 11:00:00,4927.41015625,4932.10009765625,4925.0498046875,4926.77001953125,0
2024-08-28 12:00:00,4926.72998046875,4928.9599609375,4921.1298828125,4924.64990234375,0
2024-08-28 13:00:00,4924.60986328125,4932.759765625,4920.10009765625,4929.830078125,0
2024-08-28 14:00:00,4929.85009765625,4929.85009765625,4919.89990234375,4922.06005859375,0
2024-08-28 15:00:00,4922.2001953125,4922.2001953125,4913.47021484375,4915.64013671875,0
2024-08-29 07:00:00,4915.490234375,4937.41015625,4913.490234375,4930.43017578125,0
2024-08-29 08:00:00,4930.52001953125,4944.10009765625,4930.52001953125,4942.43994140625,0
2024-08-29 09:00:00,4942.5,4963.27001953125,4942.02978515625,4955.7900390625,0
2024-08-29 10:00:00,4955.68994140625,4957.60986328125,4945.2099609375,4951.1201171875,0
2024-08-29 11:00:00,4950.0,4961.9599609375,4948.06005859375,4956.7099609375,0
2024-08-29 12:00:00,4956.669921875,4963.68994140625,4951.60986328125,4962.14990234375,0
2024-08-29 13:00:00,4962.18017578125,4963.27001953125,4946.18994140625,4952.47998046875,0
2024-08-29 14:00:00,4952.72998046875,4961.97998046875,4952.72998046875,4957.41015625,0
2024-08-29 15:00:00,4957.58984375,4964.72021484375,4957.08984375,4962.18017578125,0
2024-08-30 07:00:00,4959.02978515625,4975.27978515625,4958.0,4972.56982421875,0
2024-08-30 08:00:00,4972.6201171875,4975.75,4970.1298828125,4974.64990234375,0
2024-08-30 09:00:00,4974.43994140625,4980.85986328125,4973.3798828125,4976.9501953125,0
2024-08-30 10:00:00,4977.56005859375,4977.58984375,4972.66015625,4977.330078125,0
2024-08-30 11:00:00,4977.64013671875,4979.330078125,4969.8701171875,4973.7099609375,0
2024-08-30 12:00:00,4973.72021484375,4979.009765625,4968.39990234375,4969.02978515625,0
2024-08-30 13:00:00,4969.259765625,4972.22021484375,4964.990234375,4970.2099609375,0
2024-08-30 14:00:00,4970.85986328125,4973.27978515625,4960.97021484375,4961.490234375,0
2024-08-30 15:00:00,4961.14013671875,4965.490234375,4957.97998046875,4957.97998046875,0
2024-09-02 07:00:00,4955.8701171875,4957.83984375,4924.18017578125,4942.35986328125,0
2024-09-02 08:00:00,4942.22998046875,4951.64013671875,4940.25,4949.4501953125,0
2024-09-02 09:00:00,4949.10009765625,4957.39013671875,4947.47998046875,4957.33984375,0
2024-09-02 10:00:00,4957.35986328125,4957.72021484375,4951.2001953125,4952.509765625,0
2024-09-02 11:00:00,4952.240234375,4960.330078125,4952.240234375,4960.10009765625,0
2024-09-02 12:00:00,4960.2001953125,4967.75,4959.27001953125,4965.68994140625,0
2024-09-02 13:00:00,4965.7099609375,4969.18994140625,4960.240234375,4965.75,0
2024-09-02 14:00:00,4965.47021484375,4973.259765625,4963.169921875,4970.7099609375,0
2024-09-02 15:00:00,4970.52001953125,4972.6201171875,4970.2998046875,4971.77001953125,0
2024-09-03 07:00:00,4977.97021484375,4985.830078125,4974.64013671875,4978.9501953125,0
2024-09-03 08:00:00,4979.0,4981.35986328125,4964.47998046875,4966.93994140625,0
2024-09-03 09:00:00,4966.2900390625,4966.2900390625,4952.60986328125,4952.7900390625,0
2024-09-03 10:00:00,4952.64013671875,4954.240234375,4946.330078125,4951.47998046875,0
2024-09-03 11:00:00,4951.509765625,4956.85986328125,4949.080078125,4956.31982421875,0
2024-09-03 12:00:00,4956.27978515625,4958.259765625,4946.68994140625,4946.8701171875,0
2024-09-03 13:00:00,4946.7900390625,4950.8701171875,4927.66015625,4931.8798828125,0
2024-09-03 14:00:00,4932.08984375,4932.08984375,4907.4501953125,4907.4501953125,0
2024-09-03 15:00:00,4907.97998046875,4919.10009765625,4906.97998046875,4913.31005859375,0
2024-09-04 07:00:00,4889.169921875,4889.169921875,4845.18017578125,4864.72021484375,0
2024-09-04 08:00:00,4864.2998046875,4869.16015625,4853.60009765625,4859.10986328125,0
2024-09-04 09:00:00,4859.02978515625,4869.009765625,4854.7099609375,4862.97021484375,0
2024-09-04 10:00:00,4862.10009765625,4863.85009765625,4852.169921875,4852.169921875,0
2024-09-04 11:00:00,4851.97021484375,4855.22998046875,4845.0498046875,4846.740234375,0
2024-09-04 12:00:00,4846.2001953125,4854.33984375,4844.580078125,4853.27001953125,0
2024-09-04 13:00:00,4853.10009765625,4859.43994140625,4843.7900390625,4859.18017578125,0
2024-09-04 14:00:00,4858.509765625,4861.2900390625,4838.830078125,4860.0400390625,0
2024-09-04 15:00:00,4860.2900390625,4865.740234375,4846.89990234375,4848.18017578125,0
2024-09-05 07:00:00,4840.7001953125,4852.9501953125,4822.68994140625,4852.9501953125,0
2024-09-05 08:00:00,4852.93994140625,4854.330078125,4840.490234375,4845.85009765625,0
2024-09-05 09:00:00,4844.97021484375,4846.60009765625,4823.509765625,4833.93994140625,0
2024-09-05 10:00:00,4833.9599609375,4838.8701171875,4826.60009765625,4829.3798828125,0
2024-09-05 11:00:00,4829.08984375,4841.18017578125,4825.2001953125,4826.77978515625,0
2024-09-05 12:00:00,4826.830078125,4830.81982421875,4814.77001953125,4827.22021484375,0
2024-09-05 13:00:00,4827.1298828125,4830.740234375,4817.1298828125,4826.68994140625,0
2024-09-05 14:00:00,4827.64013671875,4843.10009765625,4827.06005859375,4834.85009765625,0
2024-09-05 15:00:00,4835.169921875,4835.72998046875,4820.8701171875,4821.41015625,0
2024-09-06 07:00:00,4806.58984375,4807.47021484375,4777.43994140625,4798.97021484375,0
2024-09-06 08:00:00,4799.4501953125,4803.72021484375,4775.10009765625,4778.7001953125,0
2024-09-06 09:00:00,4779.2099609375,4800.39013671875,4777.89013671875,4800.10986328125,0
2024-09-06 10:00:00,4800.4501953125,4801.3701171875,4787.60986328125,4787.93017578125,0
2024-09-06 11:00:00,4787.669921875,4799.47021484375,4787.669921875,4799.0498046875,0
2024-09-06 12:00:00,4799.5,4819.97021484375,4793.330078125,4813.68017578125,0
2024-09-06 13:00:00,4814.18994140625,4829.0400390625,4805.3701171875,4805.3701171875,0
2024-09-06 14:00:00,4805.2900390625,4805.8701171875,4744.740234375,4748.10009765625,0
2024-09-06 15:00:00,4747.509765625,4766.759765625,4732.85986328125,4738.06005859375,0
2024-09-09 07:00:00,4745.2099609375,4774.990234375,4745.2099609375,4774.990234375,0
2024-09-09 08:00:00,4775.240234375,4776.6201171875,4763.2001953125,4773.830078125,0
2024-09-09 09:00:00,4773.9501953125,4787.919921875,4772.5498046875,4782.490234375,0
2024-09-09 10:00:00,4782.60986328125,4782.830078125,4770.580078125,4773.240234375,0
2024-09-09 11:00:00,4773.4599609375,4785.56005859375,4773.4599609375,4776.3798828125,0
2024-09-09 12:00:00,4776.22998046875,4776.3701171875,4764.41015625,4774.0498046875,0
2024-09-09 13:00:00,4773.89990234375,4783.490234375,4767.7001953125,4782.43994140625,0
2024-09-09 14:00:00,4782.56005859375,4797.75,4775.7099609375,4775.7099609375,0
2024-09-09 15:00:00,4775.2998046875,4779.89013671875,4770.169921875,4775.72998046875,0
2024-09-10 07:00:00,4779.5498046875,4799.47021484375,4770.7001953125,4799.169921875,0
2024-09-10 08:00:00,4798.97998046875,4803.3701171875,4779.81005859375,4781.25,0
2024-09-10 09:00:00,4781.3701171875,4789.740234375,4766.64013671875,4784.16015625,0
2024-09-10 10:00:00,4784.27001953125,4786.64013671875,4772.25,4775.669921875,0
2024-09-10 11:00:00,4775.52978515625,4780.52978515625,4764.72021484375,4772.35986328125,0
2024-09-10 12:00:00,4771.8701171875,4778.7998046875,4769.64013671875,4775.81005859375,0
2024-09-10 13:00:00,4775.490234375,4775.490234375,4752.08984375,4754.4599609375,0
2024-09-10 14:00:00,4754.93017578125,4754.93017578125,4736.89013671875,4739.47021484375,0
2024-09-10 15:00:00,4739.58984375,4752.77001953125,4738.830078125,4749.52978515625,0
2024-09-11 07:00:00,4752.580078125,4779.81982421875,4752.580078125,4777.16015625,0
2024-09-11 08:00:00,4776.89013671875,4778.4599609375,4756.43994140625,4763.89013671875,0
2024-09-11 09:00:00,4763.64990234375,4767.25,4756.31982421875,4764.60986328125,0
2024-09-11 10:00:00,4763.259765625,4776.64990234375,4763.259765625,4774.0498046875,0
2024-09-11 11:00:00,4774.10986328125,4779.330078125,4769.990234375,4773.77978515625,0
2024-09-11 12:00:00,4773.91015625,4791.52001953125,4763.56982421875,4789.8701171875,0
2024-09-11 13:00:00,4789.58984375,4796.490234375,4766.27978515625,4766.56982421875,0
2024-09-11 14:00:00,4767.14990234375,4767.14990234375,4735.9501953125,4751.10986328125,0
2024-09-11 15:00:00,4751.830078125,4771.330078125,4749.009765625,4762.259765625,0
2024-09-12 07:00:00,4777.77001953125,4835.58984375,4777.77001953125,4820.16015625,0
2024-09-12 08:00:00,4819.990234375,4823.240234375,4814.64990234375,4819.3701171875,0
2024-09-12 09:00:00,4819.5498046875,4836.64013671875,4817.77001953125,4830.18994140625,0
2024-09-12 10:00:00,4829.85986328125,4834.31005859375,4824.0400390625,4829.259765625,0
2024-09-12 11:00:00,4828.85009765625,4831.0400390625,4822.18017578125,4830.22998046875,0
2024-09-12 12:00:00,4830.08984375,4835.75,4810.1298828125,4813.89990234375,0
2024-09-12 13:00:00,4813.06005859375,4816.91015625,4783.0498046875,4793.740234375,0
2024-09-12 14:00:00,4794.259765625,4817.72021484375,4790.83984375,4807.56982421875,0
2024-09-12 15:00:00,4805.490234375,4815.02001953125,4804.1298828125,4809.7099609375,0
2024-09-13 07:00:00,4817.740234375,4846.2900390625,4817.740234375,4830.0,0
2024-09-13 08:00:00,4829.2099609375,4833.0498046875,4821.4501953125,4822.75,0
2024-09-13 09:00:00,4822.85009765625,4833.5,4821.97998046875,4827.56982421875,0
2024-09-13 10:00:00,4826.580078125,4831.0400390625,4825.31005859375,4829.81005859375,0
2024-09-13 11:00:00,4829.81005859375,4831.35986328125,4822.02001953125,4825.93017578125,0
2024-09-13 12:00:00,4825.830078125,4834.240234375,4824.85009765625,4829.33984375,0
2024-09-13 13:00:00,4829.33984375,4840.35986328125,4825.33984375,4840.0498046875,0
2024-09-13 14:00:00,4839.77978515625,4853.89013671875,4838.77978515625,4844.6298828125,0
2024-09-13 15:00:00,4844.93994140625,4846.2998046875,4839.64990234375,4840.6201171875,0
2024-09-16 07:00:00,4835.16015625,4847.990234375,4824.6298828125,4847.990234375,0
2024-09-16 08:00:00,4848.1298828125,4852.7099609375,4842.580078125,4846.419921875,0
2024-09-16 09:00:00,4846.77978515625,4851.91015625,4837.8798828125,4839.27978515625,0
2024-09-16 10:00:00,4839.39013671875,4847.60986328125,4838.10986328125,4845.830078125,0
2024-09-16 11:00:00,4845.5400390625,4846.2001953125,4838.60009765625,4839.83984375,0
2024-09-16 12:00:00,4840.330078125,4842.990234375,4828.89990234375,4831.97998046875,0
2024-09-16 13:00:00,4831.93017578125,4836.27978515625,4820.10986328125,4835.52978515625,0
2024-09-16 14:00:00,4836.18994140625,4838.10986328125,4822.77978515625,4826.81005859375,0
2024-09-16 15:00:00,4825.89013671875,4827.60009765625,4822.77001953125,4824.81982421875,0
2024-09-17 07:00:00,4832.81982421875,4852.72998046875,4832.81982421875,4842.91015625,0
2024-09-17 08:00:00,4842.5498046875,4854.4599609375,4842.2998046875,4853.43994140625,0
2024-09-17 09:00:00,4853.60009765625,4870.2099609375,4853.419921875,4866.02001953125,0
2024-09-17 10:00:00,4865.81982421875,4875.509765625,4865.81982421875,4865.9599609375,0
2024-09-17 11:00:00,4865.93994140625,4868.58984375,4856.490234375,4868.259765625,0
2024-09-17 12:00:00,4868.009765625,4878.89013671875,4865.7099609375,4878.89013671875,0
2024-09-17 13:00:00,4879.10009765625,4879.60986328125,4859.419921875,4859.419921875,0
2024-09-17 14:00:00,4859.81982421875,4869.8701171875,4857.990234375,4860.43017578125,0
2024-09-17 15:00:00,4860.68994140625,4865.259765625,4859.5400390625,4861.66015625,0
2024-09-18 07:00:00,4861.52001953125,4864.60009765625,4851.52001953125,4852.22021484375,0
2024-09-18 08:00:00,4851.830078125,4853.4599609375,4843.68994140625,4850.14013671875,0
2024-09-18 09:00:00,4849.93994140625,4850.93994140625,4843.97021484375,4850.0,0
2024-09-18 10:00:00,4849.52978515625,4849.52978515625,4840.7998046875,4841.89990234375,0
2024-09-18 11:00:00,4841.7998046875,4847.33984375,4840.5400390625,4842.830078125,0
2024-09-18 12:00:00,4842.81005859375,4848.2998046875,4840.580078125,4846.39990234375,0
2024-09-18 13:00:00,4846.2900390625,4848.66015625,4834.60986328125,4835.330078125,0
2024-09-18 14:00:00,4836.16015625,4844.68017578125,4831.08984375,4839.419921875,0
2024-09-18 15:00:00,4840.68994140625,4842.22998046875,4834.3798828125,4838.06982421875,0
2024-09-19 07:00:00,4862.41015625,4895.77001953125,4862.41015625,4884.169921875,0
2024-09-19 08:00:00,4884.89013671875,4904.85009765625,4881.1298828125,4904.1201171875,0
2024-09-19 09:00:00,4904.41015625,4919.9501953125,4904.41015625,4915.6298828125,0
2024-09-19 10:00:00,4915.7900390625,4925.25,4915.39990234375,4923.169921875,0
2024-09-19 11:00:00,4922.6201171875,4932.2998046875,4917.47998046875,4929.1298828125,0
2024-09-19 12:00:00,4929.02001953125,4931.72021484375,4925.7998046875,4927.5498046875,0
2024-09-19 13:00:00,4927.490234375,4937.3701171875,4914.72021484375,4928.330078125,0
2024-09-19 14:00:00,4928.64990234375,4933.990234375,4920.08984375,4927.56982421875,0
2024-09-19 15:00:00,4927.18994140625,4940.1298828125,4927.10009765625,4940.06982421875,0
2024-09-20 07:00:00,4929.14990234375,4930.22021484375,4906.31982421875,4915.97021484375,0
2024-09-20 08:00:00,4915.91015625,4915.91015625,4890.9599609375,4897.4599609375,0
2024-09-20 09:00:00,4897.3798828125,4906.10986328125,4893.8798828125,4900.14013671875,0
2024-09-20 10:00:00,4899.5498046875,4910.60986328125,4896.31982421875,4908.759765625,0
2024-09-20 11:00:00,4908.3798828125,4912.2099609375,4903.580078125,4909.0,0
2024-09-20 12:00:00,4909.02978515625,4913.31982421875,4903.330078125,4903.72021484375,0
2024-09-20 13:00:00,4903.47021484375,4903.47021484375,4877.259765625,4877.259765625,0
2024-09-20 14:00:00,4877.580078125,4885.25,4868.7998046875,4877.83984375,0
2024-09-20 15:00:00,4878.06982421875,4879.2900390625,4870.259765625,4872.72021484375,0
2024-09-23 07:00:00,4875.6201171875,4879.47998046875,4854.93017578125,4875.02001953125,0
2024-09-23 08:00:00,4874.919921875,4877.93994140625,4858.83984375,4871.81982421875,0
2024-09-23 09:00:00,4871.33984375,4875.58984375,4861.580078125,4875.3798828125,0
2024-09-23 10:00:00,4875.7099609375,4881.22998046875,4875.7099609375,4878.52978515625,0
2024-09-23 11:00:00,4878.66015625,4885.02978515625,4875.9599609375,4884.16015625,0
2024-09-23 12:00:00,4884.06005859375,4891.419921875,4883.240234375,4887.93017578125,0
2024-09-23 13:00:00,4888.14990234375,4893.97998046875,4882.66015625,4889.990234375,0
2024-09-23 14:00:00,4889.759765625,4891.93017578125,4876.259765625,4885.56005859375,0
2024-09-23 15:00:00,4885.43994140625,4885.43994140625,4878.10986328125,4883.18017578125,0
2024-09-24 07:00:00,4907.580078125,4949.85986328125,4907.580078125,4941.4599609375,0
2024-09-24 08:00:00,4941.47998046875,4953.68994140625,4938.64990234375,4946.89990234375,0
2024-09-24 09:00:00,4946.52978515625,4949.5,4937.68994140625,4946.06005859375,0
2024-09-24 10:00:00,4946.330078125,4950.18994140625,4942.27001953125,4946.72021484375,0
2024-09-24 11:00:00,4945.5,4945.68994140625,4924.85009765625,4925.419921875,0
2024-09-24 12:00:00,4925.31005859375,4930.240234375,4918.490234375,4930.240234375,0
2024-09-24 13:00:00,4930.39990234375,4937.93017578125,4925.81005859375,4930.2900390625,0
2024-09-24 14:00:00,4932.85986328125,4932.85986328125,4913.919921875,4929.47998046875,0
2024-09-24 15:00:00,4929.7099609375,4938.64013671875,4929.7099609375,4936.93994140625,0
2024-09-25 07:00:00,4928.14990234375,4928.14990234375,4905.330078125,4923.81982421875,0
2024-09-25 08:00:00,4924.06982421875,4924.990234375,4910.08984375,4917.02001953125,0
2024-09-25 09:00:00,4917.1201171875,4920.7900390625,4909.7099609375,4920.58984375,0
2024-09-25 10:00:00,4919.97021484375,4924.22998046875,4917.77001953125,4924.22998046875,0
2024-09-25 11:00:00,4925.7900390625,4931.0498046875,4924.240234375,4930.58984375,0
2024-09-25 12:00:00,4930.5,4933.3701171875,4926.330078125,4928.3798828125,0
2024-09-25 13:00:00,4928.22021484375,4929.31005859375,4908.06005859375,4913.490234375,0
2024-09-25 14:00:00,4914.0498046875,4920.91015625,4912.18994140625,4917.58984375,0
2024-09-25 15:00:00,4917.64990234375,4919.8701171875,4915.9501953125,4917.4599609375,0
2024-09-26 07:00:00,4956.33984375,5002.419921875,4956.33984375,5001.77978515625,0
2024-09-26 08:00:00,5001.4599609375,5013.14990234375,4998.7001953125,5006.7900390625,0
2024-09-26 09:00:00,5006.9599609375,5006.9599609375,4995.419921875,4997.7001953125,0
2024-09-26 10:00:00,4997.7900390625,5005.02978515625,4994.31005859375,5002.669921875,0
2024-09-26 11:00:00,5003.5400390625,5009.31982421875,5001.1201171875,5009.10986328125,0
2024-09-26 12:00:00,5009.0400390625,5026.509765625,5005.4501953125,5025.22998046875,0
2024-09-26 13:00:00,5025.31005859375,5035.43994140625,5023.22998046875,5028.6201171875,0
2024-09-26 14:00:00,5029.14990234375,5032.97021484375,5007.1201171875,5009.75,0
2024-09-26 15:00:00,5009.58984375,5026.08984375,5008.419921875,5025.43994140625,0
2024-09-27 07:00:00,5028.35009765625,5044.4599609375,5028.35009765625,5036.580078125,0
2024-09-27 08:00:00,5036.22998046875,5048.0,5033.60986328125,5039.47998046875,0
2024-09-27 09:00:00,5039.27978515625,5058.14013671875,5038.8701171875,5054.75,0
2024-09-27 10:00:00,5055.68994140625,5058.330078125,5047.60009765625,5050.169921875,0
2024-09-27 11:00:00,5050.0498046875,5061.0498046875,5047.9599609375,5059.7900390625,0
2024-09-27 12:00:00,5060.25,5068.97021484375,5058.7998046875,5061.169921875,0
2024-09-27 13:00:00,5061.27978515625,5063.490234375,5055.990234375,5062.72021484375,0
2024-09-27 14:00:00,5062.2998046875,5071.41015625,5061.39990234375,5070.41015625,0
2024-09-27 15:00:00,5070.35009765625,5070.43017578125,5064.39013671875,5067.5,0
2024-09-30 07:00:00,5060.759765625,5060.759765625,5041.8798828125,5043.490234375,0
2024-09-30 08:00:00,5043.56982421875,5044.93017578125,5026.7998046875,5031.83984375,0
2024-09-30 09:00:00,5031.8701171875,5037.02001953125,5023.64990234375,5031.60986328125,0
2024-09-30 10:00:00,5032.85009765625,5033.580078125,5022.16015625,5023.64013671875,0
2024-09-30 11:00:00,5023.0400390625,5023.5498046875,5008.75,5010.66015625,0
2024-09-30 12:00:00,5010.68994140625,5015.14990234375,5008.7099609375,5010.66015625,0
2024-09-30 13:00:00,5010.39990234375,5020.77978515625,5008.93017578125,5015.16015625,0
2024-09-30 14:00:00,5014.490234375,5020.31005859375,5011.14990234375,5011.68994140625,0
2024-09-30 15:00:00,5011.5498046875,5013.330078125,5000.4501953125,5000.4501953125,0
2024-10-01 07:00:00,5004.3701171875,5011.52978515625,4989.06982421875,5008.52978515625,0
2024-10-01 08:00:00,5008.419921875,5008.7099609375,4997.91015625,5005.66015625,0
2024-10-01 09:00:00,5005.56982421875,5007.830078125,5000.81005859375,5006.60986328125,0
2024-10-01 10:00:00,5007.080078125,5008.33984375,5002.27001953125,5007.080078125,0
2024-10-01 11:00:00,5006.8701171875,5013.8798828125,5006.16015625,5010.509765625,0
2024-10-01 12:00:00,5010.89013671875,5014.66015625,5008.81982421875,5012.56005859375,0
2024-10-01 13:00:00,5012.91015625,5016.8798828125,4961.43994140625,4969.14990234375,0
2024-10-01 14:00:00,4966.91015625,4976.64013671875,4933.669921875,4949.669921875,0
2024-10-01 15:00:00,4950.5,4952.419921875,4937.56982421875,4950.5498046875,0
2024-10-02 07:00:00,4961.72998046875,4977.509765625,4959.2998046875,4975.2001953125,0
2024-10-02 08:00:00,4974.6201171875,4983.22021484375,4971.509765625,4976.93994140625,0
2024-10-02 09:00:00,4976.85986328125,4976.85986328125,4955.93994140625,4958.16015625,0
2024-10-02 10:00:00,4957.9599609375,4961.85009765625,4945.97998046875,4950.22021484375,0
2024-10-02 11:00:00,4950.43017578125,4953.8701171875,4938.43994140625,4938.5,0
2024-10-02 12:00:00,4938.490234375,4957.919921875,4935.759765625,4953.16015625,0
2024-10-02 13:00:00,4953.10009765625,4953.35009765625,4931.56005859375,4941.5498046875,0
2024-10-02 14:00:00,4940.66015625,4958.10009765625,4939.56982421875,4952.009765625,0
2024-10-02 15:00:00,4952.669921875,4959.240234375,4949.97998046875,4959.240234375,0
2024-10-03 07:00:00,4959.2001953125,4959.2001953125,4912.06982421875,4912.06982421875,0
2024-10-03 08:00:00,4912.5498046875,4928.2001953125,4911.52978515625,4926.66015625,0
2024-10-03 09:00:00,4927.10986328125,4936.4501953125,4923.02978515625,4932.0498046875,0
2024-10-03 10:00:00,4932.0498046875,4941.7001953125,4930.22021484375,4940.22998046875,0
2024-10-03 11:00:00,4940.31005859375,4948.4599609375,4940.31005859375,4945.72021484375,0
2024-10-03 12:00:00,4945.7099609375,4946.31005859375,4921.1201171875,4923.89013671875,0
2024-10-03 13:00:00,4923.77978515625,4929.0498046875,4915.60986328125,4920.75,0
2024-10-03 14:00:00,4920.97998046875,4937.169921875,4907.93994140625,4914.25,0
2024-10-03 15:00:00,4912.2900390625,4918.14990234375,4907.669921875,4915.35009765625,0
2024-10-04 07:00:00,4920.2001953125,4937.77001953125,4911.35986328125,4935.2900390625,0
2024-10-04 08:00:00,4935.31982421875,4935.31982421875,4923.58984375,4923.58984375,0
2024-10-04 09:00:00,4923.33984375,4934.580078125,4922.8798828125,4933.91015625,0
2024-10-04 10:00:00,4934.43994140625,4937.89013671875,4929.56005859375,4930.0,0
2024-10-04 11:00:00,4930.3701171875,4938.85986328125,4930.3701171875,4934.85986328125,0
2024-10-04 12:00:00,4934.89013671875,4973.31005859375,4934.89013671875,4973.31005859375,0
2024-10-04 13:00:00,4973.66015625,4976.02001953125,4947.7900390625,4952.47998046875,0
2024-10-04 14:00:00,4952.85009765625,4964.81005859375,4950.25,4963.43017578125,0
2024-10-04 15:00:00,4965.490234375,4966.89990234375,4954.009765625,4956.3701171875,0
2024-10-07 07:00:00,4959.240234375,4969.5400390625,4939.27978515625,4939.8798828125,0
2024-10-07 08:00:00,4940.5498046875,4952.8798828125,4940.240234375,4942.4501953125,0
2024-10-07 09:00:00,4942.27978515625,4947.85986328125,4930.7900390625,4946.43017578125,0
2024-10-07 10:00:00,4946.97998046875,4956.68017578125,4943.4501953125,4949.89013671875,0
2024-10-07 11:00:00,4950.52978515625,4959.93994140625,4947.669921875,4959.5498046875,0
2024-10-07 12:00:00,4959.60986328125,4970.68017578125,4957.31005859375,4964.919921875,0
2024-10-07 13:00:00,4965.169921875,4976.22998046875,4963.39013671875,4963.39013671875,0
2024-10-07 14:00:00,4961.5400390625,4973.580078125,4961.5400390625,4970.93994140625,0
2024-10-07 15:00:00,4970.89013671875,4972.83984375,4966.64013671875,4967.77001953125,0
2024-10-08 07:00:00,4953.91015625,4953.91015625,4912.259765625,4921.330078125,0
2024-10-08 08:00:00,4921.81982421875,4925.66015625,4914.16015625,4918.580078125,0
2024-10-08 09:00:00,4918.72998046875,4938.10986328125,4918.72998046875,4934.0498046875,0
2024-10-08 10:00:00,4933.7001953125,4949.1298828125,4933.68017578125,4948.7001953125,0
2024-10-08 11:00:00,4949.0,4952.75,4944.85009765625,4950.35009765625,0
2024-10-08 12:00:00,4950.3701171875,4952.330078125,4943.14013671875,4950.93017578125,0
2024-10-08 13:00:00,4951.1201171875,4954.919921875,4945.509765625,4951.5400390625,0
2024-10-08 14:00:00,4952.08984375,4955.41015625,4939.7998046875,4949.89013671875,0
2024-10-08 15:00:00,4949.89013671875,4955.9599609375,4946.75,4949.22021484375,0
2024-10-09 07:00:00,4948.7900390625,4951.1298828125,4930.1298828125,4951.1298828125,0
2024-10-09 08:00:00,4950.490234375,4952.97998046875,4939.06982421875,4941.7001953125,0
2024-10-09 09:00:00,4941.66015625,4955.669921875,4941.509765625,4949.52001953125,0
2024-10-09 10:00:00,4949.83984375,4955.10009765625,4949.14990234375,4954.77001953125,0
2024-10-09 11:00:00,4954.77001953125,4956.75,4953.1201171875,4955.81982421875,0
2024-10-09 12:00:00,4955.85986328125,4957.89990234375,4940.16015625,4946.93994140625,0
2024-10-09 13:00:00,4947.240234375,4965.85986328125,4946.97998046875,4964.8798828125,0
2024-10-09 14:00:00,4964.06982421875,4976.64990234375,4964.06982421875,4976.509765625,0
2024-10-09 15:00:00,4976.68994140625,4984.7900390625,4976.68994140625,4984.7900390625,0
2024-10-10 07:00:00,4980.1201171875,4983.06005859375,4961.47998046875,4964.3701171875,0
2024-10-10 08:00:00,4964.72998046875,4970.43017578125,4961.18994140625,4964.0400390625,0
2024-10-10 09:00:00,4964.06005859375,4974.330078125,4959.3701171875,4974.330078125,0
2024-10-10 10:00:00,4974.2001953125,4980.35009765625,4971.39013671875,4971.39013671875,0
2024-10-10 11:00:00,4971.22998046875,4981.5498046875,4968.77978515625,4981.5,0
2024-10-10 12:00:00,4981.3701171875,4986.7001953125,4962.93017578125,4965.830078125,0
2024-10-10 13:00:00,4965.58984375,4977.02001953125,4950.16015625,4953.759765625,0
2024-10-10 14:00:00,4952.169921875,4969.7998046875,4952.169921875,4961.9599609375,0
2024-10-10 15:00:00,4961.93017578125,4973.8798828125,4961.18017578125,4970.5498046875,0
2024-10-11 07:00:00,4970.64013671875,4974.60009765625,4953.81982421875,4974.47021484375,0
2024-10-11 08:00:00,4973.85986328125,4974.10986328125,4957.39990234375,4962.06005859375,0
2024-10-11 09:00:00,4961.93994140625,4971.240234375,4961.39013671875,4967.1201171875,0
2024-10-11 10:00:00,4967.02978515625,4975.47998046875,4963.2998046875,4975.41015625,0
2024-10-11 11:00:00,4975.66015625,4979.3798828125,4971.77001953125,4975.22021484375,0
2024-10-11 12:00:00,4975.31005859375,4978.39013671875,4968.85986328125,4975.8701171875,0
2024-10-11 13:00:00,4975.75,4992.580078125,4973.25,4990.3701171875,0
2024-10-11 14:00:00,4990.990234375,5005.830078125,4988.7998046875,4997.7900390625,0
2024-10-11 15:00:00,4997.759765625,5003.91015625,4996.580078125,5002.89990234375,0
2024-10-14 07:00:00,5007.27001953125,5018.5498046875,5001.47998046875,5018.35009765625,0
2024-10-14 08:00:00,5018.66015625,5019.81005859375,4999.490234375,5002.0,0
2024-10-14 09:00:00,5002.02978515625,5007.58984375,4999.58984375,5001.6201171875,0
2024-10-14 10:00:00,5001.7998046875,5008.33984375,4999.18017578125,5000.7099609375,0
2024-10-14 11:00:00,5000.47021484375,5008.02978515625,5000.10009765625,5005.41015625,0
2024-10-14 12:00:00,5005.35009765625,5016.39013671875,5005.35009765625,5015.009765625,0
2024-10-14 13:00:00,5014.9599609375,5044.740234375,5014.9599609375,5041.58984375,0
2024-10-14 14:00:00,5041.52001953125,5043.919921875,5033.77978515625,5035.02001953125,0
2024-10-14 15:00:00,5035.14990234375,5039.68994140625,5033.4599609375,5038.830078125,0
2024-10-15 07:00:00,5045.6298828125,5053.22998046875,5036.56982421875,5036.97021484375,0
2024-10-15 08:00:00,5035.85986328125,5037.64013671875,5016.75,5019.740234375,0
2024-10-15 09:00:00,5019.64013671875,5023.33984375,5014.72021484375,5019.89990234375,0
2024-10-15 10:00:00,5020.33984375,5025.68017578125,5018.669921875,5022.669921875,0
2024-10-15 11:00:00,5022.52001953125,5026.02978515625,5016.56005859375,5025.43994140625,0
2024-10-15 12:00:00,5025.33984375,5028.68017578125,5020.0498046875,5020.7001953125,0
2024-10-15 13:00:00,5020.68017578125,5027.0,5017.6201171875,5018.009765625,0
2024-10-15 14:00:00,5018.43994140625,5024.60009765625,4952.81005859375,4969.8798828125,0
2024-10-15 15:00:00,4968.93994140625,4973.8798828125,4952.93994140625,4954.68994140625,0
2024-10-16 07:00:00,4918.43994140625,4919.39013671875,4898.9501953125,4917.25,0
2024-10-16 08:00:00,4917.64990234375,4921.06005859375,4904.43994140625,4905.97998046875,0
2024-10-16 09:00:00,4905.89990234375,4920.31005859375,4905.89990234375,4908.33984375,0
2024-10-16 10:00:00,4909.72998046875,4913.64013671875,4905.6201171875,4907.8701171875,0
2024-10-16 11:00:00,4907.89990234375,4918.06005859375,4906.990234375,4911.10986328125,0
2024-10-16 12:00:00,4910.7900390625,4916.77001953125,4909.43017578125,4910.5498046875,0
2024-10-16 13:00:00,4910.5498046875,4920.259765625,4910.5498046875,4918.52001953125,0
2024-10-16 14:00:00,4917.89013671875,4926.080078125,4915.490234375,4917.1201171875,0
2024-10-16 15:00:00,4917.68017578125,4917.68017578125,4909.35009765625,4911.33984375,0
2024-10-17 07:00:00,4913.990234375,4934.6201171875,4913.990234375,4933.47998046875,0
2024-10-17 08:00:00,4933.39990234375,4952.0498046875,4931.97998046875,4948.72021484375,0
2024-10-17 09:00:00,4948.9501953125,4955.6298828125,4940.9599609375,4945.22021484375,0
2024-10-17 10:00:00,4945.1201171875,4953.7900390625,4944.72998046875,4953.580078125,0
2024-10-17 11:00:00,4953.759765625,4953.759765625,4941.259765625,4944.43994140625,0
2024-10-17 12:00:00,4944.490234375,4958.68017578125,4943.330078125,4957.9501953125,0
2024-10-17 13:00:00,4957.919921875,4973.7900390625,4950.56005859375,4950.93017578125,0
2024-10-17 14:00:00,4951.240234375,4953.10009765625,4941.2099609375,4947.10009765625,0
2024-10-17 15:00:00,4946.93017578125,4948.4501953125,4940.31005859375,4948.4501953125,0
2024-10-18 07:00:00,4944.2099609375,4977.419921875,4944.2099609375,4976.830078125,0
2024-10-18 08:00:00,4976.89013671875,4978.85986328125,4970.330078125,4970.47998046875,0
2024-10-18 09:00:00,4970.77001953125,4981.56005859375,4970.77001953125,4978.4501953125,0
2024-10-18 10:00:00,4978.4501953125,4980.1201171875,4968.91015625,4972.509765625,0
2024-10-18 11:00:00,4972.6201171875,4982.16015625,4972.2998046875,4979.85009765625,0
2024-10-18 12:00:00,4979.919921875,4983.91015625,4974.669921875,4974.669921875,0
2024-10-18 13:00:00,4974.68994140625,4983.10986328125,4968.68017578125,4974.1201171875,0
2024-10-18 14:00:00,4974.1201171875,4984.75,4970.2998046875,4982.66015625,0
2024-10-18 15:00:00,4982.43994140625,4986.27001953125,4981.580078125,4986.27001953125,0
2024-10-21 07:00:00,4977.89990234375,4989.31982421875,4970.509765625,4981.47998046875,0
2024-10-21 08:00:00,4980.43017578125,4983.83984375,4973.0400390625,4976.85009765625,0
2024-10-21 09:00:00,4976.330078125,4979.0400390625,4958.77001953125,4961.8701171875,0
2024-10-21 10:00:00,4961.7998046875,4962.2900390625,4945.93017578125,4946.14013671875,0
2024-10-21 11:00:00,4945.990234375,4946.669921875,4938.10009765625,4940.580078125,0
2024-10-21 12:00:00,4940.47021484375,4956.2998046875,4939.43994140625,4956.2998046875,0
2024-10-21 13:00:00,4955.93994140625,4969.35009765625,4955.22021484375,4966.72021484375,0
2024-10-21 14:00:00,4967.18017578125,4969.93994140625,4947.22021484375,4949.97021484375,0
2024-10-21 15:00:00,4949.72021484375,4949.91015625,4938.580078125,4939.330078125,0
2024-10-22 07:00:00,4941.0400390625,4965.75,4929.990234375,4956.25,0
2024-10-22 08:00:00,4956.68017578125,4960.14013671875,4942.7900390625,4942.7900390625,0
2024-10-22 09:00:00,4942.169921875,4944.72998046875,4916.77001953125,4923.18017578125,0
2024-10-22 10:00:00,4922.2001953125,4923.27001953125,4910.31982421875,4912.759765625,0
2024-10-22 11:00:00,4912.8701171875,4931.68994140625,4912.8701171875,4925.4501953125,0
2024-10-22 12:00:00,4925.25,4934.60986328125,4922.4599609375,4927.8701171875,0
2024-10-22 13:00:00,4927.580078125,4942.2099609375,4926.39990234375,4939.60986328125,0
2024-10-22 14:00:00,4941.7998046875,4947.669921875,4938.759765625,4944.39013671875,0
2024-10-22 15:00:00,4944.47998046875,4945.3701171875,4940.18017578125,4941.14990234375,0
2024-10-23 07:00:00,4924.39990234375,4948.3798828125,4921.39013671875,4924.990234375,0
2024-10-23 08:00:00,4925.009765625,4933.27001953125,4918.52001953125,4921.06005859375,0
2024-10-23 09:00:00,4920.97021484375,4934.68994140625,4920.68017578125,4926.2001953125,0
2024-10-23 10:00:00,4926.25,4927.7001953125,4906.27978515625,4909.7900390625,0
2024-10-23 11:00:00,4909.6201171875,4924.91015625,4909.6201171875,4922.5400390625,0
2024-10-23 12:00:00,4922.52978515625,4924.56982421875,4915.580078125,4918.66015625,0
2024-10-23 13:00:00,4918.75,4938.490234375,4916.47998046875,4935.47998046875,0
2024-10-23 14:00:00,4935.43994140625,4942.5498046875,4930.2998046875,4937.68994140625,0
2024-10-23 15:00:00,4937.669921875,4939.52978515625,4921.93017578125,4922.02978515625,0
2024-10-24 07:00:00,4929.02001953125,4958.08984375,4929.02001953125,4957.10986328125,0
2024-10-24 08:00:00,4956.97021484375,4970.47998046875,4952.2900390625,4957.31982421875,0
2024-10-24 09:00:00,4957.7099609375,4963.64990234375,4952.8798828125,4957.0,0
2024-10-24 10:00:00,4957.4501953125,4961.10009765625,4953.490234375,4957.85009765625,0
2024-10-24 11:00:00,4958.14013671875,4967.22021484375,4957.83984375,4964.77978515625,0
2024-10-24 12:00:00,4964.7099609375,4964.7099609375,4954.85009765625,4960.72998046875,0
2024-10-24 13:00:00,4961.77978515625,4968.72021484375,4955.7099609375,4960.2900390625,0
2024-10-24 14:00:00,4960.93994140625,4960.93994140625,4937.14013671875,4939.39013671875,0
2024-10-24 15:00:00,4939.06982421875,4942.2001953125,4936.02001953125,4937.06005859375,0
2024-10-25 07:00:00,4940.35009765625,4940.35009765625,4916.7998046875,4927.81005859375,0
2024-10-25 08:00:00,4928.31005859375,4936.56982421875,4918.0,4936.56982421875,0
2024-10-25 09:00:00,4935.2900390625,4952.0400390625,4934.9501953125,4942.6201171875,0
2024-10-25 10:00:00,4941.330078125,4944.5498046875,4928.47021484375,4928.9501953125,0
2024-10-25 11:00:00,4929.22998046875,4936.39013671875,4924.10986328125,4934.68994140625,0
2024-10-25 12:00:00,4934.5,4940.5400390625,4933.31982421875,4939.2998046875,0
2024-10-25 13:00:00,4939.259765625,4946.39990234375,4935.41015625,4939.75,0
2024-10-25 14:00:00,4940.240234375,4953.33984375,4938.06982421875,4947.68994140625,0
2024-10-25 15:00:00,4947.3798828125,4950.43017578125,4938.759765625,4938.759765625,0
2024-10-28 08:00:00,4962.16015625,4982.740234375,4954.39990234375,4981.18017578125,0
2024-10-28 09:00:00,4981.10986328125,4982.39990234375,4955.490234375,4959.2998046875,0
2024-10-28 10:00:00,4958.56982421875,4962.06005859375,4943.2001953125,4944.669921875,0
2024-10-28 11:00:00,4944.7099609375,4944.89013671875,4933.919921875,4938.56005859375,0
2024-10-28 12:00:00,4938.3701171875,4954.89990234375,4932.60986328125,4953.330078125,0
2024-10-28 13:00:00,4953.56982421875,4956.25,4946.7001953125,4947.740234375,0
2024-10-28 14:00:00,4947.72998046875,4968.56982421875,4941.83984375,4966.33984375,0
2024-10-28 15:00:00,4966.77001953125,4977.97998046875,4963.5400390625,4971.22998046875,0
2024-10-28 16:00:00,4970.7900390625,4972.509765625,4966.490234375,4971.60009765625,0
2024-10-29 08:00:00,4978.72998046875,4999.72021484375,4976.02001953125,4992.4501953125,0
2024-10-29 09:00:00,4992.2998046875,4997.35009765625,4986.830078125,4996.669921875,0
2024-10-29 10:00:00,4997.4599609375,4997.4599609375,4978.85009765625,4984.240234375,0
2024-10-29 11:00:00,4984.2900390625,4985.669921875,4975.75,4975.85009765625,0
2024-10-29 12:00:00,4975.89013671875,4981.5498046875,4969.990234375,4970.43994140625,0
2024-10-29 13:00:00,4970.5,4974.5,4956.18017578125,4964.509765625,0
2024-10-29 14:00:00,4964.27001953125,4968.0498046875,4955.1201171875,4957.009765625,0
2024-10-29 15:00:00,4957.3798828125,4959.27001953125,4949.9501953125,4952.22021484375,0
2024-10-29 16:00:00,4952.39990234375,4956.4501953125,4948.83984375,4949.580078125,0
2024-10-30 08:00:00,4931.31982421875,4931.31982421875,4912.85009765625,4912.97021484375,0
2024-10-30 09:00:00,4913.3701171875,4913.990234375,4902.47021484375,4906.22021484375,0
2024-10-30 10:00:00,4906.39990234375,4907.7001953125,4893.8701171875,4895.6201171875,0
2024-10-30 11:00:00,4894.77978515625,4898.85986328125,4879.7099609375,4882.0400390625,0
2024-10-30 12:00:00,4881.740234375,4884.08984375,4868.75,4872.08984375,0
2024-10-30 13:00:00,4872.27978515625,4888.5498046875,4866.58984375,4887.7900390625,0
2024-10-30 14:00:00,4887.490234375,4900.18017578125,4884.27978515625,4896.60009765625,0
2024-10-30 15:00:00,4896.31005859375,4898.990234375,4891.509765625,4893.93994140625,0
2024-10-30 16:00:00,4893.60009765625,4894.93017578125,4885.419921875,4885.52001953125,0
2024-10-31 08:00:00,4866.02978515625,4866.02978515625,4835.6298828125,4852.419921875,0
2024-10-31 09:00:00,4852.16015625,4852.16015625,4839.490234375,4845.3701171875,0
2024-10-31 10:00:00,4845.35986328125,4852.14990234375,4841.72998046875,4847.8701171875,0
2024-10-31 11:00:00,4847.72998046875,4851.10009765625,4843.580078125,4846.27001953125,0
2024-10-31 12:00:00,4846.3798828125,4852.68017578125,4844.759765625,4850.740234375,0
2024-10-31 13:00:00,4851.31982421875,4854.60986328125,4832.7099609375,4834.52978515625,0
2024-10-31 14:00:00,4834.3798828125,4834.3798828125,4805.22998046875,4807.64013671875,0
2024-10-31 15:00:00,4807.10986328125,4822.18017578125,4807.10986328125,4815.6201171875,0
2024-10-31 16:00:00,4816.259765625,4827.6298828125,4812.56982421875,4827.6298828125,0
2024-11-01 08:00:00,4829.47998046875,4853.490234375,4829.47998046875,4847.22021484375,0
2024-11-01 09:00:00,4848.2998046875,4858.72998046875,4848.2998046875,4856.10986328125,0
2024-11-01 10:00:00,4856.080078125,4865.47021484375,4852.0498046875,4864.7099609375,0
2024-11-01 11:00:00,4864.41015625,4871.39990234375,4863.7001953125,4868.3798828125,0
2024-11-01 12:00:00,4868.169921875,4871.06982421875,4862.580078125,4870.81982421875,0
2024-11-01 13:00:00,4870.60009765625,4872.740234375,4864.85009765625,4867.58984375,0
2024-11-01 14:00:00,4867.259765625,4878.77001953125,4867.08984375,4878.259765625,0
2024-11-01 15:00:00,4878.4599609375,4889.490234375,4878.33984375,4884.85009765625,0
2024-11-01 16:00:00,4885.52978515625,4889.31982421875,4877.72998046875,4877.72998046875,0
2024-11-04 08:00:00,4873.9501953125,4881.8798828125,4869.52001953125,4877.1201171875,0
2024-11-04 09:00:00,4877.330078125,4889.8798828125,4871.830078125,4889.43017578125,0
2024-11-04 10:00:00,4889.60009765625,4893.35009765625,4886.419921875,4889.72998046875,0
2024-11-04 11:00:00,4889.7900390625,4892.259765625,4884.4501953125,4886.33984375,0
2024-11-04 12:00:00,4886.25,4886.60986328125,4876.93017578125,4880.4599609375,0
2024-11-04 13:00:00,4880.64990234375,4881.509765625,4864.009765625,4867.52978515625,0
2024-11-04 14:00:00,4866.97998046875,4867.66015625,4856.0400390625,4863.990234375,0
2024-11-04 15:00:00,4863.759765625,4870.14013671875,4862.4599609375,4866.14990234375,0
2024-11-04 16:00:00,4865.72021484375,4866.47998046875,4857.169921875,4857.2001953125,0
2024-11-05 08:00:00,4853.66015625,4863.47021484375,4839.43994140625,4863.14013671875,0
2024-11-05 09:00:00,4863.39013671875,4869.27978515625,4861.009765625,4863.85009765625,0
2024-11-05 10:00:00,4863.4599609375,4863.4599609375,4843.6298828125,4856.81005859375,0
2024-11-05 11:00:00,4856.68017578125,4861.39013671875,4850.919921875,4852.68017578125,0
2024-11-05 12:00:00,4852.419921875,4858.64990234375,4851.5400390625,4855.669921875,0
2024-11-05 13:00:00,4855.740234375,4860.43017578125,4855.64013671875,4855.64990234375,0
2024-11-05 14:00:00,4855.2099609375,4859.419921875,4846.93994140625,4856.47021484375,0
2024-11-05 15:00:00,4856.93994140625,4872.97021484375,4853.33984375,4870.18994140625,0
2024-11-05 16:00:00,4870.47021484375,4874.5498046875,4869.31982421875,4871.009765625,0
2024-11-06 08:00:00,4880.35009765625,4946.22021484375,4880.35009765625,4942.4501953125,0
2024-11-06 09:00:00,4943.3701171875,4946.47998046875,4893.2099609375,4908.31982421875,0
2024-11-06 10:00:00,4909.7099609375,4923.259765625,4902.66015625,4903.9501953125,0
2024-11-06 11:00:00,4904.0400390625,4905.31982421875,4869.5498046875,4876.60986328125,0
2024-11-06 12:00:00,4875.77978515625,4893.43017578125,4871.58984375,4889.33984375,0
2024-11-06 13:00:00,4889.0498046875,4889.740234375,4846.4599609375,4855.2900390625,0
2024-11-06 14:00:00,4854.52978515625,4854.52978515625,4797.5,4807.93017578125,0
2024-11-06 15:00:00,4805.8701171875,4814.43017578125,4790.89013671875,4799.06005859375,0
2024-11-06 16:00:00,4799.2900390625,4803.25,4788.41015625,4795.35009765625,0
2024-11-07 08:00:00,4812.6298828125,4832.27001953125,4810.6298828125,4824.60009765625,0
2024-11-07 09:00:00,4825.10986328125,4843.60986328125,4824.740234375,4834.58984375,0
2024-11-07 10:00:00,4834.259765625,4837.1201171875,4824.72021484375,4834.31005859375,0
2024-11-07 11:00:00,4833.759765625,4839.02978515625,4826.68994140625,4834.85986328125,0
2024-11-07 12:00:00,4835.2001953125,4845.52001953125,4829.66015625,4830.7998046875,0
2024-11-07 13:00:00,4830.2099609375,4842.2998046875,4830.1298828125,4835.97021484375,0
2024-11-07 14:00:00,4836.759765625,4868.169921875,4834.14990234375,4864.68017578125,0
2024-11-07 15:00:00,4864.47021484375,4869.39013671875,4852.27978515625,4864.7099609375,0
2024-11-07 16:00:00,4864.68994140625,4865.9599609375,4849.990234375,4849.990234375,0
2024-11-08 08:00:00,4853.5,4862.64013671875,4837.52978515625,4841.919921875,0
2024-11-08 09:00:00,4842.2099609375,4844.169921875,4810.5,4810.5,0
2024-11-08 10:00:00,4810.02001953125,4811.080078125,4791.06005859375,4800.240234375,0
2024-11-08 11:00:00,4800.27001953125,4819.06005859375,4795.7900390625,4816.8798828125,0
2024-11-08 12:00:00,4816.1201171875,4824.25,4815.9501953125,4821.22998046875,0
2024-11-08 13:00:00,4821.27978515625,4821.9599609375,4809.9599609375,4811.68994140625,0
2024-11-08 14:00:00,4811.93017578125,4815.81982421875,4800.9501953125,4804.10009765625,0
2024-11-08 15:00:00,4803.89013671875,4807.06005859375,4797.33984375,4805.27978515625,0
2024-11-08 16:00:00,4805.14013671875,4805.14013671875,4798.56005859375,4799.35986328125,0
2024-11-11 08:00:00,4825.5,4859.97021484375,4825.5,4851.39013671875,0
2024-11-11 09:00:00,4851.75,4856.93017578125,4846.08984375,4854.2900390625,0
2024-11-11 10:00:00,4854.33984375,4864.22998046875,4853.75,4854.43017578125,0
2024-11-11 11:00:00,4855.009765625,4861.3701171875,4852.60009765625,4859.77978515625,0
2024-11-11 12:00:00,4859.7900390625,4866.16015625,4858.10009765625,4864.39990234375,0
2024-11-11 13:00:00,4864.43994140625,4875.75,4862.6201171875,4873.080078125,0
2024-11-11 14:00:00,4873.10009765625,4873.10009765625,4857.93017578125,4858.8798828125,0
2024-11-11 15:00:00,4859.419921875,4862.27001953125,4856.3701171875,4859.6298828125,0
2024-11-11 16:00:00,4860.14990234375,4860.85009765625,4851.5498046875,4851.5498046875,0
2024-11-12 08:00:00,4834.33984375,4834.33984375,4802.9599609375,4820.10986328125,0
2024-11-12 09:00:00,4819.490234375,4826.56005859375,4813.31005859375,4822.72021484375,0
2024-11-12 10:00:00,4822.919921875,4822.919921875,4803.18017578125,4805.56005859375,0
2024-11-12 11:00:00,4804.89990234375,4814.740234375,4804.22021484375,4807.990234375,0
2024-11-12 12:00:00,4807.1201171875,4810.3798828125,4797.8701171875,4798.83984375,0
2024-11-12 13:00:00,4798.97998046875,4809.81982421875,4796.7001953125,4808.33984375,0
2024-11-12 14:00:00,4809.7998046875,4810.509765625,4792.75,4792.75,0
2024-11-12 15:00:00,4793.75,4793.75,4757.330078125,4759.830078125,0
2024-11-12 16:00:00,4759.419921875,4759.419921875,4741.990234375,4748.2001953125,0
2024-11-13 08:00:00,4740.93017578125,4753.47021484375,4726.509765625,4753.08984375,0
2024-11-13 09:00:00,4752.68017578125,4761.08984375,4751.14990234375,4759.43017578125,0
2024-11-13 10:00:00,4759.669921875,4759.669921875,4746.43017578125,4755.72021484375,0
2024-11-13 11:00:00,4755.81005859375,4759.83984375,4735.990234375,4735.990234375,0
2024-11-13 12:00:00,4735.14013671875,4741.41015625,4721.81982421875,4721.81982421875,0
2024-11-13 13:00:00,4721.97021484375,4737.7900390625,4720.7900390625,4731.85009765625,0
2024-11-13 14:00:00,4731.60009765625,4731.60009765625,4702.97021484375,4715.47021484375,0
2024-11-13 15:00:00,4716.02978515625,4721.35986328125,4699.77978515625,4721.25,0
2024-11-13 16:00:00,4721.240234375,4734.009765625,4721.240234375,4733.10986328125,0
2024-11-14 08:00:00,4759.77001953125,4782.85009765625,4747.56982421875,4777.509765625,0
2024-11-14 09:00:00,4778.009765625,4802.41015625,4778.009765625,4797.5400390625,0
2024-11-14 10:00:00,4796.830078125,4806.2001953125,4794.31982421875,4800.759765625,0
2024-11-14 11:00:00,4801.5498046875,4810.89990234375,4799.259765625,4808.75,0
2024-11-14 12:00:00,4808.66015625,4813.97998046875,4805.43017578125,4810.419921875,0
2024-11-14 13:00:00,4810.509765625,4829.669921875,4810.509765625,4828.1201171875,0
2024-11-14 14:00:00,4828.58984375,4834.47998046875,4819.64990234375,4827.4599609375,0
2024-11-14 15:00:00,4827.740234375,4835.77978515625,4822.009765625,4828.169921875,0
2024-11-14 16:00:00,4825.85986328125,4833.39990234375,4825.85986328125,4830.02001953125,0
2024-11-15 08:00:00,4810.58984375,4818.85986328125,4785.64990234375,4818.27978515625,0
2024-11-15 09:00:00,4818.47021484375,4822.81982421875,4811.83984375,4822.81982421875,0
2024-11-15 10:00:00,4822.81982421875,4829.68017578125,4815.02001953125,4826.77001953125,0
2024-11-15 11:00:00,4826.3798828125,4828.68017578125,4813.7001953125,4813.91015625,0
2024-11-15 12:00:00,4813.75,4824.08984375,4811.35986328125,4819.8701171875,0
2024-11-15 13:00:00,4819.27978515625,4819.27978515625,4801.27978515625,4807.16015625,0
2024-11-15 14:00:00,4807.1298828125,4812.5400390625,4801.31005859375,4807.0400390625,0
2024-11-15 15:00:00,4808.06005859375,4811.6201171875,4795.509765625,4796.2099609375,0
2024-11-15 16:00:00,4796.1298828125,4797.93017578125,4787.0498046875,4796.169921875,0
2024-11-18 08:00:00,4786.5400390625,4800.47021484375,4780.10986328125,4783.85986328125,0
2024-11-18 09:00:00,4783.1298828125,4783.6298828125,4771.06982421875,4775.7900390625,0
2024-11-18 10:00:00,4775.77001953125,4786.81005859375,4773.009765625,4784.080078125,0
2024-11-18 11:00:00,4783.58984375,4783.58984375,4761.89013671875,4768.6298828125,0
2024-11-18 12:00:00,4768.60986328125,4777.10009765625,4767.77978515625,4768.1201171875,0
2024-11-18 13:00:00,4767.2099609375,4767.60009765625,4755.7900390625,4763.2099609375,0
2024-11-18 14:00:00,4763.10009765625,4772.1298828125,4758.35986328125,4765.6298828125,0
2024-11-18 15:00:00,4765.419921875,4789.97998046875,4764.47998046875,4785.3701171875,0
2024-11-18 16:00:00,4785.83984375,4789.31005859375,4784.009765625,4785.25,0
2024-11-19 08:00:00,4791.89013671875,4801.22998046875,4762.830078125,4770.47998046875,0
2024-11-19 09:00:00,4768.56005859375,4771.4501953125,4712.75,4722.9599609375,0
2024-11-19 10:00:00,4724.08984375,4733.64990234375,4715.509765625,4731.58984375,0
2024-11-19 11:00:00,4731.27978515625,4735.580078125,4719.6201171875,4730.41015625,0
2024-11-19 12:00:00,4730.5,4740.3798828125,4729.27001953125,4740.3798828125,0
2024-11-19 13:00:00,4739.9599609375,4739.9599609375,4695.7998046875,4695.7998046875,0
2024-11-19 14:00:00,4695.740234375,4723.31982421875,4688.68017578125,4711.8798828125,0
2024-11-19 15:00:00,4712.39013671875,4740.2099609375,4712.22998046875,4736.919921875,0
2024-11-19 16:00:00,4736.52978515625,4750.47021484375,4733.31005859375,4750.47021484375,0
2024-11-20 08:00:00,4760.60986328125,4786.27978515625,4760.60986328125,4770.33984375,0
2024-11-20 09:00:00,4770.0400390625,4783.080078125,4762.669921875,4770.64013671875,0
2024-11-20 10:00:00,4771.27001953125,4779.68017578125,4765.5400390625,4765.919921875,0
2024-11-20 11:00:00,4765.93017578125,4768.85986328125,4758.4599609375,4765.3701171875,0
2024-11-20 12:00:00,4764.330078125,4776.75,4757.2001953125,4775.419921875,0
2024-11-20 13:00:00,4775.14013671875,4778.8798828125,4763.77001953125,4764.02978515625,0
2024-11-20 14:00:00,4763.9599609375,4766.009765625,4731.2998046875,4732.6201171875,0
2024-11-20 15:00:00,4731.740234375,4748.68017578125,4717.4501953125,4748.0,0
2024-11-20 16:00:00,4747.77001953125,4747.77001953125,4728.2998046875,4730.31005859375,0
2024-11-21 08:00:00,4731.22998046875,4736.52001953125,4701.10009765625,4718.2001953125,0
2024-11-21 09:00:00,4718.31005859375,4718.31005859375,4690.4501953125,4716.830078125,0
2024-11-21 10:00:00,4716.85986328125,4722.1298828125,4701.9599609375,4713.3798828125,0
2024-11-21 11:00:00,4714.22998046875,4730.25,4713.509765625,4726.4501953125,0
2024-11-21 12:00:00,4726.330078125,4735.75,4722.35009765625,4722.64990234375,0
2024-11-21 13:00:00,4722.77001953125,4737.31005859375,4722.77001953125,4725.93017578125,0
2024-11-21 14:00:00,4725.5498046875,4742.22021484375,4716.18017578125,4733.6201171875,0
2024-11-21 15:00:00,4732.56982421875,4756.27001953125,4722.43017578125,4755.5,0
2024-11-21 16:00:00,4754.77001953125,4757.58984375,4748.8798828125,4756.81982421875,0
2024-11-22 08:00:00,4772.830078125,4792.47998046875,4772.830078125,4777.919921875,0
2024-11-22 09:00:00,4777.89013671875,4777.89013671875,4722.77001953125,4742.9599609375,0
2024-11-22 10:00:00,4743.3701171875,4745.8701171875,4730.7998046875,4741.330078125,0
2024-11-22 11:00:00,4741.31005859375,4747.64990234375,4735.490234375,4746.97998046875,0
2024-11-22 12:00:00,4747.72998046875,4767.47021484375,4747.2001953125,4765.990234375,0
2024-11-22 13:00:00,4765.89990234375,4774.330078125,4763.919921875,4766.6201171875,0
2024-11-22 14:00:00,4766.64990234375,4794.580078125,4764.25,4794.580078125,0
2024-11-22 15:00:00,4794.43994140625,4797.9501953125,4783.0498046875,4785.89013671875,0
2024-11-22 16:00:00,4786.41015625,4788.10009765625,4782.64990234375,4787.06982421875,0
2024-11-25 08:00:00,4806.2900390625,4831.27978515625,4806.2900390625,4808.18017578125,0
2024-11-25 09:00:00,4807.4599609375,4819.47998046875,4804.97998046875,4811.0,0
2024-11-25 10:00:00,4811.14990234375,4815.06982421875,4804.75,4806.18994140625,0
2024-11-25 11:00:00,4805.759765625,4806.080078125,4795.10009765625,4795.10009765625,0
2024-11-25 12:00:00,4795.1201171875,4804.27001953125,4790.77001953125,4803.009765625,0
2024-11-25 13:00:00,4803.02978515625,4810.4501953125,4803.02978515625,4809.14013671875,0
2024-11-25 14:00:00,4808.83984375,4809.4599609375,4798.169921875,4804.740234375,0
2024-11-25 15:00:00,4805.1201171875,4807.240234375,4794.08984375,4805.64013671875,0
2024-11-25 16:00:00,4805.72998046875,4809.41015625,4803.10009765625,4803.47021484375,0
2024-11-26 08:00:00,4781.47021484375,4781.47021484375,4747.009765625,4759.0498046875,0
2024-11-26 09:00:00,4758.759765625,4769.56982421875,4758.759765625,4763.56982421875,0
2024-11-26 10:00:00,4763.740234375,4769.240234375,4758.1298828125,4767.27001953125,0
2024-11-26 11:00:00,4767.259765625,4781.7001953125,4765.06982421875,4781.7001953125,0
2024-11-26 12:00:00,4781.5498046875,4790.81982421875,4781.0498046875,4790.35986328125,0
2024-11-26 13:00:00,4790.06005859375,4792.56982421875,4782.31982421875,4784.89990234375,0
2024-11-26 14:00:00,4785.06005859375,4792.7099609375,4778.1201171875,4779.7998046875,0
2024-11-26 15:00:00,4780.080078125,4780.080078125,4758.41015625,4765.7998046875,0
2024-11-26 16:00:00,4765.56982421875,4771.06005859375,4761.3701171875,4765.14013671875,0
2024-11-27 08:00:00,4752.43017578125,4752.43017578125,4722.64013671875,4734.27001953125,0
2024-11-27 09:00:00,4734.52978515625,4741.02978515625,4712.52001953125,4727.22998046875,0
2024-11-27 10:00:00,4727.43017578125,4729.52001953125,4711.91015625,4719.43017578125,0
2024-11-27 11:00:00,4719.31982421875,4727.22021484375,4705.97021484375,4726.68017578125,0
2024-11-27 12:00:00,4727.0498046875,4730.22021484375,4721.18994140625,4726.10986328125,0
2024-11-27 13:00:00,4725.990234375,4741.31005859375,4725.68017578125,4729.97998046875,0
2024-11-27 14:00:00,4730.02978515625,4739.7998046875,4718.56982421875,4735.9501953125,0
2024-11-27 15:00:00,4739.7998046875,4741.080078125,4726.47021484375,4731.7001953125,0
2024-11-27 16:00:00,4731.06005859375,4733.64990234375,4728.06005859375,4733.4599609375,0
2024-11-28 08:00:00,4759.22021484375,4773.490234375,4759.22021484375,4769.64990234375,0
2024-11-28 09:00:00,4769.6201171875,4781.08984375,4767.83984375,4779.0,0
2024-11-28 10:00:00,4778.81982421875,4780.259765625,4764.43994140625,4765.669921875,0
2024-11-28 11:00:00,4765.6298828125,4769.0400390625,4757.7099609375,4767.4501953125,0
2024-11-28 12:00:00,4767.259765625,4767.68994140625,4758.52978515625,4760.259765625,0
2024-11-28 13:00:00,4759.52001953125,4762.56005859375,4747.3701171875,4758.33984375,0
2024-11-28 14:00:00,4758.5498046875,4768.93017578125,4756.2900390625,4763.490234375,0
2024-11-28 15:00:00,4763.43994140625,4765.68994140625,4753.35009765625,4754.169921875,0
2024-11-28 16:00:00,4753.06982421875,4759.6298828125,4753.06982421875,4758.97021484375,0
2024-11-29 08:00:00,4754.6201171875,4756.81982421875,4741.89013671875,4750.39990234375,0
2024-11-29 09:00:00,4750.330078125,4758.43017578125,4745.35986328125,4755.31005859375,0
2024-11-29 10:00:00,4755.43017578125,4759.8701171875,4750.4599609375,4757.72998046875,0
2024-11-29 11:00:00,4757.31982421875,4774.6298828125,4752.7900390625,4773.830078125,0
2024-11-29 12:00:00,4773.9599609375,4777.330078125,4768.169921875,4771.85009765625,0
2024-11-29 13:00:00,4771.93017578125,4775.77001953125,4752.47998046875,4754.419921875,0
2024-11-29 14:00:00,4754.52001953125,4770.490234375,4754.52001953125,4770.490234375,0
2024-11-29 15:00:00,4770.22021484375,4789.009765625,4770.2001953125,4786.2998046875,0
2024-11-29 16:00:00,4787.0400390625,4810.490234375,4787.0400390625,4807.89013671875,0
2024-12-02 08:00:00,4785.14990234375,4785.14990234375,4764.3798828125,4780.2099609375,0
2024-12-02 09:00:00,4780.93994140625,4788.10986328125,4774.27001953125,4786.10009765625,0
2024-12-02 10:00:00,4786.47021484375,4809.7099609375,4784.77978515625,4797.580078125,0
2024-12-02 11:00:00,4797.56982421875,4821.990234375,4797.56982421875,4821.83984375,0
2024-12-02 12:00:00,4821.77978515625,4840.56982421875,4820.81982421875,4837.18017578125,0
2024-12-02 13:00:00,4837.31982421875,4848.8701171875,4830.5,4833.68994140625,0
2024-12-02 14:00:00,4834.25,4837.52978515625,4815.58984375,4816.97021484375,0
2024-12-02 15:00:00,4815.5,4825.08984375,4809.6298828125,4824.490234375,0
2024-12-02 16:00:00,4824.5400390625,4841.08984375,4824.5400390625,4838.47021484375,0
2024-12-03 08:00:00,4854.14013671875,4902.0400390625,4854.14013671875,4895.81005859375,0
2024-12-03 09:00:00,4896.8798828125,4897.89013671875,4877.3798828125,4883.22021484375,0
2024-12-03 10:00:00,4882.759765625,4885.10986328125,4872.509765625,4874.2900390625,0
2024-12-03 11:00:00,4874.35986328125,4875.93017578125,4864.16015625,4872.43017578125,0
2024-12-03 12:00:00,4872.259765625,4876.58984375,4869.9501953125,4876.52001953125,0
2024-12-03 13:00:00,4876.509765625,4884.0400390625,4868.18017578125,4869.60986328125,0
2024-12-03 14:00:00,4869.89013671875,4875.14990234375,4856.68017578125,4863.16015625,0
2024-12-03 15:00:00,4862.52978515625,4874.60009765625,4859.72021484375,4871.39990234375,0
2024-12-03 16:00:00,4870.3798828125,4881.56982421875,4870.3798828125,4881.56982421875,0
2024-12-04 08:00:00,4884.93994140625,4908.8701171875,4884.52001953125,4908.8701171875,0
2024-12-04 09:00:00,4909.259765625,4912.0498046875,4901.60009765625,4903.97021484375,0
2024-12-04 10:00:00,4904.25,4909.330078125,4896.89990234375,4904.3798828125,0
2024-12-04 11:00:00,4904.419921875,4911.31005859375,4903.2099609375,4910.919921875,0
2024-12-04 12:00:00,4911.14990234375,4919.22998046875,4905.85986328125,4906.7998046875,0
2024-12-04 13:00:00,4906.740234375,4918.93017578125,4901.02978515625,4917.509765625,0
2024-12-04 14:00:00,4916.97998046875,4928.77978515625,4916.06005859375,4916.31982421875,0
2024-12-04 15:00:00,4916.490234375,4929.52978515625,4909.580078125,4921.14013671875,0
2024-12-04 16:00:00,4921.0,4922.22998046875,4915.2900390625,4918.64013671875,0
2024-12-05 08:00:00,4914.06005859375,4948.5,4912.75,4947.85986328125,0
2024-12-05 09:00:00,4947.759765625,4950.66015625,4936.58984375,4939.52978515625,0
2024-12-05 10:00:00,4939.68017578125,4950.81982421875,4938.509765625,4938.509765625,0
2024-12-05 11:00:00,4937.9599609375,4948.56005859375,4937.9599609375,4944.0498046875,0
2024-12-05 12:00:00,4944.10009765625,4945.68017578125,4939.64013671875,4941.169921875,0
2024-12-05 13:00:00,4941.47998046875,4945.1298828125,4935.77978515625,4944.93017578125,0
2024-12-05 14:00:00,4945.16015625,4948.33984375,4939.330078125,4941.259765625,0
2024-12-05 15:00:00,4942.02001953125,4950.56005859375,4940.18017578125,4948.35986328125,0
2024-12-05 16:00:00,4948.43017578125,4954.81982421875,4946.64013671875,4954.81982421875,0
2024-12-06 08:00:00,4953.93017578125,4971.72021484375,4944.2900390625,4969.93994140625,0
2024-12-06 09:00:00,4970.009765625,4976.68994140625,4966.7998046875,4973.31982421875,0
2024-12-06 10:00:00,4973.169921875,4983.18017578125,4972.509765625,4974.77978515625,0
2024-12-06 11:00:00,4976.10986328125,4978.81005859375,4971.18017578125,4976.35986328125,0
2024-12-06 12:00:00,4976.4599609375,4983.43017578125,4976.080078125,4982.240234375,0
2024-12-06 13:00:00,4982.10986328125,4984.64013671875,4977.52978515625,4980.91015625,0
2024-12-06 14:00:00,4980.85986328125,4983.47998046875,4971.68994140625,4974.72998046875,0
2024-12-06 15:00:00,4976.0498046875,4985.22021484375,4971.919921875,4972.2998046875,0
2024-12-06 16:00:00,4971.97998046875,4978.10986328125,4971.9599609375,4978.10986328125,0
2024-12-09 08:00:00,4991.83984375,5007.7001953125,4990.56982421875,4998.8701171875,0
2024-12-09 09:00:00,4999.43017578125,4999.43017578125,4979.58984375,4982.3798828125,0
2024-12-09 10:00:00,4982.47998046875,4984.9501953125,4974.0498046875,4978.33984375,0
2024-12-09 11:00:00,4978.080078125,4983.5498046875,4975.9599609375,4982.41015625,0
2024-12-09 12:00:00,4982.419921875,4988.009765625,4981.240234375,4981.31982421875,0
2024-12-09 13:00:00,4981.39990234375,4994.39013671875,4980.0400390625,4992.9599609375,0
2024-12-09 14:00:00,4993.2099609375,5001.580078125,4990.06005859375,5000.8701171875,0
2024-12-09 15:00:00,5001.009765625,5001.56982421875,4989.93994140625,4989.93994140625,0
2024-12-09 16:00:00,4990.91015625,4991.08984375,4978.4501953125,4986.85986328125,0
2024-12-10 08:00:00,4979.169921875,4979.169921875,4962.81982421875,4965.14013671875,0
2024-12-10 09:00:00,4965.14990234375,4971.6298828125,4963.0498046875,4969.35986328125,0
2024-12-10 10:00:00,4969.22021484375,4972.39990234375,4960.2001953125,4963.490234375,0
2024-12-10 11:00:00,4963.31005859375,4976.14013671875,4963.31005859375,4974.18017578125,0
2024-12-10 12:00:00,4974.31005859375,4976.33984375,4971.18994140625,4973.580078125,0
2024-12-10 13:00:00,4973.080078125,4978.669921875,4967.10986328125,4976.06005859375,0
2024-12-10 14:00:00,4976.85009765625,4978.14013671875,4966.2001953125,4969.4501953125,0
2024-12-10 15:00:00,4971.009765625,4971.009765625,4959.1201171875,4959.1201171875,0
2024-12-10 16:00:00,4959.18994140625,4961.06005859375,4949.31982421875,4951.9599609375,0
2024-12-11 08:00:00,4947.43994140625,4953.0,4940.080078125,4949.06005859375,0
2024-12-11 09:00:00,4949.1298828125,4954.64990234375,4945.9599609375,4952.18017578125,0
2024-12-11 10:00:00,4952.490234375,4955.35009765625,4945.990234375,4949.9599609375,0
2024-12-11 11:00:00,4949.7900390625,4953.52978515625,4947.22021484375,4952.6201171875,0
2024-12-11 12:00:00,4952.580078125,4956.7900390625,4948.56005859375,4952.509765625,0
2024-12-11 13:00:00,4952.7001953125,4966.22998046875,4952.7001953125,4963.0,0
2024-12-11 14:00:00,4963.080078125,4966.18994140625,4956.10009765625,4959.47021484375,0
2024-12-11 15:00:00,4961.009765625,4961.009765625,4949.66015625,4953.240234375,0
2024-12-11 16:00:00,4953.41015625,4963.47998046875,4951.97021484375,4962.9599609375,0
2024-12-12 08:00:00,4964.169921875,4974.89990234375,4962.66015625,4965.02001953125,0
2024-12-12 09:00:00,4964.41015625,4965.6201171875,4957.5498046875,4964.830078125,0
2024-12-12 10:00:00,4964.8798828125,4967.08984375,4959.2001953125,4961.68994140625,0
2024-12-12 11:00:00,4961.68017578125,4967.39013671875,4953.2099609375,4956.5,0
2024-12-12 12:00:00,4956.77001953125,4961.4599609375,4956.77001953125,4959.68994140625,0
2024-12-12 13:00:00,4959.5498046875,4970.81982421875,4958.0400390625,4967.25,0
2024-12-12 14:00:00,4967.02001953125,4972.35986328125,4961.58984375,4972.35009765625,0
2024-12-12 15:00:00,4972.52001953125,4974.3798828125,4966.6298828125,4968.60009765625,0
2024-12-12 16:00:00,4968.60986328125,4971.25,4962.0498046875,4968.31982421875,0
2024-12-13 08:00:00,4964.080078125,4985.06982421875,4964.080078125,4982.22021484375,0
2024-12-13 09:00:00,4982.7001953125,4983.669921875,4976.85009765625,4980.47021484375,0
2024-12-13 10:00:00,4980.77978515625,4996.9599609375,4979.02001953125,4992.25,0
2024-12-13 11:00:00,4991.93017578125,4991.93017578125,4981.35986328125,4981.56005859375,0
2024-12-13 12:00:00,4981.56982421875,4982.89013671875,4974.06005859375,4975.47021484375,0
2024-12-13 13:00:00,4975.4599609375,4985.18017578125,4972.39013671875,4981.52978515625,0
2024-12-13 14:00:00,4981.77978515625,4984.58984375,4974.5498046875,4974.5498046875,0
2024-12-13 15:00:00,4974.669921875,4974.669921875,4959.68017578125,4959.7900390625,0
2024-12-13 16:00:00,4959.52001953125,4962.52978515625,4955.2900390625,4962.52978515625,0
2024-12-16 08:00:00,4963.8798828125,4963.8798828125,4951.0498046875,4952.240234375,0
2024-12-16 09:00:00,4952.06982421875,4957.0,4947.509765625,4952.52978515625,0
2024-12-16 10:00:00,4952.58984375,4954.22998046875,4942.6298828125,4950.22998046875,0
2024-12-16 11:00:00,4950.39013671875,4950.39013671875,4941.759765625,4944.89013671875,0
2024-12-16 12:00:00,4944.7099609375,4949.97998046875,4940.39013671875,4940.759765625,0
2024-12-16 13:00:00,4941.0,4947.7099609375,4940.39990234375,4947.259765625,0
2024-12-16 14:00:00,4947.02001953125,4951.2001953125,4942.02978515625,4949.9501953125,0
2024-12-16 15:00:00,4950.16015625,4958.3701171875,4950.16015625,4951.18017578125,0
2024-12-16 16:00:00,4951.080078125,4951.330078125,4944.39013671875,4947.4599609375,0
2024-12-17 08:00:00,4936.52001953125,4946.72021484375,4922.33984375,4945.97021484375,0
2024-12-17 09:00:00,4946.2001953125,4956.85986328125,4946.1201171875,4954.47998046875,0
2024-12-17 10:00:00,4954.1298828125,4966.06005859375,4954.1298828125,4962.4501953125,0
2024-12-17 11:00:00,4961.580078125,4966.14013671875,4954.5400390625,4954.6298828125,0
2024-12-17 12:00:00,4954.60009765625,4955.43994140625,4947.06982421875,4947.14013671875,0
2024-12-17 13:00:00,4947.2001953125,4950.75,4940.93994140625,4950.72998046875,0
2024-12-17 14:00:00,4950.6201171875,4953.1298828125,4941.2099609375,4944.169921875,0
2024-12-17 15:00:00,4943.68017578125,4949.58984375,4942.16015625,4946.60986328125,0
2024-12-17 16:00:00,4946.64013671875,4948.08984375,4939.52001953125,4941.08984375,0
2024-12-18 08:00:00,4945.60986328125,4953.5400390625,4940.2998046875,4949.35986328125,0
2024-12-18 09:00:00,4948.91015625,4955.10986328125,4946.7998046875,4952.97021484375,0
2024-12-18 10:00:00,4952.97998046875,4962.91015625,4952.10009765625,4962.68017578125,0
2024-12-18 11:00:00,4962.740234375,4967.259765625,4957.8701171875,4958.02001953125,0
2024-12-18 12:00:00,4957.85986328125,4963.169921875,4956.10009765625,4956.169921875,0
2024-12-18 13:00:00,4956.0498046875,4956.0498046875,4946.83984375,4950.93017578125,0
2024-12-18 14:00:00,4950.759765625,4965.31005859375,4948.02001953125,4958.8701171875,0
2024-12-18 15:00:00,4959.02001953125,4970.35009765625,4958.85986328125,4966.91015625,0
2024-12-18 16:00:00,4966.1298828125,4967.080078125,4956.56982421875,4961.43994140625,0
2024-12-19 08:00:00,4916.31982421875,4916.31982421875,4886.169921875,4909.0,0
2024-12-19 09:00:00,4908.47021484375,4908.47021484375,4885.669921875,4887.259765625,0
2024-12-19 10:00:00,4887.0400390625,4890.2900390625,4869.10986328125,4871.7900390625,0
2024-12-19 11:00:00,4871.39990234375,4884.10986328125,4870.7099609375,4883.68017578125,0
2024-12-19 12:00:00,4883.58984375,4900.39990234375,4883.58984375,4897.06005859375,0
2024-12-19 13:00:00,4897.27001953125,4902.91015625,4891.009765625,4893.89013671875,0
2024-12-19 14:00:00,4894.91015625,4899.10986328125,4879.02001953125,4882.2099609375,0
2024-12-19 15:00:00,4882.7099609375,4883.080078125,4869.9501953125,4881.830078125,0
2024-12-19 16:00:00,4881.85009765625,4882.75,4874.31005859375,4880.93994140625,0
2024-12-20 08:00:00,4861.58984375,4861.58984375,4816.64013671875,4825.68017578125,0
2024-12-20 09:00:00,4825.8701171875,4827.66015625,4814.169921875,4817.56982421875,0
2024-12-20 10:00:00,4817.41015625,4827.830078125,4810.3701171875,4819.419921875,0
2024-12-20 11:00:00,4819.4599609375,4825.669921875,4809.25,4812.47021484375,0
2024-12-20 12:00:00,4811.22998046875,4819.0498046875,4803.2001953125,4817.75,0
2024-12-20 13:00:00,4817.22021484375,4827.919921875,4813.8701171875,4817.52001953125,0
2024-12-20 14:00:00,4817.5400390625,4831.89990234375,4815.2998046875,4828.080078125,0
2024-12-20 15:00:00,4829.8701171875,4860.080078125,4829.8701171875,4858.77001953125,0
2024-12-20 16:00:00,4858.22998046875,4872.66015625,4857.3798828125,4869.10986328125,0
2024-12-23 08:00:00,4859.0400390625,4859.0400390625,4832.14990234375,4850.52001953125,0
2024-12-23 09:00:00,4850.18994140625,4861.43994140625,4849.81982421875,4851.06005859375,0
2024-12-23 10:00:00,4850.16015625,4860.75,4849.72021484375,4854.47021484375,0
2024-12-23 11:00:00,4854.080078125,4857.0,4847.39990234375,4848.97998046875,0
2024-12-23 12:00:00,4848.259765625,4862.39013671875,4848.259765625,4861.9501953125,0
2024-12-23 13:00:00,4862.0498046875,4862.509765625,4842.9501953125,4844.7900390625,0
2024-12-23 14:00:00,4844.85009765625,4861.740234375,4843.43017578125,4859.64013671875,0
2024-12-23 15:00:00,4859.27001953125,4859.490234375,4840.85009765625,4841.2099609375,0
2024-12-23 16:00:00,4841.41015625,4852.47998046875,4841.41015625,4850.009765625,0
2024-12-27 08:00:00,4854.16015625,4874.52001953125,4847.89013671875,4873.4501953125,0
2024-12-27 09:00:00,4873.5400390625,4884.93017578125,4873.27978515625,4884.39013671875,0
2024-12-27 10:00:00,4884.080078125,4889.93017578125,4874.5,4889.240234375,0
2024-12-27 11:00:00,4889.080078125,4889.080078125,4880.1201171875,4885.7900390625,0
2024-12-27 12:00:00,4885.7001953125,4893.5400390625,4885.7001953125,4893.5400390625,0
2024-12-27 13:00:00,4893.58984375,4893.7900390625,4879.0400390625,4879.0400390625,0
2024-12-27 14:00:00,4878.080078125,4895.06982421875,4878.080078125,4891.52001953125,0
2024-12-27 15:00:00,4891.41015625,4892.740234375,4872.02001953125,4892.330078125,0
2024-12-27 16:00:00,4891.97021484375,4892.39990234375,4884.66015625,4891.16015625,0
2024-12-30 08:00:00,4890.52001953125,4890.52001953125,4873.990234375,4885.91015625,0
2024-12-30 09:00:00,4886.1201171875,4894.72021484375,4884.9599609375,4892.56005859375,0
2024-12-30 10:00:00,4892.5498046875,4901.16015625,4889.5,4894.43994140625,0
2024-12-30 11:00:00,4894.080078125,4902.18994140625,4894.080078125,4901.43994140625,0
2024-12-30 12:00:00,4902.64013671875,4904.080078125,4881.14013671875,4885.35009765625,0
2024-12-30 13:00:00,4884.6201171875,4884.93994140625,4872.2998046875,4873.419921875,0
2024-12-30 14:00:00,4873.22998046875,4876.509765625,4866.06005859375,4867.60009765625,0
2024-12-30 15:00:00,4867.7900390625,4868.259765625,4862.16015625,4865.06005859375,0
2024-12-30 16:00:00,4865.10009765625,4871.8798828125,4865.10009765625,4869.009765625,0
2025-01-03 08:00:00,4915.5400390625,4917.33984375,4885.14990234375,4886.8798828125,0
2025-01-03 09:00:00,4886.3798828125,4903.83984375,4885.009765625,4900.990234375,0
2025-01-03 10:00:00,4900.669921875,4900.669921875,4883.25,4885.06005859375,0
2025-01-03 11:00:00,4884.919921875,4899.31005859375,4884.919921875,4896.9501953125,0
2025-01-03 12:00:00,4896.39990234375,4897.89990234375,4888.35986328125,4891.77001953125,0
2025-01-03 13:00:00,4891.6201171875,4894.2001953125,4870.52001953125,4876.2900390625,0
2025-01-03 14:00:00,4875.759765625,4887.52001953125,4871.52001953125,4877.72998046875,0
2025-01-03 15:00:00,4879.0400390625,4879.0400390625,4861.7001953125,4872.259765625,0
2025-01-03 16:00:00,4871.14990234375,4871.6201171875,4864.259765625,4870.509765625,0
2025-01-06 08:00:00,4893.31982421875,4913.22998046875,4893.18994140625,4911.259765625,0
2025-01-06 09:00:00,4911.14013671875,4919.58984375,4909.18017578125,4910.83984375,0
2025-01-06 10:00:00,4910.2900390625,4910.2900390625,4898.9599609375,4902.97998046875,0
2025-01-06 11:00:00,4903.08984375,4967.7900390625,4898.97021484375,4965.509765625,0
2025-01-06 12:00:00,4965.830078125,4979.02001953125,4960.2001953125,4962.41015625,0
2025-01-06 13:00:00,4962.6298828125,4962.77978515625,4944.47021484375,4960.009765625,0
2025-01-06 14:00:00,4960.0,4961.9501953125,4918.22021484375,4952.9501953125,0
2025-01-06 15:00:00,4952.759765625,4975.85986328125,4949.02978515625,4974.830078125,0
2025-01-06 16:00:00,4975.27978515625,4985.27001953125,4971.669921875,4985.27001953125,0
2025-01-07 08:00:00,4987.3798828125,4994.08984375,4969.2998046875,4989.10986328125,0
2025-01-07 09:00:00,4989.580078125,4999.83984375,4985.22021484375,4990.7900390625,0
2025-01-07 10:00:00,4990.7900390625,5011.56982421875,4990.7900390625,5010.93994140625,0
2025-01-07 11:00:00,5010.7998046875,5018.759765625,5008.41015625,5013.18994140625,0
2025-01-07 12:00:00,5013.0400390625,5026.169921875,5012.39990234375,5019.18994140625,0
2025-01-07 13:00:00,5019.3798828125,5021.9599609375,5013.72021484375,5021.68017578125,0
2025-01-07 14:00:00,5022.419921875,5030.830078125,5016.6298828125,5017.25,0
2025-01-07 15:00:00,5015.75,5015.75,4993.06982421875,5009.259765625,0
2025-01-07 16:00:00,5009.39990234375,5016.6201171875,5007.4501953125,5016.2900390625,0
2025-01-08 08:00:00,5013.33984375,5027.5400390625,5008.580078125,5013.77001953125,0
2025-01-08 09:00:00,5014.330078125,5023.7998046875,5012.83984375,5018.18994140625,0
2025-01-08 10:00:00,5018.02978515625,5031.68994140625,5018.02978515625,5031.27001953125,0
2025-01-08 11:00:00,5031.080078125,5036.240234375,4975.830078125,5000.47021484375,0
2025-01-08 12:00:00,5000.5,5000.5,4976.60986328125,4978.39013671875,0
2025-01-08 13:00:00,4977.2900390625,4991.68017578125,4976.7998046875,4985.02978515625,0
2025-01-08 14:00:00,4985.35986328125,4988.85986328125,4966.43994140625,4974.52001953125,0
2025-01-08 15:00:00,4973.89013671875,4991.490234375,4968.35009765625,4991.490234375,0
2025-01-08 16:00:00,4991.419921875,4995.97021484375,4984.5400390625,4992.009765625,0
2025-01-09 08:00:00,4982.75,4993.259765625,4967.6201171875,4989.81005859375,0
2025-01-09 09:00:00,4990.43994140625,4991.52978515625,4981.490234375,4990.6201171875,0
2025-01-09 10:00:00,4990.8798828125,5001.5498046875,4990.8798828125,5000.18994140625,0
2025-01-09 11:00:00,4999.740234375,5004.97021484375,4998.97998046875,5000.89013671875,0
2025-01-09 12:00:00,5000.990234375,5008.490234375,5000.6298828125,5008.2998046875,0
2025-01-09 13:00:00,5009.06005859375,5017.27001953125,5007.47998046875,5012.22021484375,0
2025-01-09 14:00:00,5012.509765625,5019.97021484375,5011.509765625,5018.56005859375,0
2025-01-09 15:00:00,5018.31005859375,5022.14990234375,5014.2900390625,5020.7900390625,0
2025-01-09 16:00:00,5020.52978515625,5020.91015625,5015.64990234375,5017.64013671875,0
2025-01-10 08:00:00,5013.56005859375,5021.89013671875,5006.240234375,5018.7998046875,0
2025-01-10 09:00:00,5018.58984375,5018.97998046875,5003.22021484375,5014.7998046875,0
2025-01-10 10:00:00,5014.89013671875,5028.43994140625,5013.97021484375,5020.669921875,0
2025-01-10 11:00:00,5020.31005859375,5031.56005859375,5020.31005859375,5028.330078125,0
2025-01-10 12:00:00,5028.14990234375,5028.8701171875,5018.91015625,5023.5400390625,0
2025-01-10 13:00:00,5023.31005859375,5023.31005859375,4993.68994140625,5001.990234375,0
2025-01-10 14:00:00,5001.77001953125,5021.990234375,5000.18994140625,5001.81982421875,0
2025-01-10 15:00:00,5002.43994140625,5002.43994140625,4975.2998046875,4985.68017578125,0
2025-01-10 16:00:00,4984.7998046875,4984.7998046875,4970.7900390625,4977.0400390625,0
2025-01-13 08:00:00,4964.77978515625,4964.77978515625,4933.3701171875,4934.93017578125,0
2025-01-13 09:00:00,4935.16015625,4936.75,4922.56005859375,4924.02001953125,0
2025-01-13 10:00:00,4923.830078125,4934.77001953125,4923.240234375,4928.759765625,0
2025-01-13 11:00:00,4928.580078125,4931.58984375,4916.8701171875,4928.22998046875,0
2025-01-13 12:00:00,4928.4599609375,4950.39990234375,4925.22998046875,4943.39990234375,0
2025-01-13 13:00:00,4943.5400390625,4946.33984375,4935.490234375,4938.35986328125,0
2025-01-13 14:00:00,4938.35009765625,4954.93017578125,4934.009765625,4953.43017578125,0
2025-01-13 15:00:00,4953.02978515625,4961.5,4948.58984375,4957.919921875,0
2025-01-13 16:00:00,4957.81005859375,4957.81005859375,4953.0498046875,4953.93994140625,0
2025-01-14 08:00:00,4978.509765625,5005.77978515625,4978.509765625,5002.27978515625,0
2025-01-14 09:00:00,5002.14013671875,5006.14013671875,4993.1201171875,4999.89013671875,0
2025-01-14 10:00:00,5000.0400390625,5008.6201171875,4998.9501953125,5008.41015625,0
2025-01-14 11:00:00,5008.43994140625,5010.89990234375,4999.669921875,5004.97998046875,0
2025-01-14 12:00:00,5004.56982421875,5004.56982421875,4990.1298828125,4999.509765625,0
2025-01-14 13:00:00,4999.81005859375,5014.2998046875,4993.43994140625,5000.0498046875,0
2025-01-14 14:00:00,4999.330078125,5000.33984375,4978.68994140625,4980.240234375,0
2025-01-14 15:00:00,4980.3701171875,4990.93994140625,4980.3701171875,4982.02001953125,0
2025-01-14 16:00:00,4982.60986328125,4983.56005859375,4974.02978515625,4978.22021484375,0
2025-01-15 08:00:00,4980.2099609375,4991.66015625,4975.39013671875,4986.25,0
2025-01-15 09:00:00,4986.330078125,4993.669921875,4985.58984375,4990.1298828125,0
2025-01-15 10:00:00,4990.22021484375,5001.14013671875,4986.169921875,4998.5498046875,0
2025-01-15 11:00:00,4998.39990234375,5016.27978515625,4998.39990234375,5013.9599609375,0
2025-01-15 12:00:00,5013.77001953125,5019.35986328125,5010.5,5011.39013671875,0
2025-01-15 13:00:00,5011.419921875,5045.31005859375,5005.10986328125,5043.93017578125,0
2025-01-15 14:00:00,5043.83984375,5046.52001953125,5027.080078125,5044.41015625,0
2025-01-15 15:00:00,5043.919921875,5051.22021484375,5040.919921875,5046.18017578125,0
2025-01-15 16:00:00,5046.06005859375,5051.68994140625,5045.10009765625,5047.18017578125,0
2025-01-16 08:00:00,5065.22998046875,5094.85009765625,5065.22998046875,5077.81982421875,0
2025-01-16 09:00:00,5077.9599609375,5093.009765625,5077.43994140625,5087.52978515625,0
2025-01-16 10:00:00,5087.35009765625,5101.3701171875,5086.0,5094.97998046875,0
2025-01-16 11:00:00,5095.009765625,5102.490234375,5093.5400390625,5100.47998046875,0
2025-01-16 12:00:00,5100.4599609375,5105.68994140625,5096.02001953125,5100.56982421875,0
2025-01-16 13:00:00,5101.47021484375,5107.31982421875,5097.4501953125,5098.18017578125,0
2025-01-16 14:00:00,5097.580078125,5106.39990234375,5087.5498046875,5087.5498046875,0
2025-01-16 15:00:00,5087.7001953125,5093.75,5086.35986328125,5093.75,0
2025-01-16 16:00:00,5093.759765625,5101.58984375,5092.009765625,5101.5400390625,0
2025-01-17 08:00:00,5118.31005859375,5136.83984375,5118.31005859375,5135.60009765625,0
2025-01-17 09:00:00,5135.669921875,5148.56005859375,5135.4501953125,5141.14990234375,0
2025-01-17 10:00:00,5141.10986328125,5149.39990234375,5134.64013671875,5143.419921875,0
2025-01-17 11:00:00,5144.43017578125,5148.10986328125,5142.7001953125,5144.85986328125,0
2025-01-17 12:00:00,5145.10009765625,5145.77978515625,5140.60009765625,5145.7001953125,0
2025-01-17 13:00:00,5145.56005859375,5156.5,5142.419921875,5150.2900390625,0
2025-01-17 14:00:00,5150.33984375,5158.6298828125,5145.9599609375,5152.9501953125,0
2025-01-17 15:00:00,5152.75,5153.919921875,5144.5,5147.27001953125,0
2025-01-17 16:00:00,5147.10986328125,5149.22998046875,5145.0,5147.9599609375,0
2025-01-20 08:00:00,5150.759765625,5162.83984375,5150.759765625,5156.72998046875,0
2025-01-20 09:00:00,5156.7998046875,5161.39013671875,5154.669921875,5155.259765625,0
2025-01-20 10:00:00,5155.0400390625,5157.0400390625,5148.830078125,5150.22021484375,0
2025-01-20 11:00:00,5150.18017578125,5152.43017578125,5143.919921875,5143.919921875,0
2025-01-20 12:00:00,5143.580078125,5148.990234375,5142.9599609375,5146.81982421875,0
2025-01-20 13:00:00,5146.759765625,5175.35009765625,5142.60009765625,5173.58984375,0
2025-01-20 14:00:00,5173.31005859375,5183.27978515625,5167.91015625,5177.8701171875,0
2025-01-20 15:00:00,5177.6201171875,5178.7001953125,5163.43994140625,5166.0498046875,0
2025-01-20 16:00:00,5168.580078125,5168.72998046875,5162.72998046875,5166.47021484375,0
2025-01-21 08:00:00,5162.35986328125,5167.509765625,5151.830078125,5161.64013671875,0
2025-01-21 09:00:00,5161.4599609375,5166.10986328125,5155.7001953125,5165.919921875,0
2025-01-21 10:00:00,5166.16015625,5171.22998046875,5157.0400390625,5157.0400390625,0
2025-01-21 11:00:00,5157.2900390625,5162.759765625,5155.27001953125,5155.27001953125,0
2025-01-21 12:00:00,5155.81982421875,5161.72998046875,5154.8701171875,5157.39990234375,0
2025-01-21 13:00:00,5156.97021484375,5160.43017578125,5152.2998046875,5159.240234375,0
2025-01-21 14:00:00,5159.5,5165.43994140625,5156.990234375,5163.14013671875,0
2025-01-21 15:00:00,5162.990234375,5162.990234375,5153.66015625,5157.64990234375,0
2025-01-21 16:00:00,5158.06005859375,5166.81005859375,5156.77001953125,5166.7099609375,0
2025-01-22 08:00:00,5166.2998046875,5202.39013671875,5166.2998046875,5201.68017578125,0
2025-01-22 09:00:00,5201.5498046875,5207.68017578125,5198.5400390625,5199.0498046875,0
2025-01-22 10:00:00,5199.1201171875,5210.259765625,5197.77978515625,5208.10986328125,0
2025-01-22 11:00:00,5208.009765625,5215.85986328125,5208.009765625,5213.7900390625,0
2025-01-22 12:00:00,5214.02001953125,5228.97998046875,5213.47021484375,5219.47998046875,0
2025-01-22 13:00:00,5219.259765625,5223.60986328125,5210.02001953125,5212.22998046875,0
2025-01-22 14:00:00,5212.27001953125,5214.02001953125,5201.259765625,5207.6298828125,0
2025-01-22 15:00:00,5207.2900390625,5207.2900390625,5195.6201171875,5195.81005859375,0
2025-01-22 16:00:00,5196.1298828125,5205.2900390625,5194.509765625,5205.2900390625,0
2025-01-23 08:00:00,5212.2998046875,5212.2998046875,5184.830078125,5186.9599609375,0
2025-01-23 09:00:00,5187.240234375,5198.89013671875,5187.240234375,5198.47021484375,0
2025-01-23 10:00:00,5198.39013671875,5205.0400390625,5197.6298828125,5203.3701171875,0
2025-01-23 11:00:00,5203.2900390625,5207.47998046875,5201.64013671875,5201.97998046875,0
2025-01-23 12:00:00,5200.9599609375,5204.43017578125,5199.25,5201.490234375,0
2025-01-23 13:00:00,5201.419921875,5210.33984375,5197.2001953125,5206.75,0
2025-01-23 14:00:00,5206.81982421875,5210.02001953125,5197.7001953125,5198.81982421875,0
2025-01-23 15:00:00,5199.8701171875,5213.85986328125,5198.58984375,5212.10986328125,0
2025-01-23 16:00:00,5212.5400390625,5220.83984375,5207.27978515625,5220.3798828125,0
2025-01-24 08:00:00,5229.60986328125,5256.35986328125,5229.60986328125,5255.9599609375,0
2025-01-24 09:00:00,5256.2001953125,5259.81005859375,5246.77978515625,5256.93994140625,0
2025-01-24 10:00:00,5256.8798828125,5260.27978515625,5246.81005859375,5255.7001953125,0
2025-01-24 11:00:00,5255.4599609375,5255.47021484375,5242.77978515625,5244.02978515625,0
2025-01-24 12:00:00,5244.080078125,5244.080078125,5235.5400390625,5238.41015625,0
2025-01-24 13:00:00,5238.2099609375,5239.14013671875,5230.08984375,5230.27001953125,0
2025-01-24 14:00:00,5230.3701171875,5231.16015625,5217.4501953125,5219.39990234375,0
2025-01-24 15:00:00,5219.4599609375,5219.5,5209.64990234375,5210.89990234375,0
2025-01-24 16:00:00,5210.72021484375,5217.7900390625,5210.2900390625,5217.7900390625,0
2025-01-27 08:00:00,5212.89013671875,5223.10009765625,5139.39990234375,5151.18994140625,0
2025-01-27 09:00:00,5151.9599609375,5155.669921875,5142.509765625,5147.56005859375,0
2025-01-27 10:00:00,5147.66015625,5148.47998046875,5131.759765625,5137.169921875,0
2025-01-27 11:00:00,5136.39990234375,5157.10986328125,5135.72021484375,5152.64013671875,0
2025-01-27 12:00:00,5152.85986328125,5171.2099609375,5152.85986328125,5166.81982421875,0
2025-01-27 13:00:00,5166.2998046875,5175.60009765625,5164.35009765625,5169.7998046875,0
2025-01-27 14:00:00,5169.14013671875,5191.259765625,5162.77978515625,5191.259765625,0
2025-01-27 15:00:00,5191.990234375,5203.16015625,5183.93994140625,5195.18994140625,0
2025-01-27 16:00:00,5194.080078125,5196.330078125,5186.33984375,5188.02978515625,0
2025-01-28 08:00:00,5189.93017578125,5199.830078125,5179.490234375,5190.93017578125,0
2025-01-28 09:00:00,5190.47998046875,5209.6298828125,5189.22021484375,5208.72021484375,0
2025-01-28 10:00:00,5208.60986328125,5215.60986328125,5208.27978515625,5212.9599609375,0
2025-01-28 11:00:00,5212.81982421875,5217.6201171875,5209.39990234375,5209.39990234375,0
2025-01-28 12:00:00,5209.2998046875,5216.8701171875,5203.4599609375,5215.259765625,0
2025-01-28 13:00:00,5215.3701171875,5219.06982421875,5209.7001953125,5218.9599609375,0
2025-01-28 14:00:00,5219.080078125,5219.490234375,5196.330078125,5203.35009765625,0
2025-01-28 15:00:00,5204.39013671875,5212.10009765625,5201.27001953125,5207.31005859375,0
2025-01-28 16:00:00,5211.27001953125,5211.9599609375,5201.02001953125,5202.4599609375,0
2025-01-29 08:00:00,5197.669921875,5239.2099609375,5185.22998046875,5228.0498046875,0
2025-01-29 09:00:00,5228.56005859375,5235.4599609375,5223.64013671875,5230.41015625,0
2025-01-29 10:00:00,5230.43994140625,5240.43017578125,5230.43994140625,5239.02978515625,0
2025-01-29 11:00:00,5238.97021484375,5244.47021484375,5238.1201171875,5238.35986328125,0
2025-01-29 12:00:00,5237.72998046875,5240.0400390625,5233.06982421875,5235.93017578125,0
2025-01-29 13:00:00,5235.85986328125,5235.85986328125,5223.06982421875,5228.85986328125,0
2025-01-29 14:00:00,5229.990234375,5237.33984375,5228.27001953125,5235.06005859375,0
2025-01-29 15:00:00,5235.16015625,5242.93017578125,5227.990234375,5228.0,0
2025-01-29 16:00:00,5228.14990234375,5230.0400390625,5224.8701171875,5227.83984375,0
2025-01-30 08:00:00,5248.5,5266.4599609375,5248.5,5263.75,0
2025-01-30 09:00:00,5263.7900390625,5265.31982421875,5252.2099609375,5257.43017578125,0
2025-01-30 10:00:00,5257.2998046875,5271.419921875,5255.41015625,5270.33984375,0
2025-01-30 11:00:00,5270.72998046875,5275.08984375,5270.25,5273.740234375,0
2025-01-30 12:00:00,5273.6201171875,5273.72998046875,5265.72021484375,5268.7001953125,0
2025-01-30 13:00:00,5268.5,5272.759765625,5265.9599609375,5270.10986328125,0
2025-01-30 14:00:00,5270.22998046875,5275.25,5268.31982421875,5270.0498046875,0
2025-01-30 15:00:00,5270.60986328125,5284.509765625,5263.41015625,5274.5400390625,0
2025-01-30 16:00:00,5274.0400390625,5284.60986328125,5274.0400390625,5283.2900390625,0
2025-01-31 08:00:00,5291.41015625,5305.02978515625,5291.41015625,5298.759765625,0
2025-01-31 09:00:00,5299.0400390625,5314.2900390625,5299.0400390625,5299.81005859375,0
2025-01-31 10:00:00,5300.14013671875,5303.97021484375,5297.1298828125,5302.0400390625,0
2025-01-31 11:00:00,5301.740234375,5306.58984375,5300.740234375,5304.7900390625,0
2025-01-31 12:00:00,5304.669921875,5308.72998046875,5299.2001953125,5299.4501953125,0
2025-01-31 13:00:00,5299.259765625,5302.10986328125,5297.3798828125,5301.0400390625,0
2025-01-31 14:00:00,5300.72998046875,5300.72998046875,5281.669921875,5283.81982421875,0
2025-01-31 15:00:00,5284.8798828125,5290.52001953125,5282.830078125,5284.6298828125,0
2025-01-31 16:00:00,5284.490234375,5284.490234375,5273.490234375,5280.259765625,0
2025-02-03 08:00:00,5228.60986328125,5228.60986328125,5174.009765625,5208.3798828125,0
2025-02-03 09:00:00,5208.85986328125,5210.4501953125,5182.18017578125,5182.2900390625,0
2025-02-03 10:00:00,5182.35009765625,5199.72998046875,5179.14990234375,5197.3798828125,0
2025-02-03 11:00:00,5197.669921875,5206.81982421875,5196.89990234375,5196.89990234375,0
2025-02-03 12:00:00,5196.60986328125,5203.1201171875,5183.89013671875,5185.58984375,0
2025-02-03 13:00:00,5185.9501953125,5207.9599609375,5185.9501953125,5201.35986328125,0
2025-02-03 14:00:00,5201.41015625,5203.1298828125,5186.68994140625,5188.93994140625,0
2025-02-03 15:00:00,5185.47021484375,5228.669921875,5177.93017578125,5216.509765625,0
2025-02-03 16:00:00,5215.1298828125,5218.58984375,5203.080078125,5211.080078125,0
2025-02-04 08:00:00,5226.16015625,5228.85009765625,5191.6201171875,5207.93994140625,0
2025-02-04 09:00:00,5207.85009765625,5221.4501953125,5207.85009765625,5218.5,0
2025-02-04 10:00:00,5219.9501953125,5230.25,5219.39990234375,5226.3798828125,0
2025-02-04 11:00:00,5226.5,5237.169921875,5222.83984375,5233.9599609375,0
2025-02-04 12:00:00,5234.22998046875,5241.14013671875,5229.7001953125,5238.75,0
2025-02-04 13:00:00,5238.58984375,5245.3701171875,5235.0498046875,5244.490234375,0
2025-02-04 14:00:00,5244.509765625,5260.0,5242.330078125,5260.0,0
2025-02-04 15:00:00,5262.9501953125,5264.16015625,5255.2998046875,5257.6298828125,0
2025-02-04 16:00:00,5257.02001953125,5267.52978515625,5257.02001953125,5267.52978515625,0
2025-02-05 08:00:00,5262.0,5262.0,5243.27978515625,5248.39013671875,0
2025-02-05 09:00:00,5248.52978515625,5256.35009765625,5242.8798828125,5247.85986328125,0
2025-02-05 10:00:00,5246.97021484375,5256.7998046875,5245.9501953125,5255.06982421875,0
2025-02-05 11:00:00,5254.759765625,5262.72021484375,5254.56005859375,5260.3701171875,0
2025-02-05 12:00:00,5260.4599609375,5260.919921875,5255.97998046875,5258.25,0
2025-02-05 13:00:00,5258.27001953125,5262.2900390625,5254.009765625,5262.169921875,0
2025-02-05 14:00:00,5261.9599609375,5262.72021484375,5249.77001953125,5250.8798828125,0
2025-02-05 15:00:00,5252.27978515625,5258.89990234375,5244.16015625,5258.89990234375,0
2025-02-05 16:00:00,5259.60986328125,5263.39990234375,5256.81005859375,5263.39990234375,0
2025-02-06 08:00:00,5279.3798828125,5308.009765625,5279.3798828125,5305.52978515625,0
2025-02-06 09:00:00,5305.27001953125,5311.259765625,5300.330078125,5310.39013671875,0
2025-02-06 10:00:00,5310.41015625,5316.60986328125,5303.31982421875,5303.31982421875,0
2025-02-06 11:00:00,5303.759765625,5310.10986328125,5299.35986328125,5308.14013671875,0
2025-02-06 12:00:00,5308.14990234375,5318.009765625,5306.3701171875,5315.97998046875,0
2025-02-06 13:00:00,5315.9501953125,5319.41015625,5311.27001953125,5319.41015625,0
2025-02-06 14:00:00,5319.18017578125,5338.77001953125,5319.18017578125,5335.7998046875,0
2025-02-06 15:00:00,5337.06005859375,5348.52001953125,5336.68017578125,5338.93017578125,0
2025-02-06 16:00:00,5338.9501953125,5363.14013671875,5338.52978515625,5362.35986328125,0
2025-02-07 08:00:00,5348.3701171875,5358.66015625,5345.77978515625,5351.66015625,0
2025-02-07 09:00:00,5352.10009765625,5356.3798828125,5345.39990234375,5349.77978515625,0
2025-02-07 10:00:00,5350.18017578125,5350.97998046875,5343.509765625,5348.39990234375,0
2025-02-07 11:00:00,5348.68994140625,5352.27978515625,5346.43017578125,5350.33984375,0
2025-02-07 12:00:00,5350.35009765625,5351.419921875,5344.919921875,5347.5,0
2025-02-07 13:00:00,5347.1201171875,5350.669921875,5340.10009765625,5347.60009765625,0
2025-02-07 14:00:00,5347.72021484375,5350.72021484375,5341.830078125,5345.75,0
2025-02-07 15:00:00,5346.22998046875,5346.22998046875,5318.43017578125,5324.740234375,0
2025-02-07 16:00:00,5330.9501953125,5331.81982421875,5317.169921875,5317.4599609375,0
2025-02-10 08:00:00,5328.5400390625,5350.7001953125,5328.5400390625,5336.4599609375,0
2025-02-10 09:00:00,5336.89990234375,5341.77978515625,5332.169921875,5333.259765625,0
2025-02-10 10:00:00,5333.1298828125,5345.75,5332.72021484375,5343.4599609375,0
2025-02-10 11:00:00,5343.240234375,5349.64013671875,5341.990234375,5344.97021484375,0
2025-02-10 12:00:00,5344.77978515625,5350.18017578125,5344.0400390625,5348.97998046875,0
2025-02-10 13:00:00,5349.1201171875,5356.14013671875,5348.22021484375,5354.2998046875,0
2025-02-10 14:00:00,5354.2998046875,5354.77978515625,5341.8798828125,5352.52978515625,0
2025-02-10 15:00:00,5352.52001953125,5357.18994140625,5351.08984375,5354.669921875,0
2025-02-10 16:00:00,5354.6298828125,5365.02978515625,5354.6298828125,5363.7001953125,0
2025-02-11 08:00:00,5360.009765625,5372.02001953125,5357.5498046875,5365.35009765625,0
2025-02-11 09:00:00,5365.169921875,5369.39013671875,5356.22998046875,5360.3701171875,0
2025-02-11 10:00:00,5360.4501953125,5364.990234375,5359.68017578125,5362.60986328125,0
2025-02-11 11:00:00,5362.64013671875,5367.52001953125,5361.47021484375,5364.8798828125,0
2025-02-11 12:00:00,5365.66015625,5368.9599609375,5357.35009765625,5368.7099609375,0
2025-02-11 13:00:00,5368.5498046875,5382.43017578125,5368.5498046875,5375.9501953125,0
2025-02-11 14:00:00,5375.490234375,5381.2900390625,5373.81982421875,5381.02001953125,0
2025-02-11 15:00:00,5381.5400390625,5392.25,5381.5400390625,5389.89013671875,0
2025-02-11 16:00:00,5389.7001953125,5394.85986328125,5389.7001953125,5392.0400390625,0
2025-02-12 08:00:00,5399.89990234375,5414.14013671875,5399.89990234375,5409.4599609375,0
2025-02-12 09:00:00,5409.31982421875,5409.31982421875,5398.58984375,5402.9599609375,0
2025-02-12 10:00:00,5403.02978515625,5404.77978515625,5395.2001953125,5399.31005859375,0
2025-02-12 11:00:00,5399.52001953125,5399.5498046875,5390.64990234375,5393.580078125,0
2025-02-12 12:00:00,5393.5,5400.10009765625,5393.0498046875,5398.14013671875,0
2025-02-12 13:00:00,5398.18017578125,5399.990234375,5366.0,5379.2099609375,0
2025-02-12 14:00:00,5379.77978515625,5394.6201171875,5372.97021484375,5394.3701171875,0
2025-02-12 15:00:00,5394.43994140625,5413.60009765625,5392.35009765625,5413.60009765625,0
2025-02-12 16:00:00,5413.14013671875,5413.75,5404.58984375,5407.18994140625,0
2025-02-13 08:00:00,5432.85986328125,5463.1298828125,5428.5,5444.2998046875,0
2025-02-13 09:00:00,5444.14013671875,5462.10009765625,5441.5400390625,5461.330078125,0
2025-02-13 10:00:00,5461.2998046875,5476.08984375,5458.2900390625,5475.77001953125,0
2025-02-13 11:00:00,5475.7099609375,5489.47998046875,5465.9501953125,5476.52001953125,0
2025-02-13 12:00:00,5476.10986328125,5478.8701171875,5467.41015625,5477.97021484375,0
2025-02-13 13:00:00,5477.83984375,5483.64013671875,5475.41015625,5479.490234375,0
2025-02-13 14:00:00,5479.2900390625,5492.33984375,5475.2998046875,5492.33984375,0
2025-02-13 15:00:00,5493.330078125,5501.25,5484.1201171875,5493.43994140625,0
2025-02-13 16:00:00,5493.31982421875,5502.10986328125,5492.9501953125,5498.7900390625,0
2025-02-14 08:00:00,5496.669921875,5509.16015625,5492.47021484375,5509.0400390625,0
2025-02-14 09:00:00,5509.10986328125,5520.580078125,5508.91015625,5513.68994140625,0
2025-02-14 10:00:00,5513.7001953125,5514.39013671875,5497.419921875,5506.81005859375,0
2025-02-14 11:00:00,5504.490234375,5514.759765625,5500.93017578125,5514.759765625,0
2025-02-14 12:00:00,5514.740234375,5516.81982421875,5503.81005859375,5506.58984375,0
2025-02-14 13:00:00,5507.10009765625,5512.58984375,5506.66015625,5508.9599609375,0
2025-02-14 14:00:00,5508.740234375,5513.2900390625,5506.77978515625,5507.4599609375,0
2025-02-14 15:00:00,5507.39013671875,5507.39013671875,5488.169921875,5493.22021484375,0
2025-02-14 16:00:00,5494.7900390625,5497.3701171875,5483.2001953125,5487.43994140625,0
2025-02-17 08:00:00,5496.8701171875,5497.7001953125,5489.81005859375,5493.2099609375,0
2025-02-17 09:00:00,5493.43994140625,5510.0,5493.43994140625,5509.89013671875,0
2025-02-17 10:00:00,5509.7900390625,5512.2001953125,5503.490234375,5508.56005859375,0
2025-02-17 11:00:00,5508.35009765625,5510.7099609375,5504.080078125,5505.68994140625,0
2025-02-17 12:00:00,5505.830078125,5511.8798828125,5505.64990234375,5510.7001953125,0
2025-02-17 13:00:00,5510.7900390625,5514.60986328125,5508.47998046875,5509.18994140625,0
2025-02-17 14:00:00,5509.18994140625,5518.47021484375,5507.240234375,5518.39013671875,0
2025-02-17 15:00:00,5518.3798828125,5520.35986328125,5514.740234375,5519.8701171875,0
2025-02-17 16:00:00,5519.830078125,5524.27001953125,5519.830078125,5522.60009765625,0
2025-02-18 08:00:00,5531.52978515625,5532.08984375,5510.7900390625,5511.3798828125,0
2025-02-18 09:00:00,5512.08984375,5515.66015625,5506.56982421875,5514.33984375,0
2025-02-18 10:00:00,5514.2998046875,5522.10986328125,5514.2998046875,5520.41015625,0
2025-02-18 11:00:00,5520.60009765625,5526.7998046875,5518.68017578125,5525.509765625,0
2025-02-18 12:00:00,5525.52978515625,5536.35986328125,5523.830078125,5536.35986328125,0
2025-02-18 13:00:00,5536.8701171875,5544.1201171875,5536.31982421875,5544.1201171875,0
2025-02-18 14:00:00,5544.0,5544.0,5529.93994140625,5535.1298828125,0
2025-02-18 15:00:00,5535.18017578125,5542.02978515625,5531.93017578125,5541.3798828125,0
2025-02-18 16:00:00,5541.2998046875,5542.43017578125,5538.31005859375,5541.06005859375,0
2025-02-19 08:00:00,5530.5400390625,5539.97021484375,5529.5400390625,5535.22998046875,0
2025-02-19 09:00:00,5535.06982421875,5538.72021484375,5532.72998046875,5534.580078125,0
2025-02-19 10:00:00,5534.2900390625,5534.43994140625,5502.27001953125,5506.509765625,0
2025-02-19 11:00:00,5505.7900390625,5506.169921875,5485.8798828125,5494.27978515625,0
2025-02-19 12:00:00,5494.330078125,5502.7998046875,5489.41015625,5489.41015625,0
2025-02-19 13:00:00,5489.22998046875,5493.35009765625,5478.47021484375,5478.47021484375,0
2025-02-19 14:00:00,5478.25,5480.39990234375,5456.83984375,5461.1298828125,0
2025-02-19 15:00:00,5459.97021484375,5472.91015625,5453.509765625,5456.669921875,0
2025-02-19 16:00:00,5457.06982421875,5467.009765625,5456.35009765625,5457.830078125,0
2025-02-20 08:00:00,5458.080078125,5486.64013671875,5457.14013671875,5485.89990234375,0
2025-02-20 09:00:00,5485.259765625,5498.77001953125,5481.6298828125,5498.1298828125,0
2025-02-20 10:00:00,5497.81982421875,5500.14990234375,5490.41015625,5494.97021484375,0
2025-02-20 11:00:00,5494.9599609375,5500.08984375,5486.58984375,5487.9501953125,0
2025-02-20 12:00:00,5487.1298828125,5495.740234375,5487.1298828125,5492.759765625,0
2025-02-20 13:00:00,5492.58984375,5493.2900390625,5479.85009765625,5481.66015625,0
2025-02-20 14:00:00,5482.10986328125,5489.5400390625,5478.419921875,5478.419921875,0
2025-02-20 15:00:00,5476.02978515625,5482.0498046875,5459.81005859375,5459.81005859375,0
2025-02-20 16:00:00,5459.2001953125,5469.0400390625,5454.7998046875,5462.60009765625,0
2025-02-21 08:00:00,5469.22998046875,5472.72021484375,5460.16015625,5464.2900390625,0
2025-02-21 09:00:00,5464.31005859375,5472.43017578125,5456.64013671875,5464.77001953125,0
2025-02-21 10:00:00,5465.0400390625,5489.919921875,5463.39990234375,5486.9501953125,0
2025-02-21 11:00:00,5486.6298828125,5489.240234375,5479.669921875,5480.169921875,0
2025-02-21 12:00:00,5480.83984375,5481.72021484375,5475.2001953125,5477.2099609375,0
2025-02-21 13:00:00,5477.3701171875,5485.64990234375,5476.5498046875,5477.10986328125,0
2025-02-21 14:00:00,5476.77978515625,5484.8701171875,5460.0498046875,5461.5,0
2025-02-21 15:00:00,5461.4599609375,5467.8701171875,5454.580078125,5466.14990234375,0
2025-02-21 16:00:00,5466.419921875,5471.35009765625,5464.18994140625,5471.35009765625,0
2025-02-24 08:00:00,5478.39013671875,5483.18017578125,5435.240234375,5460.81982421875,0
2025-02-24 09:00:00,5460.64990234375,5480.14013671875,5460.009765625,5475.52001953125,0
2025-02-24 10:00:00,5475.56982421875,5482.43994140625,5464.83984375,5465.2001953125,0
2025-02-24 11:00:00,5465.27978515625,5482.330078125,5463.60009765625,5471.41015625,0
2025-02-24 12:00:00,5472.0400390625,5472.25,5457.35986328125,5471.64013671875,0
2025-02-24 13:00:00,5472.31982421875,5475.27001953125,5467.4501953125,5471.14013671875,0
2025-02-24 14:00:00,5470.85986328125,5472.25,5432.47021484375,5432.66015625,0
2025-02-24 15:00:00,5434.7099609375,5446.009765625,5423.6298828125,5439.2900390625,0
2025-02-24 16:00:00,5439.33984375,5453.27001953125,5438.68994140625,5452.580078125,0
2025-02-25 08:00:00,5431.43994140625,5451.080078125,5424.8701171875,5429.16015625,0
2025-02-25 09:00:00,5428.93994140625,5454.31982421875,5427.93017578125,5444.66015625,0
2025-02-25 10:00:00,5444.58984375,5458.06005859375,5442.3701171875,5443.75,0
2025-02-25 11:00:00,5444.27978515625,5461.169921875,5444.27978515625,5455.6298828125,0
2025-02-25 12:00:00,5455.9599609375,5460.68994140625,5453.7001953125,5460.419921875,0
2025-02-25 13:00:00,5460.4501953125,5477.2099609375,5456.7001953125,5475.52001953125,0
2025-02-25 14:00:00,5475.56982421875,5476.9599609375,5458.06005859375,5460.60986328125,0
2025-02-25 15:00:00,5461.06005859375,5461.06005859375,5432.81005859375,5451.02001953125,0
2025-02-25 16:00:00,5450.5400390625,5451.8701171875,5443.4599609375,5444.75,0
2025-02-26 08:00:00,5459.8701171875,5497.6298828125,5459.8701171875,5497.47021484375,0
2025-02-26 09:00:00,5496.89013671875,5506.7001953125,5493.490234375,5506.27001953125,0
2025-02-26 10:00:00,5506.56982421875,5514.6201171875,5505.58984375,5511.1201171875,0
2025-02-26 11:00:00,5510.919921875,5522.830078125,5508.6201171875,5510.9501953125,0
2025-02-26 12:00:00,5511.1201171875,5528.2099609375,5510.330078125,5526.47021484375,0
2025-02-26 13:00:00,5526.56005859375,5533.9501953125,5517.9599609375,5519.81982421875,0
2025-02-26 14:00:00,5520.35009765625,5521.18994140625,5499.9599609375,5510.1298828125,0
2025-02-26 15:00:00,5510.81005859375,5522.2001953125,5508.77001953125,5521.56005859375,0
2025-02-26 16:00:00,5521.3798828125,5529.89013671875,5521.3798828125,5529.64990234375,0
2025-02-27 08:00:00,5515.0400390625,5515.0400390625,5467.06005859375,5477.89990234375,0
2025-02-27 09:00:00,5478.18994140625,5495.47998046875,5478.18994140625,5495.16015625,0
2025-02-27 10:00:00,5495.06982421875,5497.18994140625,5484.41015625,5488.2001953125,0
2025-02-27 11:00:00,5488.02978515625,5498.64990234375,5487.25,5493.93017578125,0
2025-02-27 12:00:00,5494.66015625,5499.8798828125,5491.0400390625,5491.4599609375,0
2025-02-27 13:00:00,5491.490234375,5497.080078125,5458.81005859375,5470.830078125,0
2025-02-27 14:00:00,5470.3701171875,5476.60009765625,5447.22021484375,5449.39990234375,0
2025-02-27 15:00:00,5450.4501953125,5471.77978515625,5437.77978515625,5466.490234375,0
2025-02-27 16:00:00,5466.330078125,5475.14013671875,5465.16015625,5465.5,0
2025-02-28 08:00:00,5455.9599609375,5455.9599609375,5411.5400390625,5435.35986328125,0
2025-02-28 09:00:00,5435.740234375,5448.52978515625,5432.2001953125,5441.81005859375,0
2025-02-28 10:00:00,5442.509765625,5451.0400390625,5435.33984375,5443.41015625,0
2025-02-28 11:00:00,5444.740234375,5450.56005859375,5443.81982421875,5449.83984375,0
2025-02-28 12:00:00,5449.89013671875,5450.1201171875,5428.7900390625,5438.27001953125,0
2025-02-28 13:00:00,5438.27001953125,5441.75,5431.2001953125,5438.10986328125,0
2025-02-28 14:00:00,5437.97021484375,5449.75,5424.72998046875,5449.75,0
2025-02-28 15:00:00,5450.43017578125,5457.8701171875,5446.9599609375,5456.08984375,0
2025-02-28 16:00:00,5455.990234375,5461.02001953125,5448.919921875,5451.4501953125,0
2025-03-03 08:00:00,5469.10009765625,5485.490234375,5434.6201171875,5460.64990234375,0
2025-03-03 09:00:00,5461.43994140625,5496.14013671875,5456.490234375,5494.85986328125,0
2025-03-03 10:00:00,5496.18994140625,5506.2099609375,5484.490234375,5503.52001953125,0
2025-03-03 11:00:00,5503.3701171875,5516.419921875,5497.6298828125,5516.14013671875,0
2025-03-03 12:00:00,5515.47021484375,5557.27001953125,5514.25,5555.740234375,0
2025-03-03 13:00:00,5555.9501953125,5556.7001953125,5543.39013671875,5551.9599609375,0
2025-03-03 14:00:00,5552.2998046875,5568.18994140625,5547.18017578125,5551.0,0
2025-03-03 15:00:00,5553.31982421875,5564.10986328125,5526.9501953125,5556.02978515625,0
2025-03-03 16:00:00,5556.14013671875,5561.169921875,5541.2099609375,5544.83984375,0
2025-03-04 08:00:00,5511.64990234375,5511.64990234375,5447.58984375,5452.06982421875,0
2025-03-04 09:00:00,5451.419921875,5461.60986328125,5440.22021484375,5443.2099609375,0
2025-03-04 10:00:00,5442.91015625,5442.91015625,5420.35986328125,5435.0498046875,0
2025-03-04 11:00:00,5434.740234375,5436.18017578125,5421.97021484375,5424.740234375,0
2025-03-04 12:00:00,5423.89013671875,5424.85986328125,5407.259765625,5408.740234375,0
2025-03-04 13:00:00,5408.72998046875,5413.60009765625,5390.27978515625,5390.27978515625,0
2025-03-04 14:00:00,5388.89013671875,5414.72998046875,5387.240234375,5394.22998046875,0
2025-03-04 15:00:00,5388.080078125,5408.06005859375,5370.75,5396.16015625,0
2025-03-04 16:00:00,5396.2998046875,5399.66015625,5381.2900390625,5381.97998046875,0
2025-03-05 08:00:00,5409.93017578125,5506.1298828125,5409.93017578125,5478.47998046875,0
2025-03-05 09:00:00,5477.9501953125,5527.06005859375,5473.830078125,5526.35009765625,0
2025-03-05 10:00:00,5526.72021484375,5533.18017578125,5499.06005859375,5503.25,0
2025-03-05 11:00:00,5502.60986328125,5512.02978515625,5496.85009765625,5501.47021484375,0
2025-03-05 12:00:00,5503.0400390625,5519.830078125,5499.8798828125,5508.2900390625,0
2025-03-05 13:00:00,5508.22998046875,5526.64013671875,5502.35009765625,5507.240234375,0
2025-03-05 14:00:00,5507.22021484375,5507.8798828125,5484.1298828125,5488.56005859375,0
2025-03-05 15:00:00,5489.39013671875,5517.2998046875,5489.39013671875,5509.27978515625,0
2025-03-05 16:00:00,5509.5400390625,5509.5400390625,5494.16015625,5499.2099609375,0
2025-03-06 08:00:00,5507.8798828125,5541.41015625,5499.41015625,5499.81982421875,0
2025-03-06 09:00:00,5500.35986328125,5516.64990234375,5475.990234375,5477.93994140625,0
2025-03-06 10:00:00,5478.56005859375,5479.56005859375,5457.43994140625,5457.669921875,0
2025-03-06 11:00:00,5457.3798828125,5485.330078125,5452.35009765625,5477.8701171875,0
2025-03-06 12:00:00,5478.0498046875,5481.89990234375,5469.2001953125,5474.89013671875,0
2025-03-06 13:00:00,5474.5400390625,5489.43017578125,5453.0,5478.43994140625,0
2025-03-06 14:00:00,5478.009765625,5505.56982421875,5465.169921875,5493.93994140625,0
2025-03-06 15:00:00,5494.7998046875,5528.72021484375,5491.25,5522.16015625,0
2025-03-06 16:00:00,5522.1298828125,5539.919921875,5522.1298828125,5534.72021484375,0
2025-03-07 08:00:00,5503.9599609375,5503.9599609375,5456.18017578125,5463.39013671875,0
2025-03-07 09:00:00,5463.259765625,5493.77001953125,5457.60986328125,5491.0498046875,0
2025-03-07 10:00:00,5490.9599609375,5491.240234375,5463.43994140625,5469.2998046875,0
2025-03-07 11:00:00,5470.2001953125,5483.10009765625,5464.35986328125,5474.580078125,0
2025-03-07 12:00:00,5474.77001953125,5478.009765625,5454.58984375,5463.56005859375,0
2025-03-07 13:00:00,5463.7001953125,5485.990234375,5445.7998046875,5446.89990234375,0
2025-03-07 14:00:00,5447.2900390625,5472.2900390625,5434.85986328125,5468.56005859375,0
2025-03-07 15:00:00,5470.2001953125,5497.35986328125,5450.06982421875,5483.10009765625,0
2025-03-07 16:00:00,5485.7099609375,5488.330078125,5463.7998046875,5463.7998046875,0
2025-03-10 08:00:00,5480.169921875,5494.1298828125,5412.669921875,5417.330078125,0
2025-03-10 09:00:00,5415.06982421875,5446.02978515625,5412.06005859375,5430.85986328125,0
2025-03-10 10:00:00,5430.83984375,5440.33984375,5413.39013671875,5423.08984375,0
2025-03-10 11:00:00,5422.68017578125,5431.64990234375,5410.52001953125,5428.669921875,0
2025-03-10 12:00:00,5428.759765625,5429.2900390625,5395.35009765625,5419.33984375,0
2025-03-10 13:00:00,5420.509765625,5435.6298828125,5409.14013671875,5421.75,0
2025-03-10 14:00:00,5420.8701171875,5420.8701171875,5375.5400390625,5381.759765625,0
2025-03-10 15:00:00,5384.02978515625,5405.89013671875,5384.02978515625,5387.919921875,0
2025-03-10 16:00:00,5387.580078125,5392.06982421875,5375.14990234375,5381.85986328125,0
2025-03-11 08:00:00,5400.10009765625,5419.68017578125,5389.81982421875,5417.35986328125,0
2025-03-11 09:00:00,5418.06005859375,5426.6298828125,5403.7900390625,5411.72021484375,0
2025-03-11 10:00:00,5412.02001953125,5413.02001953125,5398.2900390625,5404.0,0
2025-03-11 11:00:00,5403.64013671875,5403.64013671875,5384.91015625,5386.330078125,0
2025-03-11 12:00:00,5388.0498046875,5388.64013671875,5368.10009765625,5377.39013671875,0
2025-03-11 13:00:00,5377.31982421875,5388.22021484375,5347.2900390625,5351.81005859375,0
2025-03-11 14:00:00,5352.16015625,5366.39013671875,5294.3701171875,5311.740234375,0
2025-03-11 15:00:00,5304.52001953125,5333.89013671875,5301.2099609375,5314.77978515625,0
2025-03-11 16:00:00,5313.81982421875,5313.81982421875,5296.85986328125,5303.41015625,0
2025-03-12 08:00:00,5330.02978515625,5368.4501953125,5330.02978515625,5367.85986328125,0
2025-03-12 09:00:00,5366.1298828125,5379.830078125,5360.830078125,5370.60986328125,0
2025-03-12 10:00:00,5370.81982421875,5380.41015625,5364.39990234375,5377.43994140625,0
2025-03-12 11:00:00,5377.7001953125,5401.83984375,5377.7001953125,5388.3701171875,0
2025-03-12 12:00:00,5388.669921875,5406.669921875,5380.27978515625,5395.4501953125,0
2025-03-12 13:00:00,5394.27001953125,5394.58984375,5351.06005859375,5361.02978515625,0
2025-03-12 14:00:00,5361.31005859375,5363.93017578125,5334.2900390625,5334.2900390625,0
2025-03-12 15:00:00,5329.240234375,5355.18994140625,5321.0400390625,5351.64013671875,0
2025-03-12 16:00:00,5351.93017578125,5360.240234375,5348.81982421875,5356.18017578125,0
2025-03-13 08:00:00,5349.66015625,5353.91015625,5317.18017578125,5353.91015625,0
2025-03-13 09:00:00,5353.68994140625,5374.14990234375,5338.919921875,5374.14990234375,0
2025-03-13 10:00:00,5374.330078125,5385.85986328125,5361.72998046875,5366.22021484375,0
2025-03-13 11:00:00,5366.52978515625,5369.259765625,5334.52001953125,5342.5,0
2025-03-13 12:00:00,5341.18017578125,5345.3798828125,5324.85009765625,5335.06982421875,0
2025-03-13 13:00:00,5335.47021484375,5351.27001953125,5315.6201171875,5319.60009765625,0
2025-03-13 14:00:00,5319.0,5339.509765625,5316.2900390625,5336.02001953125,0
2025-03-13 15:00:00,5336.4599609375,5342.43994140625,5314.72998046875,5325.89990234375,0
2025-03-13 16:00:00,5326.39990234375,5337.08984375,5324.9501953125,5326.830078125,0
2025-03-14 08:00:00,5327.830078125,5363.41015625,5312.75,5362.259765625,0
2025-03-14 09:00:00,5361.31005859375,5370.22998046875,5352.33984375,5361.22021484375,0
2025-03-14 10:00:00,5361.5400390625,5394.009765625,5358.85009765625,5393.31005859375,0
2025-03-14 11:00:00,5393.0,5406.6201171875,5384.66015625,5398.5400390625,0
2025-03-14 12:00:00,5397.81982421875,5408.56005859375,5390.2900390625,5390.91015625,0
2025-03-14 13:00:00,5391.10986328125,5399.06005859375,5378.39990234375,5390.27978515625,0
2025-03-14 14:00:00,5390.9501953125,5403.39013671875,5383.43017578125,5401.259765625,0
2025-03-14 15:00:00,5405.60009765625,5412.43017578125,5399.7001953125,5406.35009765625,0
2025-03-14 16:00:00,5406.68994140625,5408.240234375,5397.10986328125,5398.93017578125,0
2025-03-17 08:00:00,5400.81982421875,5419.81982421875,5386.990234375,5412.5,0
2025-03-17 09:00:00,5412.10986328125,5414.18994140625,5393.6201171875,5410.52978515625,0
2025-03-17 10:00:00,5410.72998046875,5424.580078125,5409.25,5421.0400390625,0
2025-03-17 11:00:00,5420.58984375,5425.89013671875,5413.10009765625,5418.25,0
2025-03-17 12:00:00,5418.5498046875,5431.6201171875,5415.10009765625,5427.39013671875,0
2025-03-17 13:00:00,5427.56005859375,5446.85986328125,5418.580078125,5442.22998046875,0
2025-03-17 14:00:00,5442.31982421875,5444.240234375,5430.6298828125,5434.490234375,0
2025-03-17 15:00:00,5434.35986328125,5442.22998046875,5429.66015625,5439.68017578125,0
2025-03-17 16:00:00,5439.7998046875,5444.68017578125,5438.27001953125,5441.7001953125,0
2025-03-18 08:00:00,5454.2001953125,5492.2099609375,5454.2001953125,5484.669921875,0
2025-03-18 09:00:00,5484.89990234375,5501.41015625,5484.89990234375,5491.759765625,0
2025-03-18 10:00:00,5491.27001953125,5492.7001953125,5473.6201171875,5487.35986328125,0
2025-03-18 11:00:00,5487.5,5496.64013671875,5484.4599609375,5496.02001953125,0
2025-03-18 12:00:00,5495.72021484375,5500.0400390625,5490.740234375,5493.31005859375,0
2025-03-18 13:00:00,5493.2900390625,5493.2900390625,5472.31005859375,5475.5,0
2025-03-18 14:00:00,5474.39990234375,5486.759765625,5471.490234375,5484.169921875,0
2025-03-18 15:00:00,5482.740234375,5482.740234375,5467.81005859375,5475.39013671875,0
2025-03-18 16:00:00,5475.72998046875,5486.6298828125,5474.43017578125,5486.6298828125,0
2025-03-19 08:00:00,5482.9501953125,5482.9501953125,5460.93994140625,5482.72021484375,0
2025-03-19 09:00:00,5482.39990234375,5495.4599609375,5475.35009765625,5494.22021484375,0
2025-03-19 10:00:00,5494.85009765625,5504.7099609375,5494.2001953125,5498.02978515625,0
2025-03-19 11:00:00,5497.58984375,5501.97021484375,5487.35986328125,5494.16015625,0
2025-03-19 12:00:00,5494.5498046875,5495.7998046875,5482.10009765625,5489.39990234375,0
2025-03-19 13:00:00,5489.02001953125,5489.02001953125,5475.330078125,5481.14013671875,0
2025-03-19 14:00:00,5480.7001953125,5495.419921875,5480.7001953125,5495.33984375,0
2025-03-19 15:00:00,5493.919921875,5515.0498046875,5493.52978515625,5513.490234375,0
2025-03-19 16:00:00,5513.43017578125,5514.259765625,5506.6298828125,5511.3701171875,0
2025-03-20 08:00:00,5506.81982421875,5515.3798828125,5489.85986328125,5491.6201171875,0
2025-03-20 09:00:00,5490.75,5491.97021484375,5451.22021484375,5460.5400390625,0
2025-03-20 10:00:00,5459.35986328125,5461.990234375,5431.990234375,5454.68994140625,0
2025-03-20 11:00:00,5453.919921875,5456.240234375,5440.7001953125,5450.58984375,0
2025-03-20 12:00:00,5450.31005859375,5453.9599609375,5438.669921875,5446.080078125,0
2025-03-20 13:00:00,5446.10009765625,5450.740234375,5432.10986328125,5450.6201171875,0
2025-03-20 14:00:00,5450.43994140625,5462.4501953125,5449.31005859375,5457.2998046875,0
2025-03-20 15:00:00,5458.2900390625,5460.990234375,5442.31982421875,5451.02001953125,0
2025-03-20 16:00:00,5451.25,5460.330078125,5450.7099609375,5451.18017578125,0
2025-03-21 08:00:00,5435.759765625,5436.4599609375,5400.33984375,5417.7099609375,0
2025-03-21 09:00:00,5417.830078125,5419.7001953125,5401.56982421875,5405.5498046875,0
2025-03-21 10:00:00,5405.5498046875,5431.72998046875,5405.5498046875,5426.33984375,0
2025-03-21 11:00:00,5424.580078125,5426.7998046875,5403.97998046875,5408.39990234375,0
2025-03-21 12:00:00,5408.669921875,5418.0,5401.02978515625,5402.16015625,0
2025-03-21 13:00:00,5402.35986328125,5415.419921875,5393.2998046875,5408.56982421875,0
2025-03-21 14:00:00,5407.89013671875,5417.41015625,5395.169921875,5417.41015625,0
2025-03-21 15:00:00,5417.27978515625,5422.3798828125,5411.60986328125,5414.509765625,0
2025-03-21 16:00:00,5412.83984375,5429.77001953125,5412.83984375,5427.6201171875,0
2025-03-24 08:00:00,5441.60009765625,5470.22998046875,5441.60009765625,5452.31982421875,0
2025-03-24 09:00:00,5452.6201171875,5453.72998046875,5427.52978515625,5428.5,0
2025-03-24 10:00:00,5427.93017578125,5445.7099609375,5424.72021484375,5444.25,0
2025-03-24 11:00:00,5444.35009765625,5445.10009765625,5426.39990234375,5426.39990234375,0
2025-03-24 12:00:00,5425.43994140625,5426.27978515625,5407.93017578125,5408.97998046875,0
2025-03-24 13:00:00,5409.0,5426.35009765625,5402.33984375,5424.47998046875,0
2025-03-24 14:00:00,5424.39990234375,5438.02001953125,5420.60009765625,5427.1298828125,0
2025-03-24 15:00:00,5427.6201171875,5430.9599609375,5412.580078125,5420.6298828125,0
2025-03-24 16:00:00,5421.10009765625,5424.58984375,5416.4599609375,5417.43994140625,0
2025-03-25 08:00:00,5422.47021484375,5455.81982421875,5422.47021484375,5449.35009765625,0
2025-03-25 09:00:00,5449.27978515625,5456.41015625,5439.60986328125,5456.18017578125,0
2025-03-25 10:00:00,5455.89990234375,5476.91015625,5451.2099609375,5475.68017578125,0
2025-03-25 11:00:00,5474.64990234375,5493.169921875,5473.43017578125,5492.35986328125,0
2025-03-25 12:00:00,5492.31005859375,5496.72998046875,5479.1201171875,5482.06982421875,0
2025-03-25 13:00:00,5482.1298828125,5482.18017578125,5468.259765625,5471.16015625,0
2025-03-25 14:00:00,5470.58984375,5470.58984375,5463.669921875,5467.72998046875,0
2025-03-25 15:00:00,5468.02978515625,5471.2998046875,5456.06982421875,5462.25,0
2025-03-25 16:00:00,5462.08984375,5475.72998046875,5462.08984375,5475.419921875,0
2025-03-26 08:00:00,5479.68017578125,5491.240234375,5438.47998046875,5442.52001953125,0
2025-03-26 09:00:00,5441.830078125,5443.5400390625,5424.2001953125,5425.14013671875,0
2025-03-26 10:00:00,5425.0400390625,5444.97021484375,5421.91015625,5444.5498046875,0
2025-03-26 11:00:00,5444.4501953125,5447.2998046875,5438.27978515625,5442.81005859375,0
2025-03-26 12:00:00,5443.02001953125,5449.27001953125,5437.5400390625,5442.14990234375,0
2025-03-26 13:00:00,5442.259765625,5444.31005859375,5417.580078125,5419.6298828125,0
2025-03-26 14:00:00,5419.2001953125,5443.39013671875,5419.14990234375,5442.35986328125,0
2025-03-26 15:00:00,5442.759765625,5444.33984375,5420.7099609375,5422.81982421875,0
2025-03-26 16:00:00,5422.68994140625,5422.68994140625,5407.52001953125,5409.43994140625,0
2025-03-27 08:00:00,5393.31982421875,5393.31982421875,5338.6201171875,5375.52978515625,0
2025-03-27 09:00:00,5376.2998046875,5392.0,5369.52001953125,5390.97021484375,0
2025-03-27 10:00:00,5391.31982421875,5397.16015625,5381.2001953125,5384.47998046875,0
2025-03-27 11:00:00,5384.4501953125,5388.419921875,5373.5,5376.2900390625,0
2025-03-27 12:00:00,5376.580078125,5381.580078125,5366.990234375,5368.8798828125,0
2025-03-27 13:00:00,5368.77978515625,5388.97998046875,5361.81982421875,5385.259765625,0
2025-03-27 14:00:00,5385.3798828125,5393.669921875,5378.47021484375,5391.5400390625,0
2025-03-27 15:00:00,5392.60009765625,5399.56982421875,5376.31982421875,5376.9599609375,0
2025-03-27 16:00:00,5376.5400390625,5381.6298828125,5373.81005859375,5376.81005859375,0
2025-03-28 08:00:00,5368.89990234375,5371.02978515625,5348.509765625,5369.27001953125,0
2025-03-28 09:00:00,5369.22998046875,5374.7998046875,5334.5498046875,5341.27978515625,0
2025-03-28 10:00:00,5340.85009765625,5364.56005859375,5339.080078125,5347.85986328125,0
2025-03-28 11:00:00,5348.22021484375,5364.2900390625,5346.39013671875,5362.16015625,0
2025-03-28 12:00:00,5362.9501953125,5364.52978515625,5338.490234375,5342.72998046875,0
2025-03-28 13:00:00,5341.68017578125,5360.93017578125,5333.27001953125,5338.33984375,0
2025-03-28 14:00:00,5338.830078125,5341.60009765625,5318.2998046875,5321.4599609375,0
2025-03-28 15:00:00,5321.43017578125,5346.81982421875,5314.5400390625,5331.56982421875,0
2025-03-28 16:00:00,5331.4599609375,5341.830078125,5327.4599609375,5329.080078125,0
2025-03-31 07:00:00,5312.169921875,5312.169921875,5258.830078125,5286.39990234375,0
2025-03-31 08:00:00,5286.580078125,5291.8701171875,5265.47021484375,5274.14990234375,0
2025-03-31 09:00:00,5273.77001953125,5273.77001953125,5247.06982421875,5248.7900390625,0
2025-03-31 10:00:00,5250.240234375,5253.669921875,5224.93017578125,5224.93017578125,0
2025-03-31 11:00:00,5224.72021484375,5234.35009765625,5221.8701171875,5231.85986328125,0
2025-03-31 12:00:00,5231.990234375,5241.41015625,5218.47998046875,5241.1201171875,0
2025-03-31 13:00:00,5240.93994140625,5249.85009765625,5228.56005859375,5247.16015625,0
2025-03-31 14:00:00,5249.85986328125,5256.08984375,5238.4599609375,5242.91015625,0
2025-03-31 15:00:00,5243.33984375,5254.81005859375,5243.33984375,5249.93994140625,0
2025-04-01 07:00:00,5270.25,5301.47998046875,5270.25,5280.830078125,0
2025-04-01 08:00:00,5281.009765625,5305.81982421875,5276.6298828125,5302.4501953125,0
2025-04-01 09:00:00,5302.7001953125,5320.85009765625,5302.7001953125,5314.1298828125,0
2025-04-01 10:00:00,5314.10009765625,5314.10009765625,5281.0498046875,5292.02001953125,0
2025-04-01 11:00:00,5292.3701171875,5295.5,5275.56005859375,5294.7001953125,0
2025-04-01 12:00:00,5294.5498046875,5306.85009765625,5290.10009765625,5300.509765625,0
2025-04-01 13:00:00,5300.43017578125,5307.85009765625,5284.64990234375,5295.14990234375,0
2025-04-01 14:00:00,5293.830078125,5312.77001953125,5273.4501953125,5312.3798828125,0
2025-04-01 15:00:00,5311.7099609375,5328.91015625,5311.10009765625,5323.009765625,0
2025-04-02 07:00:00,5312.56005859375,5312.56005859375,5280.7001953125,5288.330078125,0
2025-04-02 08:00:00,5287.2998046875,5295.5,5269.39990234375,5290.759765625,0
2025-04-02 09:00:00,5290.490234375,5301.39990234375,5287.39013671875,5291.5,0
2025-04-02 10:00:00,5291.81005859375,5293.169921875,5276.3701171875,5278.66015625,0
2025-04-02 11:00:00,5278.6201171875,5286.52978515625,5269.22021484375,5272.8798828125,0
2025-04-02 12:00:00,5273.0498046875,5274.35009765625,5255.9501953125,5270.27978515625,0
2025-04-02 13:00:00,5270.35986328125,5285.009765625,5263.91015625,5274.56005859375,0
2025-04-02 14:00:00,5274.6201171875,5298.25,5274.60009765625,5296.419921875,0
2025-04-02 15:00:00,5296.3798828125,5299.6298828125,5287.64990234375,5297.2998046875,0
2025-04-03 07:00:00,5255.10986328125,5255.10986328125,5172.27001953125,5201.33984375,0
2025-04-03 08:00:00,5200.330078125,5219.35009765625,5195.4599609375,5214.14990234375,0
2025-04-03 09:00:00,5213.64990234375,5214.10009765625,5173.43994140625,5173.4501953125,0
2025-04-03 10:00:00,5173.6201171875,5181.18017578125,5147.6298828125,5148.93017578125,0
2025-04-03 11:00:00,5150.81005859375,5159.41015625,5141.56005859375,5151.6298828125,0
2025-04-03 12:00:00,5151.33984375,5166.72998046875,5136.52978515625,5141.8701171875,0
2025-04-03 13:00:00,5141.91015625,5152.02001953125,5126.14013671875,5141.7998046875,0
2025-04-03 14:00:00,5140.64013671875,5140.759765625,5110.31005859375,5110.31005859375,0
2025-04-03 15:00:00,5111.35986328125,5124.33984375,5105.240234375,5112.81982421875,0
2025-04-04 07:00:00,5094.7900390625,5094.7900390625,5029.1298828125,5032.02978515625,0
2025-04-04 08:00:00,5032.39990234375,5039.47021484375,5005.6201171875,5018.0498046875,0
2025-04-04 09:00:00,5018.22998046875,5022.93994140625,4979.8798828125,4988.5400390625,0
2025-04-04 10:00:00,4989.9501953125,4999.06005859375,4865.7099609375,4866.7900390625,0
2025-04-04 11:00:00,4870.2001953125,4923.60009765625,4835.9599609375,4920.490234375,0
2025-04-04 12:00:00,4917.85986328125,4942.81005859375,4890.240234375,4917.43017578125,0
2025-04-04 13:00:00,4923.3798828125,4969.85986328125,4892.5498046875,4919.08984375,0
2025-04-04 14:00:00,4913.8701171875,4913.8701171875,4832.759765625,4850.18017578125,0
2025-04-04 15:00:00,4860.75,4913.7099609375,4860.75,4897.080078125,0
2025-04-07 07:00:00,4861.16015625,4861.16015625,4540.22021484375,4586.18994140625,0
2025-04-07 08:00:00,4585.4599609375,4629.18994140625,4577.0400390625,4587.18994140625,0
2025-04-07 09:00:00,4585.16015625,4630.7001953125,4553.259765625,4601.330078125,0
2025-04-07 10:00:00,4600.68017578125,4701.2001953125,4598.43994140625,4649.490234375,0
2025-04-07 11:00:00,4654.9501953125,4702.27978515625,4610.419921875,4629.580078125,0
2025-04-07 12:00:00,4631.490234375,4715.91015625,4623.830078125,4704.52001953125,0
2025-04-07 13:00:00,4709.3798828125,4710.77978515625,4612.85009765625,4691.56005859375,0
2025-04-07 14:00:00,4693.35009765625,4902.990234375,4680.64990234375,4751.68994140625,0
2025-04-07 15:00:00,4747.35986328125,4772.06005859375,4651.72021484375,4651.72021484375,0
2025-04-08 07:00:00,4700.3701171875,4741.43017578125,4695.8701171875,4713.89990234375,0
2025-04-08 08:00:00,4710.85009765625,4723.72021484375,4669.9501953125,4723.16015625,0
2025-04-08 09:00:00,4721.93994140625,4726.4599609375,4686.35009765625,4694.22021484375,0
2025-04-08 10:00:00,4694.52001953125,4724.8798828125,4683.759765625,4721.10986328125,0
2025-04-08 11:00:00,4722.16015625,4775.93994140625,4722.16015625,4771.7001953125,0
2025-04-08 12:00:00,4772.009765625,4783.93994140625,4753.60986328125,4780.10986328125,0
2025-04-08 13:00:00,4779.740234375,4817.009765625,4773.8701171875,4811.22021484375,0
2025-04-08 14:00:00,4807.2001953125,4826.14013671875,4782.2001953125,4782.2001953125,0
2025-04-08 15:00:00,4782.2998046875,4795.4501953125,4768.91015625,4769.64013671875,0
2025-04-09 07:00:00,4705.91015625,4708.14013671875,4635.39990234375,4678.81005859375,0
2025-04-09 08:00:00,4681.25,4689.2001953125,4617.75,4670.509765625,0
2025-04-09 09:00:00,4670.56982421875,4679.18994140625,4634.85009765625,4634.85009765625,0
2025-04-09 10:00:00,4634.580078125,4662.14013671875,4623.31005859375,4660.93994140625,0
2025-04-09 11:00:00,4631.18017578125,4631.18017578125,4570.8701171875,4583.6298828125,0
2025-04-09 12:00:00,4582.75,4620.22998046875,4569.509765625,4615.64013671875,0
2025-04-09 13:00:00,4612.2001953125,4663.14013671875,4611.6298828125,4654.8701171875,0
2025-04-09 14:00:00,4655.18017578125,4676.1298828125,4609.52978515625,4609.93994140625,0
2025-04-09 15:00:00,4609.85986328125,4637.0498046875,4609.85986328125,4631.14990234375,0
2025-04-10 07:00:00,4631.3701171875,4987.6201171875,4631.3701171875,4888.41015625,0
2025-04-10 08:00:00,4889.18017578125,4904.35009765625,4857.9599609375,4875.77001953125,0
2025-04-10 09:00:00,4878.06982421875,4886.490234375,4852.8701171875,4875.22021484375,0
2025-04-10 10:00:00,4875.18994140625,4910.85986328125,4863.0,4903.419921875,0
2025-04-10 11:00:00,4903.10986328125,4909.47998046875,4870.0400390625,4879.509765625,0
2025-04-10 12:00:00,4880.2998046875,4884.7900390625,4841.5,4858.06982421875,0
2025-04-10 13:00:00,4857.669921875,4894.8798828125,4840.9501953125,4852.259765625,0
2025-04-10 14:00:00,4853.6298828125,4873.18017578125,4840.06005859375,4840.06005859375,0
2025-04-10 15:00:00,4839.39013671875,4862.68994140625,4829.16015625,4829.16015625,0
2025-04-11 07:00:00,4841.64013671875,4870.97021484375,4806.990234375,4806.990234375,0
2025-04-11 08:00:00,4804.919921875,4819.89990234375,4743.68994140625,4757.669921875,0
2025-04-11 09:00:00,4759.77978515625,4804.06982421875,4728.52978515625,4804.06982421875,0
2025-04-11 10:00:00,4803.89990234375,4819.41015625,4785.2001953125,4806.669921875,0
2025-04-11 11:00:00,4809.9501953125,4809.9501953125,4758.5,4775.97998046875,0
2025-04-11 12:00:00,4776.72021484375,4804.41015625,4775.330078125,4776.77978515625,0
2025-04-11 13:00:00,4777.259765625,4803.080078125,4743.68994140625,4795.330078125,0
2025-04-11 14:00:00,4794.56982421875,4811.2001953125,4755.990234375,4784.4599609375,0
2025-04-11 15:00:00,4785.169921875,4805.64990234375,4773.75,4787.16015625,0
2025-04-14 07:00:00,4828.56005859375,4904.22021484375,4828.56005859375,4893.1298828125,0
2025-04-14 08:00:00,4893.33984375,4904.740234375,4884.06982421875,4893.14990234375,0
2025-04-14 09:00:00,4893.31982421875,4907.490234375,4875.330078125,4886.06005859375,0
2025-04-14 10:00:00,4885.97021484375,4899.58984375,4882.5400390625,4895.9501953125,0
2025-04-14 11:00:00,4896.830078125,4900.4599609375,4886.47998046875,4886.47998046875,0
2025-04-14 12:00:00,4886.56005859375,4915.490234375,4884.02978515625,4913.08984375,0
2025-04-14 13:00:00,4913.0498046875,4914.91015625,4896.97021484375,4902.8798828125,0
2025-04-14 14:00:00,4903.60986328125,4936.1201171875,4903.60986328125,4926.35009765625,0
2025-04-14 15:00:00,4924.08984375,4924.08984375,4900.77001953125,4902.06005859375,0
2025-04-15 07:00:00,4915.47021484375,4944.169921875,4913.72998046875,4944.169921875,0
2025-04-15 08:00:00,4944.14013671875,4966.25,4924.2001953125,4963.72998046875,0
2025-04-15 09:00:00,4963.22998046875,4963.22998046875,4945.02978515625,4947.7900390625,0
2025-04-15 10:00:00,4947.9599609375,4957.60986328125,4939.93017578125,4945.1201171875,0
2025-04-15 11:00:00,4945.43994140625,4949.22021484375,4930.81005859375,4932.0498046875,0
2025-04-15 12:00:00,4931.35009765625,4951.990234375,4921.41015625,4948.919921875,0
2025-04-15 13:00:00,4948.85986328125,4973.56982421875,4947.0,4970.33984375,0
2025-04-15 14:00:00,4969.85986328125,4977.490234375,4949.2900390625,4967.35986328125,0
2025-04-15 15:00:00,4967.77978515625,4973.580078125,4966.81982421875,4968.33984375,0
2025-04-16 07:00:00,4956.14990234375,4956.14990234375,4901.08984375,4903.22998046875,0
2025-04-16 08:00:00,4902.7998046875,4953.47998046875,4891.56005859375,4926.22021484375,0
2025-04-16 09:00:00,4926.5498046875,4941.7900390625,4922.60986328125,4931.68994140625,0
2025-04-16 10:00:00,4930.52978515625,4941.27001953125,4929.7099609375,4934.490234375,0
2025-04-16 11:00:00,4935.10009765625,4941.919921875,4933.14990234375,4941.419921875,0
2025-04-16 12:00:00,4941.83984375,4952.9599609375,4936.31005859375,4942.27001953125,0
2025-04-16 13:00:00,4942.27978515625,4942.27978515625,4923.72021484375,4927.47998046875,0
2025-04-16 14:00:00,4927.419921875,4941.97998046875,4924.919921875,4941.9599609375,0
2025-04-16 15:00:00,4942.3798828125,4966.93994140625,4942.31982421875,4966.93994140625,0
2025-04-17 07:00:00,4966.759765625,4970.68017578125,4941.06005859375,4943.58984375,0
2025-04-17 08:00:00,4943.830078125,4949.25,4933.990234375,4939.31005859375,0
2025-04-17 09:00:00,4939.27001953125,4950.66015625,4933.240234375,4946.759765625,0
2025-04-17 10:00:00,4945.81982421875,4948.2900390625,4923.759765625,4929.10009765625,0
2025-04-17 11:00:00,4929.77001953125,4932.419921875,4922.2001953125,4929.72021484375,0
2025-04-17 12:00:00,4929.83984375,4952.43994140625,4927.14013671875,4935.77001953125,0
2025-04-17 13:00:00,4935.7998046875,4944.509765625,4928.0498046875,4936.83984375,0
2025-04-17 14:00:00,4937.4599609375,4943.7001953125,4924.52978515625,4926.1298828125,0
2025-04-17 15:00:00,4926.240234375,4942.669921875,4926.240234375,4934.52001953125,0
2025-04-22 07:00:00,4919.759765625,4926.9501953125,4896.89013671875,4899.1298828125,0
2025-04-22 08:00:00,4897.91015625,4926.240234375,4894.2998046875,4923.259765625,0
2025-04-22 09:00:00,4923.2001953125,4928.14990234375,4917.35009765625,4927.14013671875,0
2025-04-22 10:00:00,4927.2900390625,4927.2900390625,4910.31982421875,4913.7998046875,0
2025-04-22 11:00:00,4913.5400390625,4914.169921875,4900.10986328125,4907.740234375,0
2025-04-22 12:00:00,4908.259765625,4921.0,4906.25,4912.43994140625,0
2025-04-22 13:00:00,4913.06005859375,4934.2001953125,4913.06005859375,4923.60009765625,0
2025-04-22 14:00:00,4923.85009765625,4951.02978515625,4923.85009765625,4949.93017578125,0
2025-04-22 15:00:00,4950.18017578125,4958.43994140625,4950.18017578125,4956.7998046875,0
2025-04-23 07:00:00,4972.509765625,5071.0400390625,4972.509765625,5068.93017578125,0
2025-04-23 08:00:00,5068.990234375,5093.35009765625,5066.240234375,5089.7099609375,0
2025-04-23 09:00:00,5090.0498046875,5097.02978515625,5075.77001953125,5087.259765625,0
2025-04-23 10:00:00,5087.16015625,5091.25,5077.56005859375,5088.97998046875,0
2025-04-23 11:00:00,5090.2998046875,5090.2998046875,5073.56005859375,5075.490234375,0
2025-04-23 12:00:00,5075.6298828125,5082.85986328125,5067.31005859375,5080.25,0
2025-04-23 13:00:00,5079.97021484375,5117.2099609375,5073.22021484375,5112.5,0
2025-04-23 14:00:00,5114.830078125,5120.33984375,5093.580078125,5115.0498046875,0
2025-04-23 15:00:00,5113.60986328125,5113.85986328125,5088.35986328125,5095.4599609375,0
2025-04-24 07:00:00,5080.58984375,5083.06005859375,5049.2001953125,5050.7001953125,0
2025-04-24 08:00:00,5050.2001953125,5060.64990234375,5043.4501953125,5059.10986328125,0
2025-04-24 09:00:00,5059.06005859375,5077.35986328125,5057.27001953125,5072.72998046875,0
2025-04-24 10:00:00,5072.97998046875,5089.06005859375,5072.97998046875,5087.7900390625,0
2025-04-24 11:00:00,5087.58984375,5091.39013671875,5080.22021484375,5087.9599609375,0
2025-04-24 12:00:00,5088.02978515625,5093.75,5079.18994140625,5087.89990234375,0
2025-04-24 13:00:00,5088.9599609375,5099.1201171875,5080.169921875,5098.1201171875,0
2025-04-24 14:00:00,5098.06982421875,5108.8701171875,5094.81005859375,5105.83984375,0
2025-04-24 15:00:00,5105.56982421875,5116.330078125,5105.56982421875,5112.77001953125,0
2025-04-25 07:00:00,5121.35009765625,5160.7001953125,5121.35009765625,5141.47998046875,0
2025-04-25 08:00:00,5140.83984375,5155.10986328125,5135.52001953125,5146.14013671875,0
2025-04-25 09:00:00,5146.93994140625,5159.02001953125,5138.25,5156.85986328125,0
2025-04-25 10:00:00,5156.56982421875,5167.18017578125,5130.91015625,5133.330078125,0
2025-04-25 11:00:00,5133.39990234375,5142.2099609375,5133.2099609375,5140.93994140625,0
2025-04-25 12:00:00,5140.89013671875,5161.990234375,5139.669921875,5151.419921875,0
2025-04-25 13:00:00,5152.2099609375,5163.919921875,5148.740234375,5155.02978515625,0
2025-04-25 14:00:00,5154.25,5161.2001953125,5145.52001953125,5152.490234375,0
2025-04-25 15:00:00,5152.22998046875,5157.259765625,5150.419921875,5154.43017578125,0
2025-04-28 07:00:00,5163.22998046875,5185.2998046875,5163.22998046875,5169.2099609375,0
2025-04-28 08:00:00,5168.8798828125,5182.5400390625,5166.52978515625,5182.5400390625,0
2025-04-28 09:00:00,5182.4599609375,5197.97998046875,5181.68994140625,5192.91015625,0
2025-04-28 10:00:00,5190.47021484375,5191.68017578125,5178.64013671875,5179.5,0
2025-04-28 11:00:00,5179.97998046875,5188.31005859375,5172.1298828125,5187.18017578125,0
2025-04-28 12:00:00,5187.6201171875,5193.60009765625,5183.35986328125,5192.509765625,0
2025-04-28 13:00:00,5192.22021484375,5199.2998046875,5190.89013671875,5192.68017578125,0
2025-04-28 14:00:00,5193.509765625,5195.39013671875,5179.0400390625,5180.259765625,0
2025-04-28 15:00:00,5179.93994140625,5182.22021484375,5166.7900390625,5167.169921875,0
2025-04-29 07:00:00,5176.02978515625,5191.68017578125,5170.9501953125,5176.31982421875,0
2025-04-29 08:00:00,5176.52001953125,5176.52001953125,5159.14013671875,5173.7900390625,0
2025-04-29 09:00:00,5173.580078125,5176.2099609375,5163.89013671875,5170.6201171875,0
2025-04-29 10:00:00,5170.56005859375,5172.2099609375,5151.0,5158.39013671875,0
2025-04-29 11:00:00,5157.8701171875,5164.64990234375,5151.85986328125,5163.7900390625,0
2025-04-29 12:00:00,5163.39013671875,5166.3701171875,5153.64990234375,5154.33984375,0
2025-04-29 13:00:00,5154.56005859375,5159.97021484375,5138.7099609375,5155.72021484375,0
2025-04-29 14:00:00,5155.52001953125,5169.009765625,5153.18017578125,5168.47998046875,0
2025-04-29 15:00:00,5168.60986328125,5169.89990234375,5164.41015625,5168.490234375,0
2025-04-30 07:00:00,5162.9501953125,5185.2998046875,5162.9501953125,5172.52978515625,0
2025-04-30 08:00:00,5172.22021484375,5175.9501953125,5160.27978515625,5160.27978515625,0
2025-04-30 09:00:00,5160.1298828125,5175.8798828125,5160.1298828125,5175.7998046875,0
2025-04-30 10:00:00,5175.509765625,5176.10986328125,5166.419921875,5173.06982421875,0
2025-04-30 11:00:00,5173.669921875,5180.14990234375,5169.0498046875,5173.2900390625,0
2025-04-30 12:00:00,5173.1201171875,5173.1201171875,5120.14013671875,5126.18017578125,0
2025-04-30 13:00:00,5126.18994140625,5134.9501953125,5105.7998046875,5107.7099609375,0
2025-04-30 14:00:00,5108.2998046875,5142.66015625,5108.2998046875,5142.66015625,0
2025-04-30 15:00:00,5142.22998046875,5162.5,5142.22998046875,5158.85986328125,0
2025-05-02 07:00:00,5201.10009765625,5230.68994140625,5201.10009765625,5219.97021484375,0
2025-05-02 08:00:00,5220.1298828125,5229.52001953125,5215.080078125,5219.18017578125,0
2025-05-02 09:00:00,5219.27001953125,5241.77001953125,5215.18994140625,5236.2099609375,0
2025-05-02 10:00:00,5236.77978515625,5238.25,5229.7998046875,5235.2900390625,0
2025-05-02 11:00:00,5235.39990234375,5239.77001953125,5231.75,5236.3798828125,0
2025-05-02 12:00:00,5236.18994140625,5272.18994140625,5231.60986328125,5270.27978515625,0
2025-05-02 13:00:00,5270.6298828125,5271.830078125,5248.22021484375,5253.43994140625,0
2025-05-02 14:00:00,5253.93017578125,5282.0498046875,5253.93017578125,5281.31982421875,0
2025-05-02 15:00:00,5281.35986328125,5284.1298828125,5278.75,5281.06005859375,0
2025-05-05 07:00:00,5270.33984375,5276.16015625,5265.52001953125,5271.8798828125,0
2025-05-05 08:00:00,5271.5400390625,5277.509765625,5264.9599609375,5266.47021484375,0
2025-05-05 09:00:00,5266.3701171875,5272.7001953125,5263.72021484375,5268.0498046875,0
2025-05-05 10:00:00,5268.419921875,5270.759765625,5262.81005859375,5269.93017578125,0
2025-05-05 11:00:00,5269.64013671875,5272.1298828125,5262.27978515625,5269.4599609375,0
2025-05-05 12:00:00,5269.35986328125,5275.259765625,5268.68994140625,5272.97021484375,0
2025-05-05 13:00:00,5272.97998046875,5279.7900390625,5266.2001953125,5278.60986328125,0
2025-05-05 14:00:00,5278.759765625,5288.259765625,5276.27978515625,5286.83984375,0
2025-05-05 15:00:00,5287.169921875,5289.35009765625,5282.509765625,5282.81005859375,0
2025-05-06 07:00:00,5283.990234375,5292.93994140625,5270.77001953125,5273.06005859375,0
2025-05-06 08:00:00,5272.16015625,5273.10009765625,5241.7099609375,5246.72998046875,0
2025-05-06 09:00:00,5246.419921875,5246.419921875,5210.58984375,5235.3701171875,0
2025-05-06 10:00:00,5235.43994140625,5249.6298828125,5226.33984375,5248.33984375,0
2025-05-06 11:00:00,5250.9501953125,5254.14990234375,5244.77978515625,5253.60986328125,0
2025-05-06 12:00:00,5253.41015625,5264.06982421875,5251.16015625,5263.2998046875,0
2025-05-06 13:00:00,5263.8798828125,5265.0,5243.41015625,5250.8701171875,0
2025-05-06 14:00:00,5250.75,5264.93017578125,5248.259765625,5257.93994140625,0
2025-05-06 15:00:00,5257.68017578125,5264.1298828125,5257.06982421875,5260.35986328125,0
2025-05-07 07:00:00,5261.33984375,5262.35009765625,5248.580078125,5259.02001953125,0
2025-05-07 08:00:00,5258.43017578125,5264.02001953125,5244.990234375,5253.10009765625,0
2025-05-07 09:00:00,5253.2099609375,5255.740234375,5242.18994140625,5247.1298828125,0
2025-05-07 10:00:00,5246.9501953125,5250.27001953125,5239.93994140625,5244.27978515625,0
2025-05-07 11:00:00,5244.5400390625,5251.89990234375,5244.5400390625,5249.18017578125,0
2025-05-07 12:00:00,5249.2001953125,5253.02978515625,5235.06982421875,5237.77978515625,0
2025-05-07 13:00:00,5237.990234375,5238.89990234375,5223.66015625,5236.490234375,0
2025-05-07 14:00:00,5236.35009765625,5243.0498046875,5229.72998046875,5231.7900390625,0
2025-05-07 15:00:00,5231.31005859375,5237.33984375,5229.02978515625,5233.2900390625,0
2025-05-08 07:00:00,5240.22998046875,5274.2001953125,5240.22998046875,5268.8798828125,0
2025-05-08 08:00:00,5269.4599609375,5287.27978515625,5267.490234375,5284.25,0
2025-05-08 09:00:00,5284.25,5297.81982421875,5283.72021484375,5297.81982421875,0
2025-05-08 10:00:00,5297.60009765625,5301.77978515625,5293.1298828125,5300.6298828125,0
2025-05-08 11:00:00,5300.72021484375,5303.6298828125,5296.2099609375,5301.06982421875,0
2025-05-08 12:00:00,5301.0,5304.77978515625,5273.89990234375,5282.06005859375,0
2025-05-08 13:00:00,5281.3798828125,5287.08984375,5275.669921875,5279.31982421875,0
2025-05-08 14:00:00,5278.66015625,5286.669921875,5269.97998046875,5273.91015625,0
2025-05-08 15:00:00,5275.0498046875,5292.31005859375,5269.7099609375,5292.31005859375,0
2025-05-09 07:00:00,5286.0400390625,5316.33984375,5286.0400390625,5305.89990234375,0
2025-05-09 08:00:00,5305.66015625,5309.7099609375,5298.18017578125,5299.35986328125,0
2025-05-09 09:00:00,5299.4501953125,5316.39990234375,5299.4501953125,5315.47998046875,0
2025-05-09 10:00:00,5315.02001953125,5319.509765625,5310.60009765625,5316.83984375,0
2025-05-09 11:00:00,5317.10986328125,5317.31005859375,5298.509765625,5308.759765625,0
2025-05-09 12:00:00,5308.60009765625,5321.64013671875,5308.60009765625,5315.47998046875,0
2025-05-09 13:00:00,5315.64013671875,5323.60986328125,5314.4501953125,5323.60986328125,0
2025-05-09 14:00:00,5323.56982421875,5323.56982421875,5304.16015625,5311.1298828125,0
2025-05-09 15:00:00,5310.64990234375,5312.39013671875,5304.330078125,5306.93994140625,0
2025-05-12 07:00:00,5319.27978515625,5421.60986328125,5319.27978515625,5388.27978515625,0
2025-05-12 08:00:00,5388.1201171875,5403.5498046875,5371.97998046875,5400.56982421875,0
2025-05-12 09:00:00,5400.16015625,5418.93994140625,5399.10986328125,5411.85009765625,0
2025-05-12 10:00:00,5412.009765625,5412.2900390625,5388.85986328125,5395.72998046875,0
2025-05-12 11:00:00,5395.66015625,5398.10986328125,5382.4501953125,5392.7001953125,0
2025-05-12 12:00:00,5392.93017578125,5402.89013671875,5391.68017578125,5395.009765625,0
2025-05-12 13:00:00,5395.02978515625,5397.60986328125,5371.47021484375,5372.08984375,0
2025-05-12 14:00:00,5373.72021484375,5384.89990234375,5347.52978515625,5380.81982421875,0
2025-05-12 15:00:00,5380.22998046875,5389.56982421875,5377.97021484375,5386.93994140625,0
2025-05-13 07:00:00,5390.6201171875,5400.0498046875,5385.3798828125,5390.33984375,0
2025-05-13 08:00:00,5389.66015625,5398.2998046875,5384.68017578125,5392.16015625,0
2025-05-13 09:00:00,5392.7001953125,5398.72998046875,5389.6201171875,5395.18017578125,0
2025-05-13 10:00:00,5395.72998046875,5397.669921875,5392.22021484375,5392.9599609375,0
2025-05-13 11:00:00,5392.47998046875,5400.740234375,5392.47998046875,5394.97998046875,0
2025-05-13 12:00:00,5394.9501953125,5405.8701171875,5390.89990234375,5398.89990234375,0
2025-05-13 13:00:00,5399.0,5406.2900390625,5395.47998046875,5403.64990234375,0
2025-05-13 14:00:00,5404.080078125,5412.35986328125,5399.009765625,5408.56005859375,0
2025-05-13 15:00:00,5408.72021484375,5412.509765625,5406.77001953125,5411.5400390625,0
2025-05-14 07:00:00,5412.8798828125,5421.2001953125,5398.14990234375,5407.14990234375,0
2025-05-14 08:00:00,5407.169921875,5407.759765625,5387.3701171875,5387.3701171875,0
2025-05-14 09:00:00,5387.14013671875,5389.85009765625,5374.81005859375,5387.97021484375,0
2025-05-14 10:00:00,5387.490234375,5390.759765625,5381.43017578125,5390.0,0
2025-05-14 11:00:00,5388.89013671875,5400.6201171875,5388.89013671875,5399.7900390625,0
2025-05-14 12:00:00,5399.22998046875,5413.7099609375,5397.14013671875,5408.47998046875,0
2025-05-14 13:00:00,5408.18994140625,5409.7099609375,5393.669921875,5400.43994140625,0
2025-05-14 14:00:00,5399.990234375,5407.580078125,5398.89990234375,5401.9501953125,0
2025-05-14 15:00:00,5402.009765625,5402.009765625,5391.33984375,5397.6201171875,0
2025-05-15 07:00:00,5392.31982421875,5392.31982421875,5363.52001953125,5367.0400390625,0
2025-05-15 08:00:00,5367.4599609375,5383.14013671875,5367.169921875,5374.5,0
2025-05-15 09:00:00,5374.47021484375,5378.2900390625,5369.5498046875,5377.669921875,0
2025-05-15 10:00:00,5377.419921875,5382.10986328125,5374.33984375,5381.56982421875,0
2025-05-15 11:00:00,5381.72021484375,5390.3798828125,5381.25,5383.18994140625,0
2025-05-15 12:00:00,5383.240234375,5394.990234375,5378.27978515625,5387.47021484375,0
2025-05-15 13:00:00,5387.22021484375,5398.1298828125,5384.2900390625,5397.7001953125,0
2025-05-15 14:00:00,5397.7001953125,5402.89990234375,5391.4501953125,5399.35009765625,0
2025-05-15 15:00:00,5399.5400390625,5409.68017578125,5398.259765625,5408.33984375,0
2025-05-16 07:00:00,5422.419921875,5440.35009765625,5420.16015625,5438.919921875,0
2025-05-16 08:00:00,5439.77978515625,5444.31982421875,5433.68017578125,5437.83984375,0
2025-05-16 09:00:00,5437.259765625,5450.9501953125,5435.77978515625,5449.2998046875,0
2025-05-16 10:00:00,5446.830078125,5447.830078125,5440.41015625,5442.169921875,0
2025-05-16 11:00:00,5442.5400390625,5444.14990234375,5434.14013671875,5436.509765625,0
2025-05-16 12:00:00,5436.85986328125,5436.91015625,5413.31982421875,5413.77001953125,0
2025-05-16 13:00:00,5413.81982421875,5418.47998046875,5409.259765625,5418.47998046875,0
2025-05-16 14:00:00,5420.2900390625,5420.2900390625,5407.64013671875,5411.18994140625,0
2025-05-16 15:00:00,5410.9599609375,5422.08984375,5410.9599609375,5422.08984375,0
2025-05-19 07:00:00,5409.0400390625,5411.669921875,5396.22998046875,5403.669921875,0
2025-05-19 08:00:00,5403.6298828125,5405.10986328125,5390.8798828125,5392.9501953125,0
2025-05-19 09:00:00,5392.3701171875,5392.3701171875,5382.330078125,5387.56982421875,0
2025-05-19 10:00:00,5387.58984375,5393.25,5383.990234375,5387.2099609375,0
2025-05-19 11:00:00,5387.10009765625,5391.7998046875,5384.85986328125,5389.990234375,0
2025-05-19 12:00:00,5389.93017578125,5393.16015625,5387.68994140625,5388.2099609375,0
2025-05-19 13:00:00,5387.56005859375,5408.66015625,5384.25,5408.22021484375,0
2025-05-19 14:00:00,5406.56005859375,5418.41015625,5405.89990234375,5415.89990234375,0
2025-05-19 15:00:00,5415.64013671875,5421.6298828125,5414.60009765625,5418.66015625,0
2025-05-20 07:00:00,5430.85986328125,5442.14013671875,5423.1201171875,5430.0498046875,0
2025-05-20 08:00:00,5429.64990234375,5438.7001953125,5425.43017578125,5436.58984375,0
2025-05-20 09:00:00,5436.18017578125,5443.14990234375,5432.1201171875,5443.10009765625,0
2025-05-20 10:00:00,5443.169921875,5454.27001953125,5441.66015625,5453.830078125,0
2025-05-20 11:00:00,5453.58984375,5456.7900390625,5445.72021484375,5456.240234375,0
2025-05-20 12:00:00,5456.27001953125,5459.83984375,5454.10986328125,5458.3798828125,0
2025-05-20 13:00:00,5458.5400390625,5467.27978515625,5458.5400390625,5461.6298828125,0
2025-05-20 14:00:00,5461.2001953125,5464.2900390625,5451.56005859375,5452.97021484375,0
2025-05-20 15:00:00,5452.5498046875,5456.1201171875,5450.3798828125,5454.1298828125,0
2025-05-21 07:00:00,5452.27001953125,5452.43994140625,5438.31005859375,5451.93017578125,0
2025-05-21 08:00:00,5451.7099609375,5453.7001953125,5436.25,5438.330078125,0
2025-05-21 09:00:00,5437.93017578125,5439.5,5428.56982421875,5428.669921875,0
2025-05-21 10:00:00,5428.509765625,5432.330078125,5415.89013671875,5432.22998046875,0
2025-05-21 11:00:00,5432.4599609375,5440.669921875,5432.4599609375,5436.27978515625,0
2025-05-21 12:00:00,5435.0498046875,5438.16015625,5430.7998046875,5437.6298828125,0
2025-05-21 13:00:00,5437.60986328125,5450.169921875,5435.1298828125,5448.2001953125,0
2025-05-21 14:00:00,5448.18994140625,5461.06005859375,5446.3701171875,5451.6201171875,0
2025-05-21 15:00:00,5451.8798828125,5456.85009765625,5450.080078125,5453.5498046875,0
2025-05-22 07:00:00,5448.31982421875,5448.31982421875,5406.7001953125,5409.669921875,0
2025-05-22 08:00:00,5409.419921875,5416.89990234375,5403.1201171875,5410.22021484375,0
2025-05-22 09:00:00,5409.93994140625,5411.169921875,5398.91015625,5402.7099609375,0
2025-05-22 10:00:00,5402.080078125,5405.10009765625,5394.64013671875,5397.75,0
2025-05-22 11:00:00,5398.06005859375,5406.080078125,5389.81982421875,5390.169921875,0
2025-05-22 12:00:00,5389.52978515625,5401.33984375,5385.16015625,5399.25,0
2025-05-22 13:00:00,5399.89013671875,5404.0400390625,5391.60009765625,5399.7001953125,0
2025-05-22 14:00:00,5399.77978515625,5417.6201171875,5399.77978515625,5416.85009765625,0
2025-05-22 15:00:00,5417.72021484375,5425.22998046875,5417.43017578125,5424.3701171875,0
2025-05-23 07:00:00,5426.68994140625,5441.8701171875,5426.68994140625,5434.33984375,0
2025-05-23 08:00:00,5434.0400390625,5439.02001953125,5426.85986328125,5428.509765625,0
2025-05-23 09:00:00,5428.72021484375,5428.72021484375,5408.18017578125,5418.08984375,0
2025-05-23 10:00:00,5417.2001953125,5420.990234375,5410.56982421875,5415.169921875,0
2025-05-23 11:00:00,5414.77978515625,5415.580078125,5287.5498046875,5287.5498046875,0
2025-05-23 12:00:00,5286.330078125,5299.64990234375,5252.93994140625,5283.93994140625,0
2025-05-23 13:00:00,5284.5498046875,5313.7900390625,5263.240234375,5309.31005859375,0
2025-05-23 14:00:00,5312.43994140625,5332.18994140625,5308.830078125,5326.81005859375,0
2025-05-23 15:00:00,5326.60986328125,5328.97021484375,5317.0,5319.5498046875,0
2025-05-26 07:00:00,5364.830078125,5412.56982421875,5364.830078125,5401.93017578125,0
2025-05-26 08:00:00,5401.85986328125,5405.52978515625,5396.02001953125,5397.64990234375,0
2025-05-26 09:00:00,5397.60986328125,5406.9501953125,5396.7099609375,5404.8798828125,0
2025-05-26 10:00:00,5404.669921875,5405.10009765625,5397.77001953125,5400.990234375,0
2025-05-26 11:00:00,5400.81982421875,5407.06982421875,5397.68994140625,5404.58984375,0
2025-05-26 12:00:00,5404.52001953125,5404.6298828125,5386.3701171875,5387.16015625,0
2025-05-26 13:00:00,5387.1298828125,5395.10986328125,5384.3701171875,5389.52978515625,0
2025-05-26 14:00:00,5389.35009765625,5395.56005859375,5383.6201171875,5395.3701171875,0
2025-05-26 15:00:00,5395.22021484375,5395.22021484375,5385.7099609375,5392.60986328125,0
2025-05-27 07:00:00,5391.1298828125,5423.330078125,5388.47021484375,5417.7998046875,0
2025-05-27 08:00:00,5417.72998046875,5420.16015625,5410.81982421875,5419.08984375,0
2025-05-27 09:00:00,5419.8701171875,5428.52978515625,5419.5,5424.3701171875,0
2025-05-27 10:00:00,5424.3798828125,5425.009765625,5417.7001953125,5419.60009765625,0
2025-05-27 11:00:00,5418.419921875,5418.740234375,5414.3798828125,5414.72021484375,0
2025-05-27 12:00:00,5414.6298828125,5417.759765625,5405.25,5409.830078125,0
2025-05-27 13:00:00,5409.9599609375,5418.14990234375,5408.009765625,5411.3701171875,0
2025-05-27 14:00:00,5411.509765625,5436.27978515625,5411.509765625,5424.330078125,0
2025-05-27 15:00:00,5424.8701171875,5428.14990234375,5422.0400390625,5425.2998046875,0
2025-05-28 07:00:00,5413.2099609375,5427.97021484375,5413.2099609375,5423.9501953125,0
2025-05-28 08:00:00,5424.39013671875,5426.169921875,5402.259765625,5402.39013671875,0
2025-05-28 09:00:00,5402.2998046875,5402.2998046875,5389.35986328125,5399.43994140625,0
2025-05-28 10:00:00,5400.0498046875,5408.669921875,5396.14990234375,5405.919921875,0
2025-05-28 11:00:00,5406.0498046875,5407.669921875,5394.02978515625,5397.10986328125,0
2025-05-28 12:00:00,5397.2001953125,5397.509765625,5384.18994140625,5386.68994140625,0
2025-05-28 13:00:00,5386.33984375,5399.91015625,5386.33984375,5392.830078125,0
2025-05-28 14:00:00,5392.41015625,5395.60986328125,5377.7998046875,5381.64990234375,0
2025-05-28 15:00:00,5381.72021484375,5387.85986328125,5378.9501953125,5379.89990234375,0
2025-05-30 07:00:00,5367.14990234375,5388.6201171875,5358.75,5385.66015625,0
2025-05-30 08:00:00,5385.56982421875,5397.740234375,5385.56982421875,5386.990234375,0
2025-05-30 09:00:00,5386.990234375,5402.22998046875,5386.990234375,5396.830078125,0
2025-05-30 10:00:00,5396.919921875,5400.89990234375,5392.1298828125,5394.1201171875,0
2025-05-30 11:00:00,5394.75,5400.9501953125,5392.43017578125,5392.47998046875,0
2025-05-30 12:00:00,5392.3798828125,5398.93017578125,5371.6298828125,5384.4599609375,0
2025-05-30 13:00:00,5384.3798828125,5395.1298828125,5372.5400390625,5380.43994140625,0
2025-05-30 14:00:00,5380.3701171875,5387.6298828125,5362.9599609375,5363.93017578125,0
2025-05-30 15:00:00,5364.89013671875,5377.68017578125,5364.89013671875,5367.759765625,0
2025-06-02 07:00:00,5337.39990234375,5351.66015625,5308.0498046875,5322.31982421875,0
2025-06-02 08:00:00,5322.2998046875,5348.1201171875,5322.2998046875,5341.75,0
2025-06-02 09:00:00,5341.66015625,5341.66015625,5322.52978515625,5325.7998046875,0
2025-06-02 10:00:00,5326.169921875,5332.8701171875,5318.169921875,5332.8701171875,0
2025-06-02 11:00:00,5333.2099609375,5343.22021484375,5332.14013671875,5339.419921875,0
2025-06-02 12:00:00,5339.2001953125,5343.33984375,5329.56982421875,5335.16015625,0
2025-06-02 13:00:00,5335.14990234375,5345.64990234375,5325.580078125,5329.68994140625,0
2025-06-02 14:00:00,5328.81982421875,5356.5400390625,5318.06982421875,5356.06982421875,0
2025-06-02 15:00:00,5355.8798828125,5364.22998046875,5355.8798828125,5360.33984375,0
2025-06-03 07:00:00,5363.990234375,5376.9501953125,5332.759765625,5335.9599609375,0
2025-06-03 08:00:00,5336.72998046875,5344.14013671875,5326.22021484375,5341.2001953125,0
2025-06-03 09:00:00,5341.259765625,5347.6201171875,5336.2001953125,5344.91015625,0
2025-06-03 10:00:00,5344.990234375,5350.0400390625,5342.2099609375,5348.77001953125,0
2025-06-03 11:00:00,5348.4599609375,5349.31982421875,5336.83984375,5344.91015625,0
2025-06-03 12:00:00,5344.8701171875,5350.5,5342.52001953125,5347.16015625,0
2025-06-03 13:00:00,5347.22998046875,5358.52978515625,5344.5498046875,5354.64990234375,0
2025-06-03 14:00:00,5354.60986328125,5362.56982421875,5349.580078125,5361.0498046875,0
2025-06-03 15:00:00,5360.580078125,5375.5498046875,5360.509765625,5374.0498046875,0
2025-06-04 07:00:00,5385.419921875,5408.0,5385.419921875,5408.0,0
2025-06-04 08:00:00,5407.35009765625,5415.93017578125,5405.66015625,5409.93017578125,0
2025-06-04 09:00:00,5410.52001953125,5424.08984375,5409.8701171875,5410.9599609375,0
2025-06-04 10:00:00,5410.75,5412.72021484375,5401.7900390625,5407.22998046875,0
2025-06-04 11:00:00,5407.10009765625,5411.4501953125,5396.18017578125,5407.97998046875,0
2025-06-04 12:00:00,5407.81005859375,5410.3701171875,5391.35986328125,5401.68994140625,0
2025-06-04 13:00:00,5401.68017578125,5404.5400390625,5388.47998046875,5401.759765625,0
2025-06-04 14:00:00,5402.22021484375,5413.33984375,5387.56005859375,5407.22998046875,0
2025-06-04 15:00:00,5407.2001953125,5412.06982421875,5404.89990234375,5405.47021484375,0
2025-06-05 07:00:00,5406.68994140625,5421.43017578125,5404.83984375,5421.43017578125,0
2025-06-05 08:00:00,5421.60009765625,5429.259765625,5420.330078125,5424.25,0
2025-06-05 09:00:00,5424.240234375,5429.68994140625,5420.72021484375,5428.02001953125,0
2025-06-05 10:00:00,5427.740234375,5430.3798828125,5419.39990234375,5420.3798828125,0
2025-06-05 11:00:00,5420.0,5420.10986328125,5411.419921875,5413.8701171875,0
2025-06-05 12:00:00,5413.2998046875,5432.3798828125,5408.0,5419.259765625,0
2025-06-05 13:00:00,5420.0498046875,5423.77001953125,5382.1298828125,5382.5498046875,0
2025-06-05 14:00:00,5384.97998046875,5411.43017578125,5383.43017578125,5409.33984375,0
2025-06-05 15:00:00,5408.990234375,5411.35009765625,5402.60986328125,5410.18994140625,0
2025-06-06 07:00:00,5407.14013671875,5409.93017578125,5395.580078125,5402.25,0
2025-06-06 08:00:00,5402.240234375,5407.4501953125,5400.33984375,5404.7998046875,0
2025-06-06 09:00:00,5404.9501953125,5413.56982421875,5400.02978515625,5409.60986328125,0
2025-06-06 10:00:00,5408.830078125,5412.41015625,5406.419921875,5410.6201171875,0
2025-06-06 11:00:00,5410.35986328125,5415.8798828125,5408.14990234375,5412.490234375,0
2025-06-06 12:00:00,5412.5498046875,5424.8701171875,5411.47021484375,5421.5,0
2025-06-06 13:00:00,5421.35009765625,5435.35986328125,5418.43017578125,5427.85986328125,0
2025-06-06 14:00:00,5428.93994140625,5428.93994140625,5419.06005859375,5424.7001953125,0
2025-06-06 15:00:00,5424.9501953125,5432.830078125,5423.4599609375,5426.35009765625,0
2025-06-10 07:00:00,5414.83984375,5426.669921875,5414.18994140625,5425.81982421875,0
2025-06-10 08:00:00,5426.6298828125,5428.18017578125,5396.169921875,5400.08984375,0
2025-06-10 09:00:00,5400.169921875,5413.68994140625,5397.7099609375,5409.8798828125,0
2025-06-10 10:00:00,5409.7998046875,5414.490234375,5404.64990234375,5411.97998046875,0
2025-06-10 11:00:00,5413.02001953125,5418.02978515625,5409.06005859375,5417.509765625,0
2025-06-10 12:00:00,5417.68017578125,5419.9599609375,5412.1201171875,5415.740234375,0
2025-06-10 13:00:00,5415.5498046875,5423.10009765625,5412.8701171875,5421.580078125,0
2025-06-10 14:00:00,5422.06005859375,5424.169921875,5413.06005859375,5413.1201171875,0
2025-06-10 15:00:00,5415.2099609375,5423.81982421875,5413.8701171875,5423.31005859375,0
2025-06-11 07:00:00,5418.2998046875,5425.18017578125,5413.169921875,5423.240234375,0
2025-06-11 08:00:00,5423.25,5429.72021484375,5421.5498046875,5424.4599609375,0
2025-06-11 09:00:00,5424.39013671875,5430.14990234375,5418.56005859375,5420.2900390625,0
2025-06-11 10:00:00,5420.740234375,5426.8798828125,5414.31005859375,5414.31005859375,0
2025-06-11 11:00:00,5414.35986328125,5415.830078125,5400.68994140625,5409.06982421875,0
2025-06-11 12:00:00,5408.81005859375,5427.10009765625,5405.5498046875,5415.93017578125,0
2025-06-11 13:00:00,5416.4599609375,5418.64013671875,5399.1201171875,5409.240234375,0
2025-06-11 14:00:00,5410.3701171875,5413.2099609375,5402.97998046875,5404.509765625,0
2025-06-11 15:00:00,5404.18017578125,5405.39990234375,5396.1298828125,5396.1298828125,0
2025-06-12 07:00:00,5377.33984375,5377.33984375,5336.43994140625,5338.0,0
2025-06-12 08:00:00,5336.740234375,5351.43017578125,5327.740234375,5350.25,0
2025-06-12 09:00:00,5350.0400390625,5357.669921875,5340.64013671875,5342.3798828125,0
2025-06-12 10:00:00,5342.1298828125,5345.43994140625,5329.22998046875,5341.6298828125,0
2025-06-12 11:00:00,5341.990234375,5347.02978515625,5339.18017578125,5341.60986328125,0
2025-06-12 12:00:00,5341.6201171875,5355.68017578125,5341.6201171875,5354.10986328125,0
2025-06-12 13:00:00,5354.47021484375,5361.85986328125,5351.18017578125,5357.7900390625,0
2025-06-12 14:00:00,5360.81982421875,5381.60009765625,5360.81982421875,5373.97021484375,0
2025-06-12 15:00:00,5373.9599609375,5377.3701171875,5359.990234375,5361.7900390625,0
2025-06-13 07:00:00,5329.27001953125,5329.27001953125,5276.2099609375,5297.1298828125,0
2025-06-13 08:00:00,5297.56005859375,5310.33984375,5274.080078125,5279.77978515625,0
2025-06-13 09:00:00,5280.2900390625,5293.25,5279.66015625,5290.35009765625,0
2025-06-13 10:00:00,5289.7998046875,5291.18017578125,5276.14013671875,5284.16015625,0
2025-06-13 11:00:00,5284.509765625,5305.47021484375,5281.52001953125,5302.240234375,0
2025-06-13 12:00:00,5301.89990234375,5303.2900390625,5286.14013671875,5287.009765625,0
2025-06-13 13:00:00,5286.47998046875,5293.14013671875,5276.8798828125,5278.14013671875,0
2025-06-13 14:00:00,5278.509765625,5283.10009765625,5269.10986328125,5281.22998046875,0
2025-06-13 15:00:00,5281.02978515625,5289.85009765625,5279.06982421875,5287.27978515625,0
2025-06-16 07:00:00,5295.919921875,5317.83984375,5295.919921875,5313.6298828125,0
2025-06-16 08:00:00,5313.56005859375,5323.7099609375,5308.4501953125,5323.31982421875,0
2025-06-16 09:00:00,5323.22021484375,5325.06982421875,5306.8798828125,5312.18994140625,0
2025-06-16 10:00:00,5312.0,5320.919921875,5310.830078125,5320.919921875,0
2025-06-16 11:00:00,5321.39013671875,5324.7099609375,5313.43994140625,5324.6201171875,0
2025-06-16 12:00:00,5324.5498046875,5334.14990234375,5324.5498046875,5325.7001953125,0
2025-06-16 13:00:00,5326.0498046875,5334.0498046875,5312.52978515625,5333.4599609375,0
2025-06-16 14:00:00,5337.009765625,5343.93994140625,5331.81005859375,5342.259765625,0
2025-06-16 15:00:00,5342.64990234375,5344.1201171875,5336.31982421875,5336.31982421875,0
2025-06-17 07:00:00,5311.08984375,5311.08984375,5265.2998046875,5286.06982421875,0
2025-06-17 08:00:00,5285.72021484375,5300.35986328125,5283.97021484375,5294.919921875,0
2025-06-17 09:00:00,5295.259765625,5297.66015625,5269.5400390625,5274.14990234375,0
2025-06-17 10:00:00,5274.080078125,5276.330078125,5268.27001953125,5274.9501953125,0
2025-06-17 11:00:00,5274.91015625,5296.2900390625,5273.22998046875,5296.2900390625,0
2025-06-17 12:00:00,5296.169921875,5301.5498046875,5291.93994140625,5294.81982421875,0
2025-06-17 13:00:00,5294.39990234375,5296.18994140625,5279.60009765625,5290.9501953125,0
2025-06-17 14:00:00,5291.5,5296.39013671875,5284.7001953125,5292.77978515625,0
2025-06-17 15:00:00,5293.27001953125,5299.919921875,5290.16015625,5290.16015625,0
2025-06-18 07:00:00,5288.6298828125,5298.39013671875,5287.31005859375,5292.5,0
2025-06-18 08:00:00,5292.7900390625,5300.25,5280.14013671875,5291.93017578125,0
2025-06-18 09:00:00,5292.31982421875,5297.72998046875,5288.2900390625,5291.52001953125,0
2025-06-18 10:00:00,5291.5,5291.9599609375,5261.18994140625,5262.68017578125,0
2025-06-18 11:00:00,5263.22021484375,5278.81005859375,5262.14013671875,5275.58984375,0
2025-06-18 12:00:00,5275.72021484375,5280.08984375,5263.85009765625,5264.6298828125,0
2025-06-18 13:00:00,5264.68994140625,5268.10009765625,5253.56005859375,5258.27001953125,0
2025-06-18 14:00:00,5257.64013671875,5286.759765625,5254.68017578125,5274.18994140625,0
2025-06-18 15:00:00,5275.080078125,5275.52001953125,5266.1298828125,5269.64990234375,0
2025-06-19 07:00:00,5248.419921875,5248.419921875,5215.35986328125,5218.47021484375,0
2025-06-19 08:00:00,5218.580078125,5232.490234375,5218.0498046875,5226.72021484375,0
2025-06-19 09:00:00,5227.22021484375,5238.10986328125,5225.43017578125,5233.7001953125,0
2025-06-19 10:00:00,5233.89013671875,5238.580078125,5228.1298828125,5237.14013671875,0
2025-06-19 11:00:00,5237.1201171875,5237.1201171875,5220.990234375,5226.89013671875,0
2025-06-19 12:00:00,5226.60986328125,5229.009765625,5214.9599609375,5218.39013671875,0
2025-06-19 13:00:00,5218.31005859375,5226.31982421875,5207.2099609375,5209.52001953125,0
2025-06-19 14:00:00,5210.14013671875,5218.6298828125,5208.14013671875,5216.5400390625,0
2025-06-19 15:00:00,5213.9501953125,5213.9599609375,5196.83984375,5200.58984375,0
2025-06-20 07:00:00,5208.18994140625,5251.93017578125,5208.18994140625,5248.740234375,0
2025-06-20 08:00:00,5248.8701171875,5249.8701171875,5228.1298828125,5231.43994140625,0
2025-06-20 09:00:00,5231.41015625,5254.18017578125,5230.72021484375,5249.56005859375,0
2025-06-20 10:00:00,5248.740234375,5249.06982421875,5235.1201171875,5244.72998046875,0
2025-06-20 11:00:00,5244.81982421875,5275.3798828125,5243.31982421875,5264.0498046875,0
2025-06-20 12:00:00,5262.83984375,5270.8798828125,5259.10009765625,5263.14990234375,0
2025-06-20 13:00:00,5262.419921875,5264.759765625,5245.83984375,5248.97998046875,0
2025-06-20 14:00:00,5250.009765625,5251.52978515625,5228.25,5231.81982421875,0
2025-06-20 15:00:00,5231.509765625,5237.43994140625,5229.06005859375,5230.1298828125,0
2025-06-23 07:00:00,5224.33984375,5244.2001953125,5201.66015625,5242.91015625,0
2025-06-23 08:00:00,5242.830078125,5249.18017578125,5237.25,5239.16015625,0
2025-06-23 09:00:00,5239.35986328125,5239.35986328125,5223.009765625,5227.7099609375,0
2025-06-23 10:00:00,5227.4501953125,5235.18994140625,5219.93017578125,5224.22021484375,0
2025-06-23 11:00:00,5224.169921875,5225.080078125,5189.58984375,5207.85009765625,0
2025-06-23 12:00:00,5208.18017578125,5221.39013671875,5208.18017578125,5220.91015625,0
2025-06-23 13:00:00,5220.35986328125,5220.64990234375,5204.77978515625,5219.89013671875,0
2025-06-23 14:00:00,5219.580078125,5230.5498046875,5219.580078125,5222.08984375,0
2025-06-23 15:00:00,5222.2099609375,5229.72021484375,5222.2099609375,5224.27001953125,0
2025-06-24 07:00:00,5261.919921875,5323.080078125,5261.919921875,5303.93017578125,0
2025-06-24 08:00:00,5304.8701171875,5309.919921875,5289.93994140625,5308.259765625,0
2025-06-24 09:00:00,5311.14013671875,5319.35009765625,5306.18017578125,5309.759765625,0
2025-06-24 10:00:00,5310.22998046875,5312.22021484375,5292.2998046875,5300.81005859375,0
2025-06-24 11:00:00,5299.35009765625,5300.419921875,5285.85009765625,5295.47021484375,0
2025-06-24 12:00:00,5294.89990234375,5299.9501953125,5289.759765625,5296.97998046875,0
2025-06-24 13:00:00,5296.89013671875,5301.43994140625,5289.009765625,5289.5498046875,0
2025-06-24 14:00:00,5291.56005859375,5307.33984375,5284.5,5301.27001953125,0
2025-06-24 15:00:00,5300.25,5301.85009765625,5295.22998046875,5298.1201171875,0
2025-06-25 07:00:00,5302.93994140625,5316.259765625,5300.2001953125,5304.9501953125,0
2025-06-25 08:00:00,5304.6201171875,5308.990234375,5291.81005859375,5297.4599609375,0
2025-06-25 09:00:00,5297.419921875,5297.8798828125,5284.5498046875,5286.31982421875,0
2025-06-25 10:00:00,5286.919921875,5288.35009765625,5276.77978515625,5278.39013671875,0
2025-06-25 11:00:00,5277.68994140625,5284.68017578125,5267.419921875,5282.81005859375,0
2025-06-25 12:00:00,5282.830078125,5283.68017578125,5268.56982421875,5275.22998046875,0
2025-06-25 13:00:00,5275.18017578125,5278.669921875,5265.10986328125,5268.93017578125,0
2025-06-25 14:00:00,5268.2900390625,5272.22021484375,5257.91015625,5259.77978515625,0
2025-06-25 15:00:00,5256.77001953125,5258.3798828125,5253.64990234375,5256.02001953125,0
2025-06-26 07:00:00,5261.16015625,5273.81005859375,5249.22998046875,5255.9599609375,0
2025-06-26 08:00:00,5256.10986328125,5262.8701171875,5255.509765625,5260.43994140625,0
2025-06-26 09:00:00,5260.22998046875,5264.02978515625,5254.8701171875,5261.58984375,0
2025-06-26 10:00:00,5262.22021484375,5266.240234375,5249.0400390625,5252.330078125,0
2025-06-26 11:00:00,5252.47021484375,5259.72998046875,5249.72998046875,5256.3798828125,0
2025-06-26 12:00:00,5256.18017578125,5256.66015625,5236.4599609375,5240.6201171875,0
2025-06-26 13:00:00,5239.85009765625,5243.2001953125,5222.759765625,5232.4501953125,0
2025-06-26 14:00:00,5231.60986328125,5250.39013671875,5231.60986328125,5245.22998046875,0
2025-06-26 15:00:00,5244.58984375,5249.740234375,5242.990234375,5244.06005859375,0
2025-06-27 07:00:00,5268.81982421875,5302.830078125,5268.81982421875,5298.47998046875,0
2025-06-27 08:00:00,5299.43017578125,5302.06982421875,5291.1298828125,5299.91015625,0
2025-06-27 09:00:00,5300.35009765625,5300.85009765625,5291.85009765625,5294.52001953125,0
2025-06-27 10:00:00,5295.1201171875,5296.3701171875,5285.35986328125,5293.64990234375,0
2025-06-27 11:00:00,5294.8701171875,5301.31005859375,5291.22998046875,5301.10009765625,0
2025-06-27 12:00:00,5301.0,5304.5,5293.1201171875,5297.18017578125,0
2025-06-27 13:00:00,5297.06005859375,5306.64990234375,5295.47021484375,5305.2900390625,0
2025-06-27 14:00:00,5305.8798828125,5320.2099609375,5299.66015625,5310.06005859375,0
2025-06-27 15:00:00,5310.10986328125,5321.93017578125,5310.10986328125,5320.85986328125,0
2025-06-30 07:00:00,5337.740234375,5341.77001953125,5316.0,5324.52978515625,0
2025-06-30 08:00:00,5324.330078125,5329.43017578125,5309.580078125,5310.31005859375,0
2025-06-30 09:00:00,5310.169921875,5322.60986328125,5308.06005859375,5308.740234375,0
2025-06-30 10:00:00,5309.06982421875,5322.18994140625,5309.06982421875,5320.81005859375,0
2025-06-30 11:00:00,5320.9599609375,5322.669921875,5315.080078125,5321.330078125,0
2025-06-30 12:00:00,5321.52978515625,5323.02001953125,5312.47021484375,5312.7998046875,0
2025-06-30 13:00:00,5312.919921875,5316.7998046875,5299.56982421875,5301.14013671875,0
2025-06-30 14:00:00,5301.33984375,5315.77001953125,5296.77001953125,5314.330078125,0
2025-06-30 15:00:00,5314.35986328125,5315.60986328125,5304.91015625,5310.1298828125,0
2025-07-01 07:00:00,5308.009765625,5314.39013671875,5296.25,5302.240234375,0
2025-07-01 08:00:00,5302.77001953125,5303.330078125,5287.0400390625,5291.18994140625,0
2025-07-01 09:00:00,5291.4501953125,5293.419921875,5274.97021484375,5282.43017578125,0
2025-07-01 10:00:00,5282.25,5289.5,5282.25,5289.5,0
2025-07-01 11:00:00,5289.490234375,5292.60986328125,5278.02978515625,5280.91015625,0
2025-07-01 12:00:00,5281.02978515625,5287.3798828125,5265.93994140625,5271.8701171875,0
2025-07-01 13:00:00,5273.02978515625,5295.10986328125,5272.080078125,5286.10986328125,0
2025-07-01 14:00:00,5287.490234375,5292.85009765625,5281.8701171875,5286.02978515625,0
2025-07-01 15:00:00,5286.1201171875,5288.7099609375,5282.009765625,5288.240234375,0
2025-07-02 07:00:00,5307.7900390625,5313.85986328125,5290.72998046875,5295.990234375,0
2025-07-02 08:00:00,5295.830078125,5312.06982421875,5295.830078125,5309.52001953125,0
2025-07-02 09:00:00,5309.58984375,5320.509765625,5307.81005859375,5315.6201171875,0
2025-07-02 10:00:00,5315.25,5315.25,5305.7998046875,5310.89990234375,0
2025-07-02 11:00:00,5310.990234375,5323.52978515625,5309.47998046875,5315.6201171875,0
2025-07-02 12:00:00,5315.16015625,5315.16015625,5285.25,5295.58984375,0
2025-07-02 13:00:00,5295.60986328125,5305.0498046875,5292.08984375,5296.009765625,0
2025-07-02 14:00:00,5296.06005859375,5317.58984375,5296.06005859375,5312.93017578125,0
2025-07-02 15:00:00,5312.7001953125,5318.43017578125,5312.2099609375,5317.60986328125,0
2025-07-03 07:00:00,5325.85009765625,5335.169921875,5324.43994140625,5327.89013671875,0
2025-07-03 08:00:00,5327.9501953125,5329.18994140625,5312.0400390625,5312.0400390625,0
2025-07-03 09:00:00,5311.759765625,5317.4501953125,5302.58984375,5304.81982421875,0
2025-07-03 10:00:00,5305.25,5314.14013671875,5302.6298828125,5310.2099609375,0
2025-07-03 11:00:00,5310.18017578125,5315.080078125,5309.35986328125,5313.2900390625,0
2025-07-03 12:00:00,5313.35009765625,5330.08984375,5307.8798828125,5327.7001953125,0
2025-07-03 13:00:00,5326.669921875,5335.3798828125,5324.18017578125,5334.68994140625,0
2025-07-03 14:00:00,5334.91015625,5342.18017578125,5332.3798828125,5333.72998046875,0
2025-07-03 15:00:00,5332.6298828125,5340.240234375,5332.31982421875,5336.72998046875,0
2025-07-04 07:00:00,5320.93994140625,5320.93994140625,5294.14013671875,5295.3701171875,0
2025-07-04 08:00:00,5295.5,5300.509765625,5274.8798828125,5278.64013671875,0
2025-07-04 09:00:00,5279.10986328125,5292.31982421875,5279.10986328125,5285.18017578125,0
2025-07-04 10:00:00,5285.18017578125,5292.009765625,5278.4501953125,5281.47998046875,0
2025-07-04 11:00:00,5281.6298828125,5288.8798828125,5281.4599609375,5288.8798828125,0
2025-07-04 12:00:00,5288.16015625,5289.64990234375,5281.2001953125,5281.58984375,0
2025-07-04 13:00:00,5282.080078125,5298.1298828125,5280.72021484375,5291.7099609375,0
2025-07-04 14:00:00,5292.56005859375,5298.7001953125,5288.169921875,5293.43017578125,0
2025-07-04 15:00:00,5293.68994140625,5297.52978515625,5286.47021484375,5289.93994140625,0
2025-07-07 07:00:00,5292.7900390625,5301.580078125,5291.259765625,5299.18994140625,0
2025-07-07 08:00:00,5299.1201171875,5300.89013671875,5289.18994140625,5299.10009765625,0
2025-07-07 09:00:00,5298.990234375,5313.259765625,5296.39990234375,5313.259765625,0
2025-07-07 10:00:00,5313.56005859375,5315.5498046875,5308.27001953125,5315.080078125,0
2025-07-07 11:00:00,5315.33984375,5324.490234375,5314.93017578125,5324.490234375,0
2025-07-07 12:00:00,5324.47998046875,5327.64013671875,5318.580078125,5318.89990234375,0
2025-07-07 13:00:00,5318.919921875,5338.330078125,5313.72998046875,5336.1298828125,0
2025-07-07 14:00:00,5336.60009765625,5337.93994140625,5327.72021484375,5334.39013671875,0
2025-07-07 15:00:00,5334.33984375,5338.43994140625,5333.919921875,5338.43994140625,0
2025-07-08 07:00:00,5346.330078125,5356.10986328125,5336.7998046875,5349.89990234375,0
2025-07-08 08:00:00,5350.10009765625,5350.10009765625,5335.06982421875,5338.97998046875,0
2025-07-08 09:00:00,5339.1201171875,5346.3701171875,5338.52001953125,5340.72021484375,0
2025-07-08 10:00:00,5340.43017578125,5349.9501953125,5338.990234375,5347.25,0
2025-07-08 11:00:00,5347.1201171875,5348.27001953125,5342.16015625,5342.7900390625,0
2025-07-08 12:00:00,5342.72998046875,5342.72998046875,5333.52978515625,5340.419921875,0
2025-07-08 13:00:00,5339.9501953125,5368.25,5339.9501953125,5362.509765625,0
2025-07-08 14:00:00,5361.2900390625,5375.41015625,5355.8701171875,5369.97998046875,0
2025-07-08 15:00:00,5369.89013671875,5373.7900390625,5365.22021484375,5365.830078125,0
2025-07-09 07:00:00,5382.02978515625,5406.31982421875,5382.02978515625,5405.58984375,0
2025-07-09 08:00:00,5405.66015625,5416.81982421875,5405.16015625,5410.7998046875,0
2025-07-09 09:00:00,5410.58984375,5434.85009765625,5410.58984375,5430.39990234375,0
2025-07-09 10:00:00,5430.58984375,5434.9501953125,5423.8701171875,5428.68017578125,0
2025-07-09 11:00:00,5428.81005859375,5434.06005859375,5428.6201171875,5434.06005859375,0
2025-07-09 12:00:00,5433.81982421875,5437.93994140625,5428.990234375,5436.72998046875,0
2025-07-09 13:00:00,5436.14990234375,5451.7001953125,5436.14990234375,5447.52978515625,0
2025-07-09 14:00:00,5448.47998046875,5448.47998046875,5435.72021484375,5439.52001953125,0
2025-07-09 15:00:00,5440.02001953125,5443.39990234375,5435.9501953125,5442.52978515625,0
2025-07-10 07:00:00,5452.2998046875,5470.81005859375,5452.2998046875,5461.41015625,0
2025-07-10 08:00:00,5460.35986328125,5465.2001953125,5458.2998046875,5462.27001953125,0
2025-07-10 09:00:00,5462.2900390625,5465.10986328125,5459.43017578125,5462.47021484375,0
2025-07-10 10:00:00,5462.490234375,5465.41015625,5458.7001953125,5459.56982421875,0
2025-07-10 11:00:00,5459.5,5459.5,5454.22021484375,5454.919921875,0
2025-07-10 12:00:00,5454.7900390625,5455.35009765625,5447.7099609375,5453.580078125,0
2025-07-10 13:00:00,5452.8701171875,5453.93017578125,5438.72998046875,5444.18017578125,0
2025-07-10 14:00:00,5444.580078125,5445.89013671875,5434.9501953125,5436.830078125,0
2025-07-10 15:00:00,5436.77001953125,5441.14990234375,5435.39990234375,5439.8701171875,0
2025-07-11 07:00:00,5423.0,5423.0,5397.009765625,5401.5400390625,0
2025-07-11 08:00:00,5400.91015625,5406.3798828125,5384.6298828125,5387.83984375,0
2025-07-11 09:00:00,5388.06005859375,5388.259765625,5370.169921875,5372.2099609375,0
2025-07-11 10:00:00,5373.14013671875,5378.2099609375,5370.41015625,5375.39013671875,0
2025-07-11 11:00:00,5375.06005859375,5389.14013671875,5375.009765625,5386.14013671875,0
2025-07-11 12:00:00,5385.93994140625,5386.7001953125,5375.14013671875,5386.33984375,0
2025-07-11 13:00:00,5386.830078125,5391.5498046875,5379.33984375,5385.56005859375,0
2025-07-11 14:00:00,5385.41015625,5385.5400390625,5377.9599609375,5382.18017578125,0
2025-07-11 15:00:00,5382.10986328125,5384.16015625,5376.93017578125,5379.02001953125,0
2025-07-14 07:00:00,5357.5,5357.5,5337.64013671875,5351.02978515625,0
2025-07-14 08:00:00,5350.580078125,5350.580078125,5338.14990234375,5347.52001953125,0
2025-07-14 09:00:00,5347.77001953125,5354.7099609375,5345.830078125,5351.02001953125,0
2025-07-14 10:00:00,5351.31005859375,5354.14990234375,5344.72021484375,5347.85986328125,0
2025-07-14 11:00:00,5347.7001953125,5351.0400390625,5339.22998046875,5351.02978515625,0
2025-07-14 12:00:00,5350.72021484375,5354.490234375,5344.68994140625,5345.14013671875,0
2025-07-14 13:00:00,5345.41015625,5352.56005859375,5341.1201171875,5348.7001953125,0
2025-07-14 14:00:00,5351.06005859375,5360.1201171875,5347.93017578125,5359.93017578125,0
2025-07-14 15:00:00,5359.72021484375,5370.52978515625,5358.83984375,5370.52978515625,0
2025-07-15 07:00:00,5374.6298828125,5395.7998046875,5374.6298828125,5394.33984375,0
2025-07-15 08:00:00,5394.2998046875,5397.759765625,5389.7998046875,5390.39990234375,0
2025-07-15 09:00:00,5390.58984375,5390.58984375,5380.9501953125,5390.14990234375,0
2025-07-15 10:00:00,5390.35986328125,5392.8798828125,5382.10986328125,5385.68017578125,0
2025-07-15 11:00:00,5385.97021484375,5386.10009765625,5377.64013671875,5378.8798828125,0
2025-07-15 12:00:00,5378.8798828125,5389.72021484375,5377.0,5380.9599609375,0
2025-07-15 13:00:00,5381.06982421875,5387.91015625,5359.83984375,5360.7099609375,0
2025-07-15 14:00:00,5361.2900390625,5372.240234375,5351.97998046875,5351.97998046875,0
2025-07-15 15:00:00,5351.3798828125,5360.419921875,5351.3798828125,5357.89013671875,0
2025-07-16 07:00:00,5327.77978515625,5337.22021484375,5316.97998046875,5334.0400390625,0
2025-07-16 08:00:00,5334.02001953125,5345.41015625,5330.31982421875,5339.759765625,0
2025-07-16 09:00:00,5339.75,5340.9501953125,5331.39990234375,5340.06005859375,0
2025-07-16 10:00:00,5339.56982421875,5345.759765625,5335.64013671875,5341.85986328125,0
2025-07-16 11:00:00,5340.43017578125,5351.43017578125,5340.43017578125,5349.2998046875,0
2025-07-16 12:00:00,5348.60986328125,5350.580078125,5344.0498046875,5346.5,0
2025-07-16 13:00:00,5346.169921875,5349.18994140625,5332.56982421875,5332.919921875,0
2025-07-16 14:00:00,5332.490234375,5336.8701171875,5319.89990234375,5320.169921875,0
2025-07-16 15:00:00,5319.759765625,5329.7900390625,5302.259765625,5314.68994140625,0
2025-07-17 07:00:00,5338.990234375,5359.22998046875,5338.990234375,5348.83984375,0
2025-07-17 08:00:00,5347.8798828125,5349.93017578125,5337.7099609375,5341.83984375,0
2025-07-17 09:00:00,5341.75,5346.990234375,5337.81982421875,5346.919921875,0
2025-07-17 10:00:00,5346.77001953125,5346.77001953125,5336.580078125,5343.0400390625,0
2025-07-17 11:00:00,5342.43017578125,5347.75,5338.47998046875,5342.8798828125,0
2025-07-17 12:00:00,5343.080078125,5353.31982421875,5343.080078125,5351.16015625,0
2025-07-17 13:00:00,5351.31982421875,5368.93994140625,5351.27978515625,5364.33984375,0
2025-07-17 14:00:00,5364.60009765625,5369.1201171875,5358.72998046875,5365.490234375,0
2025-07-17 15:00:00,5365.4599609375,5376.509765625,5363.6201171875,5376.08984375,0
2025-07-18 07:00:00,5385.3701171875,5404.18017578125,5385.3701171875,5403.64013671875,0
2025-07-18 08:00:00,5403.16015625,5404.31982421875,5395.47998046875,5399.25,0
2025-07-18 09:00:00,5400.47021484375,5403.89990234375,5396.75,5398.31005859375,0
2025-07-18 10:00:00,5398.2099609375,5399.669921875,5376.759765625,5376.759765625,0
2025-07-18 11:00:00,5376.740234375,5377.7001953125,5365.89990234375,5372.81982421875,0
2025-07-18 12:00:00,5372.759765625,5374.85009765625,5364.89990234375,5372.5498046875,0
2025-07-18 13:00:00,5372.759765625,5380.0400390625,5359.25,5361.39990234375,0
2025-07-18 14:00:00,5360.8798828125,5365.919921875,5353.47021484375,5359.75,0
2025-07-18 15:00:00,5359.580078125,5364.18994140625,5356.60009765625,5358.43017578125,0
2025-07-21 07:00:00,5358.18994140625,5360.0498046875,5336.91015625,5340.10009765625,0
2025-07-21 08:00:00,5340.31005859375,5346.1298828125,5337.52001953125,5344.68994140625,0
2025-07-21 09:00:00,5344.64990234375,5346.14990234375,5333.31982421875,5333.93017578125,0
2025-07-21 10:00:00,5333.830078125,5336.43017578125,5324.6201171875,5328.330078125,0
2025-07-21 11:00:00,5328.77001953125,5338.83984375,5328.33984375,5335.22021484375,0
2025-07-21 12:00:00,5335.02001953125,5336.52978515625,5323.97998046875,5324.0400390625,0
2025-07-21 13:00:00,5323.169921875,5332.27978515625,5318.52978515625,5332.14990234375,0
2025-07-21 14:00:00,5332.33984375,5340.06005859375,5330.39013671875,5336.35009765625,0
2025-07-21 15:00:00,5336.5498046875,5343.06982421875,5336.5498046875,5342.81982421875,0
2025-07-22 07:00:00,5332.31982421875,5332.31982421875,5309.1201171875,5309.72021484375,0
2025-07-22 08:00:00,5309.0,5319.39013671875,5306.14990234375,5310.75,0
2025-07-22 09:00:00,5311.10009765625,5311.10009765625,5304.77001953125,5307.35009765625,0
2025-07-22 10:00:00,5307.47998046875,5311.39990234375,5295.31005859375,5299.08984375,0
2025-07-22 11:00:00,5298.6298828125,5305.02978515625,5291.990234375,5302.2998046875,0
2025-07-22 12:00:00,5302.14990234375,5303.240234375,5292.9501953125,5299.740234375,0
2025-07-22 13:00:00,5299.6298828125,5312.72998046875,5280.72021484375,5281.72021484375,0
2025-07-22 14:00:00,5280.93017578125,5296.22998046875,5277.85009765625,5289.18994140625,0
2025-07-22 15:00:00,5289.22998046875,5291.6298828125,5285.18017578125,5287.6298828125,0
2025-07-23 07:00:00,5305.58984375,5357.14990234375,5305.58984375,5344.81982421875,0
2025-07-23 08:00:00,5343.68017578125,5371.35009765625,5342.240234375,5366.85009765625,0
2025-07-23 09:00:00,5367.66015625,5368.64013671875,5359.16015625,5364.4501953125,0
2025-07-23 10:00:00,5363.16015625,5364.1298828125,5343.58984375,5343.58984375,0
2025-07-23 11:00:00,5343.4501953125,5344.18017578125,5332.89013671875,5343.64990234375,0
2025-07-23 12:00:00,5343.43017578125,5348.41015625,5337.75,5347.919921875,0
2025-07-23 13:00:00,5347.56005859375,5348.330078125,5329.72021484375,5329.72021484375,0
2025-07-23 14:00:00,5331.990234375,5345.43017578125,5327.1298828125,5343.02978515625,0
2025-07-23 15:00:00,5342.14990234375,5345.47021484375,5337.6298828125,5344.3701171875,0
2025-07-24 07:00:00,5365.919921875,5396.31005859375,5365.919921875,5379.830078125,0
2025-07-24 08:00:00,5379.68994140625,5389.18994140625,5379.68994140625,5383.6201171875,0
2025-07-24 09:00:00,5383.77001953125,5386.89013671875,5373.72998046875,5377.66015625,0
2025-07-24 10:00:00,5377.1201171875,5377.1201171875,5359.0400390625,5360.02978515625,0
2025-07-24 11:00:00,5359.72998046875,5370.5498046875,5357.33984375,5366.5400390625,0
2025-07-24 12:00:00,5366.5498046875,5371.10009765625,5361.3798828125,5367.89013671875,0
2025-07-24 13:00:00,5367.669921875,5367.669921875,5342.31982421875,5346.43017578125,0
2025-07-24 14:00:00,5346.5498046875,5357.490234375,5338.4599609375,5354.490234375,0
2025-07-24 15:00:00,5354.580078125,5362.3701171875,5353.669921875,5358.64990234375,0
2025-07-25 07:00:00,5342.66015625,5342.66015625,5317.5400390625,5322.9599609375,0
2025-07-25 08:00:00,5323.2998046875,5344.89013671875,5318.240234375,5341.6201171875,0
2025-07-25 09:00:00,5340.919921875,5349.31005859375,5338.14013671875,5345.10009765625,0
2025-07-25 10:00:00,5344.06982421875,5344.43994140625,5334.6298828125,5335.02001953125,0
2025-07-25 11:00:00,5335.3701171875,5336.60986328125,5330.10009765625,5331.740234375,0
2025-07-25 12:00:00,5331.7998046875,5341.39013671875,5331.7998046875,5334.7099609375,0
2025-07-25 13:00:00,5334.60009765625,5339.66015625,5323.77001953125,5339.66015625,0
2025-07-25 14:00:00,5339.3798828125,5359.0,5335.7900390625,5356.6201171875,0
2025-07-25 15:00:00,5356.72021484375,5362.22998046875,5354.22021484375,5357.52978515625,0
2025-07-28 07:00:00,5381.58984375,5417.27978515625,5381.58984375,5407.080078125,0
2025-07-28 08:00:00,5407.06005859375,5407.7998046875,5395.740234375,5397.0,0
2025-07-28 09:00:00,5397.169921875,5403.0,5390.64990234375,5399.18017578125,0
2025-07-28 10:00:00,5399.0,5400.31005859375,5391.31005859375,5392.89990234375,0
2025-07-28 11:00:00,5392.2001953125,5394.14990234375,5379.7001953125,5380.4599609375,0
2025-07-28 12:00:00,5379.68994140625,5380.8798828125,5365.35986328125,5373.080078125,0
2025-07-28 13:00:00,5373.2900390625,5374.1201171875,5340.66015625,5341.169921875,0
2025-07-28 14:00:00,5340.9599609375,5344.509765625,5330.97021484375,5333.6298828125,0
2025-07-28 15:00:00,5333.7099609375,5341.41015625,5332.10986328125,5333.89013671875,0
2025-07-29 07:00:00,5340.77978515625,5382.1298828125,5340.77978515625,5379.2900390625,0
2025-07-29 08:00:00,5379.39013671875,5386.18017578125,5374.2099609375,5383.39990234375,0
2025-07-29 09:00:00,5383.7900390625,5394.740234375,5383.7900390625,5394.740234375,0
2025-07-29 10:00:00,5394.56982421875,5412.509765625,5394.25,5408.64013671875,0
2025-07-29 11:00:00,5408.919921875,5409.77978515625,5386.10009765625,5396.60009765625,0
2025-07-29 12:00:00,5396.2900390625,5402.419921875,5391.2099609375,5400.25,0
2025-07-29 13:00:00,5400.16015625,5403.2900390625,5395.0498046875,5395.330078125,0
2025-07-29 14:00:00,5394.77978515625,5394.77978515625,5378.72021484375,5379.0400390625,0
2025-07-29 15:00:00,5378.8798828125,5379.85986328125,5373.330078125,5374.22998046875,0
2025-07-30 07:00:00,5376.43017578125,5376.52978515625,5363.97998046875,5373.58984375,0
2025-07-30 08:00:00,5373.25,5385.3701171875,5371.009765625,5384.52978515625,0
2025-07-30 09:00:00,5384.6298828125,5396.7001953125,5383.72021484375,5395.990234375,0
2025-07-30 10:00:00,5396.52001953125,5398.77001953125,5387.35009765625,5389.0498046875,0
2025-07-30 11:00:00,5389.22998046875,5392.919921875,5384.52001953125,5392.419921875,0
2025-07-30 12:00:00,5392.5400390625,5396.83984375,5386.75,5394.89990234375,0
2025-07-30 13:00:00,5394.2001953125,5403.81982421875,5391.81005859375,5401.97021484375,0
2025-07-30 14:00:00,5403.33984375,5404.080078125,5393.52978515625,5396.1201171875,0
2025-07-30 15:00:00,5396.06005859375,5400.27001953125,5394.35009765625,5395.60009765625,0
2025-07-31 07:00:00,5405.66015625,5419.6201171875,5397.990234375,5411.39013671875,0
2025-07-31 08:00:00,5411.330078125,5412.6201171875,5391.72021484375,5393.93017578125,0
2025-07-31 09:00:00,5393.7900390625,5395.08984375,5375.830078125,5387.0,0
2025-07-31 10:00:00,5386.91015625,5393.169921875,5366.39013671875,5368.06982421875,0
2025-07-31 11:00:00,5367.60009765625,5371.35986328125,5360.75,5360.75,0
2025-07-31 12:00:00,5360.89990234375,5366.47021484375,5355.81005859375,5356.5,0
2025-07-31 13:00:00,5356.4599609375,5361.4599609375,5340.77978515625,5348.580078125,0
2025-07-31 14:00:00,5347.14013671875,5352.9599609375,5324.89013671875,5325.2099609375,0
2025-07-31 15:00:00,5324.81982421875,5332.8701171875,5317.60986328125,5326.02978515625,0
2025-08-04 07:00:00,5170.47998046875,5225.52001953125,5170.47998046875,5220.31982421875,0
2025-08-04 08:00:00,5220.35986328125,5232.27001953125,5212.93994140625,5232.27001953125,0
2025-08-04 09:00:00,5232.3701171875,5238.0,5226.58984375,5226.58984375,0
2025-08-04 10:00:00,5226.759765625,5233.10986328125,5225.75,5228.35009765625,0
2025-08-04 11:00:00,5228.990234375,5233.330078125,5220.7099609375,5232.58984375,0
2025-08-04 12:00:00,5232.580078125,5238.68994140625,5231.22021484375,5238.3798828125,0
2025-08-04 13:00:00,5238.52978515625,5242.1201171875,5231.2001953125,5237.0,0
2025-08-04 14:00:00,5237.39013671875,5241.91015625,5228.240234375,5236.490234375,0
2025-08-04 15:00:00,5236.25,5242.1201171875,5235.93994140625,5241.5,0
2025-08-05 07:00:00,5254.75,5268.56005859375,5243.7099609375,5245.75,0
2025-08-05 08:00:00,5246.18994140625,5252.22021484375,5237.47021484375,5250.56982421875,0
2025-08-05 09:00:00,5250.7099609375,5256.669921875,5245.22021484375,5256.580078125,0
2025-08-05 10:00:00,5257.009765625,5263.39013671875,5257.009765625,5262.43017578125,0
2025-08-05 11:00:00,5261.740234375,5264.89013671875,5258.52978515625,5264.58984375,0
2025-08-05 12:00:00,5264.64990234375,5270.4501953125,5253.169921875,5267.68994140625,0
2025-08-05 13:00:00,5267.35009765625,5269.919921875,5260.8701171875,5266.06982421875,0
2025-08-05 14:00:00,5265.990234375,5265.990234375,5235.919921875,5244.990234375,0
2025-08-05 15:00:00,5244.35009765625,5252.93017578125,5240.240234375,5251.330078125,0
2025-08-06 07:00:00,5260.4501953125,5281.31982421875,5260.4501953125,5280.97021484375,0
2025-08-06 08:00:00,5281.080078125,5282.5400390625,5260.39990234375,5261.72021484375,0
2025-08-06 09:00:00,5261.740234375,5271.89990234375,5259.4599609375,5270.990234375,0
2025-08-06 10:00:00,5270.60009765625,5270.60009765625,5254.2001953125,5257.080078125,0
2025-08-06 11:00:00,5256.56005859375,5263.0,5255.64990234375,5260.72021484375,0
2025-08-06 12:00:00,5260.43017578125,5263.08984375,5254.10009765625,5257.5,0
2025-08-06 13:00:00,5257.490234375,5265.91015625,5256.3701171875,5259.43017578125,0
2025-08-06 14:00:00,5257.72021484375,5265.68994140625,5252.669921875,5256.259765625,0
2025-08-06 15:00:00,5256.47021484375,5264.10986328125,5254.0498046875,5263.6298828125,0
2025-08-07 07:00:00,5261.31982421875,5288.75,5261.31982421875,5287.14990234375,0
2025-08-07 08:00:00,5286.77978515625,5325.43994140625,5285.669921875,5322.66015625,0
2025-08-07 09:00:00,5321.97998046875,5353.8798828125,5320.72021484375,5344.68994140625,0
2025-08-07 10:00:00,5344.8798828125,5347.10009765625,5334.97021484375,5339.9501953125,0
2025-08-07 11:00:00,5339.58984375,5351.1201171875,5338.72998046875,5339.85009765625,0
2025-08-07 12:00:00,5339.93994140625,5352.669921875,5337.60009765625,5351.1201171875,0
2025-08-07 13:00:00,5350.91015625,5352.8798828125,5343.41015625,5344.759765625,0
2025-08-07 14:00:00,5344.83984375,5345.31005859375,5325.509765625,5330.9501953125,0
2025-08-07 15:00:00,5331.22021484375,5338.259765625,5326.9501953125,5331.990234375,0
2025-08-08 07:00:00,5336.259765625,5344.1298828125,5326.52978515625,5331.93017578125,0
2025-08-08 08:00:00,5332.240234375,5344.31982421875,5330.97021484375,5334.91015625,0
2025-08-08 09:00:00,5334.740234375,5341.56982421875,5332.91015625,5338.580078125,0
2025-08-08 10:00:00,5338.43994140625,5345.06005859375,5338.43994140625,5341.3701171875,0
2025-08-08 11:00:00,5341.419921875,5343.8798828125,5338.1201171875,5342.0,0
2025-08-08 12:00:00,5341.919921875,5342.240234375,5332.240234375,5336.31005859375,0
2025-08-08 13:00:00,5337.10986328125,5339.06982421875,5330.39013671875,5330.39013671875,0
2025-08-08 14:00:00,5331.259765625,5366.9599609375,5331.259765625,5345.009765625,0
2025-08-08 15:00:00,5344.89990234375,5354.06982421875,5344.60986328125,5354.02001953125,0
2025-08-11 07:00:00,5360.25,5371.25,5341.9501953125,5342.1298828125,0
2025-08-11 08:00:00,5342.43017578125,5342.66015625,5332.18994140625,5333.43994140625,0
2025-08-11 09:00:00,5332.75,5343.14013671875,5332.43017578125,5342.14990234375,0
2025-08-11 10:00:00,5342.14990234375,5342.27978515625,5328.5498046875,5331.77001953125,0
2025-08-11 11:00:00,5331.8798828125,5343.919921875,5329.72998046875,5343.8701171875,0
2025-08-11 12:00:00,5343.89013671875,5348.68017578125,5336.85009765625,5336.85009765625,0
2025-08-11 13:00:00,5336.81005859375,5339.0400390625,5328.91015625,5334.240234375,0
2025-08-11 14:00:00,5335.259765625,5337.2900390625,5325.72998046875,5329.02978515625,0
2025-08-11 15:00:00,5328.68994140625,5332.41015625,5326.5498046875,5330.27001953125,0
2025-08-12 07:00:00,5340.18994140625,5348.7001953125,5336.02001953125,5342.22998046875,0
2025-08-12 08:00:00,5342.43017578125,5343.39990234375,5333.56005859375,5334.43017578125,0
2025-08-12 09:00:00,5334.58984375,5337.66015625,5316.919921875,5318.66015625,0
2025-08-12 10:00:00,5318.91015625,5319.81982421875,5312.18994140625,5317.06005859375,0
2025-08-12 11:00:00,5317.22998046875,5317.97021484375,5313.009765625,5316.0,0
2025-08-12 12:00:00,5315.93017578125,5338.39990234375,5315.83984375,5333.60009765625,0
2025-08-12 13:00:00,5333.33984375,5333.72021484375,5313.830078125,5317.669921875,0
2025-08-12 14:00:00,5319.27978515625,5338.97021484375,5317.06982421875,5335.10009765625,0
2025-08-12 15:00:00,5335.14990234375,5342.919921875,5334.68017578125,5339.93017578125,0
2025-08-13 07:00:00,5342.22998046875,5371.33984375,5342.22998046875,5367.14013671875,0
2025-08-13 08:00:00,5367.18017578125,5381.7900390625,5365.06005859375,5381.2001953125,0
2025-08-13 09:00:00,5381.5400390625,5383.490234375,5374.14013671875,5378.5498046875,0
2025-08-13 10:00:00,5378.830078125,5382.77001953125,5377.1298828125,5382.77001953125,0
2025-08-13 11:00:00,5381.85009765625,5384.669921875,5377.919921875,5378.58984375,0
2025-08-13 12:00:00,5378.77001953125,5386.06005859375,5378.06005859375,5383.169921875,0
2025-08-13 13:00:00,5382.759765625,5392.02001953125,5379.3798828125,5387.68994140625,0
2025-08-13 14:00:00,5387.77001953125,5394.2998046875,5382.330078125,5382.919921875,0
2025-08-13 15:00:00,5383.77001953125,5390.759765625,5383.5400390625,5390.60986328125,0
2025-08-14 07:00:00,5391.830078125,5403.39013671875,5390.3701171875,5403.39013671875,0
2025-08-14 08:00:00,5403.6201171875,5406.240234375,5393.2099609375,5394.89990234375,0
2025-08-14 09:00:00,5394.64013671875,5404.97998046875,5394.56005859375,5402.22998046875,0
2025-08-14 10:00:00,5402.39990234375,5405.85986328125,5400.77001953125,5403.39990234375,0
2025-08-14 11:00:00,5403.509765625,5423.14013671875,5403.509765625,5422.68017578125,0
2025-08-14 12:00:00,5422.64990234375,5422.64990234375,5402.919921875,5403.830078125,0
2025-08-14 13:00:00,5404.18017578125,5419.3798828125,5401.759765625,5419.3798828125,0
2025-08-14 14:00:00,5419.89990234375,5438.3701171875,5419.89990234375,5430.60009765625,0
2025-08-14 15:00:00,5430.3798828125,5433.169921875,5425.990234375,5430.3701171875,0
2025-08-15 07:00:00,5441.259765625,5464.0498046875,5441.259765625,5461.93017578125,0
2025-08-15 08:00:00,5462.0400390625,5465.56982421875,5452.18994140625,5452.18994140625,0
2025-08-15 09:00:00,5452.2001953125,5464.56982421875,5452.2001953125,5459.27978515625,0
2025-08-15 10:00:00,5457.330078125,5457.330078125,5448.0400390625,5450.8798828125,0
2025-08-15 11:00:00,5451.60986328125,5452.16015625,5444.83984375,5447.5,0
2025-08-15 12:00:00,5447.4501953125,5447.4501953125,5441.6201171875,5442.22021484375,0
2025-08-15 13:00:00,5442.22021484375,5453.830078125,5441.4599609375,5446.22021484375,0
2025-08-15 14:00:00,5446.81982421875,5448.27978515625,5440.56982421875,5446.18994140625,0
2025-08-15 15:00:00,5446.35009765625,5452.25,5444.60009765625,5450.10986328125,0
2025-08-18 07:00:00,5446.77978515625,5451.66015625,5421.5400390625,5426.52001953125,0
2025-08-18 08:00:00,5425.7001953125,5431.31982421875,5416.16015625,5429.35986328125,0
2025-08-18 09:00:00,5429.56005859375,5432.3798828125,5418.7900390625,5418.83984375,0
2025-08-18 10:00:00,5418.5,5420.33984375,5412.22021484375,5413.8701171875,0
2025-08-18 11:00:00,5413.990234375,5418.509765625,5413.4501953125,5417.10009765625,0
2025-08-18 12:00:00,5416.83984375,5420.240234375,5414.2998046875,5418.85009765625,0
2025-08-18 13:00:00,5418.64013671875,5433.41015625,5418.509765625,5424.31982421875,0
2025-08-18 14:00:00,5423.66015625,5428.77978515625,5419.490234375,5423.9501953125,0
2025-08-18 15:00:00,5423.990234375,5431.75,5422.7001953125,5430.4501953125,0
2025-08-19 07:00:00,5438.97998046875,5451.4599609375,5438.97998046875,5447.06005859375,0
2025-08-19 08:00:00,5446.8701171875,5463.75,5446.8701171875,5463.3798828125,0
2025-08-19 09:00:00,5463.5,5477.97998046875,5462.0498046875,5470.0498046875,0
2025-08-19 10:00:00,5469.5,5473.72021484375,5461.93017578125,5464.58984375,0
2025-08-19 11:00:00,5464.93017578125,5472.080078125,5464.93017578125,5471.2001953125,0
2025-08-19 12:00:00,5471.02978515625,5478.60986328125,5471.02978515625,5477.490234375,0
2025-08-19 13:00:00,5477.419921875,5486.22998046875,5476.35986328125,5478.43017578125,0
2025-08-19 14:00:00,5477.81982421875,5489.39013671875,5477.81982421875,5484.14013671875,0
2025-08-19 15:00:00,5483.52978515625,5486.31982421875,5477.39990234375,5485.56982421875,0
2025-08-20 07:00:00,5475.580078125,5475.580078125,5450.830078125,5470.3701171875,0
2025-08-20 08:00:00,5470.41015625,5478.68994140625,5462.81005859375,5475.10986328125,0
2025-08-20 09:00:00,5475.0400390625,5485.68017578125,5474.919921875,5479.0400390625,0
2025-08-20 10:00:00,5479.93017578125,5485.1201171875,5478.93994140625,5482.5400390625,0
2025-08-20 11:00:00,5483.39990234375,5487.009765625,5482.14990234375,5485.509765625,0
2025-08-20 12:00:00,5485.60009765625,5491.52001953125,5480.39013671875,5480.60986328125,0
2025-08-20 13:00:00,5480.43017578125,5488.25,5471.1201171875,5473.41015625,0
2025-08-20 14:00:00,5474.18994140625,5481.830078125,5462.10986328125,5463.419921875,0
2025-08-20 15:00:00,5463.56005859375,5472.14990234375,5460.0,5471.6298828125,0
2025-08-21 07:00:00,5469.919921875,5470.60009765625,5459.02001953125,5461.77001953125,0
2025-08-21 08:00:00,5461.77001953125,5466.93017578125,5453.81005859375,5454.89990234375,0
2025-08-21 09:00:00,5453.81005859375,5457.02001953125,5449.83984375,5452.169921875,0
2025-08-21 10:00:00,5452.27001953125,5452.27001953125,5445.6201171875,5447.68994140625,0
2025-08-21 11:00:00,5447.3701171875,5454.41015625,5439.27001953125,5445.93994140625,0
2025-08-21 12:00:00,5445.7900390625,5450.10986328125,5443.68994140625,5444.259765625,0
2025-08-21 13:00:00,5444.259765625,5455.08984375,5443.85009765625,5453.02001953125,0
2025-08-21 14:00:00,5452.5400390625,5464.85986328125,5452.39013671875,5460.68017578125,0
2025-08-21 15:00:00,5460.66015625,5463.0498046875,5456.81005859375,5459.81982421875,0
2025-08-22 07:00:00,5457.93994140625,5468.490234375,5448.56005859375,5468.490234375,0
2025-08-22 08:00:00,5468.06982421875,5481.64013671875,5466.7001953125,5480.93017578125,0
2025-08-22 09:00:00,5482.14990234375,5482.14990234375,5472.72021484375,5477.31982421875,0
2025-08-22 10:00:00,5477.77001953125,5482.83984375,5474.1201171875,5479.5498046875,0
2025-08-22 11:00:00,5479.89990234375,5483.02001953125,5473.18017578125,5475.85009765625,0
2025-08-22 12:00:00,5475.58984375,5477.93017578125,5473.22021484375,5476.66015625,0
2025-08-22 13:00:00,5476.6201171875,5488.97021484375,5475.75,5485.68017578125,0
2025-08-22 14:00:00,5486.27978515625,5510.68994140625,5486.27978515625,5493.97021484375,0
2025-08-22 15:00:00,5493.06005859375,5494.60986328125,5486.490234375,5491.91015625,0
2025-08-25 07:00:00,5480.52978515625,5480.52978515625,5460.009765625,5468.22021484375,0
2025-08-25 08:00:00,5467.97998046875,5468.02001953125,5456.60009765625,5465.9501953125,0
2025-08-25 09:00:00,5465.72998046875,5465.72998046875,5460.85009765625,5463.75,0
2025-08-25 10:00:00,5463.5498046875,5469.669921875,5461.16015625,5466.93017578125,0
2025-08-25 11:00:00,5466.5400390625,5469.830078125,5462.06005859375,5464.3798828125,0
2025-08-25 12:00:00,5464.4599609375,5467.43017578125,5458.56982421875,5466.10009765625,0
2025-08-25 13:00:00,5465.47998046875,5475.830078125,5465.47998046875,5475.18017578125,0
2025-08-25 14:00:00,5475.669921875,5477.3798828125,5444.7998046875,5449.3798828125,0
2025-08-25 15:00:00,5449.580078125,5454.22998046875,5441.080078125,5441.080078125,0
2025-08-26 07:00:00,5413.31982421875,5413.31982421875,5376.10986328125,5393.60986328125,0
2025-08-26 08:00:00,5392.240234375,5403.009765625,5383.9501953125,5399.3798828125,0
2025-08-26 09:00:00,5399.080078125,5404.509765625,5392.85986328125,5400.97021484375,0
2025-08-26 10:00:00,5401.1298828125,5409.31982421875,5399.580078125,5405.31005859375,0
2025-08-26 11:00:00,5405.3798828125,5406.6201171875,5394.14990234375,5396.31005859375,0
2025-08-26 12:00:00,5396.31982421875,5410.669921875,5395.27001953125,5404.759765625,0
2025-08-26 13:00:00,5405.1298828125,5405.81982421875,5395.97021484375,5400.43017578125,0
2025-08-26 14:00:00,5401.72998046875,5408.14990234375,5395.56005859375,5396.97998046875,0
2025-08-26 15:00:00,5396.02001953125,5398.27978515625,5387.89013671875,5387.93017578125,0
2025-08-27 07:00:00,5385.68994140625,5402.68994140625,5382.18994140625,5392.31005859375,0
2025-08-27 08:00:00,5392.77978515625,5395.35986328125,5365.97021484375,5379.6298828125,0
2025-08-27 09:00:00,5379.830078125,5392.81982421875,5379.830078125,5389.2998046875,0
2025-08-27 10:00:00,5389.35009765625,5395.419921875,5388.6201171875,5392.08984375,0
2025-08-27 11:00:00,5391.22021484375,5399.35009765625,5391.0,5395.58984375,0
2025-08-27 12:00:00,5395.43017578125,5403.990234375,5385.60986328125,5389.77978515625,0
2025-08-27 13:00:00,5389.72021484375,5396.75,5385.27001953125,5392.490234375,0
2025-08-27 14:00:00,5392.68994140625,5397.27001953125,5377.89013671875,5388.41015625,0
2025-08-27 15:00:00,5387.52978515625,5400.1298828125,5387.52978515625,5393.490234375,0
2025-08-28 07:00:00,5398.5400390625,5427.25,5398.5400390625,5425.81005859375,0
2025-08-28 08:00:00,5426.7001953125,5430.81005859375,5408.47021484375,5411.64990234375,0
2025-08-28 09:00:00,5411.72021484375,5413.06982421875,5399.3798828125,5405.56982421875,0
2025-08-28 10:00:00,5405.080078125,5405.080078125,5386.02978515625,5387.3701171875,0
2025-08-28 11:00:00,5386.9501953125,5395.77001953125,5378.0498046875,5395.77001953125,0
2025-08-28 12:00:00,5395.759765625,5409.43017578125,5395.759765625,5409.10009765625,0
2025-08-28 13:00:00,5408.85986328125,5412.509765625,5398.0400390625,5398.0400390625,0
2025-08-28 14:00:00,5398.18017578125,5408.47021484375,5396.43017578125,5398.64013671875,0
2025-08-28 15:00:00,5398.7001953125,5403.47021484375,5395.64013671875,5397.8798828125,0
2025-08-29 07:00:00,5384.93017578125,5395.22998046875,5366.8701171875,5367.5498046875,0
2025-08-29 08:00:00,5367.22021484375,5371.419921875,5352.56005859375,5356.68994140625,0
2025-08-29 09:00:00,5356.91015625,5375.18994140625,5355.490234375,5373.990234375,0
2025-08-29 10:00:00,5373.330078125,5373.64013671875,5361.330078125,5367.990234375,0
2025-08-29 11:00:00,5368.56005859375,5379.580078125,5367.66015625,5377.259765625,0
2025-08-29 12:00:00,5377.10986328125,5381.490234375,5370.8798828125,5381.0498046875,0
2025-08-29 13:00:00,5381.18994140625,5383.68017578125,5371.43994140625,5371.580078125,0
2025-08-29 14:00:00,5371.9599609375,5377.22998046875,5355.919921875,5356.64990234375,0
2025-08-29 15:00:00,5356.7900390625,5363.7998046875,5354.91015625,5354.91015625,0
2025-09-01 07:00:00,5351.43994140625,5377.740234375,5351.43994140625,5367.64990234375,0
2025-09-01 08:00:00,5367.6298828125,5376.830078125,5366.4599609375,5373.580078125,0
2025-09-01 09:00:00,5373.6201171875,5373.6201171875,5363.81982421875,5369.39013671875,0
2025-09-01 10:00:00,5369.330078125,5372.330078125,5358.89990234375,5362.25,0
2025-09-01 11:00:00,5363.81982421875,5366.77001953125,5360.56982421875,5361.27978515625,0
2025-09-01 12:00:00,5361.4599609375,5366.56005859375,5357.759765625,5366.56005859375,0
2025-09-01 13:00:00,5366.7099609375,5369.08984375,5359.64990234375,5367.60986328125,0
2025-09-01 14:00:00,5367.5400390625,5369.259765625,5357.990234375,5360.8701171875,0
2025-09-01 15:00:00,5360.56005859375,5364.52978515625,5359.2099609375,5364.52978515625,0
2025-09-02 07:00:00,5367.56005859375,5368.759765625,5326.990234375,5331.52001953125,0
2025-09-02 08:00:00,5331.58984375,5350.35986328125,5329.35009765625,5342.7001953125,0
2025-09-02 09:00:00,5342.81982421875,5344.83984375,5333.56005859375,5342.4599609375,0
2025-09-02 10:00:00,5342.4501953125,5345.97021484375,5325.43994140625,5328.7998046875,0
2025-09-02 11:00:00,5328.77978515625,5329.31982421875,5315.68994140625,5316.68994140625,0
2025-09-02 12:00:00,5316.7998046875,5317.39990234375,5293.08984375,5296.85009765625,0
2025-09-02 13:00:00,5296.7998046875,5316.56005859375,5293.31005859375,5314.68994140625,0
2025-09-02 14:00:00,5316.72998046875,5321.81982421875,5300.47021484375,5302.2001953125,0
2025-09-02 15:00:00,5301.4599609375,5302.259765625,5290.4599609375,5293.85986328125,0
2025-09-03 07:00:00,5311.89013671875,5330.240234375,5304.97998046875,5317.39990234375,0
2025-09-03 08:00:00,5317.6298828125,5339.75,5315.60009765625,5336.77001953125,0
2025-09-03 09:00:00,5336.10986328125,5338.14013671875,5328.8701171875,5335.5498046875,0
2025-09-03 10:00:00,5335.490234375,5342.4501953125,5333.330078125,5333.330078125,0
2025-09-03 11:00:00,5333.4599609375,5336.91015625,5328.4599609375,5330.7099609375,0
2025-09-03 12:00:00,5330.2900390625,5332.0498046875,5320.7998046875,5321.02978515625,0
2025-09-03 13:00:00,5320.9501953125,5329.580078125,5319.27001953125,5319.759765625,0
2025-09-03 14:00:00,5317.6298828125,5331.64013671875,5317.6298828125,5325.64990234375,0
2025-09-03 15:00:00,5325.31982421875,5330.91015625,5324.669921875,5327.759765625,0
2025-09-04 07:00:00,5327.0498046875,5337.60009765625,5313.22021484375,5331.4599609375,0
2025-09-04 08:00:00,5331.91015625,5334.10986328125,5317.10009765625,5319.580078125,0
2025-09-04 09:00:00,5319.5498046875,5329.93017578125,5318.4599609375,5324.4599609375,0
2025-09-04 10:00:00,5324.740234375,5347.2099609375,5324.06005859375,5337.0400390625,0
2025-09-04 11:00:00,5337.18994140625,5347.509765625,5335.97021484375,5341.3798828125,0
2025-09-04 12:00:00,5341.22998046875,5345.7001953125,5329.240234375,5337.2099609375,0
2025-09-04 13:00:00,5337.18017578125,5343.66015625,5332.5400390625,5341.91015625,0
2025-09-04 14:00:00,5342.08984375,5348.8798828125,5331.830078125,5348.68994140625,0
2025-09-04 15:00:00,5348.64990234375,5351.5400390625,5325.009765625,5351.52001953125,0
2025-09-05 07:00:00,5356.7900390625,5372.259765625,5345.169921875,5364.10009765625,0
2025-09-05 08:00:00,5362.7998046875,5362.7998046875,5351.9501953125,5353.419921875,0
2025-09-05 09:00:00,5353.259765625,5359.77978515625,5347.4599609375,5358.64990234375,0
2025-09-05 10:00:00,5358.8798828125,5361.91015625,5351.08984375,5351.08984375,0
2025-09-05 11:00:00,5351.990234375,5364.27001953125,5351.72021484375,5363.27978515625,0
2025-09-05 12:00:00,5362.990234375,5362.990234375,5342.8701171875,5359.18994140625,0
2025-09-05 13:00:00,5359.10986328125,5364.009765625,5344.2998046875,5347.7099609375,0
2025-09-05 14:00:00,5348.14990234375,5348.14990234375,5305.22021484375,5305.83984375,0
2025-09-05 15:00:00,5303.91015625,5315.4599609375,5301.18017578125,5315.4599609375,0
2025-09-08 07:00:00,5324.66015625,5350.14990234375,5324.66015625,5344.14013671875,0
2025-09-08 08:00:00,5343.4501953125,5344.93017578125,5335.8798828125,5339.85986328125,0
2025-09-08 09:00:00,5340.41015625,5349.31005859375,5338.4599609375,5348.89013671875,0
2025-09-08 10:00:00,5348.97998046875,5350.2900390625,5344.2998046875,5346.8701171875,0
2025-09-08 11:00:00,5347.14990234375,5347.3701171875,5339.7998046875,5341.080078125,0
2025-09-08 12:00:00,5340.8701171875,5344.9501953125,5332.990234375,5342.0498046875,0
2025-09-08 13:00:00,5342.10009765625,5354.16015625,5342.10009765625,5349.22021484375,0
2025-09-08 14:00:00,5348.509765625,5353.52978515625,5318.14990234375,5352.2900390625,0
2025-09-08 15:00:00,5352.35009765625,5368.35986328125,5352.35009765625,5368.27978515625,0
2025-09-09 07:00:00,5364.72021484375,5387.83984375,5364.72021484375,5375.56982421875,0
2025-09-09 08:00:00,5375.4599609375,5377.18017578125,5351.919921875,5354.43017578125,0
2025-09-09 09:00:00,5354.4599609375,5363.56005859375,5349.3798828125,5363.52978515625,0
2025-09-09 10:00:00,5363.669921875,5374.1298828125,5363.490234375,5368.669921875,0
2025-09-09 11:00:00,5368.2900390625,5369.830078125,5359.1201171875,5361.43994140625,0
2025-09-09 12:00:00,5361.72021484375,5369.56982421875,5357.97021484375,5357.97021484375,0
2025-09-09 13:00:00,5356.75,5363.6201171875,5348.14990234375,5359.0,0
2025-09-09 14:00:00,5359.10986328125,5364.330078125,5354.64990234375,5362.990234375,0
2025-09-09 15:00:00,5363.490234375,5372.06005859375,5362.9501953125,5371.89990234375,0
2025-09-10 07:00:00,5387.4599609375,5413.06005859375,5379.580078125,5410.91015625,0
2025-09-10 08:00:00,5411.0400390625,5411.27978515625,5376.22998046875,5377.83984375,0
2025-09-10 09:00:00,5377.93017578125,5385.8701171875,5369.72021484375,5385.02978515625,0
2025-09-10 10:00:00,5385.240234375,5391.93994140625,5379.0,5389.68017578125,0
2025-09-10 11:00:00,5389.93017578125,5391.490234375,5380.52001953125,5382.080078125,0
2025-09-10 12:00:00,5382.5,5396.56982421875,5378.81005859375,5382.25,0
2025-09-10 13:00:00,5381.7998046875,5383.4599609375,5362.60009765625,5364.60986328125,0
2025-09-10 14:00:00,5366.72998046875,5371.330078125,5354.81005859375,5357.259765625,0
2025-09-10 15:00:00,5357.56005859375,5361.009765625,5354.56005859375,5357.41015625,0
2025-09-11 07:00:00,5362.85986328125,5371.64013671875,5354.60986328125,5371.2998046875,0
2025-09-11 08:00:00,5371.509765625,5379.6298828125,5365.08984375,5368.3701171875,0
2025-09-11 09:00:00,5368.5,5375.43017578125,5367.9599609375,5371.18994140625,0
2025-09-11 10:00:00,5371.64013671875,5383.490234375,5371.64013671875,5381.85009765625,0
2025-09-11 11:00:00,5382.35986328125,5386.6298828125,5379.4501953125,5381.990234375,0
2025-09-11 12:00:00,5381.77978515625,5389.47021484375,5369.93017578125,5389.1201171875,0
2025-09-11 13:00:00,5388.10986328125,5403.85009765625,5378.60986328125,5401.330078125,0
2025-09-11 14:00:00,5401.64013671875,5401.64013671875,5376.10009765625,5379.2900390625,0
2025-09-11 15:00:00,5379.33984375,5384.39990234375,5375.0400390625,5384.39990234375,0
2025-09-12 07:00:00,5387.14990234375,5397.2001953125,5377.22021484375,5377.22021484375,0
2025-09-12 08:00:00,5376.919921875,5380.43994140625,5359.31005859375,5368.419921875,0
2025-09-12 09:00:00,5368.81005859375,5375.0498046875,5364.97998046875,5369.41015625,0
2025-09-12 10:00:00,5369.39990234375,5372.509765625,5363.1201171875,5372.509765625,0
2025-09-12 11:00:00,5371.740234375,5377.56005859375,5369.7998046875,5377.56005859375,0
2025-09-12 12:00:00,5377.7998046875,5382.97998046875,5373.240234375,5379.669921875,0
2025-09-12 13:00:00,5379.91015625,5395.06005859375,5379.27978515625,5392.60009765625,0
2025-09-12 14:00:00,5393.27978515625,5394.580078125,5385.77978515625,5386.97021484375,0
2025-09-12 15:00:00,5386.85009765625,5390.2998046875,5385.4599609375,5386.669921875,0
2025-09-15 07:00:00,5402.89990234375,5432.81982421875,5402.89990234375,5432.81982421875,0
2025-09-15 08:00:00,5433.14013671875,5443.3701171875,5424.759765625,5430.919921875,0
2025-09-15 09:00:00,5430.08984375,5430.68017578125,5420.5,5423.009765625,0
2025-09-15 10:00:00,5422.81982421875,5436.18994140625,5422.81982421875,5435.18017578125,0
2025-09-15 11:00:00,5434.93017578125,5445.85986328125,5432.259765625,5445.75,0
2025-09-15 12:00:00,5445.7998046875,5446.169921875,5432.66015625,5432.85986328125,0
2025-09-15 13:00:00,5432.35986328125,5432.35986328125,5419.56005859375,5426.990234375,0
2025-09-15 14:00:00,5428.169921875,5444.56982421875,5422.31982421875,5437.7900390625,0
2025-09-15 15:00:00,5438.06982421875,5440.669921875,5432.97021484375,5437.56005859375,0
2025-09-16 07:00:00,5439.919921875,5446.18994140625,5425.08984375,5427.47998046875,0
2025-09-16 08:00:00,5427.91015625,5444.419921875,5427.580078125,5439.97021484375,0
2025-09-16 09:00:00,5441.06982421875,5443.16015625,5429.72021484375,5429.93994140625,0
2025-09-16 10:00:00,5430.06005859375,5440.22998046875,5426.97021484375,5432.35986328125,0
2025-09-16 11:00:00,5432.47021484375,5438.669921875,5428.330078125,5432.77001953125,0
2025-09-16 12:00:00,5432.580078125,5436.27978515625,5422.22021484375,5422.22021484375,0
2025-09-16 13:00:00,5420.31005859375,5423.89013671875,5395.16015625,5399.3798828125,0
2025-09-16 14:00:00,5400.39013671875,5400.39013671875,5385.009765625,5385.6201171875,0
2025-09-16 15:00:00,5385.60986328125,5385.60986328125,5370.580078125,5370.580078125,0
2025-09-17 07:00:00,5381.68994140625,5393.919921875,5381.18994140625,5391.43017578125,0
2025-09-17 08:00:00,5391.7001953125,5392.490234375,5377.93017578125,5386.4501953125,0
2025-09-17 09:00:00,5386.10986328125,5386.10986328125,5376.52978515625,5377.080078125,0
2025-09-17 10:00:00,5377.06005859375,5379.75,5364.4501953125,5368.35986328125,0
2025-09-17 11:00:00,5367.81005859375,5369.10986328125,5361.10986328125,5367.25,0
2025-09-17 12:00:00,5367.02001953125,5376.31005859375,5364.509765625,5374.81982421875,0
2025-09-17 13:00:00,5374.64990234375,5383.7099609375,5371.14013671875,5381.9501953125,0
2025-09-17 14:00:00,5380.85009765625,5384.259765625,5366.6201171875,5366.6201171875,0
2025-09-17 15:00:00,5366.43994140625,5368.3798828125,5361.41015625,5366.8701171875,0
2025-09-18 07:00:00,5389.0,5423.64013671875,5389.0,5421.18994140625,0
2025-09-18 08:00:00,5421.02001953125,5441.080078125,5414.47021484375,5440.1201171875,0
2025-09-18 09:00:00,5439.6298828125,5442.7998046875,5431.25,5432.75,0
2025-09-18 10:00:00,5433.169921875,5443.4501953125,5431.009765625,5433.58984375,0
2025-09-18 11:00:00,5433.77001953125,5456.22021484375,5433.77001953125,5449.18994140625,0
2025-09-18 12:00:00,5449.580078125,5449.9501953125,5440.77978515625,5446.97021484375,0
2025-09-18 13:00:00,5446.830078125,5446.830078125,5434.580078125,5442.669921875,0
2025-09-18 14:00:00,5444.41015625,5463.14990234375,5444.41015625,5447.4599609375,0
2025-09-18 15:00:00,5447.330078125,5457.81005859375,5446.35986328125,5457.2001953125,0
2025-09-19 07:00:00,5459.25,5482.02001953125,5457.64013671875,5481.4501953125,0
2025-09-19 08:00:00,5481.2900390625,5494.1298828125,5477.64013671875,5479.10986328125,0
2025-09-19 09:00:00,5478.669921875,5483.5498046875,5458.60009765625,5460.14013671875,0
2025-09-19 10:00:00,5459.52001953125,5462.0400390625,5454.2998046875,5458.490234375,0
2025-09-19 11:00:00,5457.52978515625,5460.830078125,5452.85986328125,5459.6201171875,0
2025-09-19 12:00:00,5459.7099609375,5468.169921875,5459.5,5466.52978515625,0
2025-09-19 13:00:00,5466.9501953125,5471.5,5463.75,5466.16015625,0
2025-09-19 14:00:00,5468.330078125,5476.31982421875,5467.31005859375,5472.72021484375,0
2025-09-19 15:00:00,5472.83984375,5474.31005859375,5464.39013671875,5465.85009765625,0
2025-09-22 07:00:00,5462.64990234375,5462.64990234375,5430.52978515625,5443.06005859375,0
2025-09-22 08:00:00,5442.72998046875,5452.41015625,5442.080078125,5444.35009765625,0
2025-09-22 09:00:00,5444.64013671875,5448.02001953125,5428.31982421875,5429.009765625,0
2025-09-22 10:00:00,5429.169921875,5446.02001953125,5426.580078125,5438.81982421875,0
2025-09-22 11:00:00,5438.66015625,5445.02001953125,5436.10986328125,5439.4599609375,0
2025-09-22 12:00:00,5439.56982421875,5446.3798828125,5436.7998046875,5439.93994140625,0
2025-09-22 13:00:00,5439.85009765625,5443.39013671875,5432.9501953125,5438.259765625,0
2025-09-22 14:00:00,5439.3701171875,5439.7900390625,5429.259765625,5439.75,0
2025-09-22 15:00:00,5439.83984375,5445.240234375,5438.81982421875,5445.240234375,0
2025-09-23 07:00:00,5445.830078125,5461.2998046875,5445.830078125,5459.7998046875,0
2025-09-23 08:00:00,5460.009765625,5483.509765625,5459.47998046875,5479.64990234375,0
2025-09-23 09:00:00,5479.330078125,5482.85986328125,5476.18994140625,5479.4599609375,0
2025-09-23 10:00:00,5479.64990234375,5479.64990234375,5460.6201171875,5466.9599609375,0
2025-09-23 11:00:00,5467.33984375,5475.06005859375,5465.18017578125,5475.06005859375,0
2025-09-23 12:00:00,5475.43994140625,5484.77978515625,5475.43994140625,5484.5,0
2025-09-23 13:00:00,5484.68994140625,5495.02001953125,5479.08984375,5490.759765625,0
2025-09-23 14:00:00,5490.9501953125,5492.64013671875,5482.8798828125,5490.009765625,0
2025-09-23 15:00:00,5489.2900390625,5489.2900390625,5478.72021484375,5479.85009765625,0
2025-09-24 07:00:00,5472.08984375,5472.58984375,5450.1201171875,5470.10009765625,0
2025-09-24 08:00:00,5470.06982421875,5470.4599609375,5464.85986328125,5465.7998046875,0
2025-09-24 09:00:00,5466.27001953125,5467.9501953125,5460.41015625,5463.5498046875,0
2025-09-24 10:00:00,5463.64990234375,5470.259765625,5460.68017578125,5466.6298828125,0
2025-09-24 11:00:00,5465.93017578125,5467.35009765625,5450.43994140625,5458.83984375,0
2025-09-24 12:00:00,5458.919921875,5465.22021484375,5454.93994140625,5455.39013671875,0
2025-09-24 13:00:00,5455.35986328125,5469.740234375,5454.1201171875,5461.72021484375,0
2025-09-24 14:00:00,5463.22998046875,5481.93017578125,5462.7900390625,5476.5,0
2025-09-24 15:00:00,5477.31005859375,5477.31005859375,5468.7001953125,5470.2001953125,0
2025-09-25 07:00:00,5463.5498046875,5463.5498046875,5432.330078125,5456.02978515625,0
2025-09-25 08:00:00,5456.6201171875,5459.43994140625,5438.33984375,5440.4501953125,0
2025-09-25 09:00:00,5440.1201171875,5450.72021484375,5429.490234375,5435.47998046875,0
2025-09-25 10:00:00,5435.58984375,5443.58984375,5433.3701171875,5439.6201171875,0
2025-09-25 11:00:00,5439.1298828125,5439.52978515625,5416.60009765625,5423.77978515625,0
2025-09-25 12:00:00,5424.0400390625,5426.7001953125,5415.31005859375,5423.52001953125,0
2025-09-25 13:00:00,5423.31005859375,5436.89013671875,5423.31005859375,5432.509765625,0
2025-09-25 14:00:00,5431.93994140625,5450.31982421875,5431.93994140625,5447.6201171875,0
2025-09-25 15:00:00,5448.009765625,5448.009765625,5434.93994140625,5436.68017578125,0
2025-09-26 07:00:00,5448.89013671875,5483.89013671875,5448.89013671875,5477.1201171875,0
2025-09-26 08:00:00,5477.27978515625,5481.56982421875,5463.06982421875,5463.06982421875,0
2025-09-26 09:00:00,5463.0400390625,5469.47021484375,5459.1201171875,5465.91015625,0
2025-09-26 10:00:00,5465.5,5468.72998046875,5461.93017578125,5464.9599609375,0
2025-09-26 11:00:00,5464.740234375,5485.259765625,5462.85986328125,5484.02978515625,0
2025-09-26 12:00:00,5483.740234375,5501.02001953125,5479.91015625,5498.08984375,0
2025-09-26 13:00:00,5497.83984375,5501.5,5481.259765625,5501.5,0
2025-09-26 14:00:00,5501.6201171875,5503.68994140625,5486.60986328125,5491.83984375,0
2025-09-26 15:00:00,5491.85009765625,5497.47021484375,5489.2998046875,5497.1201171875,0
2025-09-29 07:00:00,5514.490234375,5520.89013671875,5502.490234375,5502.7998046875,0
2025-09-29 08:00:00,5503.22998046875,5518.58984375,5501.60986328125,5514.6298828125,0
2025-09-29 09:00:00,5514.8798828125,5519.240234375,5503.89990234375,5504.9599609375,0
2025-09-29 10:00:00,5504.56005859375,5515.39013671875,5501.2998046875,5504.3798828125,0
2025-09-29 11:00:00,5505.080078125,5509.39013671875,5497.4599609375,5506.81982421875,0
2025-09-29 12:00:00,5506.75,5507.0,5499.33984375,5499.7001953125,0
2025-09-29 13:00:00,5499.7001953125,5504.5498046875,5496.33984375,5503.56005859375,0
2025-09-29 14:00:00,5503.2998046875,5517.5498046875,5503.16015625,5515.39990234375,0
2025-09-29 15:00:00,5515.43994140625,5519.7099609375,5514.72998046875,5517.2900390625,0
2025-09-30 07:00:00,5503.259765625,5503.259765625,5486.580078125,5489.81005859375,0
2025-09-30 08:00:00,5491.0498046875,5502.25,5484.22021484375,5498.39990234375,0
2025-09-30 09:00:00,5498.7001953125,5503.81982421875,5496.85009765625,5502.169921875,0
2025-09-30 10:00:00,5502.14013671875,5505.0498046875,5498.2099609375,5502.830078125,0
2025-09-30 11:00:00,5502.89990234375,5506.919921875,5500.10009765625,5505.31982421875,0
2025-09-30 12:00:00,5505.14990234375,5512.81982421875,5503.77001953125,5511.60009765625,0
2025-09-30 13:00:00,5511.4501953125,5518.3798828125,5510.080078125,5514.10009765625,0
2025-09-30 14:00:00,5515.72021484375,5518.27978515625,5506.91015625,5518.27978515625,0
2025-09-30 15:00:00,5518.31982421875,5528.77001953125,5518.18994140625,5528.77001953125,0
2025-10-01 07:00:00,5513.14990234375,5518.64990234375,5503.990234375,5517.72998046875,0
2025-10-01 08:00:00,5517.52001953125,5527.509765625,5506.0400390625,5524.3798828125,0
2025-10-01 09:00:00,5524.39990234375,5548.8798828125,5523.580078125,5544.14013671875,0
2025-10-01 10:00:00,5544.06005859375,5553.7001953125,5544.06005859375,5551.77001953125,0
2025-10-01 11:00:00,5552.169921875,5555.16015625,5546.64013671875,5552.919921875,0
2025-10-01 12:00:00,5553.39990234375,5555.06982421875,5542.16015625,5551.10986328125,0
2025-10-01 13:00:00,5551.18017578125,5570.85009765625,5550.60986328125,5569.33984375,0
2025-10-01 14:00:00,5570.0400390625,5583.64013671875,5568.81982421875,5576.240234375,0
2025-10-01 15:00:00,5576.9599609375,5590.490234375,5576.10986328125,5589.1298828125,0
2025-10-02 07:00:00,5617.169921875,5643.85009765625,5617.169921875,5631.64013671875,0
2025-10-02 08:00:00,5631.75,5658.759765625,5631.75,5658.68017578125,0
2025-10-02 09:00:00,5658.35986328125,5660.89990234375,5646.5,5653.75,0
2025-10-02 10:00:00,5653.68994140625,5662.6201171875,5652.85986328125,5662.6201171875,0
2025-10-02 11:00:00,5662.72021484375,5669.43994140625,5656.60986328125,5665.8701171875,0
2025-10-02 12:00:00,5665.85009765625,5674.5498046875,5661.7099609375,5662.06982421875,0
2025-10-02 13:00:00,5661.77978515625,5667.97998046875,5656.66015625,5657.5498046875,0
2025-10-02 14:00:00,5657.39013671875,5657.7001953125,5643.16015625,5643.16015625,0
2025-10-02 15:00:00,5642.64990234375,5653.009765625,5640.509765625,5651.97998046875,0
2025-10-03 07:00:00,5658.06005859375,5667.919921875,5656.6201171875,5659.56005859375,0
2025-10-03 08:00:00,5659.27978515625,5661.7900390625,5652.18994140625,5654.85986328125,0
2025-10-03 09:00:00,5655.3701171875,5662.3798828125,5654.60009765625,5661.58984375,0
2025-10-03 10:00:00,5662.2998046875,5662.2998046875,5655.64013671875,5659.14013671875,0
2025-10-03 11:00:00,5658.77978515625,5658.77978515625,5641.830078125,5642.31005859375,0
2025-10-03 12:00:00,5642.93017578125,5646.8701171875,5641.35009765625,5643.72998046875,0
2025-10-03 13:00:00,5643.830078125,5650.85009765625,5643.60986328125,5648.830078125,0
2025-10-03 14:00:00,5648.0,5651.16015625,5644.68994140625,5651.08984375,0
2025-10-03 15:00:00,5650.91015625,5651.7998046875,5645.990234375,5651.7998046875,0
2025-10-06 07:00:00,5655.169921875,5655.169921875,5605.52001953125,5605.52001953125,0
2025-10-06 08:00:00,5608.509765625,5626.81982421875,5607.22998046875,5625.64013671875,0
2025-10-06 09:00:00,5625.56982421875,5632.68017578125,5618.77978515625,5626.56982421875,0
2025-10-06 10:00:00,5626.5,5639.7998046875,5626.5,5639.259765625,0
2025-10-06 11:00:00,5638.7998046875,5647.6201171875,5637.9599609375,5646.5,0
2025-10-06 12:00:00,5647.10009765625,5648.7900390625,5634.9501953125,5639.06982421875,0
2025-10-06 13:00:00,5639.27978515625,5649.169921875,5636.60009765625,5636.60009765625,0
2025-10-06 14:00:00,5636.47998046875,5642.009765625,5630.14990234375,5634.16015625,0
2025-10-06 15:00:00,5634.259765625,5635.89990234375,5628.18994140625,5632.64013671875,0
2025-10-07 07:00:00,5629.64013671875,5629.64013671875,5613.39013671875,5615.14013671875,0
2025-10-07 08:00:00,5614.58984375,5625.9599609375,5612.39990234375,5625.9599609375,0
2025-10-07 09:00:00,5625.990234375,5632.7998046875,5624.39013671875,5632.7900390625,0
2025-10-07 10:00:00,5632.7001953125,5642.47998046875,5630.990234375,5640.259765625,0
2025-10-07 11:00:00,5639.5400390625,5643.60986328125,5634.72021484375,5639.14990234375,0
2025-10-07 12:00:00,5639.31982421875,5639.31982421875,5629.1201171875,5634.81982421875,0
2025-10-07 13:00:00,5634.2001953125,5640.580078125,5632.22021484375,5633.93994140625,0
2025-10-07 14:00:00,5633.8798828125,5633.8798828125,5619.080078125,5622.02001953125,0
2025-10-07 15:00:00,5621.8798828125,5622.75,5610.5,5614.02001953125,0
2025-10-08 07:00:00,5594.08984375,5629.43994140625,5594.08984375,5628.77001953125,0
2025-10-08 08:00:00,5628.0,5636.81005859375,5624.10986328125,5628.81005859375,0
2025-10-08 09:00:00,5628.85009765625,5636.1298828125,5627.60009765625,5627.72998046875,0
2025-10-08 10:00:00,5628.0,5636.9501953125,5621.16015625,5636.10009765625,0
2025-10-08 11:00:00,5635.39013671875,5638.52978515625,5626.72998046875,5631.240234375,0
2025-10-08 12:00:00,5631.39990234375,5637.330078125,5631.16015625,5636.47021484375,0
2025-10-08 13:00:00,5636.1201171875,5637.759765625,5631.93994140625,5637.68017578125,0
2025-10-08 14:00:00,5640.43994140625,5651.83984375,5640.43994140625,5651.02978515625,0
2025-10-08 15:00:00,5650.97021484375,5657.33984375,5648.919921875,5655.9501953125,0
2025-10-09 07:00:00,5651.02978515625,5665.02978515625,5651.02978515625,5651.06982421875,0
2025-10-09 08:00:00,5651.39990234375,5657.58984375,5643.39013671875,5646.39013671875,0
2025-10-09 09:00:00,5646.580078125,5659.47021484375,5643.35009765625,5643.919921875,0
2025-10-09 10:00:00,5643.43994140625,5649.419921875,5641.509765625,5648.919921875,0
2025-10-09 11:00:00,5648.5498046875,5662.3701171875,5647.83984375,5660.1201171875,0
2025-10-09 12:00:00,5660.06005859375,5661.64013671875,5649.2998046875,5652.14990234375,0
2025-10-09 13:00:00,5652.4501953125,5652.4501953125,5631.22998046875,5634.64013671875,0
2025-10-09 14:00:00,5634.02001953125,5642.43994140625,5629.330078125,5634.7900390625,0
2025-10-09 15:00:00,5634.9501953125,5638.5,5630.89013671875,5631.60986328125,0
2025-10-10 07:00:00,5628.830078125,5646.7998046875,5628.830078125,5644.2998046875,0
2025-10-10 08:00:00,5644.56005859375,5648.58984375,5631.22021484375,5635.1298828125,0
2025-10-10 09:00:00,5635.0400390625,5635.0400390625,5615.16015625,5615.81005859375,0
2025-10-10 10:00:00,5615.85986328125,5634.509765625,5614.0,5634.2998046875,0
2025-10-10 11:00:00,5633.259765625,5635.25,5623.240234375,5629.14013671875,0
2025-10-10 12:00:00,5629.27001953125,5629.669921875,5613.81982421875,5618.5400390625,0
2025-10-10 13:00:00,5618.91015625,5625.259765625,5614.8798828125,5620.27001953125,0
2025-10-10 14:00:00,5621.240234375,5623.81982421875,5583.7001953125,5583.7001953125,0
2025-10-10 15:00:00,5588.85009765625,5589.669921875,5531.43017578125,5534.39013671875,0
2025-10-13 07:00:00,5540.5400390625,5591.2900390625,5540.5400390625,5577.68017578125,0
2025-10-13 08:00:00,5577.39013671875,5577.77978515625,5562.7099609375,5572.06005859375,0
2025-10-13 09:00:00,5571.6298828125,5574.419921875,5564.75,5568.85986328125,0
2025-10-13 10:00:00,5568.85986328125,5574.990234375,5565.56005859375,5567.33984375,0
2025-10-13 11:00:00,5567.35986328125,5573.60009765625,5554.740234375,5562.31982421875,0
2025-10-13 12:00:00,5561.81005859375,5564.830078125,5555.509765625,5556.16015625,0
2025-10-13 13:00:00,5555.990234375,5562.419921875,5542.02978515625,5558.9501953125,0
2025-10-13 14:00:00,5558.89990234375,5562.60009765625,5547.60986328125,5554.06005859375,0
2025-10-13 15:00:00,5554.1201171875,5565.27978515625,5554.1201171875,5563.919921875,0
2025-10-14 07:00:00,5552.490234375,5552.490234375,5497.10986328125,5511.8798828125,0
2025-10-14 08:00:00,5512.919921875,5532.2099609375,5509.330078125,5531.0498046875,0
2025-10-14 09:00:00,5530.830078125,5538.0400390625,5521.93017578125,5522.02001953125,0
2025-10-14 10:00:00,5521.52001953125,5524.39013671875,5487.669921875,5496.58984375,0
2025-10-14 11:00:00,5497.759765625,5520.89990234375,5497.080078125,5517.27001953125,0
2025-10-14 12:00:00,5517.56005859375,5517.56005859375,5500.5400390625,5510.22998046875,0
2025-10-14 13:00:00,5510.81005859375,5538.919921875,5510.81005859375,5535.919921875,0
2025-10-14 14:00:00,5536.27978515625,5552.81005859375,5535.2099609375,5546.6201171875,0
2025-10-14 15:00:00,5546.4501953125,5552.77978515625,5544.990234375,5551.72998046875,0
2025-10-15 07:00:00,5566.97021484375,5634.64990234375,5566.97021484375,5634.18017578125,0
2025-10-15 08:00:00,5634.16015625,5639.9501953125,5619.64013671875,5621.68017578125,0
2025-10-15 09:00:00,5622.52978515625,5638.759765625,5621.169921875,5637.64990234375,0
2025-10-15 10:00:00,5637.41015625,5639.7001953125,5629.009765625,5629.14013671875,0
2025-10-15 11:00:00,5628.31982421875,5631.81982421875,5614.56005859375,5623.7001953125,0
2025-10-15 12:00:00,5624.22998046875,5632.02001953125,5616.669921875,5618.240234375,0
2025-10-15 13:00:00,5618.419921875,5621.14990234375,5599.2001953125,5608.81982421875,0
2025-10-15 14:00:00,5608.259765625,5619.02978515625,5606.8798828125,5613.14013671875,0
2025-10-15 15:00:00,5613.10986328125,5616.25,5608.27978515625,5614.83984375,0
2025-10-16 07:00:00,5604.33984375,5619.77001953125,5585.9501953125,5605.75,0
2025-10-16 08:00:00,5605.3701171875,5613.52001953125,5600.6298828125,5608.919921875,0
2025-10-16 09:00:00,5609.0400390625,5628.31982421875,5608.43017578125,5626.35009765625,0
2025-10-16 10:00:00,5626.22021484375,5630.66015625,5623.7099609375,5627.08984375,0
2025-10-16 11:00:00,5626.60009765625,5634.97998046875,5625.169921875,5630.6201171875,0
2025-10-16 12:00:00,5630.60009765625,5638.2001953125,5626.0,5636.39013671875,0
2025-10-16 13:00:00,5636.35986328125,5641.72021484375,5623.97998046875,5626.0498046875,0
2025-10-16 14:00:00,5623.5498046875,5641.7998046875,5616.740234375,5639.72998046875,0
2025-10-16 15:00:00,5640.759765625,5652.10986328125,5640.27001953125,5649.68017578125,0
2025-10-17 07:00:00,5618.47998046875,5618.47998046875,5555.25,5570.18994140625,0
2025-10-17 08:00:00,5569.2900390625,5579.02978515625,5557.14013671875,5562.02001953125,0
2025-10-17 09:00:00,5562.009765625,5582.169921875,5561.7998046875,5580.0498046875,0
2025-10-17 10:00:00,5576.33984375,5581.35009765625,5563.31982421875,5579.16015625,0
2025-10-17 11:00:00,5578.419921875,5607.7001953125,5575.6298828125,5604.2001953125,0
2025-10-17 12:00:00,5605.33984375,5623.10009765625,5605.33984375,5614.47998046875,0
2025-10-17 13:00:00,5614.6298828125,5631.85986328125,5605.1298828125,5629.64990234375,0
2025-10-17 14:00:00,5627.06005859375,5640.56005859375,5612.2099609375,5613.7900390625,0
2025-10-17 15:00:00,5614.52001953125,5618.47021484375,5604.68017578125,5608.2099609375,0
2025-10-20 07:00:00,5626.25,5668.009765625,5626.25,5667.35986328125,0
2025-10-20 08:00:00,5667.8701171875,5667.8701171875,5635.81982421875,5637.35986328125,0
2025-10-20 09:00:00,5637.0400390625,5649.31005859375,5634.1201171875,5647.25,0
2025-10-20 10:00:00,5647.22998046875,5655.6298828125,5645.85986328125,5646.75,0
2025-10-20 11:00:00,5646.39013671875,5651.41015625,5642.6298828125,5648.35009765625,0
2025-10-20 12:00:00,5648.330078125,5657.669921875,5648.06005859375,5657.60986328125,0
2025-10-20 13:00:00,5657.4501953125,5673.3798828125,5657.240234375,5668.330078125,0
2025-10-20 14:00:00,5668.27978515625,5683.89013671875,5668.27978515625,5681.39013671875,0
2025-10-20 15:00:00,5681.10986328125,5688.169921875,5681.10986328125,5687.6298828125,0
2025-10-21 07:00:00,5678.77001953125,5686.16015625,5675.60009765625,5685.06982421875,0
2025-10-21 08:00:00,5685.169921875,5686.4501953125,5673.27978515625,5674.02978515625,0
2025-10-21 09:00:00,5673.16015625,5680.77001953125,5673.16015625,5679.7998046875,0
2025-10-21 10:00:00,5679.77001953125,5685.68994140625,5675.6298828125,5684.14013671875,0
2025-10-21 11:00:00,5684.5498046875,5696.97998046875,5684.4501953125,5695.52001953125,0
2025-10-21 12:00:00,5695.740234375,5697.080078125,5687.4599609375,5689.66015625,0
2025-10-21 13:00:00,5690.0,5691.259765625,5671.830078125,5673.35009765625,0
2025-10-21 14:00:00,5673.33984375,5687.7001953125,5670.66015625,5687.14013671875,0
2025-10-21 15:00:00,5686.81982421875,5699.1298828125,5686.81982421875,5690.60986328125,0
2025-10-22 07:00:00,5672.240234375,5675.6201171875,5653.25,5670.7099609375,0
2025-10-22 08:00:00,5670.990234375,5670.990234375,5656.9599609375,5664.33984375,0
2025-10-22 09:00:00,5665.0498046875,5673.10986328125,5661.27978515625,5672.0400390625,0
2025-10-22 10:00:00,5671.97998046875,5685.2998046875,5671.7900390625,5683.89990234375,0
2025-10-22 11:00:00,5683.27978515625,5683.89990234375,5673.2099609375,5675.43994140625,0
2025-10-22 12:00:00,5675.27978515625,5679.759765625,5673.169921875,5678.169921875,0
2025-10-22 13:00:00,5678.33984375,5680.06982421875,5664.830078125,5666.5498046875,0
2025-10-22 14:00:00,5667.06982421875,5669.2001953125,5645.27978515625,5655.10009765625,0
2025-10-22 15:00:00,5654.31982421875,5657.10986328125,5636.2001953125,5638.06982421875,0
2025-10-23 07:00:00,5651.89990234375,5660.97998046875,5642.85986328125,5657.83984375,0
2025-10-23 08:00:00,5657.43994140625,5658.2001953125,5643.259765625,5648.27001953125,0
2025-10-23 09:00:00,5648.35986328125,5652.85986328125,5644.1298828125,5650.7099609375,0
2025-10-23 10:00:00,5650.2998046875,5662.009765625,5647.02978515625,5661.0498046875,0
2025-10-23 11:00:00,5661.22998046875,5663.43017578125,5651.080078125,5651.080078125,0
2025-10-23 12:00:00,5650.7998046875,5650.919921875,5639.81982421875,5650.919921875,0
2025-10-23 13:00:00,5650.85986328125,5668.56982421875,5646.77978515625,5660.56982421875,0
2025-10-23 14:00:00,5662.06982421875,5668.43994140625,5656.419921875,5668.43994140625,0
2025-10-23 15:00:00,5668.68017578125,5673.10986328125,5666.759765625,5672.7099609375,0
2025-10-24 07:00:00,5685.52001953125,5694.77978515625,5665.33984375,5669.85009765625,0
2025-10-24 08:00:00,5669.6201171875,5671.14990234375,5660.06005859375,5663.72998046875,0
2025-10-24 09:00:00,5664.64013671875,5673.81982421875,5657.240234375,5670.259765625,0
2025-10-24 10:00:00,5669.89990234375,5669.89990234375,5657.35986328125,5657.68017578125,0
2025-10-24 11:00:00,5658.18017578125,5660.7900390625,5650.419921875,5651.56982421875,0
2025-10-24 12:00:00,5651.81982421875,5671.06005859375,5650.509765625,5656.5400390625,0
2025-10-24 13:00:00,5656.740234375,5668.5,5656.33984375,5665.1298828125,0
2025-10-24 14:00:00,5665.39990234375,5671.4501953125,5662.06982421875,5666.66015625,0
2025-10-24 15:00:00,5666.56982421875,5674.85986328125,5663.6201171875,5673.2099609375,0
2025-10-27 08:00:00,5691.89013671875,5702.14013671875,5685.31005859375,5693.18994140625,0
2025-10-27 09:00:00,5693.18994140625,5698.39990234375,5684.66015625,5698.240234375,0
2025-10-27 10:00:00,5699.06982421875,5707.39013671875,5696.97021484375,5703.35986328125,0
2025-10-27 11:00:00,5703.06982421875,5703.7001953125,5687.419921875,5689.39013671875,0
2025-10-27 12:00:00,5690.0,5693.58984375,5688.68994140625,5691.72021484375,0
2025-10-27 13:00:00,5691.31982421875,5701.89013671875,5686.47021484375,5701.5,0
2025-10-27 14:00:00,5701.43017578125,5712.39990234375,5701.1298828125,5712.39990234375,0
2025-10-27 15:00:00,5712.77978515625,5712.77978515625,5702.60009765625,5702.60986328125,0
2025-10-27 16:00:00,5702.60986328125,5710.85986328125,5702.580078125,5710.7099609375,0
2025-10-28 08:00:00,5696.0498046875,5704.72021484375,5686.580078125,5699.330078125,0
2025-10-28 09:00:00,5699.169921875,5709.85986328125,5697.7001953125,5697.7001953125,0
2025-10-28 10:00:00,5697.27978515625,5705.35986328125,5696.8701171875,5702.89990234375,0
2025-10-28 11:00:00,5702.97021484375,5707.75,5699.22998046875,5705.31982421875,0
2025-10-28 12:00:00,5705.43994140625,5712.169921875,5701.85009765625,5703.759765625,0
2025-10-28 13:00:00,5703.43994140625,5708.85986328125,5697.81005859375,5700.35986328125,0
2025-10-28 14:00:00,5700.47021484375,5711.0,5699.93994140625,5707.56005859375,0
2025-10-28 15:00:00,5707.41015625,5709.740234375,5700.10009765625,5703.43017578125,0
2025-10-28 16:00:00,5702.68994140625,5706.27001953125,5699.41015625,5701.7900390625,0
2025-10-29 08:00:00,5701.240234375,5723.1201171875,5691.81982421875,5715.56982421875,0
2025-10-29 09:00:00,5716.16015625,5727.10009765625,5714.93994140625,5725.740234375,0
2025-10-29 10:00:00,5725.91015625,5734.009765625,5723.0,5729.580078125,0
2025-10-29 11:00:00,5728.990234375,5733.259765625,5724.91015625,5730.47021484375,0
2025-10-29 12:00:00,5730.509765625,5734.27978515625,5721.509765625,5722.52978515625,0
2025-10-29 13:00:00,5722.169921875,5725.259765625,5710.580078125,5715.330078125,0
2025-10-29 14:00:00,5715.56005859375,5715.56005859375,5700.009765625,5706.509765625,0
2025-10-29 15:00:00,5706.77001953125,5712.18017578125,5702.43994140625,5702.43994140625,0
2025-10-29 16:00:00,5702.06982421875,5703.35009765625,5698.91015625,5703.2001953125,0
2025-10-30 08:00:00,5702.77001953125,5716.02001953125,5695.740234375,5707.89990234375,0
2025-10-30 09:00:00,5707.81005859375,5709.10986328125,5677.9599609375,5685.1298828125,0
2025-10-30 10:00:00,5684.990234375,5690.9501953125,5677.0498046875,5680.0400390625,0
2025-10-30 11:00:00,5680.080078125,5686.77001953125,5673.2998046875,5674.22998046875,0
2025-10-30 12:00:00,5674.41015625,5678.60009765625,5667.10009765625,5671.0,0
2025-10-30 13:00:00,5671.02978515625,5694.2900390625,5667.330078125,5691.990234375,0
2025-10-30 14:00:00,5691.72998046875,5696.0498046875,5682.25,5692.490234375,0
2025-10-30 15:00:00,5692.14013671875,5696.3798828125,5686.4501953125,5688.0400390625,0
2025-10-30 16:00:00,5687.77978515625,5697.669921875,5686.4599609375,5697.259765625,0
2025-10-31 08:00:00,5695.85009765625,5697.58984375,5682.919921875,5691.47998046875,0
2025-10-31 09:00:00,5691.58984375,5694.66015625,5676.43017578125,5677.93017578125,0
2025-10-31 10:00:00,5678.25,5691.7001953125,5671.2900390625,5682.31005859375,0
2025-10-31 11:00:00,5682.14013671875,5689.56982421875,5675.2998046875,5684.97998046875,0
2025-10-31 12:00:00,5684.93017578125,5687.4501953125,5673.77978515625,5674.93017578125,0
2025-10-31 13:00:00,5675.27001953125,5677.43017578125,5655.330078125,5656.9501953125,0
2025-10-31 14:00:00,5657.9501953125,5669.06005859375,5655.56005859375,5668.06005859375,0
2025-10-31 15:00:00,5668.4599609375,5669.93994140625,5658.9501953125,5658.9501953125,0
2025-10-31 16:00:00,5658.60009765625,5661.66015625,5654.2998046875,5660.35009765625,0
2025-11-03 08:00:00,5664.18017578125,5694.75,5656.14990234375,5690.85986328125,0
2025-11-03 09:00:00,5690.81982421875,5702.4599609375,5689.02001953125,5694.1298828125,0
2025-11-03 10:00:00,5694.06005859375,5701.2900390625,5690.5498046875,5700.81982421875,0
2025-11-03 11:00:00,5701.10009765625,5705.77001953125,5699.77001953125,5701.169921875,0
2025-11-03 12:00:00,5701.3701171875,5704.06982421875,5692.81982421875,5693.240234375,0
2025-11-03 13:00:00,5693.18017578125,5693.18017578125,5676.990234375,5678.7001953125,0
2025-11-03 14:00:00,5678.85986328125,5686.89990234375,5677.2001953125,5680.259765625,0
2025-11-03 15:00:00,5680.47021484375,5685.08984375,5674.3701171875,5676.7001953125,0
2025-11-03 16:00:00,5676.56982421875,5679.31982421875,5673.509765625,5674.8701171875,0
2025-11-04 08:00:00,5646.2001953125,5646.2001953125,5591.52001953125,5608.39990234375,0
2025-11-04 09:00:00,5608.5,5614.68017578125,5579.56982421875,5579.85986328125,0
2025-11-04 10:00:00,5579.72021484375,5609.580078125,5577.2099609375,5607.64013671875,0
2025-11-04 11:00:00,5607.93017578125,5620.25,5606.81982421875,5617.4501953125,0
2025-11-04 12:00:00,5618.02001953125,5625.419921875,5610.1201171875,5623.35009765625,0
2025-11-04 13:00:00,5623.580078125,5634.0400390625,5622.7001953125,5632.5498046875,0
2025-11-04 14:00:00,5632.330078125,5656.58984375,5626.919921875,5656.58984375,0
2025-11-04 15:00:00,5657.64990234375,5660.60986328125,5652.2099609375,5656.1298828125,0
2025-11-04 16:00:00,5656.10009765625,5659.89990234375,5651.759765625,5657.06005859375,0
2025-11-05 08:00:00,5619.2099609375,5644.9501953125,5605.47021484375,5638.0400390625,0
2025-11-05 09:00:00,5636.77001953125,5639.7001953125,5616.740234375,5625.56982421875,0
2025-11-05 10:00:00,5625.4501953125,5625.72021484375,5613.31005859375,5614.2099609375,0
2025-11-05 11:00:00,5613.97998046875,5631.419921875,5609.6298828125,5630.02978515625,0
2025-11-05 12:00:00,5629.259765625,5642.39013671875,5627.830078125,5642.39013671875,0
2025-11-05 13:00:00,5641.47021484375,5644.669921875,5637.39990234375,5642.6201171875,0
2025-11-05 14:00:00,5642.2099609375,5661.16015625,5636.10986328125,5659.740234375,0
2025-11-05 15:00:00,5659.509765625,5681.60986328125,5657.85986328125,5671.330078125,0
2025-11-05 16:00:00,5671.64990234375,5671.64990234375,5659.18017578125,5670.72998046875,0
2025-11-06 08:00:00,5665.58984375,5665.58984375,5643.9501953125,5649.240234375,0
2025-11-06 09:00:00,5649.68994140625,5666.8701171875,5649.66015625,5662.58984375,0
2025-11-06 10:00:00,5661.990234375,5672.3701171875,5660.7900390625,5663.740234375,0
2025-11-06 11:00:00,5663.4599609375,5669.72998046875,5661.39013671875,5661.39013671875,0
2025-11-06 12:00:00,5661.18994140625,5664.169921875,5654.08984375,5660.47998046875,0
2025-11-06 13:00:00,5660.81005859375,5663.14013671875,5653.509765625,5654.31005859375,0
2025-11-06 14:00:00,5654.6298828125,5656.8798828125,5626.41015625,5626.7001953125,0
2025-11-06 15:00:00,5626.8701171875,5635.919921875,5607.93994140625,5607.93994140625,0
2025-11-06 16:00:00,5608.0400390625,5618.02001953125,5606.56982421875,5611.509765625,0
2025-11-07 08:00:00,5617.81982421875,5633.75,5608.72998046875,5612.990234375,0
2025-11-07 09:00:00,5613.77001953125,5614.97998046875,5591.2001953125,5596.2099609375,0
2025-11-07 10:00:00,5596.240234375,5598.259765625,5578.52978515625,5582.16015625,0
2025-11-07 11:00:00,5582.1298828125,5582.56005859375,5557.919921875,5580.64013671875,0
2025-11-07 12:00:00,5581.06005859375,5581.64013671875,5564.509765625,5566.56982421875,0
2025-11-07 13:00:00,5566.7998046875,5572.6298828125,5562.10986328125,5569.06982421875,0
2025-11-07 14:00:00,5568.72021484375,5578.0,5554.52978515625,5577.4501953125,0
2025-11-07 15:00:00,5577.2001953125,5583.009765625,5565.02978515625,5566.7001953125,0
2025-11-07 16:00:00,5566.5498046875,5571.2998046875,5562.77001953125,5562.89990234375,0
2025-11-10 08:00:00,5608.669921875,5651.72998046875,5608.669921875,5650.77978515625,0
2025-11-10 09:00:00,5650.490234375,5664.06982421875,5643.60986328125,5663.68994140625,0
2025-11-10 10:00:00,5663.60986328125,5665.4599609375,5660.35986328125,5663.64013671875,0
2025-11-10 11:00:00,5663.58984375,5670.91015625,5651.2900390625,5669.85009765625,0
2025-11-10 12:00:00,5669.81005859375,5670.5,5658.490234375,5659.9599609375,0
2025-11-10 13:00:00,5659.77001953125,5668.81005859375,5659.77001953125,5668.2001953125,0
2025-11-10 14:00:00,5668.33984375,5673.64013671875,5654.080078125,5659.56982421875,0
2025-11-10 15:00:00,5658.58984375,5677.490234375,5657.509765625,5667.18017578125,0
2025-11-10 16:00:00,5666.93017578125,5671.9501953125,5664.16015625,5670.10009765625,0
2025-11-11 08:00:00,5670.93994140625,5699.58984375,5670.93994140625,5694.5400390625,0
2025-11-11 09:00:00,5693.8798828125,5706.64990234375,5693.02001953125,5696.7900390625,0
2025-11-11 10:00:00,5696.22998046875,5697.83984375,5687.10986328125,5691.169921875,0
2025-11-11 11:00:00,5690.89013671875,5695.33984375,5684.419921875,5685.0400390625,0
2025-11-11 12:00:00,5685.10986328125,5698.2998046875,5684.02001953125,5698.080078125,0
2025-11-11 13:00:00,5698.06005859375,5704.2900390625,5693.64990234375,5701.02978515625,0
2025-11-11 14:00:00,5701.10986328125,5721.919921875,5699.31982421875,5718.68017578125,0
2025-11-11 15:00:00,5719.33984375,5726.77978515625,5714.830078125,5714.830078125,0
2025-11-11 16:00:00,5714.43017578125,5730.990234375,5713.740234375,5727.68017578125,0
2025-11-12 08:00:00,5734.68017578125,5782.14990234375,5734.68017578125,5774.580078125,0
2025-11-12 09:00:00,5773.580078125,5789.89013671875,5768.47021484375,5788.41015625,0
2025-11-12 10:00:00,5788.330078125,5792.64013671875,5781.3701171875,5792.27001953125,0
2025-11-12 11:00:00,5792.169921875,5795.47021484375,5782.58984375,5788.10986328125,0
2025-11-12 12:00:00,5787.83984375,5803.52001953125,5786.259765625,5799.7900390625,0
2025-11-12 13:00:00,5799.669921875,5804.66015625,5795.06982421875,5795.83984375,0
2025-11-12 14:00:00,5795.72021484375,5799.18994140625,5786.0498046875,5798.47021484375,0
2025-11-12 15:00:00,5799.77978515625,5803.97998046875,5782.009765625,5784.27978515625,0
2025-11-12 16:00:00,5784.66015625,5788.25,5781.68994140625,5787.08984375,0
2025-11-13 08:00:00,5795.919921875,5818.06982421875,5795.919921875,5817.009765625,0
2025-11-13 09:00:00,5816.759765625,5817.669921875,5790.68017578125,5799.3798828125,0
2025-11-13 10:00:00,5799.27978515625,5803.06005859375,5797.14013671875,5797.39013671875,0
2025-11-13 11:00:00,5796.7001953125,5796.7001953125,5784.43994140625,5789.68994140625,0
2025-11-13 12:00:00,5789.240234375,5790.47998046875,5781.91015625,5786.3798828125,0
2025-11-13 13:00:00,5786.43994140625,5787.89013671875,5780.60009765625,5781.52001953125,0
2025-11-13 14:00:00,5782.35009765625,5786.2001953125,5768.8701171875,5770.25,0
2025-11-13 15:00:00,5770.02001953125,5771.97021484375,5745.47998046875,5749.0498046875,0
2025-11-13 16:00:00,5749.56982421875,5750.8701171875,5740.97021484375,5743.1298828125,0
2025-11-14 08:00:00,5731.16015625,5731.16015625,5688.3701171875,5702.740234375,0
2025-11-14 09:00:00,5702.6201171875,5711.080078125,5680.8701171875,5687.56005859375,0
2025-11-14 10:00:00,5687.35986328125,5692.89013671875,5677.740234375,5681.85009765625,0
2025-11-14 11:00:00,5682.02001953125,5682.02001953125,5644.080078125,5647.8701171875,0
2025-11-14 12:00:00,5647.259765625,5651.58984375,5634.240234375,5646.2099609375,0
2025-11-14 13:00:00,5645.72998046875,5649.3701171875,5631.18017578125,5648.52001953125,0
2025-11-14 14:00:00,5648.77001953125,5680.18017578125,5640.009765625,5680.18017578125,0
2025-11-14 15:00:00,5680.1201171875,5695.89990234375,5675.009765625,5688.10009765625,0
2025-11-14 16:00:00,5689.240234375,5695.25,5676.490234375,5693.18994140625,0
2025-11-17 08:00:00,5692.1298828125,5701.64013671875,5680.81005859375,5684.0,0
2025-11-17 09:00:00,5684.3701171875,5685.2099609375,5669.6298828125,5672.97998046875,0
2025-11-17 10:00:00,5672.14990234375,5672.14990234375,5653.1201171875,5655.2998046875,0
2025-11-17 11:00:00,5655.08984375,5665.2099609375,5650.509765625,5655.93017578125,0
2025-11-17 12:00:00,5655.06982421875,5655.06982421875,5641.85009765625,5649.66015625,0
2025-11-17 13:00:00,5649.85009765625,5652.0400390625,5632.009765625,5641.580078125,0
2025-11-17 14:00:00,5642.64013671875,5659.509765625,5638.33984375,5657.830078125,0
2025-11-17 15:00:00,5659.10986328125,5660.22998046875,5639.97021484375,5640.509765625,0
2025-11-17 16:00:00,5641.56005859375,5644.4501953125,5629.33984375,5642.33984375,0
2025-11-18 08:00:00,5610.75,5610.75,5551.7001953125,5568.72021484375,0
2025-11-18 09:00:00,5567.490234375,5580.0,5563.080078125,5579.7001953125,0
2025-11-18 10:00:00,5579.43017578125,5579.43017578125,5563.81005859375,5577.509765625,0
2025-11-18 11:00:00,5577.509765625,5581.7001953125,5566.31982421875,5568.1298828125,0
2025-11-18 12:00:00,5567.89990234375,5568.64013671875,5553.43017578125,5553.60009765625,0
2025-11-18 13:00:00,5554.68017578125,5561.6298828125,5545.25,5546.60009765625,0
2025-11-18 14:00:00,5546.5498046875,5557.60986328125,5532.56982421875,5533.68017578125,0
2025-11-18 15:00:00,5532.93994140625,5534.009765625,5509.10009765625,5522.8701171875,0
2025-11-18 16:00:00,5522.10986328125,5533.27978515625,5514.97021484375,5532.4599609375,0
2025-11-19 08:00:00,5532.91015625,5535.740234375,5508.759765625,5509.22998046875,0
2025-11-19 09:00:00,5507.91015625,5529.47998046875,5506.10009765625,5529.0498046875,0
2025-11-19 10:00:00,5529.66015625,5533.83984375,5523.4599609375,5532.66015625,0
2025-11-19 11:00:00,5533.02001953125,5547.5,5531.990234375,5540.5498046875,0
2025-11-19 12:00:00,5538.89013671875,5542.8798828125,5535.3701171875,5535.83984375,0
2025-11-19 13:00:00,5535.56982421875,5552.7998046875,5532.830078125,5551.5400390625,0
2025-11-19 14:00:00,5551.64013671875,5581.77001953125,5549.240234375,5581.77001953125,0
2025-11-19 15:00:00,5581.2900390625,5584.35009765625,5557.77978515625,5560.35009765625,0
2025-11-19 16:00:00,5560.64990234375,5563.2001953125,5549.6201171875,5552.33984375,0
2025-11-20 08:00:00,5569.47021484375,5618.169921875,5569.47021484375,5607.419921875,0
2025-11-20 09:00:00,5608.18017578125,5608.18017578125,5582.77978515625,5585.31982421875,0
2025-11-20 10:00:00,5585.39990234375,5602.85986328125,5582.22998046875,5602.85986328125,0
2025-11-20 11:00:00,5602.830078125,5602.830078125,5575.7099609375,5579.669921875,0
2025-11-20 12:00:00,5579.8701171875,5597.72998046875,5575.2998046875,5596.75,0
2025-11-20 13:00:00,5597.2001953125,5616.3701171875,5595.58984375,5615.10986328125,0
2025-11-20 14:00:00,5615.4501953125,5619.60009765625,5602.06005859375,5618.5498046875,0
2025-11-20 15:00:00,5620.93017578125,5625.2099609375,5607.2900390625,5607.2900390625,0
2025-11-20 16:00:00,5606.93994140625,5606.93994140625,5574.35009765625,5578.22021484375,0
2025-11-21 08:00:00,5537.669921875,5537.669921875,5479.39013671875,5535.509765625,0
2025-11-21 09:00:00,5535.97998046875,5536.06005859375,5498.509765625,5500.5,0
2025-11-21 10:00:00,5500.72021484375,5503.93017578125,5473.8798828125,5502.0,0
2025-11-21 11:00:00,5502.25,5526.52001953125,5501.56005859375,5504.68017578125,0
2025-11-21 12:00:00,5505.27978515625,5526.990234375,5492.0,5526.169921875,0
2025-11-21 13:00:00,5525.81982421875,5539.490234375,5518.8798828125,5537.33984375,0
2025-11-21 14:00:00,5537.3798828125,5538.47021484375,5519.7998046875,5522.81982421875,0
2025-11-21 15:00:00,5522.259765625,5525.77978515625,5496.52978515625,5508.85986328125,0
2025-11-21 16:00:00,5507.990234375,5513.43994140625,5498.47998046875,5513.0400390625,0
2025-11-24 08:00:00,5523.6298828125,5562.009765625,5523.6298828125,5557.169921875,0
2025-11-24 09:00:00,5557.22998046875,5559.7998046875,5519.2099609375,5531.7001953125,0
2025-11-24 10:00:00,5530.8701171875,5537.1298828125,5509.830078125,5516.58984375,0
2025-11-24 11:00:00,5516.52001953125,5521.669921875,5504.9599609375,5518.68994140625,0
2025-11-24 12:00:00,5518.43994140625,5524.5498046875,5513.02978515625,5524.35986328125,0
2025-11-24 13:00:00,5523.68017578125,5536.919921875,5518.14990234375,5518.14990234375,0
2025-11-24 14:00:00,5517.7099609375,5535.740234375,5517.39990234375,5535.02001953125,0
2025-11-24 15:00:00,5537.47998046875,5552.52001953125,5537.47998046875,5543.47998046875,0
2025-11-24 16:00:00,5542.419921875,5545.77001953125,5538.06982421875,5538.5498046875,0
2025-11-25 08:00:00,5528.60986328125,5545.77978515625,5516.27001953125,5524.52978515625,0
2025-11-25 09:00:00,5524.490234375,5536.75,5510.47998046875,5527.68994140625,0
2025-11-25 10:00:00,5528.56005859375,5534.3701171875,5514.64990234375,5532.6201171875,0
2025-11-25 11:00:00,5532.60986328125,5538.64013671875,5530.97998046875,5535.72021484375,0
2025-11-25 12:00:00,5535.91015625,5579.4599609375,5535.77978515625,5558.14013671875,0
2025-11-25 13:00:00,5557.08984375,5573.81982421875,5556.85986328125,5572.2900390625,0
2025-11-25 14:00:00,5572.5,5578.83984375,5535.68017578125,5565.39013671875,0
2025-11-25 15:00:00,5565.240234375,5577.919921875,5550.490234375,5574.02001953125,0
2025-11-25 16:00:00,5574.2998046875,5575.22021484375,5568.169921875,5572.31982421875,0
2025-11-26 08:00:00,5583.81982421875,5620.72021484375,5583.81982421875,5600.14013671875,0
2025-11-26 09:00:00,5600.1201171875,5604.8798828125,5587.7001953125,5598.18017578125,0
2025-11-26 10:00:00,5597.93017578125,5612.47998046875,5597.93017578125,5612.35986328125,0
2025-11-26 11:00:00,5612.47021484375,5622.3701171875,5608.81982421875,5614.83984375,0
2025-11-26 12:00:00,5615.47998046875,5615.85009765625,5598.39013671875,5614.81982421875,0
2025-11-26 13:00:00,5614.2900390625,5632.759765625,5612.56005859375,5632.39990234375,0
2025-11-26 14:00:00,5632.72998046875,5643.1201171875,5625.4501953125,5633.47021484375,0
2025-11-26 15:00:00,5633.490234375,5647.64013671875,5629.4599609375,5647.64013671875,0
2025-11-26 16:00:00,5647.72998046875,5653.259765625,5646.58984375,5649.25,0
2025-11-27 08:00:00,5650.47021484375,5660.85986328125,5638.39013671875,5650.080078125,0
2025-11-27 09:00:00,5649.580078125,5656.31005859375,5644.7001953125,5645.35009765625,0
2025-11-27 10:00:00,5644.75,5654.47021484375,5641.68994140625,5653.9599609375,0
2025-11-27 11:00:00,5653.43994140625,5655.14013671875,5649.830078125,5651.91015625,0
2025-11-27 12:00:00,5652.16015625,5660.89013671875,5651.2998046875,5659.41015625,0
2025-11-27 13:00:00,5658.81982421875,5663.52001953125,5652.58984375,5655.27001953125,0
2025-11-27 14:00:00,5655.10009765625,5661.31982421875,5652.47021484375,5659.14990234375,0
2025-11-27 15:00:00,5659.8701171875,5663.64013671875,5656.08984375,5659.35009765625,0
2025-11-27 16:00:00,5659.080078125,5659.080078125,5652.97998046875,5654.39013671875,0
2025-11-28 08:00:00,5655.16015625,5656.8701171875,5644.8701171875,5648.759765625,0
2025-11-28 09:00:00,5648.97021484375,5652.5400390625,5641.330078125,5649.56982421875,0
2025-11-28 10:00:00,5649.68017578125,5655.22998046875,5648.97021484375,5652.509765625,0
2025-11-28 11:00:00,5652.39013671875,5655.25,5648.1298828125,5652.97021484375,0
2025-11-28 12:00:00,5653.33984375,5661.81005859375,5653.33984375,5659.22998046875,0
2025-11-28 13:00:00,5659.25,5663.77978515625,5656.93017578125,5662.85986328125,0
2025-11-28 14:00:00,5662.56982421875,5668.33984375,5661.75,5668.18017578125,0
2025-11-28 15:00:00,5668.990234375,5676.81982421875,5665.080078125,5665.080078125,0
2025-11-28 16:00:00,5665.39990234375,5675.25,5665.39990234375,5668.0498046875,0
2025-12-01 08:00:00,5659.91015625,5672.080078125,5646.6201171875,5659.39013671875,0
2025-12-01 09:00:00,5659.3701171875,5668.77978515625,5641.919921875,5644.3798828125,0
2025-12-01 10:00:00,5644.33984375,5656.02978515625,5639.97998046875,5640.33984375,0
2025-12-01 11:00:00,5640.1201171875,5642.39013671875,5632.77001953125,5634.25,0
2025-12-01 12:00:00,5633.97998046875,5635.10986328125,5622.9501953125,5627.9599609375,0
2025-12-01 13:00:00,5627.490234375,5644.7900390625,5627.490234375,5643.58984375,0
2025-12-01 14:00:00,5643.27001953125,5661.259765625,5640.97021484375,5659.14013671875,0
2025-12-01 15:00:00,5659.7099609375,5664.75,5654.580078125,5664.35009765625,0
2025-12-01 16:00:00,5664.64990234375,5669.60009765625,5661.77978515625,5668.14013671875,0
2025-12-02 08:00:00,5667.41015625,5698.16015625,5665.2900390625,5697.81005859375,0
2025-12-02 09:00:00,5697.919921875,5701.259765625,5690.27001953125,5698.8798828125,0
2025-12-02 10:00:00,5699.009765625,5707.10009765625,5690.10009765625,5706.85986328125,0
2025-12-02 11:00:00,5706.64990234375,5710.830078125,5702.9599609375,5709.06982421875,0
2025-12-02 12:00:00,5709.259765625,5709.259765625,5694.60009765625,5700.81982421875,0
2025-12-02 13:00:00,5700.9501953125,5700.9501953125,5683.77001953125,5692.18017578125,0
2025-12-02 14:00:00,5692.1298828125,5697.509765625,5687.41015625,5696.3701171875,0
2025-12-02 15:00:00,5695.990234375,5704.0498046875,5686.240234375,5704.0498046875,0
2025-12-02 16:00:00,5704.14013671875,5706.08984375,5686.14990234375,5687.4599609375,0
2025-12-03 08:00:00,5696.25,5717.490234375,5696.25,5717.259765625,0
2025-12-03 09:00:00,5717.41015625,5725.31982421875,5710.740234375,5715.64013671875,0
2025-12-03 10:00:00,5715.580078125,5721.06982421875,5700.490234375,5700.52001953125,0
2025-12-03 11:00:00,5700.43017578125,5707.3798828125,5698.669921875,5702.7998046875,0
2025-12-03 12:00:00,5702.97998046875,5713.240234375,5700.35009765625,5710.91015625,0
2025-12-03 13:00:00,5710.52001953125,5713.52978515625,5699.490234375,5699.490234375,0
2025-12-03 14:00:00,5699.7099609375,5701.06005859375,5676.919921875,5696.669921875,0
2025-12-03 15:00:00,5696.759765625,5703.85986328125,5694.97021484375,5699.759765625,0
2025-12-03 16:00:00,5699.7998046875,5700.080078125,5691.259765625,5692.1298828125,0
2025-12-04 08:00:00,5709.830078125,5731.93994140625,5709.830078125,5716.56982421875,0
2025-12-04 09:00:00,5716.2900390625,5721.2001953125,5704.43994140625,5719.5,0
2025-12-04 10:00:00,5719.2900390625,5719.85986328125,5708.16015625,5708.5,0
2025-12-04 11:00:00,5708.509765625,5719.06005859375,5708.43017578125,5717.27978515625,0
2025-12-04 12:00:00,5717.41015625,5725.97998046875,5714.22998046875,5722.52978515625,0
2025-12-04 13:00:00,5722.5498046875,5725.33984375,5716.240234375,5723.2099609375,0
2025-12-04 14:00:00,5723.08984375,5724.18017578125,5714.1298828125,5715.7001953125,0
2025-12-04 15:00:00,5715.4599609375,5726.06005859375,5712.85986328125,5723.93994140625,0
2025-12-04 16:00:00,5723.16015625,5728.509765625,5721.81005859375,5723.240234375,0
2025-12-05 08:00:00,5726.64013671875,5740.72021484375,5726.64013671875,5733.41015625,0
2025-12-05 09:00:00,5734.4501953125,5740.4599609375,5729.58984375,5739.14013671875,0
2025-12-05 10:00:00,5738.759765625,5747.43994140625,5734.27978515625,5745.77978515625,0
2025-12-05 11:00:00,5745.2900390625,5748.18017578125,5740.22998046875,5744.009765625,0
2025-12-05 12:00:00,5744.06005859375,5747.18994140625,5740.64990234375,5743.0,0
2025-12-05 13:00:00,5743.009765625,5748.5400390625,5734.10986328125,5737.490234375,0
2025-12-05 14:00:00,5737.41015625,5746.16015625,5735.93017578125,5746.16015625,0
2025-12-05 15:00:00,5745.4599609375,5749.06005859375,5733.10009765625,5733.85009765625,0
2025-12-05 16:00:00,5733.72021484375,5734.7998046875,5725.3701171875,5725.77978515625,0
2025-12-08 08:00:00,5717.64990234375,5724.91015625,5711.2099609375,5712.93994140625,0
2025-12-08 09:00:00,5712.60986328125,5731.14013671875,5711.0,5729.68017578125,0
2025-12-08 10:00:00,5729.97998046875,5729.97998046875,5723.2001953125,5724.0498046875,0
2025-12-08 11:00:00,5724.2998046875,5729.27001953125,5719.169921875,5721.7001953125,0
2025-12-08 12:00:00,5721.81982421875,5726.41015625,5720.35986328125,5724.52978515625,0
2025-12-08 13:00:00,5724.60009765625,5731.27978515625,5720.43017578125,5723.080078125,0
2025-12-08 14:00:00,5723.39990234375,5734.72998046875,5722.5400390625,5734.72998046875,0
2025-12-08 15:00:00,5734.22998046875,5734.330078125,5716.490234375,5717.75,0
2025-12-08 16:00:00,5717.58984375,5725.4501953125,5711.72998046875,5724.27001953125,0
2025-12-09 08:00:00,5724.7099609375,5753.47998046875,5724.7099609375,5739.10986328125,0
2025-12-09 09:00:00,5739.2998046875,5739.2998046875,5720.64990234375,5725.259765625,0
2025-12-09 10:00:00,5725.31982421875,5725.31982421875,5715.43017578125,5719.06982421875,0
2025-12-09 11:00:00,5719.0400390625,5719.0400390625,5709.22021484375,5711.7099609375,0
2025-12-09 12:00:00,5712.02978515625,5714.7099609375,5708.52978515625,5714.6298828125,0
2025-12-09 13:00:00,5714.77001953125,5718.68994140625,5712.169921875,5717.490234375,0
2025-12-09 14:00:00,5717.5,5725.22998046875,5714.7099609375,5724.06982421875,0
2025-12-09 15:00:00,5724.0,5726.06005859375,5714.47998046875,5716.31005859375,0
2025-12-09 16:00:00,5716.2900390625,5723.27978515625,5716.2900390625,5721.7099609375,0
2025-12-10 08:00:00,5710.7001953125,5722.77001953125,5702.169921875,5707.66015625,0
2025-12-10 09:00:00,5707.3701171875,5715.4501953125,5692.58984375,5710.2900390625,0
2025-12-10 10:00:00,5709.7099609375,5711.06005859375,5697.259765625,5697.68017578125,0
2025-12-10 11:00:00,5697.4599609375,5707.35986328125,5695.77978515625,5705.83984375,0
2025-12-10 12:00:00,5705.419921875,5711.919921875,5703.64990234375,5705.89990234375,0
2025-12-10 13:00:00,5706.06005859375,5709.89990234375,5701.5498046875,5704.97021484375,0
2025-12-10 14:00:00,5703.490234375,5707.7001953125,5700.2099609375,5703.97021484375,0
2025-12-10 15:00:00,5703.240234375,5709.41015625,5699.4501953125,5699.89013671875,0
2025-12-10 16:00:00,5700.4501953125,5705.58984375,5696.85986328125,5701.43994140625,0
2025-12-11 08:00:00,5707.759765625,5721.56005859375,5684.93017578125,5720.10986328125,0
2025-12-11 09:00:00,5720.3798828125,5722.240234375,5713.1201171875,5714.85986328125,0
2025-12-11 10:00:00,5715.31982421875,5730.41015625,5713.52978515625,5729.740234375,0
2025-12-11 11:00:00,5729.419921875,5732.33984375,5726.5,5727.43994140625,0
2025-12-11 12:00:00,5727.509765625,5740.7998046875,5726.77978515625,5740.31982421875,0
2025-12-11 13:00:00,5739.7099609375,5748.60986328125,5739.240234375,5747.830078125,0
2025-12-11 14:00:00,5748.39013671875,5760.009765625,5744.77978515625,5745.7998046875,0
2025-12-11 15:00:00,5745.7001953125,5770.18994140625,5745.08984375,5764.83984375,0
2025-12-11 16:00:00,5764.16015625,5768.27001953125,5749.85009765625,5751.22021484375,0
2025-12-12 08:00:00,5766.83984375,5794.7001953125,5766.83984375,5789.14990234375,0
2025-12-12 09:00:00,5788.5400390625,5793.68017578125,5781.6298828125,5787.1298828125,0
2025-12-12 10:00:00,5786.7099609375,5793.77978515625,5777.759765625,5782.02978515625,0
2025-12-12 11:00:00,5782.009765625,5782.009765625,5771.06005859375,5774.35986328125,0
2025-12-12 12:00:00,5774.93017578125,5774.93017578125,5768.4599609375,5768.4599609375,0
2025-12-12 13:00:00,5768.97021484375,5772.6298828125,5764.43017578125,5772.6298828125,0
2025-12-12 14:00:00,5772.669921875,5783.4501953125,5772.3798828125,5775.39013671875,0
2025-12-12 15:00:00,5774.669921875,5774.669921875,5727.6201171875,5729.64990234375,0
2025-12-12 16:00:00,5729.43017578125,5733.16015625,5718.97021484375,5725.56982421875,0
2025-12-15 08:00:00,5724.16015625,5753.18017578125,5724.16015625,5745.22021484375,0
2025-12-15 09:00:00,5745.490234375,5754.35009765625,5744.22998046875,5750.8701171875,0
2025-12-15 10:00:00,5750.72021484375,5760.2900390625,5749.9501953125,5759.330078125,0
2025-12-15 11:00:00,5759.740234375,5763.2099609375,5758.2998046875,5762.2998046875,0
2025-12-15 12:00:00,5762.080078125,5762.58984375,5750.93994140625,5760.39990234375,0
2025-12-15 13:00:00,5760.43994140625,5761.4501953125,5755.02978515625,5758.52001953125,0
2025-12-15 14:00:00,5758.490234375,5762.0498046875,5750.02978515625,5750.02978515625,0
2025-12-15 15:00:00,5749.43994140625,5751.56982421875,5737.33984375,5745.66015625,0
2025-12-15 16:00:00,5744.8798828125,5759.919921875,5742.27978515625,5759.39990234375,0
2025-12-16 08:00:00,5755.81982421875,5755.81982421875,5732.0400390625,5751.02001953125,0
2025-12-16 09:00:00,5750.52978515625,5757.35009765625,5734.89990234375,5737.10986328125,0
2025-12-16 10:00:00,5736.830078125,5746.18017578125,5731.64013671875,5737.31005859375,0
2025-12-16 11:00:00,5736.06005859375,5737.72021484375,5732.43994140625,5734.31982421875,0
2025-12-16 12:00:00,5734.06005859375,5742.9599609375,5731.58984375,5740.75,0
2025-12-16 13:00:00,5740.72021484375,5746.72021484375,5734.02001953125,5734.75,0
2025-12-16 14:00:00,5735.10009765625,5735.43994140625,5720.240234375,5728.3701171875,0
2025-12-16 15:00:00,5729.5,5729.93994140625,5710.2099609375,5725.89990234375,0
2025-12-16 16:00:00,5725.64990234375,5727.509765625,5718.66015625,5724.5,0
2025-12-17 08:00:00,5735.2099609375,5745.8701171875,5731.1201171875,5736.9501953125,0
2025-12-17 09:00:00,5738.68017578125,5739.080078125,5727.58984375,5734.31005859375,0
2025-12-17 10:00:00,5734.14013671875,5737.25,5725.97998046875,5726.75,0
2025-12-17 11:00:00,5726.7900390625,5729.14990234375,5718.16015625,5720.68017578125,0
2025-12-17 12:00:00,5721.02978515625,5724.8701171875,5716.02978515625,5719.580078125,0
2025-12-17 13:00:00,5719.41015625,5720.97021484375,5708.77001953125,5711.2900390625,0
2025-12-17 14:00:00,5711.31005859375,5717.93017578125,5699.68994140625,5715.52001953125,0
2025-12-17 15:00:00,5715.31005859375,5715.669921875,5682.39013671875,5683.33984375,0
2025-12-17 16:00:00,5683.7900390625,5690.02001953125,5678.52978515625,5683.64013671875,0
2025-12-18 08:00:00,5684.0,5695.89013671875,5679.60986328125,5691.91015625,0
2025-12-18 09:00:00,5692.68017578125,5703.64990234375,5689.33984375,5700.2099609375,0
2025-12-18 10:00:00,5700.18994140625,5707.43017578125,5699.7998046875,5702.10009765625,0
2025-12-18 11:00:00,5702.990234375,5709.830078125,5700.39990234375,5703.16015625,0
2025-12-18 12:00:00,5703.14990234375,5706.18017578125,5700.06982421875,5703.16015625,0
2025-12-18 13:00:00,5703.3701171875,5719.919921875,5701.97998046875,5707.43994140625,0
2025-12-18 14:00:00,5707.43994140625,5723.7099609375,5707.43994140625,5715.419921875,0
2025-12-18 15:00:00,5716.2099609375,5740.56982421875,5709.83984375,5740.56982421875,0
2025-12-18 16:00:00,5741.18994140625,5746.97998046875,5734.330078125,5742.52978515625,0
2025-12-19 08:00:00,5742.14013671875,5747.91015625,5735.58984375,5740.47021484375,0
2025-12-19 09:00:00,5739.8701171875,5749.1298828125,5734.240234375,5748.169921875,0
2025-12-19 10:00:00,5748.2099609375,5750.9501953125,5737.06982421875,5737.7099609375,0
2025-12-19 11:00:00,5737.64013671875,5743.7099609375,5728.64990234375,5738.009765625,0
2025-12-19 12:00:00,5739.080078125,5742.97021484375,5732.85986328125,5738.8798828125,0
2025-12-19 13:00:00,5738.83984375,5747.85009765625,5738.83984375,5743.8701171875,0
2025-12-19 14:00:00,5744.22998046875,5762.27001953125,5742.64013671875,5762.22998046875,0
2025-12-19 15:00:00,5762.35009765625,5768.64990234375,5759.85986328125,5763.77001953125,0
2025-12-19 16:00:00,5762.93017578125,5772.35009765625,5760.72998046875,5767.259765625,0
2025-12-22 08:00:00,5754.39013671875,5770.990234375,5754.39013671875,5760.43017578125,0
2025-12-22 09:00:00,5761.10986328125,5765.41015625,5755.759765625,5756.43994140625,0
2025-12-22 10:00:00,5756.81982421875,5758.06982421875,5749.6298828125,5751.8701171875,0
2025-12-22 11:00:00,5752.009765625,5756.14990234375,5748.41015625,5751.7099609375,0
2025-12-22 12:00:00,5751.47021484375,5758.18994140625,5751.47021484375,5752.85986328125,0
2025-12-22 13:00:00,5753.06982421875,5753.39990234375,5741.02001953125,5748.31982421875,0
2025-12-22 14:00:00,5748.7001953125,5749.169921875,5734.8701171875,5735.9501953125,0
2025-12-22 15:00:00,5735.919921875,5746.169921875,5733.7900390625,5744.919921875,0
2025-12-22 16:00:00,5745.33984375,5750.06005859375,5744.02978515625,5748.1298828125,0
2025-12-23 08:00:00,5742.56005859375,5754.52978515625,5737.58984375,5740.72021484375,0
2025-12-23 09:00:00,5740.56982421875,5743.85986328125,5738.31005859375,5741.7998046875,0
2025-12-23 10:00:00,5741.9599609375,5746.009765625,5738.56005859375,5738.56005859375,0
2025-12-23 11:00:00,5738.6298828125,5742.419921875,5735.7900390625,5736.47021484375,0
2025-12-23 12:00:00,5736.7900390625,5738.77001953125,5732.97021484375,5736.81982421875,0
2025-12-23 13:00:00,5736.9501953125,5738.9599609375,5729.33984375,5731.68017578125,0
2025-12-23 14:00:00,5732.0498046875,5751.89013671875,5731.58984375,5747.60986328125,0
2025-12-23 15:00:00,5747.18994140625,5754.08984375,5743.1298828125,5753.6298828125,0
2025-12-23 16:00:00,5753.35986328125,5753.68994140625,5747.240234375,5747.5498046875,0
2025-12-29 08:00:00,5752.16015625,5766.2998046875,5737.47021484375,5738.919921875,0
2025-12-29 09:00:00,5738.759765625,5745.509765625,5734.91015625,5739.35986328125,0
2025-12-29 10:00:00,5739.3701171875,5752.22021484375,5735.77001953125,5751.330078125,0
2025-12-29 11:00:00,5751.39990234375,5760.5498046875,5750.240234375,5754.77001953125,0
2025-12-29 12:00:00,5755.10009765625,5758.1298828125,5746.91015625,5749.43017578125,0
2025-12-29 13:00:00,5749.06005859375,5758.27978515625,5748.35986328125,5756.919921875,0
2025-12-29 14:00:00,5756.8798828125,5763.14990234375,5748.4501953125,5748.490234375,0
2025-12-29 15:00:00,5748.64013671875,5761.3798828125,5745.2099609375,5761.2099609375,0
2025-12-29 16:00:00,5760.68994140625,5762.990234375,5755.919921875,5756.91015625,0
2025-12-30 08:00:00,5748.97021484375,5762.41015625,5746.35986328125,5762.41015625,0
2025-12-30 09:00:00,5762.8798828125,5778.740234375,5761.66015625,5778.5,0
2025-12-30 10:00:00,5778.419921875,5782.18994140625,5778.18994140625,5780.830078125,0
2025-12-30 11:00:00,5780.93017578125,5790.81982421875,5773.22021484375,5790.41015625,0
2025-12-30 12:00:00,5790.2001953125,5798.02978515625,5789.60986328125,5797.68017578125,0
2025-12-30 13:00:00,5798.009765625,5799.6201171875,5792.9501953125,5794.7001953125,0
2025-12-30 14:00:00,5794.759765625,5796.02978515625,5789.25,5792.3701171875,0
2025-12-30 15:00:00,5793.0,5801.7099609375,5791.41015625,5800.5498046875,0
2025-12-30 16:00:00,5800.27978515625,5802.990234375,5799.68017578125,5801.75,0
2026-01-05 08:00:00,5863.16015625,5912.77978515625,5863.16015625,5906.10986328125,0
2026-01-05 09:00:00,5906.22998046875,5910.2998046875,5892.330078125,5897.27001953125,0
2026-01-05 10:00:00,5897.759765625,5898.490234375,5881.740234375,5891.0498046875,0
2026-01-05 11:00:00,5890.7099609375,5896.75,5887.68994140625,5888.39990234375,0
2026-01-05 12:00:00,5888.77978515625,5890.740234375,5880.740234375,5887.25,0
2026-01-05 13:00:00,5887.60009765625,5898.56005859375,5886.02978515625,5896.64990234375,0
2026-01-05 14:00:00,5896.6201171875,5911.10009765625,5895.509765625,5903.72021484375,0
2026-01-05 15:00:00,5904.22021484375,5917.93994140625,5900.27978515625,5916.77001953125,0
2026-01-05 16:00:00,5916.33984375,5924.60009765625,5913.85986328125,5923.66015625,0
2026-01-06 08:00:00,5926.72998046875,5929.41015625,5906.8701171875,5909.66015625,0
2026-01-06 09:00:00,5910.06982421875,5915.7001953125,5895.81982421875,5898.009765625,0
2026-01-06 10:00:00,5897.43017578125,5902.52001953125,5895.759765625,5899.68017578125,0
2026-01-06 11:00:00,5899.39990234375,5913.35986328125,5899.31982421875,5911.83984375,0
2026-01-06 12:00:00,5911.919921875,5917.81982421875,5909.259765625,5916.64990234375,0
2026-01-06 13:00:00,5916.41015625,5925.509765625,5915.43017578125,5924.47021484375,0
2026-01-06 14:00:00,5924.33984375,5938.16015625,5921.6201171875,5937.9501953125,0
2026-01-06 15:00:00,5938.7998046875,5943.2099609375,5931.31005859375,5931.4501953125,0
2026-01-06 16:00:00,5927.7099609375,5938.18017578125,5927.7099609375,5935.22021484375,0
2026-01-07 08:00:00,5926.5400390625,5934.990234375,5919.31982421875,5919.97998046875,0
2026-01-07 09:00:00,5919.740234375,5923.5400390625,5914.18017578125,5915.830078125,0
2026-01-07 10:00:00,5915.9599609375,5924.81005859375,5912.240234375,5921.580078125,0
2026-01-07 11:00:00,5921.56982421875,5926.669921875,5919.3798828125,5925.33984375,0
2026-01-07 12:00:00,5924.580078125,5926.10009765625,5914.35009765625,5922.68994140625,0
2026-01-07 13:00:00,5922.64990234375,5929.759765625,5921.77001953125,5929.6201171875,0
2026-01-07 14:00:00,5929.2998046875,5929.2998046875,5915.89013671875,5917.43994140625,0
2026-01-07 15:00:00,5917.2099609375,5923.56005859375,5911.7001953125,5921.77978515625,0
2026-01-07 16:00:00,5922.16015625,5930.14990234375,5922.16015625,5923.16015625,0
2026-01-08 08:00:00,5913.27978515625,5935.08984375,5905.06982421875,5925.06005859375,0
2026-01-08 09:00:00,5925.2001953125,5928.56982421875,5910.7900390625,5911.509765625,0
2026-01-08 10:00:00,5911.58984375,5911.58984375,5902.2998046875,5904.47021484375,0
2026-01-08 11:00:00,5904.52978515625,5913.22021484375,5903.64013671875,5910.259765625,0
2026-01-08 12:00:00,5910.5,5911.830078125,5896.72021484375,5900.39990234375,0
2026-01-08 13:00:00,5900.47998046875,5912.77978515625,5896.759765625,5909.669921875,0
2026-01-08 14:00:00,5910.14013671875,5913.77001953125,5903.3798828125,5904.97998046875,0
2026-01-08 15:00:00,5904.7900390625,5922.669921875,5903.60009765625,5912.2001953125,0
2026-01-08 16:00:00,5913.2900390625,5914.6298828125,5900.6298828125,5902.669921875,0
2026-01-09 08:00:00,5916.47998046875,5950.27001953125,5916.47998046875,5946.0498046875,0
2026-01-09 09:00:00,5945.81982421875,5951.7001953125,5940.85009765625,5950.0,0
2026-01-09 10:00:00,5950.16015625,5964.52978515625,5948.10986328125,5961.7900390625,0
2026-01-09 11:00:00,5962.60009765625,5972.4501953125,5960.89013671875,5970.33984375,0
2026-01-09 12:00:00,5969.89990234375,5972.740234375,5965.9599609375,5969.7099609375,0
2026-01-09 13:00:00,5969.740234375,5977.7998046875,5961.22998046875,5975.02001953125,0
2026-01-09 14:00:00,5975.81982421875,5981.93994140625,5967.64990234375,5980.66015625,0
2026-01-09 15:00:00,5980.31005859375,5990.9599609375,5959.33984375,5990.9599609375,0
2026-01-09 16:00:00,5990.72998046875,5999.47998046875,5988.8701171875,5995.830078125,0
2026-01-12 08:00:00,5995.2099609375,5995.2099609375,5968.490234375,5976.1201171875,0
2026-01-12 09:00:00,5975.740234375,5982.6201171875,5974.93994140625,5980.39013671875,0
2026-01-12 10:00:00,5980.330078125,5992.85009765625,5977.31005859375,5990.009765625,0
2026-01-12 11:00:00,5990.10986328125,5998.8798828125,5990.10986328125,5996.27001953125,0
2026-01-12 12:00:00,5996.3798828125,6005.93994140625,5996.3798828125,6005.93994140625,0
2026-01-12 13:00:00,6006.2099609375,6006.3798828125,5998.1298828125,6005.740234375,0
2026-01-12 14:00:00,6005.4501953125,6018.759765625,6001.43017578125,6018.759765625,0
2026-01-12 15:00:00,6018.77978515625,6018.9599609375,6003.97998046875,6013.33984375,0
2026-01-12 16:00:00,6013.52978515625,6016.10009765625,6009.22021484375,6010.1298828125,0
2026-01-13 08:00:00,6022.16015625,6035.52001953125,6022.0,6033.64990234375,0
2026-01-13 09:00:00,6033.919921875,6036.93017578125,6020.16015625,6021.81005859375,0
2026-01-13 10:00:00,6021.4501953125,6021.4501953125,6009.75,6010.4599609375,0
2026-01-13 11:00:00,6010.83984375,6013.7099609375,6007.72021484375,6013.47021484375,0
2026-01-13 12:00:00,6013.509765625,6023.10986328125,6011.990234375,6022.6298828125,0
2026-01-13 13:00:00,6023.1298828125,6036.47021484375,6023.1298828125,6030.60009765625,0
2026-01-13 14:00:00,6030.47021484375,6041.72021484375,6026.669921875,6027.580078125,0
2026-01-13 15:00:00,6029.0,6032.72998046875,6014.7998046875,6032.56982421875,0
2026-01-13 16:00:00,6032.830078125,6033.89990234375,6021.490234375,6025.009765625,0
2026-01-14 08:00:00,6030.89990234375,6052.85986328125,6030.89990234375,6051.259765625,0
2026-01-14 09:00:00,6051.490234375,6051.490234375,6042.7099609375,6044.4599609375,0
2026-01-14 10:00:00,6044.4599609375,6045.39013671875,6019.8701171875,6021.10009765625,0
2026-01-14 11:00:00,6020.5400390625,6025.72021484375,6016.89013671875,6018.81005859375,0
2026-01-14 12:00:00,6018.4501953125,6023.52001953125,6015.39013671875,6020.009765625,0
2026-01-14 13:00:00,6020.16015625,6021.8701171875,6013.18017578125,6018.89013671875,0
2026-01-14 14:00:00,6018.64990234375,6022.7998046875,6013.66015625,6013.66015625,0
2026-01-14 15:00:00,6013.66015625,6022.240234375,6004.14990234375,6007.7001953125,0
2026-01-14 16:00:00,6007.8798828125,6014.27978515625,6005.68994140625,6012.68017578125,0
2026-01-15 08:00:00,6006.02978515625,6048.33984375,6004.35009765625,6028.7998046875,0
2026-01-15 09:00:00,6029.08984375,6037.56982421875,6023.2099609375,6023.83984375,0
2026-01-15 10:00:00,6023.81982421875,6036.419921875,6022.0498046875,6036.169921875,0
2026-01-15 11:00:00,6036.52978515625,6047.3798828125,6032.330078125,6038.10009765625,0
2026-01-15 12:00:00,6038.009765625,6043.009765625,6033.6298828125,6041.06982421875,0
2026-01-15 13:00:00,6041.169921875,6053.68017578125,6040.83984375,6044.06982421875,0
2026-01-15 14:00:00,6043.91015625,6052.77978515625,6041.22998046875,6043.490234375,0
2026-01-15 15:00:00,6044.02978515625,6045.8798828125,6036.22021484375,6044.27001953125,0
2026-01-15 16:00:00,6044.7001953125,6048.080078125,6044.240234375,6048.06982421875,0
2026-01-16 08:00:00,6039.759765625,6045.60986328125,6022.72021484375,6023.72021484375,0
2026-01-16 09:00:00,6023.60986328125,6025.259765625,6018.0498046875,6019.4501953125,0
2026-01-16 10:00:00,6019.35986328125,6035.77978515625,6019.35986328125,6027.35986328125,0
2026-01-16 11:00:00,6025.669921875,6028.52978515625,6016.5498046875,6018.009765625,0
2026-01-16 12:00:00,6018.0400390625,6021.4501953125,6015.35986328125,6019.990234375,0
2026-01-16 13:00:00,6020.22021484375,6024.4501953125,6017.85986328125,6018.35986328125,0
2026-01-16 14:00:00,6017.93994140625,6023.08984375,6008.259765625,6008.259765625,0
2026-01-16 15:00:00,6007.25,6017.4501953125,6003.669921875,6015.35986328125,0
2026-01-16 16:00:00,6015.830078125,6021.1298828125,6013.240234375,6020.22021484375,0
2026-01-19 08:00:00,5974.89013671875,5974.89013671875,5928.2998046875,5951.0498046875,0
2026-01-19 09:00:00,5952.06005859375,5952.97998046875,5923.58984375,5928.7099609375,0
2026-01-19 10:00:00,5928.580078125,5938.8701171875,5920.18994140625,5921.669921875,0
2026-01-19 11:00:00,5921.3798828125,5932.240234375,5921.31005859375,5929.31005859375,0
2026-01-19 12:00:00,5929.22998046875,5942.2900390625,5929.0498046875,5938.3701171875,0
2026-01-19 13:00:00,5938.6201171875,5950.22021484375,5938.52001953125,5947.97021484375,0
2026-01-19 14:00:00,5948.14013671875,5948.47021484375,5927.89990234375,5938.7900390625,0
2026-01-19 15:00:00,5938.919921875,5939.18994140625,5919.41015625,5921.14990234375,0
2026-01-19 16:00:00,5921.0400390625,5932.759765625,5921.0400390625,5924.759765625,0
2026-01-20 08:00:00,5910.47998046875,5910.47998046875,5864.72021484375,5865.759765625,0
2026-01-20 09:00:00,5865.39013671875,5866.75,5844.39013671875,5844.97021484375,0
2026-01-20 10:00:00,5844.68017578125,5861.08984375,5836.5400390625,5847.60986328125,0
2026-01-20 11:00:00,5847.60009765625,5854.2001953125,5837.830078125,5843.22021484375,0
2026-01-20 12:00:00,5843.3798828125,5866.669921875,5842.5400390625,5862.7998046875,0
2026-01-20 13:00:00,5862.580078125,5872.27978515625,5855.25,5858.759765625,0
2026-01-20 14:00:00,5859.009765625,5881.56005859375,5852.06005859375,5878.6201171875,0
2026-01-20 15:00:00,5878.89990234375,5887.91015625,5869.06982421875,5879.6201171875,0
2026-01-20 16:00:00,5880.080078125,5895.72021484375,5880.080078125,5892.2001953125,0
2026-01-21 08:00:00,5894.27978515625,5897.2900390625,5873.93017578125,5877.89013671875,0
2026-01-21 09:00:00,5878.68017578125,5881.919921875,5854.5,5854.83984375,0
2026-01-21 10:00:00,5854.58984375,5869.93017578125,5851.47021484375,5857.580078125,0
2026-01-21 11:00:00,5857.0498046875,5859.009765625,5838.77978515625,5839.0400390625,0
2026-01-21 12:00:00,5839.14990234375,5847.31005859375,5831.81982421875,5836.8798828125,0
2026-01-21 13:00:00,5837.43994140625,5843.68017578125,5822.919921875,5843.68017578125,0
2026-01-21 14:00:00,5841.509765625,5887.1201171875,5836.72021484375,5886.0498046875,0
2026-01-21 15:00:00,5886.43994140625,5899.240234375,5878.0498046875,5892.60009765625,0
2026-01-21 16:00:00,5892.4599609375,5892.4599609375,5883.4501953125,5888.85986328125,0
2026-01-22 08:00:00,5902.68994140625,5959.33984375,5902.68994140625,5953.259765625,0
2026-01-22 09:00:00,5952.240234375,5974.35986328125,5951.419921875,5968.68017578125,0
2026-01-22 10:00:00,5969.5,5973.31982421875,5953.33984375,5955.41015625,0
2026-01-22 11:00:00,5955.68017578125,5963.31005859375,5943.77978515625,5951.6298828125,0
2026-01-22 12:00:00,5951.52978515625,5961.509765625,5948.7998046875,5954.8701171875,0
2026-01-22 13:00:00,5954.83984375,5959.9599609375,5943.85009765625,5958.22998046875,0
2026-01-22 14:00:00,5958.77001953125,5979.10009765625,5951.990234375,5957.35009765625,0
2026-01-22 15:00:00,5956.52001953125,5961.75,5940.89013671875,5954.10986328125,0
2026-01-22 16:00:00,5954.10986328125,5965.02001953125,5954.10986328125,5961.77978515625,0
2026-01-23 08:00:00,5947.6298828125,5948.22998046875,5929.4599609375,5936.330078125,0
2026-01-23 09:00:00,5936.72998046875,5953.18994140625,5935.47998046875,5936.02978515625,0
2026-01-23 10:00:00,5935.39013671875,5935.39013671875,5915.97998046875,5925.990234375,0
2026-01-23 11:00:00,5927.6201171875,5948.240234375,5927.39990234375,5941.2998046875,0
2026-01-23 12:00:00,5941.64013671875,5945.419921875,5930.56982421875,5941.56005859375,0
2026-01-23 13:00:00,5941.419921875,5942.31005859375,5930.77978515625,5932.56982421875,0
2026-01-23 14:00:00,5932.669921875,5938.16015625,5923.580078125,5936.56982421875,0
2026-01-23 15:00:00,5937.56982421875,5955.990234375,5934.89990234375,5951.52001953125,0
2026-01-23 16:00:00,5951.25,5954.39990234375,5939.5,5939.5,0
2026-01-26 08:00:00,5948.97021484375,5955.330078125,5944.39990234375,5948.89990234375,0
2026-01-26 09:00:00,5948.64013671875,5951.02978515625,5926.2998046875,5931.18994140625,0
2026-01-26 10:00:00,5931.419921875,5943.02001953125,5928.509765625,5935.6298828125,0
2026-01-26 11:00:00,5935.6298828125,5939.0498046875,5934.8798828125,5938.39990234375,0
2026-01-26 12:00:00,5938.43994140625,5946.81005859375,5938.43994140625,5941.0498046875,0
2026-01-26 13:00:00,5940.81982421875,5946.759765625,5936.080078125,5946.52001953125,0
2026-01-26 14:00:00,5946.3701171875,5969.39013671875,5946.3701171875,5966.4501953125,0
2026-01-26 15:00:00,5966.72021484375,5971.35986328125,5952.77978515625,5963.990234375,0
2026-01-26 16:00:00,5963.64013671875,5964.18017578125,5956.85986328125,5961.56005859375,0
2026-01-27 08:00:00,5972.97021484375,5982.580078125,5961.990234375,5968.83984375,0
2026-01-27 09:00:00,5968.14990234375,5970.0400390625,5960.02001953125,5967.64013671875,0
2026-01-27 10:00:00,5967.85009765625,5976.35986328125,5965.75,5971.990234375,0
2026-01-27 11:00:00,5971.7099609375,5981.58984375,5969.7099609375,5976.240234375,0
2026-01-27 12:00:00,5976.39013671875,5979.60986328125,5972.02001953125,5978.009765625,0
2026-01-27 13:00:00,5977.9599609375,5983.93994140625,5977.9599609375,5980.83984375,0
2026-01-27 14:00:00,5980.56982421875,6000.14013671875,5979.419921875,5997.0400390625,0
2026-01-27 15:00:00,5997.1201171875,6001.7998046875,5983.3701171875,6001.7998046875,0
2026-01-27 16:00:00,6001.39013671875,6004.5400390625,5998.3701171875,6000.91015625,0
2026-01-28 08:00:00,5988.60009765625,6024.5498046875,5970.47021484375,5985.3798828125,0
2026-01-28 09:00:00,5985.22021484375,5991.43994140625,5982.509765625,5986.60009765625,0
2026-01-28 10:00:00,5986.6298828125,5998.52001953125,5981.080078125,5997.2099609375,0
2026-01-28 11:00:00,5997.39013671875,5999.4599609375,5991.2001953125,5991.6298828125,0
2026-01-28 12:00:00,5992.7001953125,5993.39990234375,5959.8798828125,5959.8798828125,0
2026-01-28 13:00:00,5959.75,5973.259765625,5958.58984375,5965.16015625,0
2026-01-28 14:00:00,5966.2998046875,5969.7998046875,5943.35986328125,5943.35986328125,0
2026-01-28 15:00:00,5943.1298828125,5954.240234375,5934.9501953125,5939.18994140625,0
2026-01-28 16:00:00,5938.5400390625,5947.8798828125,5935.91015625,5940.9501953125,0
2026-01-29 08:00:00,5963.64013671875,5973.25,5946.2001953125,5954.64013671875,0
2026-01-29 09:00:00,5953.60009765625,5970.4599609375,5946.830078125,5947.18017578125,0
2026-01-29 10:00:00,5946.3798828125,5959.8701171875,5941.25,5950.5400390625,0
2026-01-29 11:00:00,5950.81982421875,5964.75,5947.669921875,5964.43994140625,0
2026-01-29 12:00:00,5964.22021484375,5964.83984375,5951.240234375,5953.10986328125,0
2026-01-29 13:00:00,5953.14990234375,5972.1201171875,5953.14990234375,5972.009765625,0
2026-01-29 14:00:00,5972.14013671875,5972.31982421875,5923.22998046875,5923.22998046875,0
2026-01-29 15:00:00,5921.39013671875,5923.4599609375,5886.35009765625,5891.18017578125,0
2026-01-29 16:00:00,5890.60986328125,5903.77001953125,5879.16015625,5888.759765625,0
2026-01-30 08:00:00,5887.919921875,5929.330078125,5887.919921875,5928.669921875,0
2026-01-30 09:00:00,5928.9501953125,5932.18994140625,5915.22021484375,5918.89990234375,0
2026-01-30 10:00:00,5918.60986328125,5932.7001953125,5916.169921875,5926.89013671875,0
2026-01-30 11:00:00,5925.83984375,5954.4501953125,5923.919921875,5951.85986328125,0
2026-01-30 12:00:00,5952.52978515625,5956.6201171875,5943.740234375,5944.2001953125,0
2026-01-30 13:00:00,5944.27001953125,5950.2900390625,5938.419921875,5938.89013671875,0
2026-01-30 14:00:00,5938.7099609375,5964.93017578125,5938.7099609375,5952.14990234375,0
2026-01-30 15:00:00,5952.77001953125,5965.259765625,5943.58984375,5943.58984375,0
2026-01-30 16:00:00,5942.0498046875,5949.18017578125,5933.89990234375,5940.60009765625,0
2026-02-02 08:00:00,5901.25,5927.4599609375,5890.31982421875,5925.009765625,0
2026-02-02 09:00:00,5923.22998046875,5941.02978515625,5914.35009765625,5936.2001953125,0
2026-02-02 10:00:00,5936.4501953125,5947.580078125,5935.419921875,5946.990234375,0
2026-02-02 11:00:00,5946.3701171875,5963.31005859375,5946.3701171875,5962.22998046875,0
2026-02-02 12:00:00,5962.6298828125,5981.9599609375,5962.6298828125,5975.16015625,0
2026-02-02 13:00:00,5975.10986328125,5982.56982421875,5967.8798828125,5982.39990234375,0
2026-02-02 14:00:00,5981.9501953125,5997.990234375,5980.14990234375,5987.6298828125,0
2026-02-02 15:00:00,5989.919921875,6017.85009765625,5988.5,6005.5400390625,0
2026-02-02 16:00:00,6005.66015625,6013.419921875,6002.89990234375,6008.14990234375,0
2026-02-03 08:00:00,6027.8798828125,6073.33984375,6027.8798828125,6063.10009765625,0
2026-02-03 09:00:00,6063.06982421875,6069.75,6034.8798828125,6040.02001953125,0
2026-02-03 10:00:00,6040.35009765625,6047.25,6024.81005859375,6027.31982421875,0
2026-02-03 11:00:00,6026.990234375,6027.8798828125,6018.72998046875,6027.4501953125,0
2026-02-03 12:00:00,6027.009765625,6033.14990234375,6021.06005859375,6021.2998046875,0
2026-02-03 13:00:00,6021.43017578125,6023.77978515625,6007.8798828125,6009.47998046875,0
2026-02-03 14:00:00,6009.7099609375,6010.39990234375,5977.5400390625,5979.22998046875,0
2026-02-03 15:00:00,5978.5400390625,5995.0400390625,5973.41015625,5992.7001953125,0
2026-02-03 16:00:00,5992.93994140625,5994.7900390625,5985.6298828125,5989.68994140625,0
2026-02-04 08:00:00,5989.06982421875,6015.22998046875,5987.18994140625,5988.919921875,0
2026-02-04 09:00:00,5988.7099609375,5990.3701171875,5973.919921875,5990.18017578125,0
2026-02-04 10:00:00,5989.66015625,6010.14013671875,5989.43994140625,6008.7900390625,0
2026-02-04 11:00:00,6008.4501953125,6025.3701171875,6003.1201171875,6023.66015625,0
2026-02-04 12:00:00,6023.259765625,6028.89990234375,6004.52001953125,6006.919921875,0
2026-02-04 13:00:00,6007.31982421875,6010.509765625,6000.759765625,6005.06005859375,0
2026-02-04 14:00:00,6005.3701171875,6016.9599609375,5995.89990234375,5997.97998046875,0
2026-02-04 15:00:00,6000.41015625,6015.009765625,5989.64990234375,5992.7001953125,0
2026-02-04 16:00:00,5994.08984375,5995.2900390625,5974.490234375,5981.5498046875,0
2026-02-05 08:00:00,5988.25,5999.419921875,5958.9501953125,5962.89990234375,0
2026-02-05 09:00:00,5960.509765625,5968.5400390625,5944.77001953125,5952.25,0
2026-02-05 10:00:00,5953.18017578125,5966.9501953125,5943.85986328125,5964.75,0
2026-02-05 11:00:00,5964.25,5971.47021484375,5958.85009765625,5967.02978515625,0
2026-02-05 12:00:00,5967.5498046875,5975.6298828125,5916.419921875,5925.83984375,0
2026-02-05 13:00:00,5925.919921875,5933.60986328125,5905.7099609375,5906.56005859375,0
2026-02-05 14:00:00,5906.9599609375,5940.419921875,5892.81005859375,5916.60986328125,0
2026-02-05 15:00:00,5917.18017578125,5918.33984375,5892.58984375,5900.5400390625,0
2026-02-05 16:00:00,5901.97021484375,5921.35986328125,5893.47021484375,5920.93994140625,0
2026-02-06 08:00:00,5925.91015625,5931.7900390625,5904.330078125,5921.759765625,0
2026-02-06 09:00:00,5920.3701171875,5951.2099609375,5915.5,5939.490234375,0
2026-02-06 10:00:00,5939.0400390625,5958.2099609375,5936.89990234375,5958.2099609375,0
2026-02-06 11:00:00,5957.27978515625,5973.22998046875,5957.27978515625,5970.41015625,0
2026-02-06 12:00:00,5969.33984375,5974.60009765625,5959.64990234375,5961.509765625,0
2026-02-06 13:00:00,5960.2900390625,5970.60986328125,5957.169921875,5957.169921875,0
2026-02-06 14:00:00,5957.330078125,5992.25,5956.06005859375,5979.85009765625,0
2026-02-06 15:00:00,5980.080078125,5996.080078125,5973.10986328125,5992.47021484375,0
2026-02-06 16:00:00,5992.85009765625,6001.97021484375,5990.64013671875,5996.419921875,0
2026-02-09 08:00:00,6012.6201171875,6040.669921875,6012.6201171875,6018.10986328125,0
2026-02-09 09:00:00,6018.2900390625,6021.77978515625,6010.0498046875,6011.580078125,0
2026-02-09 10:00:00,6011.41015625,6011.47998046875,5994.52001953125,6006.52978515625,0
2026-02-09 11:00:00,6006.240234375,6014.85986328125,6002.5,6013.259765625,0
2026-02-09 12:00:00,6013.39013671875,6017.22998046875,6008.60009765625,6013.68994140625,0
2026-02-09 13:00:00,6014.009765625,6021.02978515625,6014.009765625,6015.56005859375,0
2026-02-09 14:00:00,6015.60009765625,6027.06005859375,6007.22021484375,6021.6298828125,0
2026-02-09 15:00:00,6021.5498046875,6050.4599609375,6021.5498046875,6049.22998046875,0
2026-02-09 16:00:00,6048.68994140625,6057.5,6048.68994140625,6057.080078125,0
2026-02-10 08:00:00,6065.77978515625,6065.77978515625,6046.7900390625,6060.72021484375,0
2026-02-10 09:00:00,6060.77001953125,6078.2900390625,6060.77001953125,6068.14990234375,0
2026-02-10 10:00:00,6067.97998046875,6071.77001953125,6056.93994140625,6061.2001953125,0
2026-02-10 11:00:00,6061.6298828125,6072.89013671875,6058.259765625,6068.27001953125,0
2026-02-10 12:00:00,6068.06982421875,6072.68994140625,6061.0498046875,6063.02978515625,0
2026-02-10 13:00:00,6063.080078125,6067.740234375,6056.2099609375,6063.66015625,0
2026-02-10 14:00:00,6063.5400390625,6066.85009765625,6050.60009765625,6065.39990234375,0
2026-02-10 15:00:00,6065.35009765625,6066.89013671875,6050.93017578125,6052.580078125,0
2026-02-10 16:00:00,6052.39013671875,6053.72998046875,6045.990234375,6049.68017578125,0
2026-02-11 08:00:00,6041.77978515625,6054.240234375,6020.1298828125,6023.2900390625,0
2026-02-11 09:00:00,6022.39990234375,6036.66015625,6011.93017578125,6016.990234375,0
2026-02-11 10:00:00,6016.06005859375,6029.240234375,6012.3701171875,6029.240234375,0
2026-02-11 11:00:00,6030.259765625,6043.97998046875,6030.259765625,6032.27978515625,0
2026-02-11 12:00:00,6031.97021484375,6041.9599609375,6031.97021484375,6034.93994140625,0
2026-02-11 13:00:00,6034.8798828125,6063.77978515625,6031.10986328125,6061.3701171875,0
2026-02-11 14:00:00,6060.9599609375,6069.7900390625,6049.75,6052.56982421875,0
2026-02-11 15:00:00,6054.75,6055.83984375,6021.52978515625,6040.97998046875,0
2026-02-11 16:00:00,6040.60009765625,6056.35986328125,6039.93994140625,6039.93994140625,0
2026-02-12 08:00:00,6064.64990234375,6099.06982421875,6064.64990234375,6086.16015625,0
2026-02-12 09:00:00,6086.2998046875,6092.02978515625,6073.759765625,6075.93017578125,0
2026-02-12 10:00:00,6076.27001953125,6077.31005859375,6067.02001953125,6072.2900390625,0
2026-02-12 11:00:00,6072.56982421875,6079.22021484375,6069.3798828125,6077.47998046875,0
2026-02-12 12:00:00,6076.77001953125,6083.47998046875,6073.7099609375,6082.14990234375,0
2026-02-12 13:00:00,6082.509765625,6087.3798828125,6079.240234375,6084.41015625,0
2026-02-12 14:00:00,6082.580078125,6089.669921875,6072.81982421875,6072.81982421875,0
2026-02-12 15:00:00,6073.9501953125,6081.14013671875,6048.5498046875,6048.5498046875,0
2026-02-12 16:00:00,6048.31982421875,6048.31982421875,6003.7099609375,6004.10986328125,0
2026-02-13 08:00:00,6011.02001953125,6015.18017578125,5978.43017578125,6010.2099609375,0
2026-02-13 09:00:00,6010.35009765625,6014.33984375,5994.580078125,6001.6298828125,0
2026-02-13 10:00:00,6001.2900390625,6006.43994140625,5985.93017578125,5986.93017578125,0
2026-02-13 11:00:00,5987.2001953125,5987.85986328125,5972.22998046875,5986.580078125,0
2026-02-13 12:00:00,5987.509765625,5990.06005859375,5964.9501953125,5970.33984375,0
2026-02-13 13:00:00,5970.72998046875,5996.64013671875,5961.89013671875,5990.5400390625,0
2026-02-13 14:00:00,5989.16015625,5997.39013671875,5957.93017578125,5967.85986328125,0
2026-02-13 15:00:00,5971.68994140625,6002.18017578125,5971.68994140625,5986.93994140625,0
2026-02-13 16:00:00,5987.27001953125,5997.83984375,5984.85009765625,5986.919921875,0
2026-02-16 08:00:00,5993.2998046875,6013.830078125,5993.2998046875,6006.56005859375,0
2026-02-16 09:00:00,6006.72021484375,6015.97021484375,6002.830078125,6007.4599609375,0
2026-02-16 10:00:00,6008.41015625,6009.419921875,5997.0,6002.68017578125,0
2026-02-16 11:00:00,6002.93994140625,6006.4501953125,5996.93017578125,6001.1298828125,0
2026-02-16 12:00:00,6001.31005859375,6007.2998046875,5997.75,6002.3798828125,0
2026-02-16 13:00:00,6002.52978515625,6004.25,5994.8798828125,5996.81982421875,0
2026-02-16 14:00:00,5996.72998046875,5996.8701171875,5983.18017578125,5987.77001953125,0
2026-02-16 15:00:00,5987.52978515625,5994.60986328125,5980.72998046875,5982.31982421875,0
2026-02-16 16:00:00,5981.9501953125,5985.60009765625,5978.81982421875,5984.3701171875,0
2026-02-17 08:00:00,5975.43017578125,5987.919921875,5967.14013671875,5979.43994140625,0
2026-02-17 09:00:00,5977.56982421875,5992.7001953125,5977.35009765625,5991.18017578125,0
2026-02-17 10:00:00,5991.5,5994.60986328125,5971.5498046875,5971.56005859375,0
2026-02-17 11:00:00,5971.990234375,5988.0,5967.39013671875,5986.6201171875,0
2026-02-17 12:00:00,5986.419921875,5986.85986328125,5963.66015625,5964.8701171875,0
2026-02-17 13:00:00,5964.7099609375,5986.14013671875,5954.14013671875,5973.64013671875,0
2026-02-17 14:00:00,5972.68017578125,6006.43994140625,5972.68017578125,5977.419921875,0
2026-02-17 15:00:00,5978.16015625,6002.35986328125,5978.16015625,5998.77001953125,0
2026-02-17 16:00:00,5999.81005859375,6026.5400390625,5998.3798828125,6022.0400390625,0
2026-02-18 08:00:00,6027.91015625,6067.1298828125,6027.91015625,6066.43017578125,0
2026-02-18 09:00:00,6064.81982421875,6070.759765625,6051.740234375,6067.93017578125,0
2026-02-18 10:00:00,6068.25,6082.52978515625,6068.18017578125,6082.41015625,0
2026-02-18 11:00:00,6082.60009765625,6084.7998046875,6069.580078125,6072.56005859375,0
2026-02-18 12:00:00,6071.6298828125,6081.3798828125,6065.27978515625,6076.259765625,0
2026-02-18 13:00:00,6075.830078125,6076.009765625,6055.740234375,6057.52001953125,0
2026-02-18 14:00:00,6056.83984375,6085.97998046875,6054.2099609375,6084.60986328125,0
2026-02-18 15:00:00,6085.169921875,6105.8798828125,6085.169921875,6105.490234375,0
2026-02-18 16:00:00,6105.3798828125,6107.72998046875,6102.419921875,6104.5400390625,0
2026-02-19 08:00:00,6097.64990234375,6097.64990234375,6069.419921875,6069.93017578125,0
2026-02-19 09:00:00,6070.7900390625,6079.27978515625,6058.58984375,6061.56005859375,0
2026-02-19 10:00:00,6061.259765625,6061.259765625,6046.7998046875,6052.330078125,0
2026-02-19 11:00:00,6052.22021484375,6063.330078125,6048.7001953125,6050.47998046875,0
2026-02-19 12:00:00,6050.240234375,6057.14990234375,6045.009765625,6052.919921875,0
2026-02-19 13:00:00,6052.64990234375,6054.85009765625,6037.2001953125,6044.759765625,0
2026-02-19 14:00:00,6045.16015625,6046.89990234375,6030.02978515625,6037.10986328125,0
2026-02-19 15:00:00,6039.5,6056.7998046875,6036.6201171875,6048.830078125,0
2026-02-19 16:00:00,6050.2998046875,6055.89013671875,6039.740234375,6048.35986328125,0
2026-02-20 08:00:00,6072.25,6081.830078125,6059.64013671875,6081.830078125,0
2026-02-20 09:00:00,6081.89990234375,6094.4501953125,6081.47021484375,6085.9599609375,0
2026-02-20 10:00:00,6086.02978515625,6094.39013671875,6082.89990234375,6089.419921875,0
2026-02-20 11:00:00,6088.85986328125,6089.18017578125,6078.509765625,6084.77978515625,0
2026-02-20 12:00:00,6084.7099609375,6084.7099609375,6073.81005859375,6075.240234375,0
2026-02-20 13:00:00,6075.509765625,6085.02001953125,6074.27978515625,6082.1298828125,0
2026-02-20 14:00:00,6082.509765625,6105.0498046875,6079.52978515625,6100.9599609375,0
2026-02-20 15:00:00,6101.39990234375,6140.9501953125,6097.52978515625,6131.2001953125,0
2026-02-20 16:00:00,6130.6298828125,6130.6298828125,6121.97021484375,6124.43017578125,0
2026-02-23 08:00:00,6113.77001953125,6121.4599609375,6102.3701171875,6121.4599609375,0
2026-02-23 09:00:00,6121.81005859375,6128.97998046875,6118.18017578125,6120.93994140625,0
2026-02-23 10:00:00,6119.85009765625,6132.7998046875,6117.97998046875,6129.39013671875,0
2026-02-23 11:00:00,6129.4501953125,6134.009765625,6124.1298828125,6127.18994140625,0
2026-02-23 12:00:00,6127.009765625,6130.3701171875,6116.14990234375,6120.740234375,0
2026-02-23 13:00:00,6121.4599609375,6134.52978515625,6119.7001953125,6132.6201171875,0
2026-02-23 14:00:00,6132.64990234375,6151.9599609375,6132.64990234375,6143.91015625,0
2026-02-23 15:00:00,6144.10009765625,6149.3701171875,6112.16015625,6112.16015625,0
2026-02-23 16:00:00,6113.16015625,6113.66015625,6100.47021484375,6113.06982421875,0
2026-02-24 08:00:00,6121.31005859375,6121.31005859375,6084.68994140625,6091.93994140625,0
2026-02-24 09:00:00,6090.490234375,6103.9501953125,6087.3701171875,6102.47021484375,0
2026-02-24 10:00:00,6102.7001953125,6109.77978515625,6099.2998046875,6108.47998046875,0
2026-02-24 11:00:00,6108.72021484375,6114.3701171875,6105.77978515625,6113.2099609375,0
2026-02-24 12:00:00,6113.85986328125,6121.0,6101.02001953125,6107.93017578125,0
2026-02-24 13:00:00,6107.990234375,6123.7900390625,6106.35986328125,6122.14013671875,0
2026-02-24 14:00:00,6121.75,6130.68994140625,6100.77001953125,6123.490234375,0
2026-02-24 15:00:00,6124.4501953125,6137.27001953125,6117.64990234375,6122.85986328125,0
2026-02-24 16:00:00,6122.64013671875,6126.47021484375,6117.41015625,6125.33984375,0
2026-02-25 08:00:00,6133.009765625,6159.08984375,6133.009765625,6148.83984375,0
2026-02-25 09:00:00,6149.66015625,6154.35009765625,6143.60986328125,6154.35009765625,0
2026-02-25 10:00:00,6154.259765625,6161.7900390625,6149.18994140625,6156.22998046875,0
2026-02-25 11:00:00,6156.83984375,6161.52001953125,6152.35009765625,6160.419921875,0
2026-02-25 12:00:00,6159.5400390625,6163.830078125,6158.02001953125,6160.14990234375,0
2026-02-25 13:00:00,6159.85986328125,6168.35009765625,6158.31982421875,6166.66015625,0
2026-02-25 14:00:00,6166.7001953125,6176.8701171875,6164.759765625,6174.64013671875,0
2026-02-25 15:00:00,6175.1201171875,6175.60009765625,6156.02978515625,6163.64990234375,0
2026-02-25 16:00:00,6163.77001953125,6173.02001953125,6160.60986328125,6173.02001953125,0
2026-02-26 08:00:00,6176.509765625,6185.580078125,6166.419921875,6182.66015625,0
2026-02-26 09:00:00,6182.43017578125,6195.16015625,6174.27001953125,6189.85009765625,0
2026-02-26 10:00:00,6188.97021484375,6198.02001953125,6184.3701171875,6190.06005859375,0
2026-02-26 11:00:00,6190.47021484375,6197.56982421875,6188.4599609375,6196.81005859375,0
2026-02-26 12:00:00,6196.75,6199.77978515625,6194.66015625,6195.0498046875,0
2026-02-26 13:00:00,6194.47021484375,6198.35009765625,6186.85009765625,6187.5400390625,0
2026-02-26 14:00:00,6186.18017578125,6191.7099609375,6160.60986328125,6163.39013671875,0
2026-02-26 15:00:00,6160.41015625,6164.43017578125,6133.740234375,6161.669921875,0
2026-02-26 16:00:00,6160.91015625,6167.02001953125,6155.4501953125,6161.919921875,0
2026-02-27 08:00:00,6165.2998046875,6173.1298828125,6147.580078125,6171.169921875,0
2026-02-27 09:00:00,6170.8701171875,6180.2998046875,6158.5400390625,6164.6298828125,0
2026-02-27 10:00:00,6164.0400390625,6167.9599609375,6153.169921875,6155.25,0
2026-02-27 11:00:00,6156.16015625,6160.97998046875,6149.89013671875,6153.669921875,0
2026-02-27 12:00:00,6153.91015625,6160.35986328125,6147.91015625,6151.2900390625,0
2026-02-27 13:00:00,6151.27978515625,6152.169921875,6116.83984375,6132.89013671875,0
2026-02-27 14:00:00,6132.85009765625,6136.72998046875,6113.330078125,6113.330078125,0
2026-02-27 15:00:00,6114.419921875,6138.4501953125,6114.419921875,6135.08984375,0
2026-02-27 16:00:00,6135.4599609375,6148.240234375,6135.4599609375,6144.0400390625,0
2026-03-02 08:00:00,6086.7900390625,6086.7900390625,5977.27978515625,5993.0,0
2026-03-02 09:00:00,5994.0,6025.72021484375,5987.490234375,6015.580078125,0
2026-03-02 10:00:00,6017.27001953125,6031.97998046875,6012.5,6017.43017578125,0
2026-03-02 11:00:00,6018.81982421875,6033.47998046875,6007.1201171875,6017.5400390625,0
2026-03-02 12:00:00,6017.580078125,6020.990234375,5987.14990234375,5994.16015625,0
2026-03-02 13:00:00,5994.2900390625,5999.009765625,5976.5,5979.2900390625,0
2026-03-02 14:00:00,5979.72021484375,6008.080078125,5972.27001953125,5995.10986328125,0
2026-03-02 15:00:00,5995.47998046875,6008.39013671875,5980.509765625,5981.5400390625,0
2026-03-02 16:00:00,5980.47021484375,6003.990234375,5978.6298828125,5991.2998046875,0
2026-03-03 08:00:00,5937.330078125,5937.330078125,5808.16015625,5809.56982421875,0
2026-03-03 09:00:00,5810.7099609375,5836.3798828125,5797.759765625,5802.0498046875,0
2026-03-03 10:00:00,5800.0498046875,5806.06982421875,5748.22998046875,5780.43994140625,0
2026-03-03 11:00:00,5781.93994140625,5785.43017578125,5755.8798828125,5780.419921875,0
2026-03-03 12:00:00,5780.10009765625,5809.16015625,5773.83984375,5802.43994140625,0
2026-03-03 13:00:00,5802.18994140625,5802.85986328125,5766.02978515625,5768.06982421875,0
2026-03-03 14:00:00,5768.75,5780.31982421875,5747.68017578125,5753.64990234375,0
2026-03-03 15:00:00,5752.33984375,5769.31005859375,5736.7998046875,5769.31005859375,0
2026-03-03 16:00:00,5767.1201171875,5783.18017578125,5756.75,5767.5,0
2026-03-04 08:00:00,5780.25,5809.1201171875,5772.81005859375,5780.4599609375,0
2026-03-04 09:00:00,5779.47021484375,5831.669921875,5772.25,5830.14990234375,0
2026-03-04 10:00:00,5830.60009765625,5871.6298828125,5823.9501953125,5868.8701171875,0
2026-03-04 11:00:00,5869.77978515625,5886.740234375,5864.81005859375,5867.8701171875,0
2026-03-04 12:00:00,5867.2099609375,5876.16015625,5835.27978515625,5860.52001953125,0
2026-03-04 13:00:00,5861.080078125,5887.5498046875,5860.97998046875,5875.33984375,0
2026-03-04 14:00:00,5876.9501953125,5876.9501953125,5845.33984375,5858.97021484375,0
2026-03-04 15:00:00,5861.7998046875,5885.43994140625,5861.7998046875,5883.669921875,0
2026-03-04 16:00:00,5883.6298828125,5888.2099609375,5866.8701171875,5873.669921875,0
2026-03-05 08:00:00,5867.39013671875,5867.39013671875,5825.52978515625,5857.580078125,0
2026-03-05 09:00:00,5859.72998046875,5914.10986328125,5859.72998046875,5893.18017578125,0
2026-03-05 10:00:00,5891.7001953125,5904.35986328125,5886.41015625,5890.1201171875,0
2026-03-05 11:00:00,5890.35986328125,5904.009765625,5877.490234375,5877.490234375,0
2026-03-05 12:00:00,5877.47998046875,5883.18994140625,5854.91015625,5856.7099609375,0
2026-03-05 13:00:00,5856.66015625,5856.66015625,5824.72998046875,5827.41015625,0
2026-03-05 14:00:00,5827.27001953125,5847.68017578125,5811.91015625,5846.740234375,0
2026-03-05 15:00:00,5847.75,5854.72021484375,5803.72998046875,5814.25,0
2026-03-05 16:00:00,5816.06982421875,5817.5400390625,5768.22998046875,5768.77001953125,0
2026-03-06 08:00:00,5805.52001953125,5827.8798828125,5794.68017578125,5817.14990234375,0
2026-03-06 09:00:00,5817.419921875,5818.580078125,5752.990234375,5765.759765625,0
2026-03-06 10:00:00,5765.97998046875,5788.10009765625,5759.33984375,5761.14013671875,0
2026-03-06 11:00:00,5758.91015625,5763.990234375,5703.93017578125,5707.43994140625,0
2026-03-06 12:00:00,5707.89013671875,5727.009765625,5703.8701171875,5719.5,0
2026-03-06 13:00:00,5719.93994140625,5740.02978515625,5664.43017578125,5667.97998046875,0
2026-03-06 14:00:00,5668.2900390625,5685.85986328125,5651.35009765625,5678.7001953125,0
2026-03-06 15:00:00,5679.10986328125,5725.4501953125,5679.10986328125,5710.52001953125,0
2026-03-06 16:00:00,5710.35009765625,5719.93017578125,5698.31005859375,5706.419921875,0
2026-03-09 08:00:00,5652.77978515625,5652.77978515625,5543.419921875,5568.14013671875,0
2026-03-09 09:00:00,5569.240234375,5626.93017578125,5555.080078125,5616.7998046875,0
2026-03-09 10:00:00,5618.10986328125,5623.5400390625,5590.72998046875,5606.669921875,0
2026-03-09 11:00:00,5606.02978515625,5617.4501953125,5592.080078125,5611.2998046875,0
2026-03-09 12:00:00,5611.2998046875,5635.85009765625,5602.31982421875,5608.18994140625,0
2026-03-09 13:00:00,5608.72021484375,5643.7099609375,5605.18994140625,5627.77001953125,0
2026-03-09 14:00:00,5625.77978515625,5662.02978515625,5598.68017578125,5658.93017578125,0
2026-03-09 15:00:00,5657.259765625,5689.740234375,5657.259765625,5683.419921875,0
2026-03-09 16:00:00,5683.0498046875,5693.14013671875,5669.27001953125,5681.25,0
2026-03-10 08:00:00,5705.47021484375,5849.080078125,5705.47021484375,5826.2900390625,0
2026-03-10 09:00:00,5826.1201171875,5855.31982421875,5822.60009765625,5833.06005859375,0
2026-03-10 10:00:00,5832.97021484375,5842.31005859375,5820.8701171875,5837.419921875,0
2026-03-10 11:00:00,5837.169921875,5850.93017578125,5801.9599609375,5804.33984375,0
2026-03-10 12:00:00,5804.75,5810.14990234375,5774.5400390625,5806.97998046875,0
2026-03-10 13:00:00,5806.990234375,5818.8701171875,5791.60986328125,5793.18994140625,0
2026-03-10 14:00:00,5793.89990234375,5856.919921875,5783.89990234375,5855.0400390625,0
2026-03-10 15:00:00,5855.72998046875,5862.06982421875,5837.14990234375,5837.6298828125,0
2026-03-10 16:00:00,5838.4599609375,5838.4599609375,5822.16015625,5830.919921875,0
2026-03-11 08:00:00,5810.81982421875,5810.81982421875,5760.41015625,5767.240234375,0
2026-03-11 09:00:00,5768.81005859375,5771.0,5753.77001953125,5755.14013671875,0
2026-03-11 10:00:00,5754.77001953125,5814.60009765625,5753.60009765625,5812.1298828125,0
2026-03-11 11:00:00,5812.64990234375,5818.10009765625,5774.8798828125,5779.64013671875,0
2026-03-11 12:00:00,5778.7900390625,5788.740234375,5754.25,5764.43017578125,0
2026-03-11 13:00:00,5764.3798828125,5799.35986328125,5764.3798828125,5799.35986328125,0
2026-03-11 14:00:00,5798.740234375,5824.47998046875,5779.33984375,5811.83984375,0
2026-03-11 15:00:00,5812.66015625,5813.259765625,5771.72998046875,5779.64990234375,0
2026-03-11 16:00:00,5779.0400390625,5781.97021484375,5769.52001953125,5777.1201171875,0
2026-03-12 08:00:00,5781.009765625,5781.009765625,5744.3798828125,5766.830078125,0
2026-03-12 09:00:00,5768.06982421875,5773.10009765625,5736.64990234375,5772.7900390625,0
2026-03-12 10:00:00,5771.490234375,5777.08984375,5760.18017578125,5760.35009765625,0
2026-03-12 11:00:00,5760.35009765625,5783.60009765625,5749.4599609375,5764.64990234375,0
2026-03-12 12:00:00,5763.5400390625,5764.2900390625,5742.7099609375,5753.81982421875,0
2026-03-12 13:00:00,5755.419921875,5766.0498046875,5715.7998046875,5723.64013671875,0
2026-03-12 14:00:00,5723.6298828125,5739.4599609375,5705.2001953125,5720.6201171875,0
2026-03-12 15:00:00,5721.0498046875,5734.7099609375,5690.97998046875,5734.66015625,0
2026-03-12 16:00:00,5734.25,5756.4599609375,5724.0,5741.97998046875,0
2026-03-13 08:00:00,5727.31982421875,5727.31982421875,5669.43994140625,5709.93994140625,0
2026-03-13 09:00:00,5709.509765625,5720.7900390625,5702.72998046875,5714.72998046875,0
2026-03-13 10:00:00,5714.0,5746.18994140625,5711.330078125,5746.18994140625,0
2026-03-13 11:00:00,5745.35009765625,5758.52978515625,5740.7099609375,5757.56982421875,0
2026-03-13 12:00:00,5758.47998046875,5783.81982421875,5756.2001953125,5768.7900390625,0
2026-03-13 13:00:00,5769.669921875,5796.22998046875,5763.2900390625,5779.22998046875,0
2026-03-13 14:00:00,5778.080078125,5782.83984375,5731.52978515625,5733.52001953125,0
2026-03-13 15:00:00,5730.52001953125,5744.4599609375,5705.6201171875,5706.10986328125,0
2026-03-13 16:00:00,5705.85986328125,5715.18994140625,5702.56005859375,5713.77978515625,0
2026-03-16 08:00:00,5716.1298828125,5731.9501953125,5690.35009765625,5700.08984375,0
2026-03-16 09:00:00,5700.10009765625,5707.06982421875,5674.72998046875,5675.81982421875,0
2026-03-16 10:00:00,5676.14990234375,5721.47021484375,5674.27001953125,5721.2900390625,0
2026-03-16 11:00:00,5721.72998046875,5728.75,5716.6201171875,5728.68994140625,0
2026-03-16 12:00:00,5728.759765625,5752.35009765625,5728.759765625,5740.27001953125,0
2026-03-16 13:00:00,5741.06982421875,5764.85986328125,5741.06982421875,5764.81005859375,0
2026-03-16 14:00:00,5765.22021484375,5771.06005859375,5745.240234375,5760.10986328125,0
2026-03-16 15:00:00,5761.27001953125,5770.06982421875,5752.10986328125,5752.35986328125,0
2026-03-16 16:00:00,5752.0400390625,5755.85009765625,5739.43017578125,5740.3798828125,0
2026-03-17 08:00:00,5734.7001953125,5740.16015625,5720.27001953125,5730.9599609375,0
2026-03-17 09:00:00,5731.66015625,5767.990234375,5731.66015625,5765.77978515625,0
2026-03-17 10:00:00,5765.68994140625,5765.68994140625,5742.77978515625,5749.93017578125,0
2026-03-17 11:00:00,5750.58984375,5759.10009765625,5749.2900390625,5752.97021484375,0
2026-03-17 12:00:00,5752.990234375,5779.85009765625,5752.990234375,5776.68017578125,0
2026-03-17 13:00:00,5776.83984375,5798.5400390625,5776.83984375,5791.52001953125,0
2026-03-17 14:00:00,5791.6201171875,5801.7099609375,5785.64013671875,5797.66015625,0
2026-03-17 15:00:00,5798.08984375,5799.18017578125,5767.3701171875,5774.3798828125,0
2026-03-17 16:00:00,5774.7900390625,5775.330078125,5763.7998046875,5766.490234375,0
2026-03-18 08:00:00,5795.3701171875,5821.2001953125,5795.3701171875,5815.81005859375,0
2026-03-18 09:00:00,5814.60009765625,5830.02978515625,5810.0,5823.89990234375,0
2026-03-18 10:00:00,5824.14990234375,5832.41015625,5816.43017578125,5816.58984375,0
2026-03-18 11:00:00,5816.509765625,5830.2998046875,5800.60009765625,5809.2001953125,0
2026-03-18 12:00:00,5808.39990234375,5809.68017578125,5736.759765625,5738.330078125,0
2026-03-18 13:00:00,5739.080078125,5758.60986328125,5727.22998046875,5743.669921875,0
2026-03-18 14:00:00,5743.4599609375,5751.919921875,5713.7001953125,5727.43017578125,0
2026-03-18 15:00:00,5728.0,5744.919921875,5725.43017578125,5732.240234375,0
2026-03-18 16:00:00,5732.0400390625,5743.97998046875,5728.490234375,5741.60986328125,0
2026-03-19 08:00:00,5694.14990234375,5694.14990234375,5610.5400390625,5619.5498046875,0
2026-03-19 09:00:00,5619.9501953125,5646.35009765625,5602.14013671875,5641.60009765625,0
2026-03-19 10:00:00,5640.81005859375,5640.81005859375,5615.10986328125,5618.41015625,0
2026-03-19 11:00:00,5619.830078125,5627.419921875,5607.740234375,5622.240234375,0
2026-03-19 12:00:00,5622.68017578125,5624.6298828125,5586.60009765625,5598.33984375,0
2026-03-19 13:00:00,5596.56982421875,5626.7001953125,5577.14990234375,5624.8701171875,0
2026-03-19 14:00:00,5626.85009765625,5636.2998046875,5608.740234375,5618.14013671875,0
2026-03-19 15:00:00,5617.14990234375,5639.81982421875,5607.58984375,5628.93017578125,0
2026-03-19 16:00:00,5627.9599609375,5640.0498046875,5613.240234375,5613.240234375,0
2026-03-20 08:00:00,5639.18994140625,5687.18994140625,5639.18994140625,5664.669921875,0
2026-03-20 09:00:00,5662.5498046875,5666.240234375,5614.93994140625,5621.2900390625,0
2026-03-20 10:00:00,5621.35986328125,5623.2001953125,5587.0,5601.3798828125,0
2026-03-20 11:00:00,5601.66015625,5639.06005859375,5597.4501953125,5639.06005859375,0
2026-03-20 12:00:00,5638.39990234375,5645.93017578125,5627.60986328125,5640.009765625,0
2026-03-20 13:00:00,5639.64990234375,5641.3701171875,5588.18017578125,5588.85009765625,0
2026-03-20 14:00:00,5589.2001953125,5589.2001953125,5510.7900390625,5517.33984375,0
2026-03-20 15:00:00,5517.72998046875,5535.47021484375,5503.3701171875,5521.5498046875,0
2026-03-20 16:00:00,5519.009765625,5531.2099609375,5504.5400390625,5504.5400390625,0
2026-03-23 08:00:00,5472.22998046875,5472.22998046875,5398.83984375,5416.169921875,0
2026-03-23 09:00:00,5413.1298828125,5422.39013671875,5382.3701171875,5395.8798828125,0
2026-03-23 10:00:00,5394.77978515625,5402.97021484375,5376.81005859375,5390.43994140625,0
2026-03-23 11:00:00,5390.5400390625,5683.93017578125,5390.5400390625,5569.10009765625,0
2026-03-23 12:00:00,5568.7998046875,5638.990234375,5552.759765625,5630.2001953125,0
2026-03-23 13:00:00,5630.75,5640.81005859375,5580.5400390625,5619.1298828125,0
2026-03-23 14:00:00,5622.509765625,5660.22021484375,5618.35986328125,5654.52978515625,0
2026-03-23 15:00:00,5652.6201171875,5679.02978515625,5583.93017578125,5586.39013671875,0
2026-03-23 16:00:00,5585.419921875,5601.77978515625,5570.35986328125,5570.35986328125,0
2026-03-24 08:00:00,5585.31982421875,5607.64013671875,5547.2099609375,5552.56005859375,0
2026-03-24 09:00:00,5552.1298828125,5570.93017578125,5527.669921875,5567.4599609375,0
2026-03-24 10:00:00,5566.830078125,5575.3701171875,5550.64990234375,5568.10986328125,0
2026-03-24 11:00:00,5568.2998046875,5579.1298828125,5545.85009765625,5575.39013671875,0
2026-03-24 12:00:00,5575.740234375,5577.3798828125,5525.169921875,5527.56982421875,0
2026-03-24 13:00:00,5527.35009765625,5535.58984375,5510.5498046875,5534.43017578125,0
2026-03-24 14:00:00,5536.759765625,5586.22021484375,5532.81005859375,5573.2998046875,0
2026-03-24 15:00:00,5573.43994140625,5599.77001953125,5568.77978515625,5576.75,0
2026-03-24 16:00:00,5571.77001953125,5585.18994140625,5566.56005859375,5585.18994140625,0
2026-03-25 08:00:00,5608.31005859375,5683.330078125,5608.31005859375,5664.580078125,0
2026-03-25 09:00:00,5665.2099609375,5679.6298828125,5646.93017578125,5663.10986328125,0
2026-03-25 10:00:00,5662.77001953125,5672.77001953125,5655.22998046875,5666.4599609375,0
2026-03-25 11:00:00,5665.77978515625,5677.60009765625,5656.97021484375,5671.4599609375,0
2026-03-25 12:00:00,5672.43017578125,5681.72998046875,5629.2900390625,5656.240234375,0
2026-03-25 13:00:00,5655.39013671875,5664.52978515625,5629.97021484375,5632.18017578125,0
2026-03-25 14:00:00,5632.7099609375,5662.89013671875,5621.14990234375,5647.41015625,0
2026-03-25 15:00:00,5648.35986328125,5649.25,5606.77978515625,5631.330078125,0
2026-03-25 16:00:00,5631.0498046875,5637.41015625,5623.43994140625,5637.10986328125,0
2026-03-26 08:00:00,5620.0400390625,5620.0400390625,5579.52001953125,5590.18017578125,0
2026-03-26 09:00:00,5590.02001953125,5590.02001953125,5559.1298828125,5574.85986328125,0
2026-03-26 10:00:00,5574.35986328125,5591.08984375,5567.18994140625,5580.41015625,0
2026-03-26 11:00:00,5580.22021484375,5588.72998046875,5561.77978515625,5561.77978515625,0
2026-03-26 12:00:00,5561.60986328125,5580.9599609375,5557.22021484375,5570.3701171875,0
2026-03-26 13:00:00,5570.06982421875,5593.89990234375,5562.02978515625,5587.4501953125,0
2026-03-26 14:00:00,5592.68994140625,5611.64013671875,5573.93017578125,5585.6298828125,0
2026-03-26 15:00:00,5585.68994140625,5591.39013671875,5570.490234375,5581.22021484375,0
2026-03-26 16:00:00,5582.39990234375,5589.02001953125,5558.33984375,5561.02978515625,0
2026-03-27 08:00:00,5570.47021484375,5573.97021484375,5521.47021484375,5523.22998046875,0
2026-03-27 09:00:00,5521.64990234375,5528.080078125,5500.18994140625,5501.14990234375,0
2026-03-27 10:00:00,5502.72998046875,5520.330078125,5487.3798828125,5487.3798828125,0
2026-03-27 11:00:00,5489.31982421875,5510.240234375,5478.990234375,5501.759765625,0
2026-03-27 12:00:00,5502.52001953125,5512.93017578125,5491.93017578125,5507.009765625,0
2026-03-27 13:00:00,5506.89013671875,5521.81982421875,5490.14013671875,5498.35009765625,0
2026-03-27 14:00:00,5497.75,5515.9501953125,5493.740234375,5502.1201171875,0
2026-03-27 15:00:00,5501.72998046875,5534.4599609375,5492.43017578125,5509.9501953125,0
2026-03-27 16:00:00,5510.43017578125,5512.2099609375,5498.7998046875,5506.7900390625,0
2026-03-30 07:00:00,5493.2001953125,5509.14013671875,5484.10986328125,5507.990234375,0
2026-03-30 08:00:00,5509.27001953125,5530.6201171875,5500.18017578125,5530.330078125,0
2026-03-30 09:00:00,5530.06005859375,5531.580078125,5496.10009765625,5500.009765625,0
2026-03-30 10:00:00,5499.56982421875,5512.2099609375,5495.669921875,5511.419921875,0
2026-03-30 11:00:00,5512.85009765625,5556.8701171875,5512.85009765625,5518.759765625,0
2026-03-30 12:00:00,5520.10986328125,5536.14990234375,5513.43994140625,5533.22021484375,0
2026-03-30 13:00:00,5534.27978515625,5540.22998046875,5501.47998046875,5505.7900390625,0
2026-03-30 14:00:00,5505.60986328125,5530.66015625,5504.259765625,5530.5400390625,0
2026-03-30 15:00:00,5531.27001953125,5541.72021484375,5519.740234375,5527.0,0
2026-03-31 07:00:00,5535.56982421875,5580.14990234375,5519.06005859375,5580.02001953125,0
2026-03-31 08:00:00,5581.02978515625,5587.93994140625,5558.5400390625,5563.1298828125,0
2026-03-31 09:00:00,5563.2001953125,5581.66015625,5563.2001953125,5574.83984375,0
2026-03-31 10:00:00,5575.43994140625,5584.77978515625,5546.22998046875,5565.64013671875,0
2026-03-31 11:00:00,5565.83984375,5589.10986328125,5560.1298828125,5580.52978515625,0
2026-03-31 12:00:00,5580.8701171875,5593.4501953125,5564.72021484375,5580.509765625,0
2026-03-31 13:00:00,5579.97021484375,5601.7001953125,5568.490234375,5598.06982421875,0
2026-03-31 14:00:00,5598.81005859375,5599.85009765625,5564.18017578125,5568.56982421875,0
2026-03-31 15:00:00,5569.25,5588.77978515625,5563.740234375,5563.91015625,0
2026-04-01 07:00:00,5621.97998046875,5728.419921875,5621.97998046875,5695.7900390625,0
2026-04-01 08:00:00,5693.990234375,5711.06982421875,5684.2001953125,5698.85986328125,0
2026-04-01 09:00:00,5698.22998046875,5703.81005859375,5660.97998046875,5682.77001953125,0
2026-04-01 10:00:00,5682.06005859375,5706.2099609375,5671.58984375,5706.2099609375,0
2026-04-01 11:00:00,5706.10009765625,5728.2998046875,5705.5,5724.64013671875,0
2026-04-01 12:00:00,5724.18017578125,5733.0400390625,5697.47998046875,5697.83984375,0
2026-04-01 13:00:00,5699.25,5722.7099609375,5693.97998046875,5703.7099609375,0
2026-04-01 14:00:00,5706.47021484375,5730.85009765625,5699.419921875,5726.27978515625,0
2026-04-01 15:00:00,5726.0400390625,5735.41015625,5722.990234375,5723.68017578125,0
2026-04-02 07:00:00,5672.1298828125,5672.1298828125,5624.72998046875,5646.9501953125,0
2026-04-02 08:00:00,5646.97998046875,5647.3701171875,5632.330078125,5644.56982421875,0
2026-04-02 09:00:00,5643.830078125,5647.47998046875,5627.66015625,5636.4599609375,0
2026-04-02 10:00:00,5636.3701171875,5636.3701171875,5612.06982421875,5620.2900390625,0
2026-04-02 11:00:00,5619.8701171875,5625.43994140625,5599.490234375,5599.490234375,0
2026-04-02 12:00:00,5599.33984375,5610.97998046875,5589.2099609375,5606.080078125,0
2026-04-02 13:00:00,5605.9501953125,5637.0,5600.990234375,5636.39013671875,0
2026-04-02 14:00:00,5637.3798828125,5712.89013671875,5629.14990234375,5692.009765625,0
2026-04-02 15:00:00,5691.2900390625,5691.66015625,5672.02978515625,5678.0,0
2026-04-07 07:00:00,5705.22998046875,5705.22998046875,5673.580078125,5689.31005859375,0
2026-04-07 08:00:00,5690.330078125,5743.31005859375,5690.330078125,5734.3798828125,0
2026-04-07 09:00:00,5734.009765625,5750.97021484375,5733.18994140625,5745.35986328125,0
2026-04-07 10:00:00,5744.080078125,5746.33984375,5673.47998046875,5678.06982421875,0
2026-04-07 11:00:00,5678.7998046875,5691.14990234375,5667.27978515625,5673.169921875,0
2026-04-07 12:00:00,5672.669921875,5687.509765625,5655.16015625,5667.240234375,0
2026-04-07 13:00:00,5667.52978515625,5677.740234375,5638.52001953125,5639.08984375,0
2026-04-07 14:00:00,5638.990234375,5655.31982421875,5617.85009765625,5624.1298828125,0
2026-04-07 15:00:00,5622.75,5630.02978515625,5609.990234375,5628.7900390625,0
2026-04-08 07:00:00,5648.81982421875,5917.47998046875,5648.81982421875,5874.56982421875,0
2026-04-08 08:00:00,5873.97998046875,5888.14990234375,5863.7001953125,5881.6201171875,0
2026-04-08 09:00:00,5882.490234375,5895.58984375,5866.6298828125,5886.10009765625,0
2026-04-08 10:00:00,5886.83984375,5916.08984375,5884.22998046875,5911.580078125,0
2026-04-08 11:00:00,5911.16015625,5933.259765625,5906.990234375,5925.60986328125,0
2026-04-08 12:00:00,5926.0,5937.240234375,5907.27978515625,5933.72998046875,0
2026-04-08 13:00:00,5933.64013671875,5939.080078125,5911.75,5921.740234375,0
2026-04-08 14:00:00,5923.580078125,5930.7998046875,5880.4599609375,5890.97998046875,0
2026-04-08 15:00:00,5891.9501953125,5898.2998046875,5879.0400390625,5892.77001953125,0
2026-04-09 07:00:00,5909.990234375,5909.990234375,5857.77978515625,5868.419921875,0
2026-04-09 08:00:00,5869.22998046875,5870.39013671875,5857.02978515625,5858.1201171875,0
2026-04-09 09:00:00,5857.1298828125,5869.330078125,5853.39013671875,5863.990234375,0
2026-04-09 10:00:00,5863.7998046875,5867.43017578125,5856.27978515625,5856.27978515625,0
2026-04-09 11:00:00,5854.75,5872.14990234375,5851.0,5870.33984375,0
2026-04-09 12:00:00,5870.3798828125,5875.56005859375,5860.97998046875,5862.93994140625,0
2026-04-09 13:00:00,5864.330078125,5872.68017578125,5857.08984375,5865.72021484375,0
2026-04-09 14:00:00,5866.740234375,5869.64013671875,5851.830078125,5863.64990234375,0
2026-04-09 15:00:00,5864.0,5880.990234375,5856.35009765625,5877.2099609375,0
2026-04-10 07:00:00,5902.3701171875,5915.490234375,5899.2998046875,5911.080078125,0
2026-04-10 08:00:00,5911.4501953125,5914.68017578125,5894.52978515625,5897.240234375,0
2026-04-10 09:00:00,5897.41015625,5940.7099609375,5897.41015625,5940.2900390625,0
2026-04-10 10:00:00,5941.330078125,5953.5400390625,5927.08984375,5949.2099609375,0
2026-04-10 11:00:00,5949.18994140625,5954.35986328125,5941.830078125,5944.31005859375,0
2026-04-10 12:00:00,5944.25,5958.91015625,5942.02978515625,5947.7001953125,0
2026-04-10 13:00:00,5947.3798828125,5953.759765625,5933.4501953125,5943.52978515625,0
2026-04-10 14:00:00,5945.740234375,5953.52978515625,5933.0498046875,5934.83984375,0
2026-04-10 15:00:00,5935.2001953125,5944.669921875,5930.75,5934.7998046875,0
2026-04-13 07:00:00,5895.58984375,5895.58984375,5863.22021484375,5868.66015625,0
2026-04-13 08:00:00,5868.3701171875,5874.7001953125,5860.39013671875,5864.64013671875,0
2026-04-13 09:00:00,5864.9501953125,5875.5,5863.7998046875,5865.490234375,0
2026-04-13 10:00:00,5866.0400390625,5870.81005859375,5863.9501953125,5868.18994140625,0
2026-04-13 11:00:00,5869.72021484375,5873.31982421875,5847.7099609375,5849.009765625,0
2026-04-13 12:00:00,5849.1201171875,5864.97998046875,5846.75,5864.97998046875,0
2026-04-13 13:00:00,5864.9599609375,5902.16015625,5863.669921875,5896.06982421875,0
2026-04-13 14:00:00,5899.2001953125,5906.5498046875,5889.97021484375,5904.60986328125,0
2026-04-13 15:00:00,5904.64013671875,5908.85986328125,5898.41015625,5904.7099609375,0
2026-04-14 07:00:00,5910.85986328125,5964.6201171875,5910.85986328125,5962.47021484375,0
2026-04-14 08:00:00,5962.02978515625,5974.85009765625,5955.419921875,5974.75,0
2026-04-14 09:00:00,5974.52978515625,5978.259765625,5956.4599609375,5961.39013671875,0
2026-04-14 10:00:00,5961.72021484375,5964.4599609375,5951.6298828125,5954.22998046875,0
2026-04-14 11:00:00,5953.81982421875,5974.85986328125,5951.259765625,5969.31982421875,0
2026-04-14 12:00:00,5969.18017578125,5979.93994140625,5967.35009765625,5971.85986328125,0
2026-04-14 13:00:00,5972.14013671875,5979.0,5964.08984375,5972.2099609375,0
2026-04-14 14:00:00,5972.77978515625,5984.72998046875,5971.6201171875,5983.1201171875,0
2026-04-14 15:00:00,5983.240234375,5986.1201171875,5973.33984375,5985.27001953125,0
2026-04-15 07:00:00,5981.85009765625,5981.85009765625,5963.35009765625,5969.2001953125,0
2026-04-15 08:00:00,5969.10009765625,5981.240234375,5963.8798828125,5978.1201171875,0
2026-04-15 09:00:00,5978.080078125,5979.14990234375,5962.240234375,5962.43994140625,0
2026-04-15 10:00:00,5962.169921875,5968.66015625,5949.27001953125,5962.259765625,0
2026-04-15 11:00:00,5962.02978515625,5968.68017578125,5957.240234375,5960.759765625,0
2026-04-15 12:00:00,5959.91015625,5959.91015625,5941.89990234375,5956.009765625,0
2026-04-15 13:00:00,5954.9599609375,5960.740234375,5937.7900390625,5944.9501953125,0
2026-04-15 14:00:00,5946.490234375,5953.43017578125,5939.580078125,5941.22998046875,0
2026-04-15 15:00:00,5940.740234375,5948.669921875,5939.10009765625,5945.14013671875,0
2026-04-16 07:00:00,5937.35986328125,5968.93017578125,5937.35986328125,5964.1201171875,0
2026-04-16 08:00:00,5963.52978515625,5963.9599609375,5949.43994140625,5955.52001953125,0
2026-04-16 09:00:00,5955.41015625,5965.419921875,5954.259765625,5962.330078125,0
2026-04-16 10:00:00,5962.009765625,5969.68994140625,5955.5400390625,5961.8701171875,0
2026-04-16 11:00:00,5962.10009765625,5969.72998046875,5960.1201171875,5969.25,0
2026-04-16 12:00:00,5968.72998046875,5971.18017578125,5964.27978515625,5968.35009765625,0
2026-04-16 13:00:00,5968.259765625,5972.490234375,5928.85009765625,5939.4501953125,0
2026-04-16 14:00:00,5940.2001953125,5947.22998046875,5928.2998046875,5933.60986328125,0
2026-04-16 15:00:00,5932.14990234375,5943.7900390625,5931.740234375,5933.89990234375,0
2026-04-17 07:00:00,5919.06982421875,5948.56005859375,5919.06982421875,5947.490234375,0
2026-04-17 08:00:00,5947.27001953125,5960.830078125,5945.9599609375,5960.75,0
2026-04-17 09:00:00,5961.27978515625,5978.2001953125,5954.39013671875,5972.2001953125,0
2026-04-17 10:00:00,5971.27001953125,5971.27001953125,5957.39990234375,5959.5400390625,0
2026-04-17 11:00:00,5959.8701171875,5962.08984375,5949.47021484375,5953.240234375,0
2026-04-17 12:00:00,5953.14990234375,6041.43994140625,5952.72998046875,6036.47021484375,0
2026-04-17 13:00:00,6037.169921875,6065.93017578125,6027.68017578125,6044.6201171875,0
2026-04-17 14:00:00,6044.7900390625,6073.5498046875,6041.7900390625,6066.14013671875,0
2026-04-17 15:00:00,6066.06005859375,6066.91015625,6049.91015625,6053.509765625,0
2026-04-20 09:00:00,6057.7099609375,6057.7099609375,5971.7001953125,5971.7900390625,0
2026-04-20 10:00:00,5971.64990234375,6057.7099609375,5968.8798828125,5971.93017578125,0
2026-04-20 11:00:00,5972.509765625,6057.7099609375,5965.81982421875,5975.5498046875,0
2026-04-20 12:00:00,5975.9501953125,5978.009765625,5970.93017578125,5973.330078125,0
2026-04-20 13:00:00,5973.169921875,6002.18017578125,5969.52978515625,5997.2900390625,0
2026-04-20 14:00:00,5998.0,5998.0,5964.759765625,5972.77978515625,0
2026-04-20 15:00:00,5973.77001953125,5985.2001953125,5970.18994140625,5981.9501953125,0
2026-04-21 07:00:00,5988.10009765625,6004.47021484375,5988.10009765625,5997.52001953125,0
2026-04-21 08:00:00,5996.9501953125,6007.08984375,5989.740234375,6002.4501953125,0
2026-04-21 09:00:00,6001.77001953125,6014.4501953125,5995.0,6009.8701171875,0
2026-04-21 10:00:00,6010.02978515625,6013.85986328125,6002.52978515625,6013.83984375,0
2026-04-21 11:00:00,6013.60986328125,6014.25,5995.5498046875,5995.5498046875,0
2026-04-21 12:00:00,5995.10986328125,5996.47021484375,5979.25,5980.97021484375,0
2026-04-21 13:00:00,5981.7099609375,5983.169921875,5970.66015625,5979.5498046875,0
2026-04-21 14:00:00,5979.7001953125,5979.7001953125,5935.14990234375,5935.14990234375,0
2026-04-21 15:00:00,5935.66015625,5946.60986328125,5924.5400390625,5938.330078125,0
2026-04-22 07:00:00,5944.47021484375,5960.6298828125,5940.97998046875,5942.8701171875,0
2026-04-22 08:00:00,5941.669921875,5943.31005859375,5918.6298828125,5931.43017578125,0
2026-04-22 09:00:00,5930.27978515625,5937.56982421875,5914.259765625,5918.68994140625,0
2026-04-22 10:00:00,5918.419921875,5928.89013671875,5908.6298828125,5926.14013671875,0
2026-04-22 11:00:00,5926.18994140625,5936.25,5921.2001953125,5934.43017578125,0
2026-04-22 12:00:00,5934.3701171875,5939.16015625,5920.7099609375,5923.4599609375,0
2026-04-22 13:00:00,5922.919921875,5938.490234375,5915.75,5919.9599609375,0
2026-04-22 14:00:00,5920.91015625,5922.77978515625,5899.75,5907.6201171875,0
2026-04-22 15:00:00,5907.60009765625,5911.16015625,5901.5,5910.85986328125,0
2026-04-23 07:00:00,5873.7998046875,5895.47998046875,5867.43994140625,5888.990234375,0
2026-04-23 08:00:00,5888.8798828125,5889.080078125,5859.18994140625,5859.5,0
2026-04-23 09:00:00,5858.58984375,5869.35009765625,5844.740234375,5855.66015625,0
2026-04-23 10:00:00,5856.3798828125,5873.83984375,5848.3798828125,5873.02001953125,0
2026-04-23 11:00:00,5872.9501953125,5884.009765625,5862.18017578125,5880.919921875,0
2026-04-23 12:00:00,5881.18994140625,5897.08984375,5868.06982421875,5883.5498046875,0
2026-04-23 13:00:00,5884.06005859375,5902.31982421875,5881.43017578125,5894.16015625,0
2026-04-23 14:00:00,5894.31982421875,5908.52001953125,5887.3701171875,5907.240234375,0
2026-04-23 15:00:00,5907.75,5907.75,5898.740234375,5900.91015625,0
2026-04-24 07:00:00,5860.35986328125,5882.85009765625,5855.68994140625,5878.080078125,0
2026-04-24 08:00:00,5878.2001953125,5884.18994140625,5847.35986328125,5850.1201171875,0
2026-04-24 09:00:00,5851.27001953125,5859.64990234375,5842.35009765625,5854.4599609375,0
2026-04-24 10:00:00,5855.5400390625,5873.10009765625,5854.919921875,5868.169921875,0
2026-04-24 11:00:00,5867.419921875,5921.7998046875,5867.419921875,5899.39013671875,0
2026-04-24 12:00:00,5900.06982421875,5911.22021484375,5873.10009765625,5882.22998046875,0
2026-04-24 13:00:00,5882.3798828125,5889.85009765625,5872.81005859375,5878.41015625,0
2026-04-24 14:00:00,5878.18017578125,5890.2001953125,5872.330078125,5885.77978515625,0
2026-04-24 15:00:00,5886.08984375,5889.5,5879.759765625,5882.89990234375,0
2026-04-27 07:00:00,5878.85986328125,5895.93994140625,5878.85986328125,5880.43994140625,0
2026-04-27 08:00:00,5879.31982421875,5896.7998046875,5870.25,5894.1298828125,0
2026-04-27 09:00:00,5894.259765625,5906.89013671875,5894.16015625,5904.5400390625,0
2026-04-27 10:00:00,5905.02978515625,5922.43994140625,5901.91015625,5918.8701171875,0
2026-04-27 11:00:00,5919.2099609375,5932.330078125,5919.2099609375,5925.33984375,0
2026-04-27 12:00:00,5925.25,5926.27001953125,5887.58984375,5888.47021484375,0
2026-04-27 13:00:00,5889.08984375,5896.0498046875,5866.22021484375,5882.77001953125,0
2026-04-27 14:00:00,5881.9599609375,5882.72021484375,5859.919921875,5860.47998046875,0
2026-04-27 15:00:00,5860.7998046875,5861.52001953125,5852.5498046875,5859.39013671875,0
2026-04-28 07:00:00,5862.10009765625,5875.919921875,5848.4501953125,5875.18017578125,0
2026-04-28 08:00:00,5874.8798828125,5882.31005859375,5856.2001953125,5877.0498046875,0
2026-04-28 09:00:00,5877.39013671875,5885.14990234375,5869.97021484375,5873.740234375,0
2026-04-28 10:00:00,5874.22021484375,5882.31005859375,5870.18017578125,5881.60009765625,0
2026-04-28 11:00:00,5881.1298828125,5884.14990234375,5832.509765625,5836.7900390625,0
2026-04-28 12:00:00,5836.97998046875,5857.81005859375,5822.259765625,5855.58984375,0
2026-04-28 13:00:00,5855.83984375,5857.2001953125,5837.25,5845.22998046875,0
2026-04-28 14:00:00,5843.93994140625,5847.81005859375,5823.75,5840.06982421875,0
2026-04-28 15:00:00,5844.64013671875,5848.9599609375,5838.8701171875,5844.1201171875,0
2026-04-29 07:00:00,5833.85986328125,5850.2998046875,5814.3798828125,5816.06982421875,0
2026-04-29 08:00:00,5816.509765625,5821.39013671875,5804.22021484375,5810.0400390625,0
2026-04-29 09:00:00,5809.419921875,5820.8798828125,5798.990234375,5802.22021484375,0
2026-04-29 10:00:00,5802.43017578125,5827.22998046875,5801.2001953125,5815.8798828125,0
2026-04-29 11:00:00,5817.490234375,5825.43994140625,5814.43017578125,5824.22998046875,0
2026-04-29 12:00:00,5824.91015625,5829.39990234375,5813.7099609375,5824.02978515625,0
2026-04-29 13:00:00,5824.3798828125,5831.60009765625,5796.56982421875,5810.81982421875,0
2026-04-29 14:00:00,5809.919921875,5823.3701171875,5809.52978515625,5821.27978515625,0
2026-04-29 15:00:00,5820.9599609375,5824.0,5802.2099609375,5813.6201171875,0
2026-04-30 07:00:00,5778.64990234375,5785.9501953125,5747.759765625,5780.1201171875,0
2026-04-30 08:00:00,5780.0400390625,5791.240234375,5771.0498046875,5771.0498046875,0
2026-04-30 09:00:00,5770.72998046875,5806.06005859375,5769.259765625,5804.77978515625,0
2026-04-30 10:00:00,5802.41015625,5816.47998046875,5798.7998046875,5815.06005859375,0
2026-04-30 11:00:00,5814.68017578125,5837.14990234375,5814.68017578125,5834.18994140625,0
2026-04-30 12:00:00,5833.9599609375,5849.81005859375,5830.75,5841.919921875,0
2026-04-30 13:00:00,5841.56982421875,5850.0400390625,5824.27978515625,5832.56005859375,0
2026-04-30 14:00:00,5833.14013671875,5874.56982421875,5828.3798828125,5871.60009765625,0
2026-04-30 15:00:00,5870.14013671875,5879.509765625,5865.64990234375,5879.509765625,0
2026-05-04 07:00:00,5878.7900390625,5882.009765625,5867.81005859375,5868.4599609375,0
2026-05-04 08:00:00,5867.240234375,5867.240234375,5835.39990234375,5835.39990234375,0
2026-05-04 09:00:00,5836.330078125,5856.7001953125,5836.330078125,5849.97998046875,0
2026-05-04 10:00:00,5849.81005859375,5852.64013671875,5776.64990234375,5814.490234375,0
2026-05-04 11:00:00,5814.2001953125,5827.27001953125,5808.91015625,5823.56005859375,0
2026-05-04 12:00:00,5823.47021484375,5836.77001953125,5821.39013671875,5828.740234375,0
2026-05-04 13:00:00,5825.08984375,5825.08984375,5805.4599609375,5812.9501953125,0
2026-05-04 14:00:00,5811.72021484375,5817.490234375,5792.9599609375,5793.81982421875,0
2026-05-04 15:00:00,5792.169921875,5797.2001953125,5754.9599609375,5767.06982421875,0
2026-05-05 07:00:00,5758.3798828125,5832.47998046875,5758.3798828125,5813.22998046875,0
2026-05-05 08:00:00,5812.22998046875,5833.3798828125,5810.58984375,5832.8798828125,0
2026-05-05 09:00:00,5832.39990234375,5843.0,5825.43017578125,5842.31982421875,0
2026-05-05 10:00:00,5842.41015625,5855.77978515625,5838.85009765625,5845.43017578125,0
2026-05-05 11:00:00,5845.31982421875,5848.0,5830.68994140625,5836.580078125,0
2026-05-05 12:00:00,5836.5498046875,5852.47021484375,5830.68017578125,5839.009765625,0
2026-05-05 13:00:00,5838.89990234375,5850.06982421875,5832.240234375,5841.10986328125,0
2026-05-05 14:00:00,5841.27001953125,5846.02001953125,5823.39013671875,5843.75,0
2026-05-05 15:00:00,5844.14990234375,5866.89990234375,5843.68994140625,5866.89990234375,0
2026-05-06 07:00:00,5880.2900390625,5954.669921875,5880.2900390625,5952.8798828125,0
2026-05-06 08:00:00,5953.08984375,6026.06005859375,5952.31982421875,6014.830078125,0
2026-05-06 09:00:00,6013.6201171875,6019.919921875,5991.759765625,6013.18994140625,0
2026-05-06 10:00:00,6012.77001953125,6059.2099609375,6012.77001953125,6051.43017578125,0
2026-05-06 11:00:00,6048.60009765625,6064.5,6039.66015625,6040.58984375,0
2026-05-06 12:00:00,6041.240234375,6041.240234375,6001.77978515625,6020.16015625,0
2026-05-06 13:00:00,6020.06982421875,6021.080078125,5999.830078125,6010.27001953125,0
2026-05-06 14:00:00,6010.1298828125,6029.77978515625,6004.47021484375,6025.0498046875,0
2026-05-06 15:00:00,6024.75,6037.47998046875,6020.759765625,6033.6298828125,0
2026-05-07 07:00:00,6032.75,6066.39013671875,6032.75,6045.27978515625,0
2026-05-07 08:00:00,6045.2001953125,6054.43994140625,6033.009765625,6035.009765625,0
2026-05-07 09:00:00,6035.490234375,6040.35009765625,6025.97021484375,6027.419921875,0
2026-05-07 10:00:00,6028.10009765625,6032.8701171875,6021.7099609375,6022.33984375,0
2026-05-07 11:00:00,6022.259765625,6032.14990234375,6017.91015625,6026.52001953125,0
2026-05-07 12:00:00,6026.66015625,6044.669921875,6024.2900390625,6038.56982421875,0
2026-05-07 13:00:00,6039.02001953125,6039.02001953125,6000.39013671875,6007.419921875,0
2026-05-07 14:00:00,6008.02978515625,6009.02978515625,5988.8798828125,5996.580078125,0
2026-05-07 15:00:00,5996.5498046875,5996.5498046875,5967.919921875,5970.66015625,0
2026-05-08 07:00:00,5950.2099609375,5950.2099609375,5906.2099609375,5924.830078125,0
2026-05-08 08:00:00,5925.64013671875,5926.4599609375,5912.85986328125,5915.22021484375,0
2026-05-08 09:00:00,5915.43994140625,5938.2099609375,5914.97998046875,5923.7998046875,0
2026-05-08 10:00:00,5923.06982421875,5930.93017578125,5917.509765625,5928.330078125,0
2026-05-08 11:00:00,5929.5,5932.5,5914.39013671875,5920.330078125,0
2026-05-08 12:00:00,5920.16015625,5934.080078125,5911.60009765625,5914.60986328125,0
2026-05-08 13:00:00,5915.81005859375,5943.64990234375,5908.22998046875,5942.1201171875,0
2026-05-08 14:00:00,5943.93017578125,5943.93017578125,5910.75,5914.77978515625,0
2026-05-08 15:00:00,5914.16015625,5915.1201171875,5901.1201171875,5901.9599609375,0
2026-05-11 07:00:00,5907.35986328125,5909.22998046875,5894.990234375,5896.39013671875,0
2026-05-11 08:00:00,5897.830078125,5902.25,5888.7900390625,5889.1298828125,0
2026-05-11 09:00:00,5889.27001953125,5899.27001953125,5881.85986328125,5889.830078125,0
2026-05-11 10:00:00,5888.10986328125,5890.85009765625,5881.06982421875,5885.490234375,0
2026-05-11 11:00:00,5885.22998046875,5889.830078125,5873.58984375,5877.47998046875,0
2026-05-11 12:00:00,5877.919921875,5888.06005859375,5870.91015625,5885.33984375,0
2026-05-11 13:00:00,5886.10986328125,5901.9501953125,5886.10986328125,5889.41015625,0
2026-05-11 14:00:00,5889.83984375,5892.66015625,5873.77978515625,5882.2998046875,0
2026-05-11 15:00:00,5882.27978515625,5895.93017578125,5881.4599609375,5895.02978515625,0
2026-05-12 07:00:00,5861.93994140625,5861.93994140625,5818.89013671875,5842.89013671875,0
2026-05-12 08:00:00,5842.64013671875,5852.31005859375,5835.10009765625,5842.830078125,0
2026-05-12 09:00:00,5843.240234375,5856.7001953125,5833.35986328125,5835.72998046875,0
2026-05-12 10:00:00,5837.25,5847.10009765625,5835.77978515625,5840.27001953125,0
2026-05-12 11:00:00,5840.919921875,5849.43017578125,5833.52978515625,5837.4599609375,0
2026-05-12 12:00:00,5837.72021484375,5852.1201171875,5828.8798828125,5846.68017578125,0
2026-05-12 13:00:00,5846.64013671875,5847.580078125,5818.509765625,5819.35009765625,0
2026-05-12 14:00:00,5820.85986328125,5830.7998046875,5814.35009765625,5814.6201171875,0
2026-05-12 15:00:00,5815.3798828125,5817.14990234375,5801.490234375,5808.0400390625,0
2026-05-13 07:00:00,5819.7900390625,5855.75,5819.7900390625,5839.8701171875,0
2026-05-13 08:00:00,5840.47021484375,5854.68017578125,5835.22021484375,5837.68017578125,0
2026-05-13 09:00:00,5837.919921875,5841.31005859375,5825.8798828125,5836.64990234375,0
2026-05-13 10:00:00,5836.240234375,5841.35986328125,5820.68994140625,5827.0400390625,0
2026-05-13 11:00:00,5826.919921875,5835.52001953125,5823.7998046875,5835.52001953125,0
2026-05-13 12:00:00,5835.52001953125,5837.91015625,5801.16015625,5816.60009765625,0
2026-05-13 13:00:00,5816.18017578125,5838.0400390625,5816.18017578125,5838.0400390625,0
2026-05-13 14:00:00,5836.490234375,5851.91015625,5832.43994140625,5849.93017578125,0
2026-05-13 15:00:00,5849.3798828125,5852.6298828125,5845.27001953125,5849.7998046875,0
2026-05-15 07:00:00,5908.7099609375,5908.7099609375,5854.3798828125,5859.27978515625,0
2026-05-15 08:00:00,5859.56005859375,5859.56005859375,5818.009765625,5833.93017578125,0
2026-05-15 09:00:00,5835.7099609375,5838.81982421875,5825.14013671875,5829.2900390625,0
2026-05-15 10:00:00,5830.2001953125,5854.39013671875,5822.1201171875,5851.080078125,0
2026-05-15 11:00:00,5851.31982421875,5852.97021484375,5821.58984375,5828.240234375,0
2026-05-15 12:00:00,5828.490234375,5828.490234375,5814.68994140625,5825.8798828125,0
2026-05-15 13:00:00,5825.58984375,5834.89990234375,5811.240234375,5815.72998046875,0
2026-05-15 14:00:00,5816.830078125,5839.39013671875,5811.97021484375,5828.64990234375,0
2026-05-15 15:00:00,5828.4501953125,5832.68017578125,5819.39013671875,5822.47021484375,0
2026-05-18 07:00:00,5797.66015625,5797.66015625,5762.14990234375,5780.27978515625,0
2026-05-18 08:00:00,5780.7099609375,5806.14990234375,5779.52001953125,5806.14990234375,0
2026-05-18 09:00:00,5805.9501953125,5807.830078125,5797.18994140625,5803.0400390625,0
2026-05-18 10:00:00,5803.41015625,5804.56982421875,5785.47021484375,5790.81005859375,0
2026-05-18 11:00:00,5791.72998046875,5842.2998046875,5778.89013671875,5821.0400390625,0
2026-05-18 12:00:00,5820.77001953125,5873.490234375,5819.14990234375,5873.490234375,0
2026-05-18 13:00:00,5875.330078125,5876.41015625,5850.4501953125,5869.60009765625,0
2026-05-18 14:00:00,5868.259765625,5875.759765625,5847.240234375,5858.7099609375,0
2026-05-18 15:00:00,5858.83984375,5860.85009765625,5835.169921875,5835.169921875,0
2026-05-19 07:00:00,5857.75,5910.47998046875,5855.14990234375,5904.8798828125,0
2026-05-19 08:00:00,5904.97998046875,5906.5,5881.33984375,5900.5,0
2026-05-19 09:00:00,5899.759765625,5901.85009765625,5879.43017578125,5890.740234375,0
2026-05-19 10:00:00,5890.22998046875,5905.14013671875,5882.5400390625,5895.64990234375,0
2026-05-19 11:00:00,5895.02001953125,5898.31982421875,5875.33984375,5875.33984375,0
2026-05-19 12:00:00,5875.41015625,5898.990234375,5873.43994140625,5895.22021484375,0
2026-05-19 13:00:00,5895.89013671875,5898.52001953125,5863.39013671875,5878.47021484375,0
2026-05-19 14:00:00,5876.4501953125,5883.669921875,5843.58984375,5858.4501953125,0
2026-05-19 15:00:00,5859.64013671875,5871.64013671875,5857.64013671875,5859.77001953125,0
2026-05-20 07:00:00,5856.16015625,5867.2900390625,5843.7001953125,5846.58984375,0
2026-05-20 08:00:00,5845.14990234375,5883.7900390625,5842.18017578125,5879.77001953125,0
2026-05-20 09:00:00,5879.919921875,5890.35009765625,5874.68994140625,5889.330078125,0
2026-05-20 10:00:00,5889.16015625,5911.16015625,5889.1298828125,5893.64013671875,0
2026-05-20 11:00:00,5893.7998046875,5901.47998046875,5888.8701171875,5891.5400390625,0
2026-05-20 12:00:00,5891.72021484375,5905.89990234375,5890.16015625,5891.35009765625,0
2026-05-20 13:00:00,5891.259765625,5911.85986328125,5889.43017578125,5910.08984375,0
2026-05-20 14:00:00,5909.5400390625,5966.4599609375,5890.27001953125,5961.56005859375,0
2026-05-20 15:00:00,5960.89013671875,6007.2900390625,5957.18017578125,5977.77001953125,0
2026-05-21 07:00:00,5966.8701171875,5971.7001953125,5945.7998046875,5966.93994140625,0
2026-05-21 08:00:00,5966.3701171875,6003.9501953125,5966.3701171875,5988.64990234375,0
2026-05-21 09:00:00,5988.490234375,6008.169921875,5987.14013671875,6000.97998046875,0
2026-05-21 10:00:00,6001.3701171875,6006.52978515625,5924.64990234375,5938.64990234375,0
2026-05-21 11:00:00,5937.18994140625,5954.14013671875,5933.85009765625,5943.81005859375,0
2026-05-21 12:00:00,5944.31005859375,5952.89990234375,5933.93994140625,5943.2099609375,0
2026-05-21 13:00:00,5943.27978515625,5985.81005859375,5941.02001953125,5984.52978515625,0
2026-05-21 14:00:00,5985.3701171875,5988.1201171875,5966.0498046875,5981.89013671875,0
2026-05-21 15:00:00,5981.10986328125,5984.0498046875,5967.759765625,5977.18017578125,0
2026-05-22 07:00:00,5985.6298828125,6018.759765625,5985.6298828125,6005.2998046875,0
2026-05-22 08:00:00,6005.580078125,6013.35986328125,5992.47021484375,6001.1298828125,0
2026-05-22 09:00:00,6001.27001953125,6014.91015625,5991.08984375,6010.490234375,0
2026-05-22 10:00:00,6011.02001953125,6014.72998046875,5998.080078125,5999.89990234375,0
2026-05-22 11:00:00,5999.43994140625,6012.14013671875,5993.91015625,6006.5498046875,0
2026-05-22 12:00:00,6006.72998046875,6032.259765625,6006.240234375,6025.9599609375,0
2026-05-22 13:00:00,6031.2900390625,6036.4599609375,6022.0498046875,6028.27978515625,0
2026-05-22 14:00:00,6029.06005859375,6029.06005859375,6009.5498046875,6026.43994140625,0
2026-05-22 15:00:00,6025.52978515625,6029.72021484375,6020.85009765625,6027.3798828125,0
2026-05-26 07:00:00,6130.16015625,6130.16015625,6091.33984375,6099.33984375,0
2026-05-26 08:00:00,6099.8701171875,6100.47998046875,6080.97021484375,6080.97021484375,0
2026-05-26 09:00:00,6081.10009765625,6091.10986328125,6078.4599609375,6086.0498046875,0
2026-05-26 10:00:00,6086.02978515625,6098.64990234375,6081.0400390625,6094.169921875,0
2026-05-26 11:00:00,6093.419921875,6094.43017578125,6078.81005859375,6091.81982421875,0
2026-05-26 12:00:00,6091.8701171875,6102.2900390625,6088.52001953125,6100.02001953125,0
2026-05-26 13:00:00,6099.60986328125,6102.830078125,6081.52978515625,6086.330078125,0
2026-05-26 14:00:00,6086.14013671875,6091.93994140625,6080.5,6083.4599609375,0
2026-05-26 15:00:00,6083.18994140625,6083.18994140625,6068.47021484375,6068.47021484375,0
2026-05-27 07:00:00,6069.91015625,6104.97998046875,6069.91015625,6100.0400390625,0
2026-05-27 08:00:00,6099.7001953125,6109.5400390625,6095.39990234375,6106.10009765625,0
2026-05-27 09:00:00,6105.33984375,6118.330078125,6105.33984375,6114.580078125,0
2026-05-27 10:00:00,6113.080078125,6119.669921875,6108.35009765625,6116.16015625,0
2026-05-27 11:00:00,6115.7099609375,6117.77978515625,6103.14990234375,6103.14990234375,0
2026-05-27 12:00:00,6103.83984375,6131.08984375,6097.33984375,6107.0,0
2026-05-27 13:00:00,6107.1201171875,6110.81982421875,6080.68017578125,6093.1298828125,0
2026-05-27 14:00:00,6092.75,6093.3798828125,6056.64990234375,6075.080078125,0
2026-05-27 15:00:00,6075.89990234375,6080.66015625,6072.85009765625,6080.06005859375,0
2026-05-28 07:00:00,6064.5,6064.5,6046.2099609375,6056.89013671875,0
2026-05-28 08:00:00,6057.10009765625,6060.56005859375,6047.75,6054.72021484375,0
2026-05-28 09:00:00,6054.7900390625,6065.56005859375,6054.35986328125,6061.85986328125,0
2026-05-28 10:00:00,6061.85009765625,6063.31005859375,6042.669921875,6044.4501953125,0
2026-05-28 11:00:00,6044.72998046875,6047.47998046875,6039.080078125,6039.740234375,0
2026-05-28 12:00:00,6039.240234375,6049.41015625,6031.89013671875,6046.72021484375,0
2026-05-28 13:00:00,6046.60986328125,6053.93017578125,6023.259765625,6029.39990234375,0
2026-05-28 14:00:00,6030.27978515625,6077.4501953125,6025.02001953125,6044.22998046875,0
2026-05-28 15:00:00,6045.22998046875,6056.66015625,6045.22998046875,6056.60009765625,0
2026-05-29 07:00:00,6064.009765625,6086.39013671875,6064.009765625,6085.43017578125,0
2026-05-29 08:00:00,6085.35986328125,6090.33984375,6079.39990234375,6082.22021484375,0
2026-05-29 09:00:00,6081.97021484375,6105.22998046875,6080.759765625,6095.919921875,0
2026-05-29 10:00:00,6096.02001953125,6096.02001953125,6082.7900390625,6091.68017578125,0
2026-05-29 11:00:00,6091.0400390625,6092.93994140625,6071.27001953125,6081.68017578125,0
2026-05-29 12:00:00,6081.75,6084.39013671875,6073.330078125,6079.39990234375,0
2026-05-29 13:00:00,6078.5498046875,6082.60009765625,6060.47998046875,6061.2099609375,0
2026-05-29 14:00:00,6061.759765625,6080.10009765625,6053.9599609375,6071.52001953125,0
2026-05-29 15:00:00,6071.509765625,6081.2001953125,6064.58984375,6064.58984375,0
2026-06-01 07:00:00,6053.8798828125,6060.240234375,6043.39990234375,6057.08984375,0
2026-06-01 08:00:00,6056.43994140625,6060.7900390625,6047.240234375,6059.1201171875,0
2026-06-01 09:00:00,6058.77001953125,6066.77978515625,6044.18017578125,6048.7099609375,0
2026-06-01 10:00:00,6049.16015625,6061.89013671875,6046.1298828125,6058.47998046875,0
2026-06-01 11:00:00,6058.240234375,6066.0400390625,6050.60009765625,6064.64990234375,0
2026-06-01 12:00:00,6064.02001953125,6080.080078125,6057.64013671875,6074.2001953125,0
2026-06-01 13:00:00,6074.7001953125,6074.7001953125,6002.47021484375,6002.47021484375,0
2026-06-01 14:00:00,6004.5400390625,6019.97021484375,5997.740234375,6006.56005859375,0
2026-06-01 15:00:00,6006.83984375,6024.419921875,6004.8798828125,6024.0498046875,0
2026-06-02 07:00:00,6059.259765625,6104.7001953125,6059.259765625,6104.39013671875,0
2026-06-02 08:00:00,6105.2099609375,6113.39013671875,6091.6298828125,6096.18994140625,0
2026-06-02 09:00:00,6095.85009765625,6098.5400390625,6081.4599609375,6095.2900390625,0
2026-06-02 10:00:00,6094.22021484375,6097.919921875,6088.93017578125,6095.22021484375,0
2026-06-02 11:00:00,6094.91015625,6105.2900390625,6091.47998046875,6101.9501953125,0
2026-06-02 12:00:00,6101.5,6103.3701171875,6085.89013671875,6086.60009765625,0
2026-06-02 13:00:00,6087.41015625,6088.14990234375,6071.56982421875,6082.10986328125,0
2026-06-02 14:00:00,6081.990234375,6103.43994140625,6078.2099609375,6099.009765625,0
2026-06-02 15:00:00,6098.8798828125,6108.41015625,6094.2998046875,6107.330078125,0
2026-06-03 07:00:00,6105.169921875,6105.169921875,6070.83984375,6088.3701171875,0
2026-06-03 08:00:00,6089.330078125,6091.93017578125,6081.35986328125,6088.56005859375,0
2026-06-03 09:00:00,6088.759765625,6095.47021484375,6075.5,6075.5,0
2026-06-03 10:00:00,6075.81005859375,6088.93017578125,6067.259765625,6075.259765625,0
2026-06-03 11:00:00,6075.5,6080.31005859375,6069.77001953125,6077.31982421875,0
2026-06-03 12:00:00,6077.02978515625,6078.97021484375,6059.08984375,6066.759765625,0
2026-06-03 13:00:00,6067.47021484375,6074.18017578125,6050.2001953125,6065.8798828125,0
2026-06-03 14:00:00,6067.7001953125,6071.0400390625,6050.7099609375,6059.7998046875,0
2026-06-03 15:00:00,6060.72021484375,6065.830078125,6055.919921875,6062.240234375,0
2026-06-04 07:00:00,6058.16015625,6092.8798828125,6052.240234375,6088.47998046875,0
2026-06-04 08:00:00,6089.16015625,6090.580078125,6062.2001953125,6063.22021484375,0
2026-06-04 09:00:00,6062.91015625,6083.06005859375,6052.169921875,6080.77001953125,0
2026-06-04 10:00:00,6080.39013671875,6080.39013671875,6052.6201171875,6060.56005859375,0
2026-06-04 11:00:00,6061.25,6082.83984375,6061.25,6081.4501953125,0
2026-06-04 12:00:00,6081.5400390625,6091.4599609375,6073.43017578125,6085.830078125,0
2026-06-04 13:00:00,6085.7998046875,6088.7998046875,6073.8701171875,6085.22998046875,0
2026-06-04 14:00:00,6083.14990234375,6090.68994140625,6073.4501953125,6084.10986328125,0
2026-06-04 15:00:00,6083.240234375,6095.27001953125,6079.9599609375,6091.64990234375,0
2026-06-05 07:00:00,6107.10009765625,6107.10009765625,6068.4599609375,6081.3798828125,0
2026-06-05 08:00:00,6081.02978515625,6090.0400390625,6070.509765625,6087.740234375,0
2026-06-05 09:00:00,6087.7001953125,6111.83984375,6087.7001953125,6101.93994140625,0
2026-06-05 10:00:00,6099.759765625,6112.18017578125,6095.33984375,6104.33984375,0
2026-06-05 11:00:00,6104.52001953125,6110.60986328125,6096.509765625,6103.66015625,0
2026-06-05 12:00:00,6103.2900390625,6105.1201171875,6085.93017578125,6086.490234375,0
2026-06-05 13:00:00,6086.39990234375,6098.27001953125,6064.39013671875,6073.60986328125,0
2026-06-05 14:00:00,6071.41015625,6083.169921875,6061.81982421875,6077.52978515625,0
2026-06-05 15:00:00,6077.85986328125,6078.740234375,6063.43017578125,6064.169921875,0
2026-06-08 07:00:00,6049.7900390625,6049.7900390625,5980.3701171875,6011.22021484375,0
2026-06-08 08:00:00,6008.66015625,6019.68994140625,6004.68994140625,6012.75,0
2026-06-08 09:00:00,6012.10986328125,6035.830078125,6012.10986328125,6034.77001953125,0
2026-06-08 10:00:00,6035.60986328125,6063.56005859375,6027.919921875,6037.91015625,0
2026-06-08 11:00:00,6037.35009765625,6071.25,6032.52978515625,6058.89013671875,0
2026-06-08 12:00:00,6058.06005859375,6064.93994140625,6046.52978515625,6053.3701171875,0
2026-06-08 13:00:00,6052.39990234375,6082.83984375,6052.39990234375,6072.759765625,0
2026-06-08 14:00:00,6070.66015625,6079.10986328125,6059.830078125,6078.52001953125,0
2026-06-08 15:00:00,6079.5400390625,6084.52978515625,6074.509765625,6074.509765625,0
2026-06-09 07:00:00,6058.7900390625,6094.2998046875,6058.7900390625,6092.75,0
2026-06-09 08:00:00,6093.58984375,6117.60009765625,6090.91015625,6115.490234375,0
2026-06-09 09:00:00,6115.22021484375,6124.39013671875,6112.35986328125,6122.06005859375,0
2026-06-09 10:00:00,6122.31005859375,6126.259765625,6112.33984375,6126.08984375,0
2026-06-09 11:00:00,6126.77001953125,6130.27001953125,6112.93017578125,6113.60986328125,0
2026-06-09 12:00:00,6113.8701171875,6113.8701171875,6103.6298828125,6112.89990234375,0
2026-06-09 13:00:00,6115.919921875,6149.169921875,6110.89990234375,6138.009765625,0
2026-06-09 14:00:00,6138.31005859375,6144.39013671875,6085.58984375,6099.0400390625,0
2026-06-09 15:00:00,6101.43017578125,6104.43017578125,6052.919921875,6052.919921875,0
2026-06-10 07:00:00,6051.89990234375,6068.60986328125,6051.89990234375,6063.5498046875,0
2026-06-10 08:00:00,6063.83984375,6065.7099609375,6024.10009765625,6027.3701171875,0
2026-06-10 09:00:00,6027.8798828125,6034.64990234375,6015.830078125,6027.830078125,0
2026-06-10 10:00:00,6028.64013671875,6028.83984375,6010.18994140625,6021.4599609375,0
2026-06-10 11:00:00,6022.10009765625,6025.16015625,5972.1201171875,6005.85009765625,0
2026-06-10 12:00:00,6006.06982421875,6038.16015625,6003.7001953125,6029.85009765625,0
2026-06-10 13:00:00,6028.60986328125,6060.2900390625,6021.2998046875,6056.39990234375,0
2026-06-10 14:00:00,6056.31982421875,6061.56005859375,6027.1201171875,6031.18994140625,0
2026-06-10 15:00:00,6031.43017578125,6038.97021484375,6013.2900390625,6029.10009765625,0
2026-06-11 07:00:00,6014.72998046875,6057.77978515625,6014.72998046875,6037.60009765625,0
2026-06-11 08:00:00,6037.35009765625,6061.35986328125,6037.35009765625,6056.5,0
2026-06-11 09:00:00,6054.7900390625,6071.22021484375,6047.93994140625,6068.2998046875,0
2026-06-11 10:00:00,6068.39013671875,6071.9501953125,6064.25,6066.009765625,0
2026-06-11 11:00:00,6065.7900390625,6076.7099609375,6061.8701171875,6075.1298828125,0
2026-06-11 12:00:00,6075.2099609375,6076.1201171875,6024.33984375,6053.9501953125,0
2026-06-11 13:00:00,6052.759765625,6085.080078125,6040.85986328125,6078.68994140625,0
2026-06-11 14:00:00,6077.56982421875,6087.830078125,6050.64990234375,6050.740234375,0
2026-06-11 15:00:00,6051.97998046875,6074.7099609375,6048.47998046875,6062.47998046875,0
2026-06-12 07:00:00,6076.43994140625,6191.52978515625,6076.43994140625,6176.02001953125,0
2026-06-12 08:00:00,6176.2998046875,6202.39990234375,6166.5400390625,6173.27978515625,0
2026-06-12 09:00:00,6172.8798828125,6198.080078125,6172.8798828125,6186.919921875,0
2026-06-12 10:00:00,6185.669921875,6185.669921875,6153.2900390625,6164.83984375,0
2026-06-12 11:00:00,6165.0400390625,6172.7099609375,6159.85009765625,6160.7900390625,0
2026-06-12 12:00:00,6160.60986328125,6160.60986328125,6128.10009765625,6128.22998046875,0
2026-06-12 13:00:00,6127.8798828125,6160.5498046875,6127.330078125,6146.89990234375,0
2026-06-12 14:00:00,6146.66015625,6181.60009765625,6146.02001953125,6181.60009765625,0
2026-06-12 15:00:00,6179.89990234375,6182.60986328125,6170.52001953125,6178.919921875,0
2026-06-15 07:00:00,6225.35986328125,6294.68017578125,6225.35986328125,6264.06982421875,0
2026-06-15 08:00:00,6262.7001953125,6270.0,6254.97998046875,6255.35986328125,0
2026-06-15 09:00:00,6256.240234375,6260.3701171875,6244.080078125,6251.16015625,0
2026-06-15 10:00:00,6250.81982421875,6260.14990234375,6248.64990234375,6259.06005859375,0
2026-06-15 11:00:00,6259.27978515625,6269.25,6257.919921875,6268.64990234375,0
2026-06-15 12:00:00,6268.6201171875,6271.43017578125,6255.7001953125,6257.06005859375,0
2026-06-15 13:00:00,6257.509765625,6260.97998046875,6231.27001953125,6231.27001953125,0
2026-06-15 14:00:00,6232.35986328125,6241.58984375,6224.759765625,6234.830078125,0
2026-06-15 15:00:00,6235.419921875,6241.68994140625,6228.41015625,6235.5400390625,0
2026-06-16 07:00:00,6238.5,6260.47021484375,6238.5,6260.39990234375,0
2026-06-16 08:00:00,6259.60009765625,6285.5498046875,6258.0,6284.16015625,0
2026-06-16 09:00:00,6285.06982421875,6287.259765625,6275.91015625,6279.60009765625,0
2026-06-16 10:00:00,6280.31982421875,6283.81005859375,6272.740234375,6283.16015625,0
2026-06-16 11:00:00,6282.43017578125,6282.43017578125,6271.9599609375,6277.0400390625,0
2026-06-16 12:00:00,6277.240234375,6281.27978515625,6267.81982421875,6269.43994140625,0
2026-06-16 13:00:00,6268.58984375,6276.52978515625,6261.8798828125,6262.56982421875,0
2026-06-16 14:00:00,6262.75,6272.75,6259.9599609375,6259.9599609375,0
2026-06-16 15:00:00,6260.72021484375,6261.89013671875,6254.580078125,6256.81982421875,0
2026-06-17 07:00:00,6257.97021484375,6276.6201171875,6253.93017578125,6274.25,0
2026-06-17 08:00:00,6273.9599609375,6275.9599609375,6258.31982421875,6270.52001953125,0
2026-06-17 09:00:00,6270.47021484375,6285.830078125,6269.64990234375,6285.4501953125,0
2026-06-17 10:00:00,6285.68994140625,6292.990234375,6280.33984375,6290.5498046875,0
2026-06-17 11:00:00,6290.35009765625,6295.31005859375,6275.35986328125,6277.31005859375,0
2026-06-17 12:00:00,6277.60009765625,6287.43994140625,6276.83984375,6282.64990234375,0
2026-06-17 13:00:00,6282.75,6296.580078125,6276.83984375,6283.35986328125,0
2026-06-17 14:00:00,6282.64013671875,6299.7900390625,6273.27001953125,6286.68994140625,0
2026-06-17 15:00:00,6285.75,6296.93017578125,6282.5,6296.93017578125,0
2026-06-18 07:00:00,6301.10986328125,6331.14990234375,6297.3798828125,6320.2998046875,0
2026-06-18 08:00:00,6319.60009765625,6325.259765625,6285.27978515625,6285.740234375,0
2026-06-18 09:00:00,6284.830078125,6313.56982421875,6282.22021484375,6311.580078125,0
2026-06-18 10:00:00,6310.39013671875,6313.990234375,6300.8701171875,6303.18994140625,0
2026-06-18 11:00:00,6302.52978515625,6305.66015625,6290.33984375,6304.669921875,0
2026-06-18 12:00:00,6304.919921875,6328.81982421875,6304.56005859375,6328.169921875,0
2026-06-18 13:00:00,6328.06005859375,6330.22021484375,6306.8798828125,6310.009765625,0
2026-06-18 14:00:00,6310.10009765625,6332.9501953125,6308.14013671875,6332.9501953125,0
2026-06-18 15:00:00,6333.08984375,6334.5498046875,6322.22998046875,6332.58984375,0
2026-06-19 07:00:00,6321.31005859375,6334.39013671875,6313.16015625,6332.64990234375,0
2026-06-19 08:00:00,6332.25,6337.22021484375,6329.41015625,6332.5,0
2026-06-19 09:00:00,6332.2900390625,6334.93017578125,6318.7998046875,6324.5498046875,0
2026-06-19 10:00:00,6322.669921875,6326.31982421875,6305.64013671875,6313.009765625,0
2026-06-19 11:00:00,6312.759765625,6320.3701171875,6307.990234375,6317.0400390625,0
2026-06-19 12:00:00,6318.14990234375,6324.39990234375,6297.06005859375,6324.06982421875,0
2026-06-19 13:00:00,6323.1201171875,6326.68994140625,6313.7001953125,6319.2099609375,0
2026-06-19 14:00:00,6319.5498046875,6322.83984375,6314.33984375,6314.33984375,0
2026-06-19 15:00:00,6313.740234375,6316.22998046875,6302.02001953125,6302.02001953125,0
2026-06-22 07:00:00,6297.43994140625,6314.8701171875,6295.43994140625,6298.4501953125,0
2026-06-22 08:00:00,6299.52001953125,6299.52001953125,6289.66015625,6292.52978515625,0
2026-06-22 09:00:00,6292.2998046875,6297.7900390625,6280.83984375,6280.83984375,0
2026-06-22 10:00:00,6281.22998046875,6294.8798828125,6281.22998046875,6292.27978515625,0
2026-06-22 11:00:00,6292.06982421875,6308.3798828125,6292.06982421875,6308.16015625,0
2026-06-22 12:00:00,6308.02978515625,6313.7900390625,6304.43994140625,6308.97998046875,0
2026-06-22 13:00:00,6309.27978515625,6328.6298828125,6309.27978515625,6325.52001953125,0
2026-06-22 14:00:00,6325.66015625,6326.56005859375,6311.5,6316.759765625,0
2026-06-22 15:00:00,6316.91015625,6322.759765625,6314.0400390625,6322.759765625,0
2026-06-23 07:00:00,6274.7900390625,6274.7900390625,6219.60986328125,6223.7001953125,0
2026-06-23 08:00:00,6223.0498046875,6227.22021484375,6209.1201171875,6219.64990234375,0
2026-06-23 09:00:00,6220.39990234375,6238.68994140625,6220.39990234375,6238.68994140625,0
2026-06-23 10:00:00,6238.43994140625,6252.759765625,6229.669921875,6233.93994140625,0
2026-06-23 11:00:00,6234.16015625,6245.02978515625,6232.06982421875,6241.419921875,0
2026-06-23 12:00:00,6241.169921875,6244.77978515625,6232.990234375,6238.22998046875,0
2026-06-23 13:00:00,6237.7099609375,6249.27978515625,6226.35009765625,6248.41015625,0
2026-06-23 14:00:00,6250.009765625,6262.02001953125,6243.75,6248.27978515625,0
2026-06-23 15:00:00,6248.47021484375,6251.89013671875,6242.6201171875,6244.7998046875,0
2026-06-24 07:00:00,6234.7099609375,6243.52001953125,6205.89990234375,6211.5,0
2026-06-24 08:00:00,6211.68994140625,6225.72998046875,6211.009765625,6221.39990234375,0
2026-06-24 09:00:00,6222.43994140625,6229.14990234375,6212.990234375,6218.16015625,0
2026-06-24 10:00:00,6218.08984375,6222.14013671875,6211.58984375,6212.72998046875,0
2026-06-24 11:00:00,6212.33984375,6219.4599609375,6206.2099609375,6217.419921875,0
2026-06-24 12:00:00,6217.93994140625,6225.22998046875,6208.52978515625,6208.990234375,0
2026-06-24 13:00:00,6209.22998046875,6213.39013671875,6189.06005859375,6205.10009765625,0
2026-06-24 14:00:00,6206.66015625,6213.7099609375,6193.64013671875,6213.14990234375,0
2026-06-24 15:00:00,6213.1298828125,6214.8701171875,6199.06005859375,6214.0498046875,0
2026-06-25 07:00:00,6211.56982421875,6254.35986328125,6211.56982421875,6254.1201171875,0
2026-06-25 08:00:00,6254.169921875,6258.919921875,6243.89013671875,6248.5400390625,0
2026-06-25 09:00:00,6248.35986328125,6260.41015625,6248.2998046875,6258.52001953125,0
2026-06-25 10:00:00,6258.43994140625,6265.259765625,6257.39990234375,6261.18994140625,0
2026-06-25 11:00:00,6261.7099609375,6264.8798828125,6257.52001953125,6261.669921875,0
2026-06-25 12:00:00,6261.8701171875,6274.52978515625,6259.81982421875,6273.9501953125,0
2026-06-25 13:00:00,6274.18994140625,6274.83984375,6232.919921875,6235.6298828125,0
2026-06-25 14:00:00,6235.5498046875,6279.52978515625,6235.5498046875,6270.31005859375,0
2026-06-25 15:00:00,6271.27978515625,6276.009765625,6248.740234375,6264.240234375,0
2026-06-26 07:00:00,6261.39013671875,6261.39013671875,6231.72021484375,6244.10986328125,0
2026-06-26 08:00:00,6243.85986328125,6246.0400390625,6219.72021484375,6224.56005859375,0
2026-06-26 09:00:00,6224.77978515625,6226.10009765625,6214.89990234375,6218.8701171875,0
2026-06-26 10:00:00,6219.22021484375,6221.56982421875,6211.31982421875,6212.47021484375,0
2026-06-26 11:00:00,6212.47998046875,6221.72021484375,6205.31982421875,6207.9501953125,0
2026-06-26 12:00:00,6207.919921875,6216.64013671875,6197.47021484375,6200.81005859375,0
2026-06-26 13:00:00,6200.39013671875,6211.740234375,6181.93017578125,6208.669921875,0
2026-06-26 14:00:00,6208.68994140625,6219.22998046875,6202.0400390625,6206.7998046875,0
2026-06-26 15:00:00,6206.0498046875,6221.3798828125,6202.02001953125,6221.3798828125,0
2026-06-29 07:00:00,6224.740234375,6237.2099609375,6219.259765625,6231.06982421875,0
2026-06-29 08:00:00,6230.0,6234.85986328125,6211.02978515625,6211.47998046875,0
2026-06-29 09:00:00,6211.27978515625,6224.6298828125,6211.27978515625,6217.27001953125,0
2026-06-29 10:00:00,6217.1201171875,6222.8701171875,6209.27978515625,6221.18017578125,0
2026-06-29 11:00:00,6221.14990234375,6228.31005859375,6215.06982421875,6228.27978515625,0
2026-06-29 12:00:00,6228.27978515625,6230.240234375,6218.8798828125,6228.0400390625,0
2026-06-29 13:00:00,6227.8798828125,6240.0,6223.169921875,6227.06005859375,0
2026-06-29 14:00:00,6226.75,6230.0498046875,6202.490234375,6226.68994140625,0
2026-06-29 15:00:00,6228.43994140625,6237.06982421875,6219.7001953125,6236.06005859375,0
2026-06-30 07:00:00,6247.85009765625,6286.58984375,6247.85009765625,6269.58984375,0
2026-06-30 08:00:00,6269.330078125,6280.10009765625,6265.60986328125,6272.5,0
2026-06-30 09:00:00,6272.43017578125,6301.9599609375,6272.43017578125,6301.10986328125,0
2026-06-30 10:00:00,6300.740234375,6310.47998046875,6297.0,6309.89013671875,0
2026-06-30 11:00:00,6309.35986328125,6314.39990234375,6307.08984375,6309.02001953125,0
2026-06-30 12:00:00,6308.759765625,6309.08984375,6285.52001953125,6293.52978515625,0
2026-06-30 13:00:00,6293.43017578125,6310.35009765625,6284.58984375,6309.72998046875,0
2026-06-30 14:00:00,6310.56982421875,6315.8701171875,6302.06005859375,6307.4501953125,0
2026-06-30 15:00:00,6307.27001953125,6329.419921875,6307.27001953125,6328.06982421875,0
2026-07-01 07:00:00,6325.68017578125,6325.68017578125,6293.60009765625,6315.89990234375,0
2026-07-01 08:00:00,6316.580078125,6327.919921875,6308.39990234375,6324.27001953125,0
2026-07-01 09:00:00,6324.3798828125,6324.3798828125,6312.1298828125,6320.6201171875,0
2026-07-01 10:00:00,6320.39013671875,6320.68994140625,6309.06982421875,6313.89013671875,0
2026-07-01 11:00:00,6313.83984375,6317.5400390625,6293.31982421875,6293.72998046875,0
2026-07-01 12:00:00,6294.240234375,6301.009765625,6286.77978515625,6290.06982421875,0
2026-07-01 13:00:00,6290.02001953125,6296.02001953125,6266.68017578125,6293.3798828125,0
2026-07-01 14:00:00,6293.64013671875,6295.06982421875,6269.91015625,6273.1298828125,0
2026-07-01 15:00:00,6273.4501953125,6289.72021484375,6270.39013671875,6289.72021484375,0
2026-07-02 07:00:00,6282.06982421875,6294.77978515625,6268.1298828125,6288.2099609375,0
2026-07-02 08:00:00,6288.8798828125,6302.35009765625,6283.85009765625,6300.47998046875,0
2026-07-02 09:00:00,6300.4501953125,6309.27001953125,6293.169921875,6308.18994140625,0
2026-07-02 10:00:00,6308.43017578125,6320.330078125,6302.0,6319.68017578125,0
2026-07-02 11:00:00,6318.39013671875,6330.31982421875,6316.9501953125,6329.83984375,0
2026-07-02 12:00:00,6329.68017578125,6366.66015625,6328.10986328125,6359.4599609375,0
2026-07-02 13:00:00,6360.2998046875,6393.830078125,6358.830078125,6387.7099609375,0
2026-07-02 14:00:00,6386.77978515625,6387.43994140625,6365.89990234375,6377.35986328125,0
2026-07-02 15:00:00,6380.35986328125,6382.18994140625,6358.10009765625,6358.10009765625,0
2026-07-03 07:00:00,6373.35986328125,6405.080078125,6373.35986328125,6378.6298828125,0
2026-07-03 08:00:00,6378.669921875,6388.27001953125,6370.43017578125,6370.85009765625,0
2026-07-03 09:00:00,6370.8798828125,6386.08984375,6368.14990234375,6384.2900390625,0
2026-07-03 10:00:00,6383.4599609375,6389.39013671875,6379.0,6388.68994140625,0
2026-07-03 11:00:00,6388.72021484375,6393.10986328125,6380.0498046875,6393.10986328125,0
2026-07-03 12:00:00,6393.08984375,6400.3701171875,6391.47998046875,6400.31982421875,0
2026-07-03 13:00:00,6400.47021484375,6411.02978515625,6400.14990234375,6409.740234375,0
2026-07-03 14:00:00,6410.14990234375,6420.27001953125,6405.16015625,6418.9599609375,0
2026-07-03 15:00:00,6419.0498046875,6420.43994140625,6414.509765625,6416.85009765625,0
2026-07-06 07:00:00,6405.5400390625,6431.419921875,6404.72998046875,6429.72998046875,0
2026-07-06 08:00:00,6429.5498046875,6431.06005859375,6413.2900390625,6413.93994140625,0
2026-07-06 09:00:00,6414.169921875,6414.169921875,6405.4599609375,6408.35009765625,0
2026-07-06 10:00:00,6408.08984375,6408.669921875,6397.9501953125,6402.6298828125,0
2026-07-06 11:00:00,6402.330078125,6403.1201171875,6394.7998046875,6395.990234375,0
2026-07-06 12:00:00,6395.89013671875,6397.18994140625,6390.919921875,6391.509765625,0
2026-07-06 13:00:00,6391.169921875,6391.66015625,6376.9599609375,6386.7099609375,0
2026-07-06 14:00:00,6386.68017578125,6395.330078125,6383.83984375,6394.4501953125,0
2026-07-06 15:00:00,6394.740234375,6396.06005859375,6383.75,6396.06005859375,0
2026-07-07 07:00:00,6379.3701171875,6394.669921875,6379.3701171875,6390.490234375,0
2026-07-07 08:00:00,6390.56982421875,6395.06982421875,6376.83984375,6376.83984375,0
2026-07-07 09:00:00,6377.3701171875,6379.47998046875,6369.5,6373.2001953125,0
2026-07-07 10:00:00,6372.759765625,6377.9501953125,6365.56005859375,6369.08984375,0
2026-07-07 11:00:00,6369.60009765625,6369.60009765625,6357.02001953125,6360.7900390625,0
2026-07-07 12:00:00,6360.47021484375,6373.02978515625,6357.10986328125,6365.89013671875,0
2026-07-07 13:00:00,6366.31005859375,6368.10986328125,6342.990234375,6346.33984375,0
2026-07-07 14:00:00,6346.740234375,6347.240234375,6329.240234375,6335.0,0
2026-07-07 15:00:00,6334.9599609375,6334.9599609375,6324.56982421875,6325.0,0
2026-07-08 07:00:00,6315.93994140625,6315.93994140625,6265.7900390625,6274.72998046875,0
2026-07-08 08:00:00,6275.06005859375,6275.93994140625,6196.77978515625,6197.81005859375,0
2026-07-08 09:00:00,6197.83984375,6200.14013671875,6181.2001953125,6185.419921875,0
2026-07-08 10:00:00,6186.1201171875,6208.18994140625,6180.93994140625,6203.89013671875,0
2026-07-08 11:00:00,6203.2001953125,6231.669921875,6197.56982421875,6216.08984375,0
2026-07-08 12:00:00,6215.990234375,6231.56982421875,6209.43994140625,6219.39990234375,0
2026-07-08 13:00:00,6219.2900390625,6242.66015625,6218.14013671875,6237.8798828125,0
2026-07-08 14:00:00,6237.77978515625,6240.22021484375,6210.56982421875,6215.14990234375,0
2026-07-08 15:00:00,6215.5498046875,6215.5498046875,6188.97998046875,6189.27978515625,0
2026-07-09 07:00:00,6236.41015625,6263.75,6236.41015625,6252.60009765625,0
2026-07-09 08:00:00,6252.35986328125,6259.43017578125,6237.60009765625,6240.740234375,0
2026-07-09 09:00:00,6241.31982421875,6243.7900390625,6229.7998046875,6241.22998046875,0
2026-07-09 10:00:00,6242.0,6247.8701171875,6228.33984375,6235.39013671875,0
2026-07-09 11:00:00,6236.4501953125,6252.77978515625,6234.759765625,6251.8701171875,0
2026-07-09 12:00:00,6251.4599609375,6265.259765625,6249.02978515625,6259.89990234375,0
2026-07-09 13:00:00,6260.6298828125,6281.3701171875,6260.6298828125,6275.830078125,0
2026-07-09 14:00:00,6276.2099609375,6280.4599609375,6264.31982421875,6276.39013671875,0
2026-07-09 15:00:00,6276.759765625,6288.009765625,6276.72998046875,6283.56982421875,0
2026-07-10 07:00:00,6266.830078125,6285.990234375,6264.35009765625,6271.47998046875,0
2026-07-10 08:00:00,6271.60009765625,6281.10986328125,6260.330078125,6264.58984375,0
2026-07-10 09:00:00,6264.33984375,6278.68017578125,6259.1298828125,6272.7001953125,0
2026-07-10 10:00:00,6272.7001953125,6283.66015625,6271.9501953125,6277.2001953125,0
2026-07-10 11:00:00,6277.580078125,6281.830078125,6268.08984375,6269.81982421875,0
2026-07-10 12:00:00,6270.10986328125,6287.7099609375,6264.35986328125,6273.97998046875,0
2026-07-10 13:00:00,6273.7099609375,6281.39990234375,6266.669921875,6272.7099609375,0
2026-07-10 14:00:00,6272.43994140625,6278.259765625,6242.35009765625,6264.14990234375,0
2026-07-10 15:00:00,6264.1201171875,6267.990234375,6257.0400390625,6267.08984375,0
2026-07-13 07:00:00,6243.52001953125,6260.35009765625,6242.8701171875,6255.9501953125,0
2026-07-13 08:00:00,6256.9599609375,6276.580078125,6254.41015625,6276.06982421875,0
2026-07-13 09:00:00,6276.919921875,6280.97021484375,6268.60009765625,6279.4501953125,0
2026-07-13 10:00:00,6279.259765625,6280.330078125,6263.22998046875,6269.10986328125,0
2026-07-13 11:00:00,6269.60986328125,6282.9599609375,6269.60986328125,6270.7900390625,0
2026-07-13 12:00:00,6270.81982421875,6273.93994140625,6255.6298828125,6273.93994140625,0
2026-07-13 13:00:00,6273.39990234375,6280.02978515625,6263.5498046875,6279.7900390625,0
2026-07-13 14:00:00,6279.740234375,6281.31005859375,6242.2900390625,6270.2998046875,0
2026-07-13 15:00:00,6271.89013671875,6272.7900390625,6262.5498046875,6266.009765625,0
2026-07-14 07:00:00,6248.3701171875,6248.3701171875,6211.9599609375,6226.06982421875,0
2026-07-14 08:00:00,6226.490234375,6233.43017578125,6217.08984375,6221.4599609375,0
2026-07-14 09:00:00,6219.77001953125,6239.5498046875,6217.6298828125,6235.68994140625,0
2026-07-14 10:00:00,6235.72021484375,6241.10986328125,6222.509765625,6227.85009765625,0
2026-07-14 11:00:00,6228.10986328125,6239.2998046875,6220.490234375,6232.56005859375,0
2026-07-14 12:00:00,6233.27978515625,6271.2099609375,6224.35009765625,6249.47021484375,0
2026-07-14 13:00:00,6248.0498046875,6280.3701171875,6247.52978515625,6278.89013671875,0
2026-07-14 14:00:00,6279.1201171875,6283.1298828125,6258.43017578125,6274.31005859375,0
2026-07-14 15:00:00,6273.39013671875,6288.68994140625,6268.52001953125,6284.3701171875,0
2026-07-15 07:00:00,6270.77001953125,6296.0400390625,6255.60009765625,6280.77978515625,0
2026-07-15 08:00:00,6281.169921875,6285.5400390625,6271.740234375,6283.14013671875,0
2026-07-15 09:00:00,6283.56005859375,6295.419921875,6273.0400390625,6274.56005859375,0
2026-07-15 10:00:00,6274.56982421875,6282.8701171875,6268.1201171875,6269.14990234375,0
2026-07-15 11:00:00,6269.2900390625,6277.85986328125,6262.0498046875,6277.68994140625,0
2026-07-15 12:00:00,6276.64990234375,6285.7998046875,6271.06982421875,6284.31005859375,0
2026-07-15 13:00:00,6283.0,6287.6298828125,6257.81005859375,6274.93994140625,0
2026-07-15 14:00:00,6275.72021484375,6278.1298828125,6260.68994140625,6274.56005859375,0
2026-07-15 15:00:00,6274.60986328125,6277.080078125,6260.8798828125,6266.64013671875,0
2026-07-16 07:00:00,6273.10009765625,6283.259765625,6240.77001953125,6244.990234375,0
2026-07-16 08:00:00,6245.0,6259.89990234375,6235.56982421875,6258.52001953125,0
2026-07-16 09:00:00,6258.47021484375,6268.56005859375,6244.330078125,6247.759765625,0
2026-07-16 10:00:00,6247.490234375,6249.2900390625,6234.81005859375,6240.72021484375,0
2026-07-16 11:00:00,6241.02978515625,6241.02978515625,6208.259765625,6227.2900390625,0
2026-07-16 12:00:00,6226.89990234375,6232.1201171875,6210.81005859375,6217.14990234375,0
2026-07-16 13:00:00,6217.669921875,6241.52001953125,6217.669921875,6239.64013671875,0
2026-07-16 14:00:00,6241.56982421875,6259.7001953125,6241.56982421875,6258.7099609375,0
2026-07-16 15:00:00,6259.43017578125,6271.7099609375,6258.2998046875,6269.31005859375,0
2026-07-17 07:00:00,6270.93994140625,6270.93994140625,6216.06982421875,6231.580078125,0
2026-07-17 08:00:00,6232.0400390625,6241.669921875,6202.509765625,6213.56005859375,0
2026-07-17 09:00:00,6214.43017578125,6216.31982421875,6199.72021484375,6207.740234375,0
2026-07-17 10:00:00,6209.58984375,6238.7001953125,6208.18017578125,6229.52001953125,0
2026-07-17 11:00:00,6229.39990234375,6230.830078125,6217.83984375,6228.2998046875,0
2026-07-17 12:00:00,6228.39990234375,6230.06005859375,6215.5,6218.9501953125,0
2026-07-17 13:00:00,6218.7900390625,6218.7900390625,6194.39013671875,6217.91015625,0
2026-07-17 14:00:00,6218.9501953125,6222.419921875,6209.0498046875,6217.43017578125,0
2026-07-17 15:00:00,6218.31005859375,6229.0,6211.97998046875,6229.0,0
2026-07-20 07:00:00,6224.080078125,6253.2900390625,6215.3798828125,6242.6298828125,0
2026-07-20 08:00:00,6242.759765625,6249.93994140625,6236.14013671875,6244.47998046875,0
2026-07-20 09:00:00,6244.3701171875,6254.5,6235.33984375,6247.0400390625,0
2026-07-20 10:00:00,6246.7900390625,6246.7900390625,6221.8701171875,6232.6298828125,0
2026-07-20 11:00:00,6233.06982421875,6264.43994140625,6233.06982421875,6258.1298828125,0
2026-07-20 12:00:00,6258.509765625,6258.509765625,6231.06005859375,6231.18017578125,0
2026-07-20 13:00:00,6232.72021484375,6241.2001953125,6216.06982421875,6221.35986328125,0
2026-07-20 14:00:00,6221.81982421875,6233.490234375,6217.6298828125,6224.7998046875,0
2026-07-20 15:00:00,6225.81005859375,6238.2998046875,6223.3798828125,6233.830078125,0
2026-07-21 07:00:00,6230.080078125,6264.06005859375,6230.080078125,6253.2001953125,0
2026-07-21 08:00:00,6253.39013671875,6262.47998046875,6247.6201171875,6258.27001953125,0
2026-07-21 09:00:00,6257.97998046875,6275.93017578125,6257.81005859375,6269.56005859375,0
2026-07-21 10:00:00,6269.81005859375,6278.52001953125,6268.4599609375,6268.4599609375,0
2026-07-21 11:00:00,6268.7900390625,6270.7099609375,6254.83984375,6257.419921875,0
2026-07-21 12:00:00,6257.93994140625,6260.31982421875,6240.75,6256.85009765625,0
2026-07-21 13:00:00,6257.080078125,6257.080078125,6238.89013671875,6243.009765625,0
2026-07-21 14:00:00,6242.93017578125,6272.0498046875,6242.68017578125,6271.47998046875,0
2026-07-21 15:00:00,6271.14013671875,6282.77001953125,6268.06005859375,6282.2001953125,0
2026-07-22 07:00:00,6271.06005859375,6279.06982421875,6252.7099609375,6272.919921875,0
2026-07-22 08:00:00,6274.35986328125,6311.97021484375,6274.330078125,6311.97021484375,0
2026-07-22 09:00:00,6311.759765625,6326.5498046875,6293.43017578125,6302.18017578125,0
2026-07-22 10:00:00,6302.60009765625,6323.93017578125,6302.60009765625,6307.240234375,0
2026-07-22 11:00:00,6306.169921875,6306.169921875,6288.77001953125,6294.240234375,0
2026-07-22 12:00:00,6294.06005859375,6313.64990234375,6290.93017578125,6306.240234375,0
2026-07-22 13:00:00,6306.009765625,6326.990234375,6306.009765625,6325.18017578125,0
2026-07-22 14:00:00,6325.52978515625,6325.6201171875,6314.1298828125,6319.41015625,0
2026-07-22 15:00:00,6318.97021484375,6320.5400390625,6314.33984375,6319.64990234375,0
2026-07-23 07:00:00,6308.759765625,6308.759765625,6253.85009765625,6273.1201171875,0
2026-07-23 08:00:00,6273.31982421875,6287.330078125,6267.830078125,6280.7900390625,0
2026-07-23 09:00:00,6281.259765625,6291.25,6260.10009765625,6262.10009765625,0
2026-07-23 10:00:00,6261.83984375,6272.6298828125,6253.68994140625,6269.72998046875,0
2026-07-23 11:00:00,6269.10986328125,6269.10986328125,6245.4599609375,6259.5,0
2026-07-23 12:00:00,6259.16015625,6259.16015625,6219.919921875,6221.60009765625,0
2026-07-23 13:00:00,6221.419921875,6232.33984375,6205.6201171875,6217.919921875,0
2026-07-23 14:00:00,6216.7900390625,6230.60986328125,6209.419921875,6219.419921875,0
2026-07-23 15:00:00,6219.1298828125,6219.419921875,6197.1201171875,6197.6201171875,0
2026-07-24 07:00:00,6208.990234375,6250.509765625,6205.85009765625,6240.1201171875,0
2026-07-24 08:00:00,6240.16015625,6260.08984375,6235.2001953125,6252.2900390625,0
2026-07-24 09:00:00,6252.509765625,6266.14990234375,6250.6201171875,6264.7099609375,0
2026-07-24 10:00:00,6263.7099609375,6263.7099609375,6252.7900390625,6254.77001953125,0
2026-07-24 11:00:00,6254.7001953125,6258.58984375,6242.08984375,6257.2001953125,0
2026-07-24 12:00:00,6256.419921875,6262.02001953125,6242.419921875,6243.93994140625,0
2026-07-24 13:00:00,6243.9501953125,6259.02978515625,6242.080078125,6246.3798828125,0
2026-07-24 14:00:00,6245.7099609375,6259.41015625,6243.2099609375,6257.27978515625,0
2026-07-24 15:00:00,6257.60009765625,6280.8798828125,6251.509765625,6280.8798828125,0
2026-07-27 07:00:00,6326.14013671875,6352.10009765625,6326.14013671875,6335.68994140625,0
2026-07-27 08:00:00,6334.68017578125,6363.759765625,6328.6298828125,6362.330078125,0
2026-07-27 09:00:00,6362.93994140625,6363.81005859375,6355.89013671875,6358.22998046875,0
2026-07-27 10:00:00,6358.02978515625,6369.4501953125,6353.97998046875,6365.77978515625,0
2026-07-27 11:00:00,6365.68017578125,6369.52001953125,6361.27001953125,6365.25,0
2026-07-27 12:00:00,6364.68017578125,6366.080078125,6353.4501953125,6360.77001953125,0
2026-07-27 13:00:00,6361.7900390625,6362.7099609375,6321.68017578125,6323.240234375,0
2026-07-27 14:00:00,6323.330078125,6326.43994140625,6294.18994140625,6315.669921875,0
2026-07-27 15:00:00,6316.18017578125,6316.18017578125,6293.31982421875,6297.2099609375,0
2026-07-28 07:00:00,6297.2001953125,6316.27978515625,6286.47021484375,6289.740234375,0
2026-07-28 08:00:00,6289.72021484375,6307.1201171875,6283.33984375,6294.830078125,0
2026-07-28 09:00:00,6296.2998046875,6307.16015625,6294.669921875,6301.2900390625,0
2026-07-28 10:00:00,6301.31005859375,6302.740234375,6280.16015625,6284.60009765625,0
2026-07-28 11:00:00,6284.18994140625,6284.7998046875,6263.990234375,6273.89013671875,0
2026-07-28 12:00:00,6274.08984375,6280.10986328125,6262.27001953125,6263.1298828125,0
2026-07-28 13:00:00,6263.8701171875,6272.9501953125,6255.6201171875,6269.39990234375,0
2026-07-28 14:00:00,6270.33984375,6285.35986328125,6269.93994140625,6271.97021484375,0
2026-07-28 15:00:00,6272.7998046875,6297.330078125,6266.5,6291.5400390625,0
2026-07-29 07:00:00,6282.77978515625,6305.8798828125,6263.43017578125,6265.72021484375,0
2026-07-29 08:00:00,6265.7900390625,6268.93994140625,6235.77978515625,6257.68017578125,0
2026-07-29 09:00:00,6258.56005859375,6263.47021484375,6247.669921875,6257.75,0
2026-07-29 10:00:00,6257.06005859375,6266.41015625,6252.47021484375,6254.91015625,0
2026-07-29 11:00:00,6255.81982421875,6275.22021484375,6254.830078125,6275.22021484375,0
2026-07-29 12:00:00,6275.669921875,6279.47998046875,6248.06982421875,6261.0498046875,0
2026-07-29 13:00:00,6261.2900390625,6271.72998046875,6252.33984375,6257.919921875,0
2026-07-29 14:00:00,6259.9501953125,6266.3701171875,6238.52978515625,6245.77978515625,0
2026-07-29 15:00:00,6245.830078125,6254.31005859375,6243.93017578125,6244.6201171875,0
2026-07-30 07:00:00,6245.2998046875,6280.27001953125,6245.2998046875,6264.669921875,0
2026-07-30 08:00:00,6264.02001953125,6289.5,6258.4599609375,6276.81005859375,0
2026-07-30 09:00:00,6276.93017578125,6295.7001953125,6276.2099609375,6276.2099609375,0
2026-07-30 10:00:00,6275.7099609375,6299.39013671875,6272.47998046875,6291.85986328125,0
2026-07-30 11:00:00,6291.6201171875,6315.080078125,6291.6201171875,6310.33984375,0
2026-07-30 12:00:00,6310.43994140625,6314.009765625,6300.7900390625,6313.43017578125,0
2026-07-30 13:00:00,6313.1298828125,6344.18017578125,6313.1298828125,6342.240234375,0
2026-07-30 14:00:00,6341.5400390625,6356.31005859375,6336.39013671875,6346.14990234375,0
2026-07-30 15:00:00,6345.009765625,6346.27978515625,6333.68994140625,6334.669921875,0
2026-07-31 07:00:00,6354.7900390625,6420.91015625,6351.18017578125,6417.39990234375,0
2026-07-31 08:00:00,6416.5,6421.740234375,6406.740234375,6411.759765625,0
2026-07-31 09:00:00,6411.31982421875,6415.5400390625,6399.2099609375,6405.06005859375,0
2026-07-31 10:00:00,6404.240234375,6409.39990234375,6398.990234375,6402.43017578125,0
2026-07-31 11:00:00,6402.830078125,6408.1298828125,6382.6298828125,6392.14990234375,0
2026-07-31 12:00:00,6391.39013671875,6391.39013671875,6371.35986328125,6372.52978515625,0
2026-07-31 13:00:00,6372.18994140625,6380.39990234375,6342.89990234375,6346.85009765625,0
2026-07-31 14:00:00,6346.22021484375,6370.89990234375,6332.580078125,6370.89990234375,0
2026-07-31 15:00:00,6370.75,6375.08984375,6354.16015625,6354.6298828125,0
2026-08-03 07:00:00,6361.2099609375,6411.7099609375,6361.2099609375,6407.2099609375,0
2026-08-03 08:00:00,6407.669921875,6420.60986328125,6401.56982421875,6419.77978515625,0
2026-08-03 09:00:00,6419.97021484375,6427.14990234375,6417.93994140625,6424.97021484375,0
2026-08-03 10:00:00,6424.81005859375,6426.1201171875,6418.77001953125,6423.259765625,0
2026-08-03 11:00:00,6423.2001953125,6425.43994140625,6417.68017578125,6418.009765625,0
2026-08-03 12:00:00,6417.8798828125,6417.8798828125,6403.91015625,6413.08984375,0
2026-08-03 13:00:00,6413.47998046875,6424.52978515625,6398.85986328125,6423.3798828125,0
2026-08-03 14:00:00,6424.64990234375,6437.72998046875,6422.08984375,6434.41015625,0
2026-08-03 15:00:00,6434.68994140625,6436.2900390625,6427.89013671875,6431.81005859375,0
2026-08-04 07:00:00,6445.7900390625,6478.83984375,6445.7900390625,6476.06005859375,0
2026-08-04 08:00:00,6476.08984375,6480.33984375,6457.33984375,6459.06982421875,0
2026-08-04 09:00:00,6459.9501953125,6464.66015625,6450.77978515625,6458.64990234375,0
2026-08-04 10:00:00,6459.18994140625,6470.89013671875,6450.2900390625,6463.89990234375,0
2026-08-04 11:00:00,6464.18017578125,6482.3701171875,6463.7001953125,6481.89990234375,0
2026-08-04 12:00:00,6481.81005859375,6485.14013671875,6468.72998046875,6469.0400390625,0
2026-08-04 13:00:00,6468.83984375,6490.33984375,6468.330078125,6483.60009765625,0
2026-08-04 14:00:00,6484.25,6489.43017578125,6477.47021484375,6484.68017578125,0
2026-08-04 15:00:00,6485.16015625,6489.81982421875,6481.6201171875,6489.4501953125,0
2026-08-05 07:00:00,6493.77001953125,6518.990234375,6493.77001953125,6499.22998046875,0
2026-08-05 08:00:00,6498.58984375,6498.58984375,6483.52001953125,6486.52001953125,0
2026-08-05 09:00:00,6486.8798828125,6489.43994140625,6484.10009765625,6486.31005859375,0
2026-08-05 10:00:00,6486.1201171875,6486.89990234375,6476.35009765625,6481.93994140625,0
2026-08-05 11:00:00,6482.10009765625,6495.7998046875,6481.2001953125,6495.0,0
2026-08-05 12:00:00,6495.0,6499.25,6489.35986328125,6497.509765625,0
2026-08-05 13:00:00,6496.66015625,6504.52978515625,6491.77978515625,6497.89013671875,0
2026-08-05 14:00:00,6498.5400390625,6498.5400390625,6475.72998046875,6481.02001953125,0
2026-08-05 15:00:00,6481.2099609375,6490.0400390625,6475.669921875,6477.06982421875,0
2026-08-06 07:00:00,6489.330078125,6513.52001953125,6489.330078125,6506.490234375,0
2026-08-06 08:00:00,6505.7099609375,6521.740234375,6497.33984375,6520.0,0
2026-08-06 09:00:00,6519.5498046875,6519.64013671875,6509.990234375,6516.9599609375,0
2026-08-06 10:00:00,6517.27978515625,6520.7900390625,6514.02978515625,6519.31982421875,0
2026-08-06 11:00:00,6519.35986328125,6519.509765625,6508.97998046875,6513.919921875,0
2026-08-06 12:00:00,6513.47021484375,6516.009765625,6509.7001953125,6513.10009765625,0
2026-08-06 13:00:00,6513.0400390625,6519.2900390625,6503.669921875,6518.990234375,0
2026-08-06 14:00:00,6518.919921875,6528.4599609375,6517.080078125,6521.35009765625,0
2026-08-06 15:00:00,6521.5,6524.830078125,6509.10986328125,6512.81005859375,0
2026-08-07 07:00:00,6508.1298828125,6526.89013671875,6508.1298828125,6520.7900390625,0
2026-08-07 08:00:00,6520.4501953125,6527.25,6514.02978515625,6527.25,0
2026-08-07 09:00:00,6527.419921875,6541.22998046875,6524.97998046875,6539.75,0
2026-08-07 10:00:00,6540.60986328125,6548.2998046875,6537.97998046875,6548.27001953125,0
2026-08-07 11:00:00,6547.1201171875,6550.16015625,6542.39013671875,6543.68994140625,0
2026-08-07 12:00:00,6544.02001953125,6559.990234375,6543.240234375,6556.43017578125,0
2026-08-07 13:00:00,6556.3701171875,6557.18994140625,6529.580078125,6530.68017578125,0
2026-08-07 14:00:00,6531.85009765625,6542.3798828125,6523.93994140625,6537.81005859375,0
2026-08-07 15:00:00,6537.91015625,6537.91015625,6528.35009765625,6528.93994140625,0
2026-08-10 07:00:00,6520.06982421875,6535.72998046875,6520.06982421875,6531.10009765625,0
2026-08-10 08:00:00,6533.1201171875,6535.60009765625,6526.0,6535.35009765625,0
2026-08-10 09:00:00,6535.58984375,6542.97998046875,6533.39990234375,6542.0400390625,0
2026-08-10 10:00:00,6542.5,6553.16015625,6540.02978515625,6548.919921875,0
2026-08-10 11:00:00,6550.10009765625,6558.14990234375,6547.14013671875,6557.91015625,0
2026-08-10 12:00:00,6558.10986328125,6558.52978515625,6545.02978515625,6547.18994140625,0
2026-08-10 13:00:00,6548.009765625,6549.52978515625,6528.10986328125,6528.759765625,0
2026-08-10 14:00:00,6528.1298828125,6541.60009765625,6527.6201171875,6536.10986328125,0
2026-08-10 15:00:00,6535.64013671875,6541.490234375,6534.580078125,6539.06982421875,0
2026-08-11 07:00:00,6538.77978515625,6549.740234375,6534.2099609375,6539.240234375,0
2026-08-11 08:00:00,6537.93994140625,6541.740234375,6531.8798828125,6533.33984375,0
2026-08-11 09:00:00,6532.56005859375,6538.93017578125,6529.60009765625,6537.72998046875,0
2026-08-11 10:00:00,6538.080078125,6545.009765625,6534.77978515625,6542.41015625,0
2026-08-11 11:00:00,6542.490234375,6557.02001953125,6541.93017578125,6554.72998046875,0
2026-08-11 12:00:00,6555.259765625,6562.60986328125,6553.18017578125,6562.3701171875,0
2026-08-11 13:00:00,6563.080078125,6573.41015625,6560.52001953125,6570.14013671875,0
2026-08-11 14:00:00,6568.169921875,6576.2998046875,6566.740234375,6567.830078125,0
2026-08-11 15:00:00,6568.18017578125,6568.18017578125,6551.7099609375,6553.85986328125,0
2026-08-12 07:00:00,6556.83984375,6572.10986328125,6546.580078125,6546.89013671875,0
2026-08-12 08:00:00,6548.60986328125,6557.6201171875,6548.240234375,6556.8701171875,0
2026-08-12 09:00:00,6556.7998046875,6568.91015625,6555.43017578125,6561.64990234375,0
2026-08-12 10:00:00,6561.41015625,6570.169921875,6561.41015625,6566.14990234375,0
2026-08-12 11:00:00,6566.830078125,6569.18017578125,6560.919921875,6560.919921875,0
2026-08-12 12:00:00,6560.02978515625,6573.56982421875,6557.39990234375,6557.64013671875,0
2026-08-12 13:00:00,6556.4501953125,6558.27001953125,6549.43994140625,6549.43994140625,0
2026-08-12 14:00:00,6549.580078125,6553.68994140625,6530.4501953125,6534.990234375,0
2026-08-12 15:00:00,6532.830078125,6534.39013671875,6525.81982421875,6530.18017578125,0
2026-08-13 07:00:00,6542.0,6565.35986328125,6542.0,6558.60986328125,0
2026-08-13 08:00:00,6558.39990234375,6570.0,6557.10009765625,6568.990234375,0
2026-08-13 09:00:00,6568.68994140625,6574.7001953125,6568.0400390625,6572.41015625,0
2026-08-13 10:00:00,6571.41015625,6572.2001953125,6567.25,6570.35986328125,0
2026-08-13 11:00:00,6570.64990234375,6571.1298828125,6563.31982421875,6563.56005859375,0
2026-08-13 12:00:00,6563.56005859375,6567.58984375,6554.990234375,6556.35986328125,0
2026-08-13 13:00:00,6556.41015625,6564.41015625,6552.25,6557.4599609375,0
2026-08-13 14:00:00,6557.330078125,6563.830078125,6554.2900390625,6558.3701171875,0
2026-08-13 15:00:00,6557.1298828125,6558.2001953125,6544.009765625,6544.009765625,0
2026-08-14 07:00:00,6544.7900390625,6559.43994140625,6544.7900390625,6557.2998046875,0
2026-08-14 08:00:00,6557.85986328125,6558.0,6546.75,6553.5400390625,0
2026-08-14 09:00:00,6553.240234375,6565.8701171875,6551.85986328125,6563.56005859375,0
2026-08-14 10:00:00,6564.64013671875,6567.56982421875,6559.919921875,6562.77001953125,0
2026-08-14 11:00:00,6563.3798828125,6566.97998046875,6558.330078125,6564.2900390625,0
2026-08-14 12:00:00,6564.7900390625,6564.9501953125,6559.0,6559.58984375,0
2026-08-14 13:00:00,6558.93994140625,6559.60009765625,6547.06005859375,6549.1298828125,0
2026-08-14 14:00:00,6548.85009765625,6549.47021484375,6538.39013671875,6545.990234375,0
2026-08-14 15:00:00,6545.89013671875,6546.47021484375,6534.330078125,6540.52978515625,0
2026-08-17 07:00:00,6548.16015625,6570.2001953125,6542.91015625,6566.60009765625,0
2026-08-17 08:00:00,6566.3701171875,6566.3701171875,6551.1298828125,6554.7900390625,0
2026-08-17 09:00:00,6554.08984375,6556.43017578125,6550.509765625,6553.6201171875,0
2026-08-17 10:00:00,6553.56005859375,6570.27001953125,6551.97021484375,6561.35009765625,0
2026-08-17 11:00:00,6561.2099609375,6561.3798828125,6556.33984375,6558.18994140625,0
2026-08-17 12:00:00,6558.490234375,6558.60986328125,6538.9501953125,6541.35009765625,0
2026-08-17 13:00:00,6541.2001953125,6546.56982421875,6533.83984375,6546.52978515625,0
2026-08-17 14:00:00,6546.97998046875,6546.97998046875,6536.16015625,6537.4501953125,0
2026-08-17 15:00:00,6537.3701171875,6541.7998046875,6535.990234375,6538.72998046875,0
2026-08-18 07:00:00,6518.080078125,6518.080078125,6485.41015625,6485.41015625,0
2026-08-18 08:00:00,6485.6298828125,6495.89013671875,6475.56005859375,6493.64990234375,0
2026-08-18 09:00:00,6494.0498046875,6496.81982421875,6485.81005859375,6496.2001953125,0
2026-08-18 10:00:00,6495.9599609375,6500.2998046875,6493.2001953125,6498.18994140625,0
2026-08-18 11:00:00,6498.35986328125,6503.35009765625,6496.27978515625,6500.9501953125,0
2026-08-18 12:00:00,6500.66015625,6507.18994140625,6498.9599609375,6504.0400390625,0
2026-08-18 13:00:00,6504.43017578125,6504.52978515625,6486.27001953125,6490.2998046875,0
2026-08-18 14:00:00,6490.72021484375,6492.91015625,6467.58984375,6468.66015625,0
2026-08-18 15:00:00,6469.830078125,6474.8798828125,6465.2900390625,6472.52978515625,0
2026-08-19 07:00:00,6475.419921875,6478.4501953125,6467.41015625,6477.240234375,0
2026-08-19 08:00:00,6476.5400390625,6480.35986328125,6468.85009765625,6474.14990234375,0
2026-08-19 09:00:00,6473.81005859375,6477.240234375,6466.81005859375,6474.009765625,0
2026-08-19 10:00:00,6474.10986328125,6476.2001953125,6469.68994140625,6472.89013671875,0
2026-08-19 11:00:00,6472.85986328125,6481.31005859375,6471.5498046875,6472.5,0
2026-08-19 12:00:00,6472.0400390625,6493.91015625,6468.27978515625,6475.830078125,0
2026-08-19 13:00:00,6476.14990234375,6476.14990234375,6453.81982421875,6459.830078125,0
2026-08-19 14:00:00,6459.52001953125,6459.52001953125,6445.18994140625,6456.31005859375,0
2026-08-19 15:00:00,6456.06982421875,6456.06982421875,6448.7900390625,6452.66015625,0
2026-08-20 07:00:00,6447.3701171875,6451.509765625,6432.66015625,6438.66015625,0
2026-08-20 08:00:00,6437.7099609375,6441.669921875,6424.7099609375,6430.3701171875,0
2026-08-20 09:00:00,6430.0498046875,6437.259765625,6428.25,6430.22998046875,0
2026-08-20 10:00:00,6430.35986328125,6432.4599609375,6421.490234375,6430.02978515625,0
2026-08-20 11:00:00,6431.1201171875,6434.64990234375,6421.58984375,6421.58984375,0
2026-08-20 12:00:00,6421.14013671875,6421.8798828125,6406.66015625,6421.330078125,0
2026-08-20 13:00:00,6422.06005859375,6432.759765625,6416.419921875,6424.68994140625,0
2026-08-20 14:00:00,6425.740234375,6433.77978515625,6419.52978515625,6433.72998046875,0
2026-08-20 15:00:00,6434.35009765625,6439.81982421875,6426.10986328125,6431.43017578125,0
2026-08-21 07:00:00,6426.580078125,6454.9599609375,6426.580078125,6452.06005859375,0
2026-08-21 08:00:00,6452.68994140625,6452.7001953125,6444.7998046875,6446.89013671875,0
2026-08-21 09:00:00,6446.89990234375,6448.35009765625,6435.509765625,6440.2001953125,0
2026-08-21 10:00:00,6439.60986328125,6442.8701171875,6433.06982421875,6436.009765625,0
2026-08-21 11:00:00,6436.0400390625,6446.31005859375,6435.1298828125,6440.08984375,0
2026-08-21 12:00:00,6440.0,6453.06005859375,6439.39013671875,6449.4501953125,0
2026-08-21 13:00:00,6449.64013671875,6462.35986328125,6449.64013671875,6460.9501953125,0
2026-08-21 14:00:00,6461.33984375,6466.580078125,6454.2900390625,6461.08984375,0
2026-08-21 15:00:00,6460.97998046875,6463.25,6454.669921875,6459.0400390625,0
2026-08-24 07:00:00,6453.91015625,6453.91015625,6440.9599609375,6442.91015625,0
2026-08-24 08:00:00,6441.91015625,6462.39013671875,6441.14013671875,6458.0498046875,0
2026-08-24 09:00:00,6457.66015625,6464.39990234375,6454.58984375,6460.10986328125,0
2026-08-24 10:00:00,6460.22021484375,6464.9599609375,6458.18994140625,6458.97998046875,0
2026-08-24 11:00:00,6459.3701171875,6467.18994140625,6453.5,6457.1201171875,0
2026-08-24 12:00:00,6457.35009765625,6457.35009765625,6445.93994140625,6449.64013671875,0
2026-08-24 13:00:00,6449.9599609375,6450.58984375,6439.0,6446.43017578125,0
2026-08-24 14:00:00,6445.85986328125,6450.52978515625,6437.47021484375,6447.580078125,0
2026-08-24 15:00:00,6447.25,6452.77978515625,6441.85986328125,6452.56005859375,0
2026-08-25 07:00:00,6467.56005859375,6483.02001953125,6460.7998046875,6463.72998046875,0
2026-08-25 08:00:00,6463.4599609375,6482.77978515625,6455.7998046875,6474.81982421875,0
2026-08-25 09:00:00,6474.72021484375,6489.56982421875,6471.10986328125,6484.64013671875,0
2026-08-25 10:00:00,6484.22998046875,6489.41015625,6482.83984375,6485.5,0
2026-08-25 11:00:00,6485.3798828125,6485.490234375,6474.419921875,6475.14013671875,0
2026-08-25 12:00:00,6475.5,6479.919921875,6471.06982421875,6471.06982421875,0
2026-08-25 13:00:00,6469.8798828125,6470.43017578125,6456.18994140625,6458.2001953125,0
2026-08-25 14:00:00,6457.83984375,6466.6298828125,6455.27978515625,6457.47021484375,0
2026-08-25 15:00:00,6457.509765625,6462.31005859375,6452.35009765625,6460.27978515625,0
2026-08-26 07:00:00,6462.52978515625,6478.08984375,6453.81005859375,6464.35986328125,0
2026-08-26 08:00:00,6464.72998046875,6471.97021484375,6460.27001953125,6468.0,0
2026-08-26 09:00:00,6468.330078125,6473.66015625,6467.81005859375,6472.85986328125,0
2026-08-26 10:00:00,6471.97021484375,6474.91015625,6466.68994140625,6469.31005859375,0
2026-08-26 11:00:00,6469.5498046875,6477.72998046875,6467.990234375,6477.1298828125,0
2026-08-26 12:00:00,6477.169921875,6490.75,6477.169921875,6485.240234375,0
2026-08-26 13:00:00,6485.1298828125,6497.77001953125,6483.52978515625,6494.080078125,0
2026-08-26 14:00:00,6494.10986328125,6494.14990234375,6480.56982421875,6481.72021484375,0
2026-08-26 15:00:00,6481.97021484375,6485.39990234375,6471.240234375,6474.14990234375,0
2026-08-27 07:00:00,6486.43994140625,6490.1298828125,6467.89013671875,6475.6298828125,0
2026-08-27 08:00:00,6474.68994140625,6481.89990234375,6452.2900390625,6452.81982421875,0
2026-08-27 09:00:00,6452.77978515625,6464.18994140625,6451.93017578125,6458.08984375,0
2026-08-27 10:00:00,6457.830078125,6460.81005859375,6448.7900390625,6458.169921875,0
2026-08-27 11:00:00,6458.72998046875,6466.81005859375,6455.89013671875,6466.18017578125,0
2026-08-27 12:00:00,6465.93017578125,6466.91015625,6450.2099609375,6450.2099609375,0
2026-08-27 13:00:00,6450.27001953125,6455.52978515625,6427.89990234375,6430.89990234375,0
2026-08-27 14:00:00,6431.490234375,6431.5400390625,6415.56982421875,6422.27001953125,0
2026-08-27 15:00:00,6421.669921875,6424.6201171875,6416.85986328125,6421.5400390625,0
2026-08-28 07:00:00,6448.4599609375,6479.52001953125,6448.4599609375,6466.31005859375,0
2026-08-28 08:00:00,6466.0400390625,6478.97021484375,6464.240234375,6473.93017578125,0
2026-08-28 09:00:00,6474.27001953125,6478.5,6470.91015625,6474.990234375,0
2026-08-28 10:00:00,6475.64990234375,6475.64990234375,6465.47021484375,6466.35986328125,0
2026-08-28 11:00:00,6467.08984375,6473.22021484375,6466.3701171875,6467.47998046875,0
2026-08-28 12:00:00,6467.9501953125,6478.7099609375,6467.1201171875,6475.60986328125,0
2026-08-28 13:00:00,6475.2099609375,6481.68017578125,6469.5,6473.64990234375,0
2026-08-28 14:00:00,6469.22021484375,6498.4501953125,6468.91015625,6495.740234375,0
2026-08-28 15:00:00,6495.22998046875,6497.56005859375,6487.91015625,6489.9501953125,0
2026-08-31 07:00:00,6477.31982421875,6481.60009765625,6465.08984375,6468.830078125,0
2026-08-31 08:00:00,6468.89990234375,6475.72998046875,6465.25,6474.39990234375,0
2026-08-31 09:00:00,6474.41015625,6474.41015625,6466.25,6466.2900390625,0
2026-08-31 10:00:00,6466.56982421875,6467.2001953125,6457.83984375,6464.93994140625,0
2026-08-31 11:00:00,6465.52978515625,6475.56005859375,6465.52978515625,6475.35986328125,0
2026-08-31 12:00:00,6475.3701171875,6480.27001953125,6464.580078125,6466.64990234375,0
2026-08-31 13:00:00,6466.58984375,6472.47998046875,6446.81005859375,6455.7998046875,0
2026-08-31 14:00:00,6456.85009765625,6458.81005859375,6431.89990234375,6432.740234375,0
2026-08-31 15:00:00,6432.39013671875,6436.3798828125,6424.85009765625,6426.89990234375,0
2026-09-01 07:00:00,6425.2998046875,6426.0,6402.1298828125,6415.10986328125,0
2026-09-01 08:00:00,6415.83984375,6418.43994140625,6366.60986328125,6368.14013671875,0
2026-09-01 09:00:00,6367.6298828125,6373.16015625,6359.81005859375,6366.14990234375,0
2026-09-01 10:00:00,6366.5498046875,6385.93017578125,6366.35009765625,6372.4501953125,0
2026-09-01 11:00:00,6372.14990234375,6391.39013671875,6368.18017578125,6383.81005859375,0
2026-09-01 12:00:00,6384.06005859375,6393.080078125,6381.7900390625,6390.33984375,0
2026-09-01 13:00:00,6390.43017578125,6390.580078125,6375.81982421875,6380.16015625,0
2026-09-01 14:00:00,6380.2900390625,6381.41015625,6354.6298828125,6355.3701171875,0
2026-09-01 15:00:00,6355.759765625,6364.5400390625,6354.25,6364.2900390625,0
2026-09-02 07:00:00,6363.77978515625,6375.830078125,6356.97021484375,6359.3798828125,0
2026-09-02 08:00:00,6359.669921875,6366.06005859375,6344.2001953125,6345.22021484375,0
2026-09-02 09:00:00,6344.740234375,6353.14990234375,6336.77978515625,6344.0400390625,0
2026-09-02 10:00:00,6344.18017578125,6344.3701171875,6330.18994140625,6335.47021484375,0
2026-09-02 11:00:00,6336.18994140625,6365.93017578125,6332.5498046875,6365.7001953125,0
2026-09-02 12:00:00,6365.93994140625,6372.759765625,6354.169921875,6354.68017578125,0
2026-09-02 13:00:00,6355.39013671875,6375.0,6353.10009765625,6365.22998046875,0
2026-09-02 14:00:00,6366.27978515625,6375.06005859375,6359.77001953125,6360.35986328125,0
2026-09-02 15:00:00,6360.830078125,6363.72998046875,6355.169921875,6361.7099609375,0
2026-09-03 07:00:00,6363.16015625,6369.77978515625,6347.5498046875,6354.81005859375,0
2026-09-03 08:00:00,6354.2099609375,6375.68017578125,6353.81005859375,6367.3798828125,0
2026-09-03 09:00:00,6366.509765625,6370.72021484375,6343.6298828125,6344.47021484375,0
2026-09-03 10:00:00,6343.47021484375,6354.009765625,6339.0400390625,6350.31005859375,0
2026-09-03 11:00:00,6350.58984375,6360.8701171875,6347.60986328125,6349.72998046875,0
2026-09-03 12:00:00,6349.919921875,6374.0,6345.39990234375,6372.10986328125,0
2026-09-03 13:00:00,6371.7998046875,6377.52978515625,6364.5498046875,6374.2099609375,0
2026-09-03 14:00:00,6375.759765625,6375.759765625,6356.6201171875,6370.2099609375,0
2026-09-03 15:00:00,6370.33984375,6381.56982421875,6369.85009765625,6381.56982421875,0
2026-09-04 07:00:00,6380.7001953125,6388.10986328125,6363.35009765625,6381.9599609375,0
2026-09-04 08:00:00,6381.740234375,6384.7099609375,6367.33984375,6377.7001953125,0
2026-09-04 09:00:00,6377.93017578125,6382.64990234375,6372.2099609375,6378.02978515625,0
2026-09-04 10:00:00,6378.259765625,6390.25,6378.259765625,6388.009765625,0
2026-09-04 11:00:00,6388.6298828125,6395.58984375,6383.8701171875,6395.009765625,0
2026-09-04 12:00:00,6394.89990234375,6402.1201171875,6379.6298828125,6388.41015625,0
2026-09-04 13:00:00,6388.52978515625,6409.3798828125,6378.2998046875,6406.9599609375,0
2026-09-04 14:00:00,6407.5,6409.22998046875,6388.9501953125,6391.580078125,0
2026-09-04 15:00:00,6392.1201171875,6398.27978515625,6387.52001953125,6396.39013671875,0
2026-09-07 07:00:00,6384.93994140625,6402.56005859375,6370.52978515625,6387.52001953125,0
2026-09-07 08:00:00,6388.6201171875,6392.6201171875,6381.5498046875,6387.0498046875,0
2026-09-07 09:00:00,6387.580078125,6389.18994140625,6381.4599609375,6387.830078125,0
2026-09-07 10:00:00,6387.68017578125,6389.259765625,6378.52978515625,6380.47021484375,0
2026-09-07 11:00:00,6380.97021484375,6383.7001953125,6374.52001953125,6379.35009765625,0
2026-09-07 12:00:00,6379.39990234375,6395.85986328125,6378.83984375,6392.580078125,0
2026-09-07 13:00:00,6392.56005859375,6407.33984375,6391.31005859375,6406.740234375,0
2026-09-07 14:00:00,6406.89990234375,6407.8701171875,6400.1298828125,6401.9501953125,0
2026-09-07 15:00:00,6400.9501953125,6404.47998046875,6398.9599609375,6399.2998046875,0
2026-09-08 07:00:00,6394.009765625,6399.77001953125,6370.14990234375,6372.83984375,0
2026-09-08 08:00:00,6374.2900390625,6375.27978515625,6362.4501953125,6372.43994140625,0
2026-09-08 09:00:00,6373.39013671875,6400.66015625,6370.85009765625,6398.9599609375,0
2026-09-08 10:00:00,6399.08984375,6407.4599609375,6393.39990234375,6396.580078125,0
2026-09-08 11:00:00,6396.64990234375,6406.6201171875,6394.16015625,6406.6201171875,0
2026-09-08 12:00:00,6406.830078125,6414.18994140625,6398.759765625,6411.35986328125,0
2026-09-08 13:00:00,6411.60986328125,6414.83984375,6403.77001953125,6404.10009765625,0
2026-09-08 14:00:00,6403.2900390625,6406.2099609375,6385.10009765625,6406.2099609375,0
2026-09-08 15:00:00,6406.14990234375,6416.35986328125,6403.5498046875,6408.06982421875,0
2026-09-09 07:00:00,6395.009765625,6395.009765625,6354.7998046875,6357.990234375,0
2026-09-09 08:00:00,6357.64013671875,6361.419921875,6344.06005859375,6348.8701171875,0
2026-09-09 09:00:00,6348.919921875,6351.169921875,6316.06005859375,6317.4599609375,0
2026-09-09 10:00:00,6317.14990234375,6317.14990234375,6286.2099609375,6287.31005859375,0
2026-09-09 11:00:00,6287.91015625,6297.39013671875,6284.2001953125,6284.97021484375,0
2026-09-09 12:00:00,6284.41015625,6311.1298828125,6275.33984375,6311.06005859375,0
2026-09-09 13:00:00,6311.39013671875,6316.77978515625,6302.2900390625,6308.60009765625,0
2026-09-09 14:00:00,6308.7099609375,6315.39990234375,6297.56005859375,6308.91015625,0
2026-09-09 15:00:00,6308.77978515625,6310.33984375,6295.169921875,6302.0400390625,0
2026-09-10 07:00:00,6315.8701171875,6329.47998046875,6312.080078125,6315.490234375,0
2026-09-10 08:00:00,6315.43017578125,6317.85009765625,6298.14990234375,6299.18017578125,0
2026-09-10 09:00:00,6299.580078125,6307.7900390625,6293.7998046875,6303.68994140625,0
2026-09-10 10:00:00,6303.9501953125,6315.81982421875,6302.52001953125,6309.2001953125,0
2026-09-10 11:00:00,6309.02978515625,6310.77001953125,6294.81005859375,6294.81005859375,0
2026-09-10 12:00:00,6293.64013671875,6295.9501953125,6262.47998046875,6267.2001953125,0
2026-09-10 13:00:00,6267.169921875,6283.47021484375,6263.7001953125,6267.4501953125,0
2026-09-10 14:00:00,6267.91015625,6289.759765625,6265.68017578125,6274.43994140625,0
2026-09-10 15:00:00,6274.64013671875,6279.5,6269.14013671875,6277.25,0
