timestamp,open,high,low,close,volume
2023-10-25 07:00:00,6859.68994140625,6883.419921875,6846.509765625,6854.97021484375,0
2023-10-25 08:00:00,6855.009765625,6879.75,6847.77001953125,6878.43994140625,0
2023-10-25 09:00:00,6877.7998046875,6883.240234375,6860.22021484375,6871.97998046875,0
2023-10-25 10:00:00,6870.490234375,6888.2998046875,6861.14990234375,6888.2998046875,0
2023-10-25 11:00:00,6888.18017578125,6899.35986328125,6886.5400390625,6892.31982421875,0
2023-10-25 12:00:00,6892.58984375,6909.81005859375,6888.240234375,6888.240234375,0
2023-10-25 13:00:00,6887.64990234375,6894.509765625,6861.2900390625,6870.02001953125,0
2023-10-25 14:00:00,6869.9501953125,6901.9599609375,6859.83984375,6900.02978515625,0
2023-10-25 15:00:00,6899.93994140625,6927.27001953125,6899.8701171875,6913.169921875,0
2023-10-26 07:00:00,6835.52978515625,6865.6201171875,6825.58984375,6859.72998046875,0
2023-10-26 08:00:00,6859.14013671875,6870.0,6842.830078125,6848.22021484375,0
2023-10-26 09:00:00,6848.83984375,6872.56005859375,6844.9501953125,6862.39013671875,0
2023-10-26 10:00:00,6863.06982421875,6881.419921875,6857.16015625,6862.419921875,0
2023-10-26 11:00:00,6861.97998046875,6861.97998046875,6847.2998046875,6861.02001953125,0
2023-10-26 12:00:00,6861.06982421875,6911.5498046875,6857.35986328125,6911.5498046875,0
2023-10-26 13:00:00,6911.33984375,6913.06982421875,6890.14013671875,6893.14013671875,0
2023-10-26 14:00:00,6894.85986328125,6910.14013671875,6878.33984375,6904.68994140625,0
2023-10-26 15:00:00,6905.14013671875,6906.64990234375,6888.68994140625,6889.5,0
2023-10-27 07:00:00,6898.97998046875,6898.97998046875,6803.5,6832.06982421875,0
2023-10-27 08:00:00,6832.60986328125,6870.77001953125,6825.64990234375,6869.41015625,0
2023-10-27 09:00:00,6870.35009765625,6874.2099609375,6850.14990234375,6852.02001953125,0
2023-10-27 10:00:00,6852.93994140625,6864.60009765625,6834.31005859375,6834.580078125,0
2023-10-27 11:00:00,6832.240234375,6835.52978515625,6804.22998046875,6804.22998046875,0
2023-10-27 12:00:00,6804.47021484375,6854.830078125,6800.35986328125,6835.91015625,0
2023-10-27 13:00:00,6849.25,6861.169921875,6811.4599609375,6820.39013671875,0
2023-10-27 14:00:00,6822.6298828125,6830.10009765625,6784.6201171875,6792.85986328125,0
2023-10-27 15:00:00,6793.8798828125,6812.56005859375,6789.68017578125,6806.25,0
2023-10-30 08:00:00,6826.9501953125,6838.1201171875,6809.83984375,6821.97021484375,0
2023-10-30 09:00:00,6821.990234375,6847.0,6821.990234375,6842.75,0
2023-10-30 10:00:00,6843.25,6854.60009765625,6831.64013671875,6846.18994140625,0
2023-10-30 11:00:00,6845.2900390625,6851.6201171875,6836.81005859375,6846.6298828125,0
2023-10-30 12:00:00,6846.72998046875,6846.72998046875,6828.85009765625,6836.1201171875,0
2023-10-30 13:00:00,6836.009765625,6852.89990234375,6834.5400390625,6848.31005859375,0
2023-10-30 14:00:00,6848.60009765625,6849.41015625,6818.7099609375,6828.02978515625,0
2023-10-30 15:00:00,6829.18994140625,6843.18994140625,6821.93994140625,6832.1201171875,0
2023-10-30 16:00:00,6831.58984375,6835.02978515625,6824.509765625,6824.509765625,0
2023-10-31 08:00:00,6840.72998046875,6875.580078125,6831.669921875,6874.97998046875,0
2023-10-31 09:00:00,6873.91015625,6884.5,6854.580078125,6882.52978515625,0
2023-10-31 10:00:00,6881.97021484375,6895.8701171875,6881.02001953125,6891.330078125,0
2023-10-31 11:00:00,6892.52978515625,6902.080078125,6888.02978515625,6895.91015625,0
2023-10-31 12:00:00,6895.7099609375,6903.2001953125,6890.0,6892.330078125,0
2023-10-31 13:00:00,6892.2998046875,6894.56982421875,6875.02978515625,6880.16015625,0
2023-10-31 14:00:00,6878.31982421875,6902.6201171875,6871.47021484375,6892.33984375,0
2023-10-31 15:00:00,6892.56982421875,6896.93994140625,6880.830078125,6888.60009765625,0
2023-10-31 16:00:00,6890.52001953125,6891.18994140625,6874.0,6880.52001953125,0
2023-11-01 08:00:00,6914.31982421875,6926.97998046875,6889.31982421875,6891.919921875,0
2023-11-01 09:00:00,6892.35986328125,6904.3798828125,6887.60009765625,6892.2998046875,0
2023-11-01 10:00:00,6892.5400390625,6893.35986328125,6873.8701171875,6884.52978515625,0
2023-11-01 11:00:00,6884.56982421875,6891.18994140625,6873.5498046875,6882.52978515625,0
2023-11-01 12:00:00,6882.14990234375,6915.1201171875,6880.81005859375,6908.75,0
2023-11-01 13:00:00,6908.68994140625,6950.43017578125,6905.1201171875,6942.2001953125,0
2023-11-01 14:00:00,6939.91015625,6954.83984375,6929.27978515625,6946.580078125,0
2023-11-01 15:00:00,6946.02001953125,6949.0498046875,6922.8701171875,6946.83984375,0
2023-11-01 16:00:00,6947.14013671875,6947.7001953125,6928.25,6928.4599609375,0
2023-11-02 08:00:00,6991.4501953125,7042.830078125,6982.0400390625,7034.330078125,0
2023-11-02 09:00:00,7034.68017578125,7057.5400390625,7034.68017578125,7044.1201171875,0
2023-11-02 10:00:00,7044.27001953125,7057.91015625,7039.330078125,7057.91015625,0
2023-11-02 11:00:00,7056.89013671875,7069.68994140625,7051.759765625,7065.8798828125,0
2023-11-02 12:00:00,7064.93994140625,7074.66015625,7057.490234375,7068.06005859375,0
2023-11-02 13:00:00,7069.27978515625,7080.2001953125,7059.080078125,7075.330078125,0
2023-11-02 14:00:00,7074.9599609375,7090.83984375,7053.89990234375,7089.8701171875,0
2023-11-02 15:00:00,7089.85009765625,7097.39013671875,7071.93994140625,7071.93994140625,0
2023-11-02 16:00:00,7071.33984375,7071.33984375,7055.89013671875,7062.35009765625,0
2023-11-03 08:00:00,7084.509765625,7086.7099609375,7066.39990234375,7078.60986328125,0
2023-11-03 09:00:00,7078.72998046875,7078.72998046875,7053.72998046875,7064.97998046875,0
2023-11-03 10:00:00,7064.72021484375,7067.3701171875,7052.5,7056.60009765625,0
2023-11-03 11:00:00,7055.81982421875,7058.68017578125,7046.85986328125,7057.3798828125,0
2023-11-03 12:00:00,7057.0498046875,7085.169921875,7049.0,7072.77978515625,0
2023-11-03 13:00:00,7072.580078125,7085.25,7069.22021484375,7082.669921875,0
2023-11-03 14:00:00,7081.91015625,7085.97021484375,7052.2998046875,7062.7001953125,0
2023-11-03 15:00:00,7064.27978515625,7066.06005859375,7049.35009765625,7054.02001953125,0
2023-11-03 16:00:00,7053.169921875,7055.3701171875,7049.8701171875,7053.2900390625,0
2023-11-06 08:00:00,7066.18017578125,7069.66015625,7040.990234375,7044.89990234375,0
2023-11-06 09:00:00,7044.8701171875,7044.8701171875,7023.89013671875,7024.4599609375,0
2023-11-06 10:00:00,7025.7001953125,7034.25,7017.2099609375,7020.43994140625,0
2023-11-06 11:00:00,7021.81982421875,7026.31982421875,7013.9599609375,7014.85986328125,0
2023-11-06 12:00:00,7015.10986328125,7023.16015625,7010.97998046875,7018.4501953125,0
2023-11-06 13:00:00,7018.919921875,7024.10986328125,7013.419921875,7023.56005859375,0
2023-11-06 14:00:00,7023.68017578125,7032.2900390625,7010.93017578125,7013.14990234375,0
2023-11-06 15:00:00,7013.64013671875,7022.0498046875,7006.52978515625,7018.58984375,0
2023-11-06 16:00:00,7019.9501953125,7020.5498046875,7012.22021484375,7014.580078125,0
2023-11-07 08:00:00,6970.66015625,7011.7900390625,6970.66015625,7001.25,0
2023-11-07 09:00:00,7001.56005859375,7002.68017578125,6979.080078125,6979.14990234375,0
2023-11-07 10:00:00,6978.5,6993.27001953125,6977.5400390625,6984.14990234375,0
2023-11-07 11:00:00,6983.830078125,6983.830078125,6963.8798828125,6973.81005859375,0
2023-11-07 12:00:00,6973.91015625,6979.419921875,6971.52978515625,6977.0498046875,0
2023-11-07 13:00:00,6977.18017578125,6995.4599609375,6973.2998046875,6994.8701171875,0
2023-11-07 14:00:00,6994.35009765625,6995.64013671875,6979.27001953125,6989.93017578125,0
2023-11-07 15:00:00,6989.35009765625,7009.669921875,6980.419921875,7003.93994140625,0
2023-11-07 16:00:00,7003.4599609375,7003.4599609375,6988.75,6989.06005859375,0
2023-11-08 08:00:00,6951.47998046875,6991.66015625,6950.9501953125,6980.2998046875,0
2023-11-08 09:00:00,6980.85009765625,6980.85009765625,6964.990234375,6971.43017578125,0
2023-11-08 10:00:00,6971.330078125,6989.27001953125,6967.81982421875,6984.91015625,0
2023-11-08 11:00:00,6985.33984375,7002.0400390625,6985.33984375,6997.740234375,0
2023-11-08 12:00:00,6997.580078125,7012.66015625,6993.8798828125,7012.08984375,0
2023-11-08 13:00:00,7010.60009765625,7033.43994140625,7010.18017578125,7031.5498046875,0
2023-11-08 14:00:00,7032.27978515625,7068.0400390625,7032.27978515625,7063.9599609375,0
2023-11-08 15:00:00,7065.4599609375,7065.4599609375,7033.97998046875,7034.97021484375,0
2023-11-08 16:00:00,7034.5498046875,7041.330078125,7031.97998046875,7035.2998046875,0
2023-11-09 08:00:00,7043.8798828125,7068.60009765625,7025.60986328125,7059.93994140625,0
2023-11-09 09:00:00,7058.75,7071.2998046875,7052.2900390625,7065.509765625,0
2023-11-09 10:00:00,7065.330078125,7090.990234375,7064.2998046875,7087.81982421875,0
2023-11-09 11:00:00,7087.81982421875,7090.31005859375,7075.56005859375,7080.4599609375,0
2023-11-09 12:00:00,7081.5,7097.27978515625,7081.5,7093.509765625,0
2023-11-09 13:00:00,7093.39990234375,7104.14013671875,7091.14990234375,7093.64013671875,0
2023-11-09 14:00:00,7093.58984375,7108.0498046875,7092.02978515625,7108.0498046875,0
2023-11-09 15:00:00,7108.31005859375,7109.2001953125,7089.3701171875,7105.580078125,0
2023-11-09 16:00:00,7105.89990234375,7122.509765625,7105.89990234375,7114.85009765625,0
2023-11-10 08:00:00,7079.39990234375,7083.1201171875,7056.89013671875,7060.0400390625,0
2023-11-10 09:00:00,7061.56005859375,7069.9599609375,7046.08984375,7069.9599609375,0
2023-11-10 10:00:00,7069.27978515625,7069.27978515625,7029.3701171875,7036.1298828125,0
2023-11-10 11:00:00,7036.64013671875,7038.08984375,7023.5498046875,7032.9599609375,0
2023-11-10 12:00:00,7033.06005859375,7050.18017578125,7030.10986328125,7046.25,0
2023-11-10 13:00:00,7045.91015625,7059.58984375,7039.7001953125,7054.35009765625,0
2023-11-10 14:00:00,7054.10986328125,7055.93994140625,7039.31982421875,7039.31982421875,0
2023-11-10 15:00:00,7038.259765625,7039.81005859375,7006.08984375,7027.1298828125,0
2023-11-10 16:00:00,7029.4501953125,7050.66015625,7029.4501953125,7045.14990234375,0
2023-11-13 08:00:00,7069.8798828125,7093.58984375,7066.919921875,7092.08984375,0
2023-11-13 09:00:00,7092.7099609375,7103.669921875,7087.89990234375,7087.89990234375,0
2023-11-13 10:00:00,7087.14013671875,7091.0400390625,7075.47998046875,7090.77978515625,0
2023-11-13 11:00:00,7089.669921875,7090.5,7067.830078125,7070.14990234375,0
2023-11-13 12:00:00,7070.08984375,7071.58984375,7058.830078125,7059.97021484375,0
2023-11-13 13:00:00,7060.169921875,7074.330078125,7059.47021484375,7066.990234375,0
2023-11-13 14:00:00,7067.5,7072.22021484375,7056.08984375,7065.4501953125,0
2023-11-13 15:00:00,7065.9501953125,7078.35986328125,7060.33984375,7076.7099609375,0
2023-11-13 16:00:00,7076.4599609375,7087.7001953125,7072.0400390625,7087.7001953125,0
2023-11-14 08:00:00,7098.72021484375,7102.740234375,7083.22998046875,7101.72021484375,0
2023-11-14 09:00:00,7101.7998046875,7110.27978515625,7093.080078125,7098.2099609375,0
2023-11-14 10:00:00,7099.509765625,7105.009765625,7085.91015625,7091.0400390625,0
2023-11-14 11:00:00,7090.740234375,7096.33984375,7085.77978515625,7095.3798828125,0
2023-11-14 12:00:00,7094.9501953125,7100.8798828125,7088.41015625,7093.2099609375,0
2023-11-14 13:00:00,7093.22021484375,7160.56005859375,7089.080078125,7152.58984375,0
2023-11-14 14:00:00,7152.47021484375,7185.1298828125,7148.97998046875,7181.4599609375,0
2023-11-14 15:00:00,7181.6298828125,7207.77001953125,7178.990234375,7183.56982421875,0
2023-11-14 16:00:00,7185.64013671875,7195.919921875,7185.64013671875,7194.60009765625,0
2023-11-15 08:00:00,7214.68994140625,7242.18994140625,7214.68994140625,7241.43017578125,0
2023-11-15 09:00:00,7241.93017578125,7245.3701171875,7206.8701171875,7209.25,0
2023-11-15 10:00:00,7209.2900390625,7228.2900390625,7206.47998046875,7222.81982421875,0
2023-11-15 11:00:00,7223.1298828125,7235.830078125,7219.75,7235.259765625,0
2023-11-15 12:00:00,7235.08984375,7235.8798828125,7217.6201171875,7231.16015625,0
2023-11-15 13:00:00,7230.580078125,7236.990234375,7209.64990234375,7210.08984375,0
2023-11-15 14:00:00,7210.18017578125,7213.990234375,7198.91015625,7207.490234375,0
2023-11-15 15:00:00,7207.06005859375,7220.330078125,7206.4599609375,7214.18994140625,0
2023-11-15 16:00:00,7213.52978515625,7218.68994140625,7210.7998046875,7213.10986328125,0
2023-11-16 08:00:00,7203.9599609375,7210.009765625,7192.6298828125,7200.08984375,0
2023-11-16 09:00:00,7199.830078125,7200.75,7181.89990234375,7185.27001953125,0
2023-11-16 10:00:00,7185.39990234375,7193.25,7178.52978515625,7182.72998046875,0
2023-11-16 11:00:00,7183.6201171875,7187.08984375,7178.02978515625,7183.4599609375,0
2023-11-16 12:00:00,7184.490234375,7187.0400390625,7174.6298828125,7182.22998046875,0
2023-11-16 13:00:00,7182.39013671875,7203.8701171875,7180.7998046875,7201.6201171875,0
2023-11-16 14:00:00,7201.43017578125,7201.43017578125,7178.7001953125,7197.31982421875,0
2023-11-16 15:00:00,7198.39013671875,7198.39013671875,7177.18017578125,7180.10986328125,0
2023-11-16 16:00:00,7179.919921875,7182.0,7172.3798828125,7172.97021484375,0
2023-11-17 08:00:00,7196.68994140625,7225.16015625,7196.68994140625,7213.4501953125,0
2023-11-17 09:00:00,7213.31005859375,7230.31982421875,7212.77001953125,7224.7099609375,0
2023-11-17 10:00:00,7226.06982421875,7246.72021484375,7226.06982421875,7240.31005859375,0
2023-11-17 11:00:00,7240.64013671875,7240.64013671875,7225.2900390625,7230.580078125,0
2023-11-17 12:00:00,7230.52001953125,7236.259765625,7227.22998046875,7227.85009765625,0
2023-11-17 13:00:00,7228.2001953125,7238.7998046875,7228.2001953125,7231.52001953125,0
2023-11-17 14:00:00,7231.3798828125,7244.240234375,7225.2900390625,7234.60986328125,0
2023-11-17 15:00:00,7234.22021484375,7237.7001953125,7230.85009765625,7234.080078125,0
2023-11-17 16:00:00,7233.9501953125,7237.56982421875,7229.25,7234.7099609375,0
2023-11-20 08:00:00,7242.39990234375,7267.0400390625,7242.3701171875,7247.509765625,0
2023-11-20 09:00:00,7247.56982421875,7257.06982421875,7246.18017578125,7254.5498046875,0
2023-11-20 10:00:00,7254.47021484375,7260.97021484375,7248.39990234375,7255.2001953125,0
2023-11-20 11:00:00,7255.3701171875,7256.419921875,7244.68017578125,7245.89013671875,0
2023-11-20 12:00:00,7245.669921875,7250.3798828125,7236.02001953125,7237.72021484375,0
2023-11-20 13:00:00,7237.8701171875,7248.31982421875,7237.47998046875,7246.93017578125,0
2023-11-20 14:00:00,7246.56982421875,7254.27001953125,7238.81982421875,7248.080078125,0
2023-11-20 15:00:00,7249.259765625,7256.669921875,7244.75,7248.83984375,0
2023-11-20 16:00:00,7248.72998046875,7251.77978515625,7246.009765625,7249.990234375,0
2023-11-21 08:00:00,7231.0400390625,7248.06005859375,7231.0400390625,7242.490234375,0
2023-11-21 09:00:00,7242.27978515625,7242.35009765625,7225.58984375,7227.7001953125,0
2023-11-21 10:00:00,7226.83984375,7236.41015625,7225.64990234375,7233.85986328125,0
2023-11-21 11:00:00,7233.85009765625,7234.85009765625,7227.14013671875,7230.91015625,0
2023-11-21 12:00:00,7231.490234375,7234.419921875,7223.56982421875,7223.58984375,0
2023-11-21 13:00:00,7223.3701171875,7223.3701171875,7214.39013671875,7216.72998046875,0
2023-11-21 14:00:00,7216.89990234375,7234.830078125,7216.89990234375,7231.89013671875,0
2023-11-21 15:00:00,7230.39013671875,7233.31982421875,7223.9599609375,7227.56005859375,0
2023-11-21 16:00:00,7227.16015625,7228.27001953125,7222.97021484375,7227.85009765625,0
2023-11-22 08:00:00,7252.009765625,7266.77978515625,7245.47998046875,7266.77978515625,0
2023-11-22 09:00:00,7267.4599609375,7274.77001953125,7243.830078125,7246.72998046875,0
2023-11-22 10:00:00,7246.6298828125,7270.3701171875,7246.009765625,7269.259765625,0
2023-11-22 11:00:00,7269.5,7270.39013671875,7257.580078125,7257.580078125,0
2023-11-22 12:00:00,7257.18017578125,7258.16015625,7249.02978515625,7253.66015625,0
2023-11-22 13:00:00,7253.8798828125,7265.64990234375,7252.9501953125,7263.85009765625,0
2023-11-22 14:00:00,7263.25,7269.2099609375,7251.47021484375,7258.8798828125,0
2023-11-22 15:00:00,7259.419921875,7273.16015625,7254.2001953125,7270.919921875,0
2023-11-22 16:00:00,7271.169921875,7271.919921875,7260.240234375,7262.18017578125,0
2023-11-23 08:00:00,7274.25,7279.6298828125,7263.669921875,7278.52001953125,0
2023-11-23 09:00:00,7278.52978515625,7280.419921875,7268.3701171875,7277.3701171875,0
2023-11-23 10:00:00,7276.39990234375,7277.89013671875,7270.89990234375,7275.33984375,0
2023-11-23 11:00:00,7275.64990234375,7282.2998046875,7272.89990234375,7277.009765625,0
2023-11-23 12:00:00,7276.68994140625,7279.4599609375,7272.81005859375,7272.81005859375,0
2023-11-23 13:00:00,7273.56982421875,7280.35986328125,7273.31982421875,7275.4599609375,0
2023-11-23 14:00:00,7275.68994140625,7285.2900390625,7275.669921875,7278.89990234375,0
2023-11-23 15:00:00,7279.2099609375,7280.31005859375,7276.35986328125,7280.18994140625,0
2023-11-23 16:00:00,7280.330078125,7282.8798828125,7279.47021484375,7280.22998046875,0
2023-11-24 08:00:00,7275.0,7282.47021484375,7268.580078125,7271.81982421875,0
2023-11-24 09:00:00,7272.4599609375,7287.89013671875,7272.43017578125,7281.52001953125,0
2023-11-24 10:00:00,7281.0498046875,7298.64013671875,7280.64013671875,7298.419921875,0
2023-11-24 11:00:00,7298.91015625,7298.91015625,7286.740234375,7291.77001953125,0
2023-11-24 12:00:00,7292.080078125,7295.97998046875,7290.27978515625,7291.10009765625,0
2023-11-24 13:00:00,7291.0498046875,7292.2099609375,7280.68994140625,7287.39990234375,0
2023-11-24 14:00:00,7287.740234375,7290.60986328125,7284.72021484375,7290.1201171875,0
2023-11-24 15:00:00,7290.60986328125,7297.31982421875,7290.60986328125,7294.31005859375,0
2023-11-24 16:00:00,7294.240234375,7297.39990234375,7292.9599609375,7293.1201171875,0
2023-11-27 08:00:00,7292.91015625,7307.669921875,7289.27001953125,7293.97998046875,0
2023-11-27 09:00:00,7293.8798828125,7293.8798828125,7275.419921875,7276.31982421875,0
2023-11-27 10:00:00,7276.33984375,7293.91015625,7275.77001953125,7293.47021484375,0
2023-11-27 11:00:00,7293.52978515625,7294.60986328125,7282.580078125,7284.10986328125,0
2023-11-27 12:00:00,7284.25,7292.85009765625,7283.68994140625,7290.43994140625,0
2023-11-27 13:00:00,7290.14013671875,7296.64990234375,7284.68017578125,7287.580078125,0
2023-11-27 14:00:00,7288.5,7294.06982421875,7285.25,7289.56005859375,0
2023-11-27 15:00:00,7289.4599609375,7296.85986328125,7275.990234375,7275.990234375,0
2023-11-27 16:00:00,7275.75,7276.1201171875,7266.0400390625,7271.64013671875,0
2023-11-28 08:00:00,7230.740234375,7243.080078125,7218.18017578125,7225.47998046875,0
2023-11-28 09:00:00,7224.89013671875,7236.64013671875,7214.06005859375,7233.39013671875,0
2023-11-28 10:00:00,7233.47021484375,7234.27001953125,7221.919921875,7228.35986328125,0
2023-11-28 11:00:00,7228.7099609375,7230.68994140625,7219.72021484375,7219.72021484375,0
2023-11-28 12:00:00,7219.56005859375,7227.31005859375,7218.8701171875,7219.75,0
2023-11-28 13:00:00,7220.06005859375,7230.0498046875,7213.740234375,7221.81982421875,0
2023-11-28 14:00:00,7221.7900390625,7232.830078125,7218.68017578125,7230.60009765625,0
2023-11-28 15:00:00,7230.759765625,7244.490234375,7229.10009765625,7244.490234375,0
2023-11-28 16:00:00,7244.60986328125,7253.419921875,7242.93017578125,7250.02978515625,0
2023-11-29 08:00:00,7241.41015625,7278.72021484375,7241.41015625,7273.72021484375,0
2023-11-29 09:00:00,7273.25,7292.2998046875,7273.25,7280.27001953125,0
2023-11-29 10:00:00,7280.02978515625,7290.72021484375,7278.89013671875,7283.830078125,0
2023-11-29 11:00:00,7283.77978515625,7287.14990234375,7279.009765625,7282.93994140625,0
2023-11-29 12:00:00,7282.56005859375,7288.5400390625,7278.72998046875,7288.2900390625,0
2023-11-29 13:00:00,7288.330078125,7296.39990234375,7276.1298828125,7278.31005859375,0
2023-11-29 14:00:00,7278.39990234375,7279.759765625,7262.2001953125,7269.08984375,0
2023-11-29 15:00:00,7268.83984375,7283.080078125,7259.2900390625,7281.31982421875,0
2023-11-29 16:00:00,7281.2900390625,7282.18017578125,7271.77978515625,7274.02001953125,0
2023-11-30 08:00:00,7276.8701171875,7287.66015625,7255.0400390625,7259.06982421875,0
2023-11-30 09:00:00,7260.1201171875,7282.830078125,7260.1201171875,7277.5400390625,0
2023-11-30 10:00:00,7277.97021484375,7295.0498046875,7276.02001953125,7293.66015625,0
2023-11-30 11:00:00,7292.68017578125,7301.2099609375,7292.68017578125,7299.39013671875,0
2023-11-30 12:00:00,7299.47998046875,7313.740234375,7299.47998046875,7309.91015625,0
2023-11-30 13:00:00,7310.169921875,7319.169921875,7307.93017578125,7309.669921875,0
2023-11-30 14:00:00,7310.31982421875,7312.830078125,7298.64990234375,7309.830078125,0
2023-11-30 15:00:00,7311.93017578125,7317.18994140625,7303.2001953125,7306.47998046875,0
2023-11-30 16:00:00,7307.490234375,7321.47021484375,7305.740234375,7313.169921875,0
2023-12-01 08:00:00,7336.5498046875,7350.52978515625,7331.02001953125,7345.1201171875,0
2023-12-01 09:00:00,7345.18017578125,7360.10009765625,7338.9599609375,7338.9599609375,0
2023-12-01 10:00:00,7338.669921875,7346.830078125,7333.52978515625,7344.5400390625,0
2023-12-01 11:00:00,7343.77001953125,7344.830078125,7336.6298828125,7341.52978515625,0
2023-12-01 12:00:00,7341.259765625,7341.259765625,7328.330078125,7328.6298828125,0
2023-12-01 13:00:00,7329.35009765625,7331.56982421875,7318.14990234375,7318.14990234375,0
2023-12-01 14:00:00,7318.7900390625,7335.27001953125,7313.18994140625,7333.02978515625,0
2023-12-01 15:00:00,7332.6298828125,7348.7099609375,7332.6298828125,7343.35009765625,0
2023-12-01 16:00:00,7343.60986328125,7351.33984375,7333.47021484375,7347.0,0
2023-12-04 08:00:00,7331.7998046875,7354.31982421875,7326.97021484375,7335.5498046875,0
2023-12-04 09:00:00,7336.08984375,7336.509765625,7313.7099609375,7327.64013671875,0
2023-12-04 10:00:00,7327.759765625,7338.97998046875,7327.169921875,7333.580078125,0
2023-12-04 11:00:00,7334.0498046875,7339.08984375,7329.2099609375,7330.240234375,0
2023-12-04 12:00:00,7330.2099609375,7330.2099609375,7325.14013671875,7326.5498046875,0
2023-12-04 13:00:00,7326.419921875,7329.919921875,7319.330078125,7320.10986328125,0
2023-12-04 14:00:00,7320.1298828125,7345.330078125,7317.91015625,7331.89013671875,0
2023-12-04 15:00:00,7333.47998046875,7345.1298828125,7328.490234375,7329.5,0
2023-12-04 16:00:00,7330.0498046875,7332.759765625,7325.89013671875,7332.759765625,0
2023-12-05 08:00:00,7320.490234375,7353.1298828125,7320.490234375,7345.97021484375,0
2023-12-05 09:00:00,7346.41015625,7363.47021484375,7345.85009765625,7358.72021484375,0
2023-12-05 10:00:00,7358.56005859375,7358.56005859375,7340.4501953125,7343.97021484375,0
2023-12-05 11:00:00,7343.27001953125,7357.56005859375,7340.41015625,7348.6298828125,0
2023-12-05 12:00:00,7348.5,7363.0,7347.27001953125,7362.080078125,0
2023-12-05 13:00:00,7361.97021484375,7368.7099609375,7360.919921875,7361.6298828125,0
2023-12-05 14:00:00,7361.47021484375,7374.39990234375,7361.22021484375,7370.7900390625,0
2023-12-05 15:00:00,7370.85009765625,7384.60009765625,7369.85986328125,7384.60009765625,0
2023-12-05 16:00:00,7386.06005859375,7392.64013671875,7380.33984375,7383.66015625,0
2023-12-06 08:00:00,7400.2099609375,7406.0,7388.25,7395.60986328125,0
2023-12-06 09:00:00,7394.990234375,7397.43017578125,7384.990234375,7397.43017578125,0
2023-12-06 10:00:00,7398.08984375,7410.6201171875,7396.35009765625,7410.47998046875,0
2023-12-06 11:00:00,7410.5,7422.14013671875,7409.41015625,7421.89990234375,0
2023-12-06 12:00:00,7421.2001953125,7428.22021484375,7420.35009765625,7427.9501953125,0
2023-12-06 13:00:00,7427.31005859375,7436.89990234375,7426.990234375,7434.6201171875,0
2023-12-06 14:00:00,7434.259765625,7437.419921875,7429.6201171875,7437.16015625,0
2023-12-06 15:00:00,7436.580078125,7455.0,7436.580078125,7444.169921875,0
2023-12-06 16:00:00,7444.06005859375,7445.3701171875,7440.990234375,7442.25,0
2023-12-07 08:00:00,7424.81982421875,7429.52001953125,7416.27978515625,7422.10986328125,0
2023-12-07 09:00:00,7421.6298828125,7427.3798828125,7416.10986328125,7426.72998046875,0
2023-12-07 10:00:00,7426.81982421875,7429.10009765625,7420.240234375,7428.52001953125,0
2023-12-07 11:00:00,7428.60009765625,7432.759765625,7427.5,7429.89990234375,0
2023-12-07 12:00:00,7429.58984375,7431.9501953125,7417.2998046875,7418.52001953125,0
2023-12-07 13:00:00,7417.990234375,7422.47998046875,7415.66015625,7421.91015625,0
2023-12-07 14:00:00,7421.41015625,7426.7099609375,7417.509765625,7426.18017578125,0
2023-12-07 15:00:00,7425.97998046875,7429.75,7416.330078125,7429.75,0
2023-12-07 16:00:00,7430.2900390625,7436.9501953125,7424.1201171875,7428.0,0
2023-12-08 08:00:00,7441.0,7477.89990234375,7437.97021484375,7475.64013671875,0
2023-12-08 09:00:00,7475.47021484375,7505.4501953125,7474.77001953125,7492.2900390625,0
2023-12-08 10:00:00,7498.740234375,7508.419921875,7495.68017578125,7495.77978515625,0
2023-12-08 11:00:00,7495.31005859375,7496.56982421875,7478.990234375,7479.85986328125,0
2023-12-08 12:00:00,7480.2001953125,7484.740234375,7476.39013671875,7482.16015625,0
2023-12-08 13:00:00,7481.85986328125,7501.10986328125,7467.72021484375,7492.6298828125,0
2023-12-08 14:00:00,7492.419921875,7524.35986328125,7486.85009765625,7516.14013671875,0
2023-12-08 15:00:00,7516.740234375,7545.68017578125,7516.740234375,7545.22998046875,0
2023-12-08 16:00:00,7545.4501953125,7545.4501953125,7523.93017578125,7529.10986328125,0
2023-12-11 08:00:00,7534.22998046875,7545.419921875,7530.7998046875,7541.2099609375,0
2023-12-11 09:00:00,7541.009765625,7554.18017578125,7529.33984375,7529.33984375,0
2023-12-11 10:00:00,7528.7099609375,7540.7099609375,7528.7099609375,7531.35009765625,0
2023-12-11 11:00:00,7531.740234375,7542.2099609375,7527.580078125,7541.7998046875,0
2023-12-11 12:00:00,7542.14013671875,7554.14013671875,7541.1201171875,7553.97021484375,0
2023-12-11 13:00:00,7553.8701171875,7557.080078125,7540.27001953125,7540.64013671875,0
2023-12-11 14:00:00,7540.27978515625,7555.93994140625,7537.10009765625,7555.93994140625,0
2023-12-11 15:00:00,7557.14990234375,7557.14990234375,7547.759765625,7555.06982421875,0
2023-12-11 16:00:00,7554.64013671875,7559.9501953125,7552.2001953125,7557.14013671875,0
2023-12-12 08:00:00,7557.31982421875,7577.5,7557.2900390625,7564.83984375,0
2023-12-12 09:00:00,7564.14013671875,7582.47021484375,7562.759765625,7579.35009765625,0
2023-12-12 10:00:00,7579.5400390625,7579.5400390625,7551.8701171875,7551.8701171875,0
2023-12-12 11:00:00,7551.14013671875,7562.35009765625,7550.77978515625,7556.080078125,0
2023-12-12 12:00:00,7553.75,7561.66015625,7553.6298828125,7555.60009765625,0
2023-12-12 13:00:00,7555.169921875,7574.5,7548.990234375,7549.35986328125,0
2023-12-12 14:00:00,7549.330078125,7560.2900390625,7542.52978515625,7557.91015625,0
2023-12-12 15:00:00,7557.66015625,7562.7900390625,7554.3701171875,7556.330078125,0
2023-12-12 16:00:00,7556.5400390625,7556.5400390625,7546.52978515625,7547.64990234375,0
2023-12-13 08:00:00,7542.10009765625,7576.06005859375,7538.27001953125,7576.06005859375,0
2023-12-13 09:00:00,7579.08984375,7579.25,7565.22021484375,7572.64013671875,0
2023-12-13 10:00:00,7572.35009765625,7575.56982421875,7562.02001953125,7562.39990234375,0
2023-12-13 11:00:00,7561.97021484375,7566.68994140625,7555.759765625,7565.91015625,0
2023-12-13 12:00:00,7565.93017578125,7573.8798828125,7555.18017578125,7557.68994140625,0
2023-12-13 13:00:00,7557.27978515625,7563.2099609375,7552.56005859375,7563.2001953125,0
2023-12-13 14:00:00,7562.6298828125,7568.41015625,7553.06005859375,7554.64013671875,0
2023-12-13 15:00:00,7555.7001953125,7555.7001953125,7541.08984375,7542.31982421875,0
2023-12-13 16:00:00,7541.6201171875,7543.68994140625,7529.10986328125,7529.72021484375,0
2023-12-14 08:00:00,7626.5400390625,7653.990234375,7620.6201171875,7620.6201171875,0
2023-12-14 09:00:00,7621.72021484375,7623.02978515625,7592.3701171875,7613.31005859375,0
2023-12-14 10:00:00,7613.75,7643.259765625,7610.0498046875,7638.43017578125,0
2023-12-14 11:00:00,7638.85986328125,7638.97998046875,7611.06982421875,7611.06982421875,0
2023-12-14 12:00:00,7609.22998046875,7624.47021484375,7608.830078125,7618.10009765625,0
2023-12-14 13:00:00,7617.47021484375,7625.06982421875,7609.85986328125,7623.830078125,0
2023-12-14 14:00:00,7623.919921875,7629.64990234375,7577.2001953125,7586.009765625,0
2023-12-14 15:00:00,7586.10009765625,7586.10009765625,7547.0,7583.3798828125,0
2023-12-14 16:00:00,7582.9599609375,7585.64990234375,7572.6298828125,7580.9501953125,0
2023-12-15 08:00:00,7607.919921875,7610.93994140625,7587.68017578125,7606.89013671875,0
2023-12-15 09:00:00,7606.66015625,7617.89990234375,7597.10009765625,7617.0498046875,0
2023-12-15 10:00:00,7617.06982421875,7641.91015625,7615.3798828125,7637.89990234375,0
2023-12-15 11:00:00,7637.8701171875,7637.8701171875,7616.240234375,7623.47021484375,0
2023-12-15 12:00:00,7623.43017578125,7626.56982421875,7607.64990234375,7609.06982421875,0
2023-12-15 13:00:00,7609.35986328125,7615.5498046875,7596.18017578125,7598.77001953125,0
2023-12-15 14:00:00,7599.10986328125,7618.2998046875,7591.58984375,7613.1201171875,0
2023-12-15 15:00:00,7613.6201171875,7623.14013671875,7606.33984375,7608.9501953125,0
2023-12-15 16:00:00,7609.39990234375,7616.7099609375,7600.6298828125,7606.39013671875,0
2023-12-18 08:00:00,7563.31005859375,7571.22998046875,7552.509765625,7568.080078125,0
2023-12-18 09:00:00,7569.39990234375,7579.6298828125,7560.5,7572.77001953125,0
2023-12-18 10:00:00,7572.97998046875,7579.509765625,7564.75,7565.740234375,0
2023-12-18 11:00:00,7565.72021484375,7580.14990234375,7562.10986328125,7570.33984375,0
2023-12-18 12:00:00,7569.5498046875,7580.64013671875,7563.52978515625,7571.10009765625,0
2023-12-18 13:00:00,7571.3798828125,7579.60009765625,7565.06982421875,7574.18017578125,0
2023-12-18 14:00:00,7573.68017578125,7575.33984375,7558.169921875,7562.81005859375,0
2023-12-18 15:00:00,7562.77001953125,7564.7099609375,7548.18017578125,7558.93994140625,0
2023-12-18 16:00:00,7558.0498046875,7569.419921875,7557.4501953125,7566.5400390625,0
2023-12-19 08:00:00,7560.56982421875,7579.2998046875,7556.47021484375,7556.47021484375,0
2023-12-19 09:00:00,7556.2900390625,7574.06005859375,7553.080078125,7571.35009765625,0
2023-12-19 10:00:00,7570.77978515625,7575.919921875,7562.64013671875,7566.39013671875,0
2023-12-19 11:00:00,7566.60986328125,7572.64013671875,7560.10009765625,7560.10009765625,0
2023-12-19 12:00:00,7559.830078125,7574.490234375,7556.31005859375,7571.39013671875,0
2023-12-19 13:00:00,7570.6201171875,7574.02978515625,7564.5400390625,7566.31005859375,0
2023-12-19 14:00:00,7565.97021484375,7578.81982421875,7558.2001953125,7576.25,0
2023-12-19 15:00:00,7575.81005859375,7579.0498046875,7567.3798828125,7573.669921875,0
2023-12-19 16:00:00,7573.89990234375,7579.85986328125,7572.58984375,7577.35986328125,0
2023-12-20 08:00:00,7595.25,7604.9599609375,7575.7099609375,7575.85009765625,0
2023-12-20 09:00:00,7575.66015625,7575.97998046875,7552.2900390625,7570.0498046875,0
2023-12-20 10:00:00,7569.490234375,7581.77001953125,7569.14990234375,7571.5498046875,0
2023-12-20 11:00:00,7571.43017578125,7582.22021484375,7571.3798828125,7578.89013671875,0
2023-12-20 12:00:00,7579.9599609375,7584.93017578125,7575.97998046875,7578.68994140625,0
2023-12-20 13:00:00,7578.740234375,7590.66015625,7576.66015625,7581.740234375,0
2023-12-20 14:00:00,7581.52001953125,7584.35986328125,7566.8798828125,7575.1201171875,0
2023-12-20 15:00:00,7575.830078125,7588.580078125,7575.830078125,7577.6298828125,0
2023-12-20 16:00:00,7577.580078125,7594.27978515625,7576.7099609375,7594.27978515625,0
2023-12-21 08:00:00,7557.16015625,7574.7099609375,7548.39013671875,7567.009765625,0
2023-12-21 09:00:00,7566.509765625,7566.509765625,7551.18994140625,7554.7998046875,0
2023-12-21 10:00:00,7554.77978515625,7554.77978515625,7541.580078125,7542.64013671875,0
2023-12-21 11:00:00,7542.56982421875,7549.919921875,7537.81005859375,7545.259765625,0
2023-12-21 12:00:00,7545.06005859375,7549.35986328125,7542.31005859375,7549.2001953125,0
2023-12-21 13:00:00,7548.97998046875,7562.60009765625,7548.9599609375,7562.22998046875,0
2023-12-21 14:00:00,7562.33984375,7569.419921875,7553.740234375,7554.47021484375,0
2023-12-21 15:00:00,7554.759765625,7563.72998046875,7544.2001953125,7560.93994140625,0
2023-12-21 16:00:00,7560.72021484375,7568.330078125,7560.0,7568.330078125,0
2023-12-22 08:00:00,7560.97021484375,7586.22998046875,7558.02001953125,7558.02001953125,0
2023-12-22 09:00:00,7557.7998046875,7577.97998046875,7557.7998046875,7568.64013671875,0
2023-12-22 10:00:00,7568.52001953125,7579.5,7557.580078125,7574.7900390625,0
2023-12-22 11:00:00,7574.8798828125,7580.10986328125,7571.2998046875,7571.68017578125,0
2023-12-22 12:00:00,7571.3798828125,7573.6201171875,7568.080078125,7572.27978515625,0
2023-12-22 13:00:00,7572.4599609375,7583.8798828125,7572.43994140625,7581.18994140625,0
2023-12-22 14:00:00,7581.10009765625,7589.0,7575.77978515625,7576.259765625,0
2023-12-22 15:00:00,7576.8701171875,7580.14013671875,7568.60986328125,7571.93994140625,0
2023-12-22 16:00:00,7568.7900390625,7571.68994140625,7565.97021484375,7570.0,0
2023-12-27 08:00:00,7580.97021484375,7603.27001953125,7562.52001953125,7594.2099609375,0
2023-12-27 09:00:00,7594.39013671875,7594.93017578125,7580.18017578125,7584.080078125,0
2023-12-27 10:00:00,7585.3798828125,7592.91015625,7579.83984375,7584.169921875,0
2023-12-27 11:00:00,7584.27001953125,7588.6298828125,7582.580078125,7583.8798828125,0
2023-12-27 12:00:00,7583.89990234375,7589.77001953125,7577.10986328125,7586.85986328125,0
2023-12-27 13:00:00,7586.77978515625,7592.0400390625,7579.10986328125,7579.10986328125,0
2023-12-27 14:00:00,7578.52001953125,7579.08984375,7562.10986328125,7563.52978515625,0
2023-12-27 15:00:00,7563.02978515625,7572.27978515625,7562.85009765625,7567.080078125,0
2023-12-27 16:00:00,7567.47021484375,7572.22998046875,7560.5400390625,7572.22998046875,0
2023-12-28 08:00:00,7591.85009765625,7593.56982421875,7563.5400390625,7563.60986328125,0
2023-12-28 09:00:00,7563.7001953125,7566.39990234375,7560.10009765625,7562.18994140625,0
2023-12-28 10:00:00,7561.7998046875,7569.27001953125,7552.18994140625,7554.14990234375,0
2023-12-28 11:00:00,7554.02001953125,7558.22998046875,7537.7099609375,7544.27001953125,0
2023-12-28 12:00:00,7545.25,7547.7998046875,7534.02001953125,7538.93017578125,0
2023-12-28 13:00:00,7538.91015625,7547.009765625,7534.56005859375,7544.330078125,0
2023-12-28 14:00:00,7543.64013671875,7547.83984375,7537.3798828125,7543.89013671875,0
2023-12-28 15:00:00,7543.9501953125,7546.759765625,7535.52978515625,7536.91015625,0
2023-12-28 16:00:00,7537.14990234375,7539.18017578125,7531.7099609375,7535.4501953125,0
2023-12-29 08:00:00,7547.52978515625,7568.7998046875,7547.52978515625,7561.9599609375,0
2023-12-29 09:00:00,7562.9599609375,7569.919921875,7556.02978515625,7556.7001953125,0
2023-12-29 10:00:00,7556.77001953125,7560.47998046875,7550.27978515625,7556.0498046875,0
2023-12-29 11:00:00,7556.2099609375,7562.89013671875,7554.4501953125,7557.8701171875,0
2023-12-29 12:00:00,7556.91015625,7566.5400390625,7556.14990234375,7560.39990234375,0
2023-12-29 13:00:00,7560.4501953125,7567.7099609375,7559.06005859375,7563.81005859375,0
2023-12-29 14:00:00,7563.83984375,7565.10986328125,7558.39013671875,7561.3798828125,0
2023-12-29 15:00:00,7561.39990234375,7566.89013671875,7555.47021484375,7557.93017578125,0
2023-12-29 16:00:00,7557.3798828125,7557.7001953125,7530.93017578125,7533.27001953125,0
2024-01-02 08:00:00,7577.330078125,7608.72021484375,7574.7998046875,7608.31982421875,0
2024-01-02 09:00:00,7609.06005859375,7610.10009765625,7555.68017578125,7567.77978515625,0
2024-01-02 10:00:00,7567.1298828125,7569.47021484375,7544.8701171875,7554.93994140625,0
2024-01-02 11:00:00,7554.93994140625,7554.93994140625,7506.64990234375,7518.06982421875,0
2024-01-02 12:00:00,7518.419921875,7519.85009765625,7486.0400390625,7490.10009765625,0
2024-01-02 13:00:00,7489.85986328125,7498.56005859375,7482.06005859375,7494.919921875,0
2024-01-02 14:00:00,7495.33984375,7524.77001953125,7495.06005859375,7521.9599609375,0
2024-01-02 15:00:00,7523.02978515625,7532.47998046875,7515.509765625,7528.5,0
2024-01-02 16:00:00,7529.259765625,7534.7001953125,7523.60009765625,7524.35009765625,0
2024-01-03 08:00:00,7522.81005859375,7532.60009765625,7481.52978515625,7485.08984375,0
2024-01-03 09:00:00,7484.85986328125,7487.669921875,7444.14013671875,7444.64013671875,0
2024-01-03 10:00:00,7442.6298828125,7456.06005859375,7433.47998046875,7449.43994140625,0
2024-01-03 11:00:00,7449.6298828125,7458.919921875,7427.0400390625,7435.41015625,0
2024-01-03 12:00:00,7434.85986328125,7435.64013671875,7414.330078125,7421.56982421875,0
2024-01-03 13:00:00,7422.009765625,7437.669921875,7412.33984375,7412.72998046875,0
2024-01-03 14:00:00,7413.240234375,7413.47021484375,7382.93017578125,7392.919921875,0
2024-01-03 15:00:00,7393.5498046875,7409.25,7380.06005859375,7399.169921875,0
2024-01-03 16:00:00,7399.22998046875,7407.56982421875,7394.2900390625,7405.77978515625,0
2024-01-04 08:00:00,7419.85009765625,7439.8798828125,7418.93994140625,7426.75,0
2024-01-04 09:00:00,7426.2099609375,7438.0400390625,7417.68994140625,7438.0400390625,0
2024-01-04 10:00:00,7439.47021484375,7443.31005859375,7423.35009765625,7441.93017578125,0
2024-01-04 11:00:00,7441.7001953125,7442.43017578125,7417.27978515625,7417.64013671875,0
2024-01-04 12:00:00,7416.85009765625,7432.35986328125,7410.18017578125,7429.91015625,0
2024-01-04 13:00:00,7429.97998046875,7431.33984375,7411.2998046875,7421.490234375,0
2024-01-04 14:00:00,7421.18017578125,7443.06005859375,7415.93994140625,7430.18994140625,0
2024-01-04 15:00:00,7430.66015625,7450.1201171875,7430.66015625,7448.10009765625,0
2024-01-04 16:00:00,7448.16015625,7455.3701171875,7444.669921875,7454.5498046875,0
2024-01-05 08:00:00,7398.39990234375,7404.47998046875,7383.0,7386.72021484375,0
2024-01-05 09:00:00,7385.9599609375,7388.72998046875,7363.7001953125,7369.919921875,0
2024-01-05 10:00:00,7369.240234375,7380.830078125,7350.2998046875,7364.72998046875,0
2024-01-05 11:00:00,7365.66015625,7374.10986328125,7355.60009765625,7373.56005859375,0
2024-01-05 12:00:00,7373.47021484375,7376.10009765625,7363.580078125,7369.02001953125,0
2024-01-05 13:00:00,7369.10009765625,7390.77001953125,7352.89013671875,7387.5,0
2024-01-05 14:00:00,7387.5,7417.68017578125,7381.52978515625,7414.97021484375,0
2024-01-05 15:00:00,7414.89990234375,7441.10009765625,7414.89990234375,7436.77001953125,0
2024-01-05 16:00:00,7435.7900390625,7436.06005859375,7420.39990234375,7421.97998046875,0
2024-01-08 08:00:00,7406.240234375,7428.47021484375,7402.6201171875,7415.97021484375,0
2024-01-08 09:00:00,7415.10986328125,7415.52001953125,7376.2001953125,7403.830078125,0
2024-01-08 10:00:00,7403.419921875,7417.72998046875,7402.33984375,7408.759765625,0
2024-01-08 11:00:00,7409.47021484375,7418.14013671875,7402.06982421875,7414.47021484375,0
2024-01-08 12:00:00,7414.72998046875,7422.669921875,7413.330078125,7421.97998046875,0
2024-01-08 13:00:00,7422.43017578125,7429.81005859375,7416.1298828125,7418.10986328125,0
2024-01-08 14:00:00,7418.10009765625,7443.740234375,7417.14990234375,7443.740234375,0
2024-01-08 15:00:00,7443.85986328125,7450.06982421875,7436.77001953125,7442.02978515625,0
2024-01-08 16:00:00,7441.1298828125,7447.06982421875,7433.740234375,7443.58984375,0
2024-01-09 08:00:00,7457.259765625,7460.18017578125,7424.2099609375,7440.509765625,0
2024-01-09 09:00:00,7440.52001953125,7451.56005859375,7419.56005859375,7448.35986328125,0
2024-01-09 10:00:00,7447.6201171875,7447.6201171875,7432.60009765625,7434.8798828125,0
2024-01-09 11:00:00,7435.0498046875,7436.06982421875,7412.1298828125,7416.77001953125,0
2024-01-09 12:00:00,7416.39013671875,7427.7001953125,7412.60009765625,7422.75,0
2024-01-09 13:00:00,7422.60009765625,7423.490234375,7400.6201171875,7409.0,0
2024-01-09 14:00:00,7409.2001953125,7416.39013671875,7405.4599609375,7412.06982421875,0
2024-01-09 15:00:00,7412.60009765625,7434.0,7406.72021484375,7427.83984375,0
2024-01-09 16:00:00,7427.259765625,7430.990234375,7422.3798828125,7427.990234375,0
2024-01-10 08:00:00,7428.259765625,7437.06982421875,7413.4599609375,7434.14990234375,0
2024-01-10 09:00:00,7433.990234375,7454.31982421875,7431.58984375,7443.2001953125,0
2024-01-10 10:00:00,7443.27978515625,7444.4501953125,7423.919921875,7427.06005859375,0
2024-01-10 11:00:00,7426.89013671875,7432.1298828125,7410.72021484375,7413.8701171875,0
2024-01-10 12:00:00,7414.06982421875,7430.259765625,7412.22998046875,7412.77978515625,0
2024-01-10 13:00:00,7412.60986328125,7431.2998046875,7409.52978515625,7416.1201171875,0
2024-01-10 14:00:00,7415.27001953125,7428.330078125,7414.0400390625,7421.27978515625,0
2024-01-10 15:00:00,7421.169921875,7422.4501953125,7411.4501953125,7422.16015625,0
2024-01-10 16:00:00,7421.81005859375,7424.10986328125,7419.14990234375,7423.0400390625,0
2024-01-11 08:00:00,7466.10986328125,7479.419921875,7458.1298828125,7476.4599609375,0
2024-01-11 09:00:00,7475.990234375,7475.990234375,7443.259765625,7448.6201171875,0
2024-01-11 10:00:00,7448.66015625,7451.02978515625,7426.52978515625,7436.91015625,0
2024-01-11 11:00:00,7436.60986328125,7444.58984375,7435.22021484375,7436.25,0
2024-01-11 12:00:00,7435.669921875,7447.25,7430.68994140625,7436.64990234375,0
2024-01-11 13:00:00,7436.93017578125,7451.6298828125,7415.14013671875,7415.14013671875,0
2024-01-11 14:00:00,7415.06982421875,7458.27001953125,7412.27978515625,7438.0400390625,0
2024-01-11 15:00:00,7438.52978515625,7438.52978515625,7385.60986328125,7385.97998046875,0
2024-01-11 16:00:00,7385.58984375,7391.47998046875,7382.8798828125,7383.7099609375,0
2024-01-12 08:00:00,7412.68017578125,7474.169921875,7408.4599609375,7470.8701171875,0
2024-01-12 09:00:00,7471.10009765625,7476.4501953125,7459.33984375,7461.83984375,0
2024-01-12 10:00:00,7461.97021484375,7476.22998046875,7453.0400390625,7455.68994140625,0
2024-01-12 11:00:00,7455.97021484375,7466.31982421875,7424.6201171875,7436.22021484375,0
2024-01-12 12:00:00,7438.60009765625,7446.580078125,7431.93994140625,7433.68994140625,0
2024-01-12 13:00:00,7432.68994140625,7452.8798828125,7431.33984375,7452.669921875,0
2024-01-12 14:00:00,7453.259765625,7478.66015625,7450.93994140625,7462.27001953125,0
2024-01-12 15:00:00,7460.66015625,7467.77978515625,7446.10986328125,7452.68994140625,0
2024-01-12 16:00:00,7452.31982421875,7460.06982421875,7450.16015625,7458.0498046875,0
2024-01-15 08:00:00,7467.7998046875,7479.27001953125,7431.85986328125,7433.02978515625,0
2024-01-15 09:00:00,7432.77978515625,7456.02001953125,7421.66015625,7445.47021484375,0
2024-01-15 10:00:00,7445.419921875,7453.259765625,7440.81005859375,7453.259765625,0
2024-01-15 11:00:00,7453.14990234375,7454.10009765625,7431.27001953125,7432.81005859375,0
2024-01-15 12:00:00,7432.97021484375,7435.06005859375,7422.4599609375,7422.81005859375,0
2024-01-15 13:00:00,7422.8798828125,7423.56005859375,7410.2001953125,7410.2001953125,0
2024-01-15 14:00:00,7410.22998046875,7410.60986328125,7401.06982421875,7410.60986328125,0
2024-01-15 15:00:00,7410.5,7418.080078125,7405.81005859375,7411.14013671875,0
2024-01-15 16:00:00,7411.39013671875,7416.64013671875,7408.52978515625,7412.81982421875,0
2024-01-16 08:00:00,7364.10986328125,7387.47998046875,7343.52001953125,7375.58984375,0
2024-01-16 09:00:00,7375.169921875,7391.7099609375,7371.8701171875,7378.27978515625,0
2024-01-16 10:00:00,7378.259765625,7378.39990234375,7364.5,7365.240234375,0
2024-01-16 11:00:00,7365.89013671875,7386.02001953125,7363.7900390625,7386.02001953125,0
2024-01-16 12:00:00,7386.27978515625,7398.89013671875,7383.0498046875,7395.72998046875,0
2024-01-16 13:00:00,7395.7900390625,7397.990234375,7377.91015625,7378.5498046875,0
2024-01-16 14:00:00,7378.68994140625,7387.81005859375,7372.0400390625,7387.81005859375,0
2024-01-16 15:00:00,7388.58984375,7399.2900390625,7384.0498046875,7398.7001953125,0
2024-01-16 16:00:00,7397.81005859375,7397.81005859375,7383.10009765625,7391.6201171875,0
2024-01-17 08:00:00,7313.259765625,7322.419921875,7291.4599609375,7309.56982421875,0
2024-01-17 09:00:00,7308.64013671875,7323.25,7294.93017578125,7316.5498046875,0
2024-01-17 10:00:00,7316.740234375,7320.97021484375,7306.93994140625,7309.10009765625,0
2024-01-17 11:00:00,7309.81005859375,7314.990234375,7301.0498046875,7311.52978515625,0
2024-01-17 12:00:00,7311.85986328125,7323.06005859375,7310.16015625,7314.7998046875,0
2024-01-17 13:00:00,7314.60986328125,7314.60986328125,7296.93994140625,7298.5,0
2024-01-17 14:00:00,7299.06982421875,7304.1298828125,7283.1201171875,7283.1201171875,0
2024-01-17 15:00:00,7282.509765625,7307.85986328125,7281.93994140625,7301.7001953125,0
2024-01-17 16:00:00,7301.89990234375,7322.4599609375,7301.89990234375,7317.5400390625,0
2024-01-18 08:00:00,7346.7099609375,7346.7099609375,7326.4501953125,7334.490234375,0
2024-01-18 09:00:00,7333.31982421875,7356.240234375,7333.31982421875,7353.97998046875,0
2024-01-18 10:00:00,7354.02978515625,7368.72021484375,7341.31982421875,7368.72021484375,0
2024-01-18 11:00:00,7368.93994140625,7379.47021484375,7368.93994140625,7379.080078125,0
2024-01-18 12:00:00,7378.8798828125,7394.509765625,7378.8798828125,7387.97021484375,0
2024-01-18 13:00:00,7388.06005859375,7399.89990234375,7379.43994140625,7379.43994140625,0
2024-01-18 14:00:00,7379.02978515625,7396.18994140625,7379.02978515625,7394.509765625,0
2024-01-18 15:00:00,7395.02001953125,7409.64013671875,7391.009765625,7395.0,0
2024-01-18 16:00:00,7394.7900390625,7405.75,7389.7998046875,7401.8701171875,0
2024-01-19 08:00:00,7446.81982421875,7446.81982421875,7417.75,7424.9501953125,0
2024-01-19 09:00:00,7424.830078125,7430.02978515625,7404.64990234375,7412.56005859375,0
2024-01-19 10:00:00,7412.77978515625,7413.47021484375,7397.0,7406.58984375,0
2024-01-19 11:00:00,7406.490234375,7418.35009765625,7405.0,7409.0,0
2024-01-19 12:00:00,7408.580078125,7408.60986328125,7397.1201171875,7404.56005859375,0
2024-01-19 13:00:00,7404.64013671875,7408.9501953125,7382.740234375,7383.31005859375,0
2024-01-19 14:00:00,7383.14990234375,7383.14990234375,7355.22998046875,7365.91015625,0
2024-01-19 15:00:00,7366.990234375,7374.7001953125,7350.68017578125,7370.240234375,0
2024-01-19 16:00:00,7370.60009765625,7375.1298828125,7365.72998046875,7369.68017578125,0
2024-01-22 08:00:00,7436.60986328125,7453.2099609375,7422.18994140625,7424.56005859375,0
2024-01-22 09:00:00,7424.990234375,7430.3701171875,7406.5498046875,7407.22998046875,0
2024-01-22 10:00:00,7407.2900390625,7411.509765625,7391.68994140625,7404.18994140625,0
2024-01-22 11:00:00,7404.2099609375,7414.6201171875,7399.2998046875,7400.56005859375,0
2024-01-22 12:00:00,7399.1201171875,7404.5400390625,7390.68017578125,7396.39013671875,0
2024-01-22 13:00:00,7396.77001953125,7410.2998046875,7394.39013671875,7408.240234375,0
2024-01-22 14:00:00,7408.22021484375,7423.3701171875,7406.2099609375,7418.39990234375,0
2024-01-22 15:00:00,7419.080078125,7426.35009765625,7414.419921875,7419.52001953125,0
2024-01-22 16:00:00,7419.0,7419.33984375,7413.52978515625,7415.31005859375,0
2024-01-23 08:00:00,7449.3798828125,7449.3798828125,7386.919921875,7388.56982421875,0
2024-01-23 09:00:00,7389.830078125,7403.52001953125,7389.830078125,7399.759765625,0
2024-01-23 10:00:00,7399.6298828125,7400.830078125,7390.259765625,7396.259765625,0
2024-01-23 11:00:00,7396.259765625,7401.72021484375,7377.60009765625,7396.02001953125,0
2024-01-23 12:00:00,7397.60009765625,7399.64990234375,7387.60986328125,7396.97021484375,0
2024-01-23 13:00:00,7397.56005859375,7400.75,7385.10986328125,7385.10986328125,0
2024-01-23 14:00:00,7385.2900390625,7391.830078125,7373.22021484375,7391.830078125,0
2024-01-23 15:00:00,7391.759765625,7398.85986328125,7377.60986328125,7382.18994140625,0
2024-01-23 16:00:00,7382.2900390625,7394.10009765625,7382.2900390625,7386.93994140625,0
2024-01-24 08:00:00,7414.759765625,7432.22998046875,7403.8701171875,7428.27978515625,0
2024-01-24 09:00:00,7426.56982421875,7432.490234375,7415.22998046875,7431.89013671875,0
2024-01-24 10:00:00,7430.06005859375,7439.759765625,7423.93994140625,7439.759765625,0
2024-01-24 11:00:00,7440.1298828125,7456.419921875,7440.1298828125,7454.75,0
2024-01-24 12:00:00,7455.080078125,7459.22998046875,7447.22021484375,7451.91015625,0
2024-01-24 13:00:00,7451.97998046875,7458.6298828125,7447.9599609375,7454.97998046875,0
2024-01-24 14:00:00,7454.85986328125,7466.919921875,7451.47021484375,7454.509765625,0
2024-01-24 15:00:00,7453.60986328125,7459.080078125,7444.2099609375,7449.330078125,0
2024-01-24 16:00:00,7449.33984375,7459.580078125,7446.58984375,7458.10986328125,0
2024-01-25 08:00:00,7448.0498046875,7453.06005859375,7439.490234375,7450.56005859375,0
2024-01-25 09:00:00,7451.64990234375,7460.52001953125,7442.27978515625,7455.89990234375,0
2024-01-25 10:00:00,7455.41015625,7455.41015625,7425.5,7428.669921875,0
2024-01-25 11:00:00,7428.31982421875,7429.27001953125,7415.58984375,7420.47998046875,0
2024-01-25 12:00:00,7420.2998046875,7422.27001953125,7410.89013671875,7412.02001953125,0
2024-01-25 13:00:00,7412.22998046875,7450.7099609375,7411.72021484375,7443.66015625,0
2024-01-25 14:00:00,7443.64013671875,7466.27001953125,7442.5400390625,7463.83984375,0
2024-01-25 15:00:00,7463.52978515625,7465.830078125,7446.22998046875,7450.2900390625,0
2024-01-25 16:00:00,7449.97998046875,7462.93994140625,7448.6298828125,7462.41015625,0
2024-01-26 08:00:00,7555.0498046875,7581.490234375,7553.64990234375,7580.009765625,0
2024-01-26 09:00:00,7579.68994140625,7609.22998046875,7567.06005859375,7606.8798828125,0
2024-01-26 10:00:00,7606.18994140625,7621.1298828125,7606.14990234375,7609.83984375,0
2024-01-26 11:00:00,7609.919921875,7623.919921875,7607.66015625,7618.39013671875,0
2024-01-26 12:00:00,7618.75,7641.2900390625,7618.75,7630.06982421875,0
2024-01-26 13:00:00,7630.22998046875,7642.10986328125,7622.3701171875,7638.2998046875,0
2024-01-26 14:00:00,7638.7099609375,7643.0498046875,7626.8701171875,7642.259765625,0
2024-01-26 15:00:00,7642.9599609375,7645.740234375,7634.9501953125,7641.5400390625,0
2024-01-26 16:00:00,7642.0,7642.0,7629.7001953125,7636.60009765625,0
2024-01-29 08:00:00,7643.0400390625,7649.18994140625,7629.16015625,7637.81982421875,0
2024-01-29 09:00:00,7637.009765625,7643.56005859375,7626.52001953125,7632.2998046875,0
2024-01-29 10:00:00,7633.08984375,7642.35009765625,7630.75,7635.7900390625,0
2024-01-29 11:00:00,7635.52978515625,7639.31982421875,7631.419921875,7631.419921875,0
2024-01-29 12:00:00,7631.39013671875,7636.6298828125,7623.60009765625,7624.0498046875,0
2024-01-29 13:00:00,7623.08984375,7627.93017578125,7620.52978515625,7625.93994140625,0
2024-01-29 14:00:00,7626.009765625,7639.9501953125,7625.27978515625,7639.9501953125,0
2024-01-29 15:00:00,7640.25,7640.25,7630.330078125,7637.2001953125,0
2024-01-29 16:00:00,7637.080078125,7641.330078125,7635.72998046875,7639.56005859375,0
2024-01-30 08:00:00,7660.64990234375,7670.22998046875,7644.72998046875,7659.93017578125,0
2024-01-30 09:00:00,7659.89013671875,7668.60009765625,7655.60986328125,7663.490234375,0
2024-01-30 10:00:00,7663.5,7678.81982421875,7662.5,7675.7099609375,0
2024-01-30 11:00:00,7676.14990234375,7679.7998046875,7671.18994140625,7678.68017578125,0
2024-01-30 12:00:00,7678.43994140625,7682.77978515625,7670.509765625,7670.85986328125,0
2024-01-30 13:00:00,7670.830078125,7678.77978515625,7661.6298828125,7677.77001953125,0
2024-01-30 14:00:00,7677.60986328125,7684.2001953125,7669.64990234375,7684.08984375,0
2024-01-30 15:00:00,7686.02978515625,7686.02978515625,7670.35986328125,7672.6298828125,0
2024-01-30 16:00:00,7672.3701171875,7682.72998046875,7672.35986328125,7681.990234375,0
2024-01-31 08:00:00,7691.66015625,7702.9501953125,7678.990234375,7691.43994140625,0
2024-01-31 09:00:00,7692.2998046875,7693.169921875,7676.169921875,7676.2001953125,0
2024-01-31 10:00:00,7675.97021484375,7683.89013671875,7673.72021484375,7683.580078125,0
2024-01-31 11:00:00,7683.5,7691.25,7680.16015625,7687.89990234375,0
2024-01-31 12:00:00,7686.22998046875,7689.830078125,7679.669921875,7689.43994140625,0
2024-01-31 13:00:00,7689.16015625,7694.22021484375,7685.06005859375,7692.990234375,0
2024-01-31 14:00:00,7692.39990234375,7693.2998046875,7672.7998046875,7675.89990234375,0
2024-01-31 15:00:00,7675.56982421875,7676.7001953125,7653.4501953125,7656.93994140625,0
2024-01-31 16:00:00,7656.52001953125,7668.5,7653.5498046875,7655.8701171875,0
2024-02-01 08:00:00,7590.14990234375,7614.669921875,7581.830078125,7610.58984375,0
2024-02-01 09:00:00,7610.35009765625,7612.47998046875,7590.81005859375,7592.72998046875,0
2024-02-01 10:00:00,7592.8701171875,7602.81005859375,7591.2001953125,7600.85986328125,0
2024-02-01 11:00:00,7601.1201171875,7604.31982421875,7589.08984375,7601.5,0
2024-02-01 12:00:00,7602.240234375,7612.39013671875,7598.58984375,7612.240234375,0
2024-02-01 13:00:00,7612.27978515625,7619.27001953125,7607.259765625,7613.35009765625,0
2024-02-01 14:00:00,7614.06982421875,7618.7099609375,7602.3798828125,7604.18994140625,0
2024-02-01 15:00:00,7605.0498046875,7620.93017578125,7580.89990234375,7580.89990234375,0
2024-02-01 16:00:00,7580.22998046875,7584.35009765625,7570.06982421875,7575.25,0
2024-02-02 08:00:00,7624.4501953125,7629.08984375,7606.43017578125,7621.2998046875,0
2024-02-02 09:00:00,7621.490234375,7637.31005859375,7621.490234375,7629.9599609375,0
2024-02-02 10:00:00,7630.60009765625,7637.33984375,7626.2900390625,7626.2900390625,0
2024-02-02 11:00:00,7626.08984375,7638.509765625,7619.8701171875,7638.509765625,0
2024-02-02 12:00:00,7638.89013671875,7644.1298828125,7634.35009765625,7639.81005859375,0
2024-02-02 13:00:00,7637.81982421875,7639.31982421875,7604.89013671875,7605.7001953125,0
2024-02-02 14:00:00,7604.97021484375,7617.60986328125,7592.56982421875,7597.259765625,0
2024-02-02 15:00:00,7599.35009765625,7612.97998046875,7594.02001953125,7605.8701171875,0
2024-02-02 16:00:00,7604.68017578125,7605.2900390625,7588.5,7594.3701171875,0
2024-02-05 08:00:00,7591.77001953125,7605.009765625,7586.009765625,7586.6201171875,0
2024-02-05 09:00:00,7587.06005859375,7588.5,7576.0400390625,7581.080078125,0
2024-02-05 10:00:00,7581.35009765625,7602.740234375,7581.35009765625,7598.919921875,0
2024-02-05 11:00:00,7598.89990234375,7604.990234375,7590.2900390625,7601.72998046875,0
2024-02-05 12:00:00,7601.52001953125,7606.1201171875,7596.06005859375,7598.169921875,0
2024-02-05 13:00:00,7598.31005859375,7598.7001953125,7575.419921875,7578.91015625,0
2024-02-05 14:00:00,7578.740234375,7589.2900390625,7576.39990234375,7582.169921875,0
2024-02-05 15:00:00,7582.259765625,7582.259765625,7558.22998046875,7576.419921875,0
2024-02-05 16:00:00,7577.3798828125,7586.22998046875,7574.22021484375,7579.9501953125,0
2024-02-06 08:00:00,7634.18994140625,7638.009765625,7602.7900390625,7603.83984375,0
2024-02-06 09:00:00,7603.5498046875,7614.669921875,7598.580078125,7599.740234375,0
2024-02-06 10:00:00,7599.89990234375,7609.4599609375,7592.08984375,7608.60009765625,0
2024-02-06 11:00:00,7608.7099609375,7610.6201171875,7598.4501953125,7610.08984375,0
2024-02-06 12:00:00,7610.10009765625,7622.2998046875,7608.7099609375,7619.85009765625,0
2024-02-06 13:00:00,7619.509765625,7630.0400390625,7619.509765625,7622.52978515625,0
2024-02-06 14:00:00,7622.2998046875,7636.080078125,7616.919921875,7630.2998046875,0
2024-02-06 15:00:00,7630.16015625,7641.33984375,7624.83984375,7633.830078125,0
2024-02-06 16:00:00,7633.740234375,7641.6298828125,7632.08984375,7641.08984375,0
2024-02-07 08:00:00,7632.83984375,7652.14013671875,7632.83984375,7652.0498046875,0
2024-02-07 09:00:00,7652.85009765625,7652.85009765625,7638.1201171875,7641.52001953125,0
2024-02-07 10:00:00,7641.22998046875,7645.27978515625,7623.7001953125,7624.509765625,0
2024-02-07 11:00:00,7624.3701171875,7630.169921875,7620.0498046875,7622.77001953125,0
2024-02-07 12:00:00,7623.08984375,7635.419921875,7618.56005859375,7634.18994140625,0
2024-02-07 13:00:00,7633.85986328125,7638.740234375,7626.22021484375,7630.60986328125,0
2024-02-07 14:00:00,7630.5,7633.56982421875,7618.39990234375,7622.97998046875,0
2024-02-07 15:00:00,7623.02978515625,7632.43994140625,7619.08984375,7620.66015625,0
2024-02-07 16:00:00,7621.1201171875,7621.1201171875,7610.18017578125,7610.35986328125,0
2024-02-08 08:00:00,7628.60009765625,7629.91015625,7607.4599609375,7624.080078125,0
2024-02-08 09:00:00,7624.580078125,7662.52001953125,7622.22998046875,7662.14013671875,0
2024-02-08 10:00:00,7661.33984375,7661.81982421875,7644.6201171875,7645.97998046875,0
2024-02-08 11:00:00,7645.759765625,7651.490234375,7635.4599609375,7651.33984375,0
2024-02-08 12:00:00,7651.35986328125,7668.33984375,7648.64990234375,7661.27978515625,0
2024-02-08 13:00:00,7661.4501953125,7675.259765625,7658.6298828125,7673.97021484375,0
2024-02-08 14:00:00,7674.18017578125,7685.4599609375,7673.830078125,7677.990234375,0
2024-02-08 15:00:00,7677.1298828125,7683.35986328125,7664.0400390625,7664.0400390625,0
2024-02-08 16:00:00,7663.85986328125,7665.68017578125,7658.830078125,7660.5498046875,0
2024-02-09 08:00:00,7652.4501953125,7659.25,7643.22021484375,7655.60009765625,0
2024-02-09 09:00:00,7655.1201171875,7655.419921875,7643.4501953125,7653.18017578125,0
2024-02-09 10:00:00,7653.4501953125,7668.18994140625,7649.2900390625,7665.0400390625,0
2024-02-09 11:00:00,7664.97998046875,7664.97998046875,7650.64990234375,7652.89990234375,0
2024-02-09 12:00:00,7652.7998046875,7667.580078125,7652.7998046875,7664.25,0
2024-02-09 13:00:00,7662.9599609375,7668.0,7652.81005859375,7653.10009765625,0
2024-02-09 14:00:00,7652.759765625,7659.64013671875,7632.02001953125,7634.43017578125,0
2024-02-09 15:00:00,7635.93017578125,7638.77978515625,7617.740234375,7638.77978515625,0
2024-02-09 16:00:00,7639.2099609375,7651.4501953125,7637.06005859375,7647.759765625,0
2024-02-12 08:00:00,7674.14013671875,7691.83984375,7667.91015625,7667.91015625,0
2024-02-12 09:00:00,7667.64013671875,7683.64013671875,7667.080078125,7682.509765625,0
2024-02-12 10:00:00,7682.2900390625,7692.81982421875,7681.25,7685.02001953125,0
2024-02-12 11:00:00,7685.10009765625,7685.31005859375,7671.5498046875,7671.81005859375,0
2024-02-12 12:00:00,7671.8798828125,7678.14013671875,7670.68994140625,7674.75,0
2024-02-12 13:00:00,7674.83984375,7680.9501953125,7663.3798828125,7665.97021484375,0
2024-02-12 14:00:00,7667.0,7683.64013671875,7666.91015625,7682.830078125,0
2024-02-12 15:00:00,7683.47021484375,7693.080078125,7681.0,7686.31005859375,0
2024-02-12 16:00:00,7685.47021484375,7687.66015625,7683.22998046875,7687.60986328125,0
2024-02-13 08:00:00,7689.0498046875,7691.18994140625,7662.490234375,7666.740234375,0
2024-02-13 09:00:00,7666.259765625,7670.06005859375,7656.669921875,7670.06005859375,0
2024-02-13 10:00:00,7670.47021484375,7673.97021484375,7660.9599609375,7664.830078125,0
2024-02-13 11:00:00,7665.35986328125,7667.759765625,7654.2001953125,7655.06982421875,0
2024-02-13 12:00:00,7655.2900390625,7657.2001953125,7648.60986328125,7649.4599609375,0
2024-02-13 13:00:00,7649.740234375,7662.43994140625,7620.72021484375,7622.16015625,0
2024-02-13 14:00:00,7621.5498046875,7626.35009765625,7605.1298828125,7605.9501953125,0
2024-02-13 15:00:00,7606.580078125,7615.35986328125,7598.02001953125,7609.4599609375,0
2024-02-13 16:00:00,7610.1298828125,7625.4501953125,7610.1298828125,7621.60009765625,0
2024-02-14 08:00:00,7610.06005859375,7643.56005859375,7610.06005859375,7636.330078125,0
2024-02-14 09:00:00,7636.72998046875,7655.490234375,7635.669921875,7652.27001953125,0
2024-02-14 10:00:00,7652.06005859375,7660.0498046875,7648.93994140625,7657.52978515625,0
2024-02-14 11:00:00,7657.27978515625,7669.31982421875,7654.2998046875,7668.35009765625,0
2024-02-14 12:00:00,7669.27001953125,7673.77978515625,7668.60009765625,7671.27978515625,0
2024-02-14 13:00:00,7671.41015625,7678.77978515625,7669.41015625,7670.41015625,0
2024-02-14 14:00:00,7670.0,7670.77978515625,7660.27978515625,7667.33984375,0
2024-02-14 15:00:00,7667.14990234375,7681.02978515625,7665.580078125,7674.47998046875,0
2024-02-14 16:00:00,7673.35986328125,7679.0498046875,7667.35986328125,7676.52001953125,0
2024-02-15 08:00:00,7724.490234375,7750.06982421875,7724.490234375,7746.169921875,0
2024-02-15 09:00:00,7745.9599609375,7749.64990234375,7740.18017578125,7746.81982421875,0
2024-02-15 10:00:00,7747.16015625,7749.2001953125,7725.14990234375,7734.31005859375,0
2024-02-15 11:00:00,7734.22998046875,7739.27978515625,7728.85986328125,7738.60986328125,0
2024-02-15 12:00:00,7738.85009765625,7752.2900390625,7738.85009765625,7750.2099609375,0
2024-02-15 13:00:00,7750.39990234375,7752.35009765625,7733.89990234375,7739.06982421875,0
2024-02-15 14:00:00,7739.18994140625,7748.02001953125,7728.22998046875,7743.6201171875,0
2024-02-15 15:00:00,7744.18017578125,7747.759765625,7738.2099609375,7746.52001953125,0
2024-02-15 16:00:00,7746.18017578125,7746.5400390625,7740.83984375,7743.39990234375,0
2024-02-16 08:00:00,7774.39013671875,7797.240234375,7774.39013671875,7788.22021484375,0
2024-02-16 09:00:00,7788.22021484375,7794.27978515625,7778.7900390625,7782.97998046875,0
2024-02-16 10:00:00,7782.669921875,7800.91015625,7781.68994140625,7790.7001953125,0
2024-02-16 11:00:00,7791.35009765625,7792.419921875,7783.10009765625,7783.240234375,0
2024-02-16 12:00:00,7783.4599609375,7787.669921875,7778.77001953125,7780.81005859375,0
2024-02-16 13:00:00,7780.58984375,7784.39990234375,7767.83984375,7779.5400390625,0
2024-02-16 14:00:00,7779.66015625,7779.91015625,7756.580078125,7763.22998046875,0
2024-02-16 15:00:00,7761.97021484375,7775.240234375,7757.66015625,7769.39013671875,0
2024-02-16 16:00:00,7769.75,7773.4501953125,7767.6201171875,7769.52001953125,0
2024-02-19 08:00:00,7742.8701171875,7752.580078125,7734.56005859375,7738.89013671875,0
2024-02-19 09:00:00,7738.75,7743.47021484375,7727.9599609375,7742.8798828125,0
2024-02-19 10:00:00,7743.35009765625,7743.35009765625,7730.56982421875,7737.60009765625,0
2024-02-19 11:00:00,7737.64990234375,7747.7998046875,7736.35986328125,7745.56005859375,0
2024-02-19 12:00:00,7745.89013671875,7751.56005859375,7745.22998046875,7750.25,0
2024-02-19 13:00:00,7750.2900390625,7754.47998046875,7748.68994140625,7751.47021484375,0
2024-02-19 14:00:00,7752.0498046875,7759.60986328125,7748.7001953125,7758.259765625,0
2024-02-19 15:00:00,7758.08984375,7766.39990234375,7756.240234375,7764.1298828125,0
2024-02-19 16:00:00,7763.64013671875,7769.1298828125,7763.52978515625,7765.919921875,0
2024-02-20 08:00:00,7764.5,7790.740234375,7757.490234375,7788.85009765625,0
2024-02-20 09:00:00,7788.41015625,7796.06005859375,7784.02978515625,7793.3798828125,0
2024-02-20 10:00:00,7793.259765625,7798.64990234375,7788.4599609375,7788.4599609375,0
2024-02-20 11:00:00,7788.35986328125,7791.759765625,7783.39013671875,7791.259765625,0
2024-02-20 12:00:00,7791.77978515625,7798.81005859375,7788.330078125,7790.56982421875,0
2024-02-20 13:00:00,7790.56005859375,7794.72998046875,7775.1298828125,7778.6298828125,0
2024-02-20 14:00:00,7777.8798828125,7789.35986328125,7775.35009765625,7787.2998046875,0
2024-02-20 15:00:00,7786.77978515625,7801.35009765625,7783.81005859375,7800.6201171875,0
2024-02-20 16:00:00,7800.31005859375,7804.5400390625,7799.1201171875,7801.2001953125,0
2024-02-21 08:00:00,7802.0400390625,7809.47021484375,7788.97021484375,7791.68017578125,0
2024-02-21 09:00:00,7792.27001953125,7816.64013671875,7792.27001953125,7814.419921875,0
2024-02-21 10:00:00,7813.7998046875,7821.93017578125,7812.240234375,7815.97998046875,0
2024-02-21 11:00:00,7816.39990234375,7818.0400390625,7799.97021484375,7807.8798828125,0
2024-02-21 12:00:00,7808.35986328125,7815.91015625,7806.77978515625,7812.06005859375,0
2024-02-21 13:00:00,7812.64013671875,7812.64013671875,7795.60009765625,7796.60986328125,0
2024-02-21 14:00:00,7796.39990234375,7811.5,7788.68017578125,7807.81005859375,0
2024-02-21 15:00:00,7807.740234375,7812.58984375,7795.18017578125,7806.259765625,0
2024-02-21 16:00:00,7805.9599609375,7813.0400390625,7804.759765625,7809.56982421875,0
2024-02-22 08:00:00,7875.8798828125,7907.7900390625,7875.8798828125,7876.22998046875,0
2024-02-22 09:00:00,7876.7099609375,7876.7099609375,7855.009765625,7865.22021484375,0
2024-02-22 10:00:00,7864.72998046875,7874.330078125,7858.3798828125,7874.330078125,0
2024-02-22 11:00:00,7874.759765625,7894.080078125,7870.47998046875,7892.16015625,0
2024-02-22 12:00:00,7891.7998046875,7904.68994140625,7888.330078125,7892.759765625,0
2024-02-22 13:00:00,7892.8701171875,7902.77978515625,7889.16015625,7896.4599609375,0
2024-02-22 14:00:00,7896.509765625,7923.9599609375,7896.169921875,7919.759765625,0
2024-02-22 15:00:00,7918.3701171875,7919.5400390625,7904.8701171875,7907.77001953125,0
2024-02-22 16:00:00,7906.8701171875,7919.83984375,7905.1298828125,7916.10009765625,0
2024-02-23 08:00:00,7921.9501953125,7930.68017578125,7907.83984375,7917.31982421875,0
2024-02-23 09:00:00,7917.10986328125,7931.18994140625,7914.89990234375,7929.52978515625,0
2024-02-23 10:00:00,7929.68017578125,7942.31982421875,7927.8798828125,7938.39990234375,0
2024-02-23 11:00:00,7938.77001953125,7956.259765625,7936.830078125,7955.009765625,0
2024-02-23 12:00:00,7955.06982421875,7961.81982421875,7954.10986328125,7957.91015625,0
2024-02-23 13:00:00,7957.919921875,7970.14013671875,7956.77001953125,7960.0498046875,0
2024-02-23 14:00:00,7959.9599609375,7974.3798828125,7959.60986328125,7974.3798828125,0
2024-02-23 15:00:00,7974.35009765625,7976.39990234375,7966.27978515625,7967.56982421875,0
2024-02-23 16:00:00,7967.77001953125,7968.33984375,7957.1201171875,7967.47021484375,0
2024-02-26 08:00:00,7950.14990234375,7953.14990234375,7931.81982421875,7936.81982421875,0
2024-02-26 09:00:00,7936.27001953125,7939.81982421875,7929.47998046875,7935.14990234375,0
2024-02-26 10:00:00,7934.919921875,7939.75,7931.85986328125,7936.85986328125,0
2024-02-26 11:00:00,7936.58984375,7945.5,7936.58984375,7942.66015625,0
2024-02-26 12:00:00,7943.58984375,7944.39990234375,7935.240234375,7937.509765625,0
2024-02-26 13:00:00,7937.66015625,7943.759765625,7937.66015625,7941.259765625,0
2024-02-26 14:00:00,7941.27001953125,7941.27001953125,7932.02001953125,7938.35009765625,0
2024-02-26 15:00:00,7937.22998046875,7943.1298828125,7928.02978515625,7929.919921875,0
2024-02-26 16:00:00,7929.89013671875,7931.22998046875,7922.89013671875,7928.68017578125,0
2024-02-27 08:00:00,7926.68017578125,7941.4599609375,7917.080078125,7917.080078125,0
2024-02-27 09:00:00,7917.10986328125,7937.2900390625,7917.10986328125,7927.31005859375,0
2024-02-27 10:00:00,7927.240234375,7936.10009765625,7925.7900390625,7934.89013671875,0
2024-02-27 11:00:00,7934.56982421875,7934.72998046875,7926.52978515625,7933.64990234375,0
2024-02-27 12:00:00,7932.9501953125,7950.72998046875,7932.58984375,7945.81005859375,0
2024-02-27 13:00:00,7945.7099609375,7947.72021484375,7922.39013671875,7936.18994140625,0
2024-02-27 14:00:00,7936.8798828125,7951.68017578125,7932.81005859375,7948.31982421875,0
2024-02-27 15:00:00,7948.14990234375,7955.47998046875,7945.22998046875,7952.919921875,0
2024-02-27 16:00:00,7953.35986328125,7954.2998046875,7949.60009765625,7952.81005859375,0
2024-02-28 08:00:00,7947.22998046875,7956.72998046875,7938.43994140625,7947.64013671875,0
2024-02-28 09:00:00,7947.22021484375,7955.2099609375,7938.6298828125,7938.6298828125,0
2024-02-28 10:00:00,7938.97998046875,7953.419921875,7938.2001953125,7941.93994140625,0
2024-02-28 11:00:00,7941.93994140625,7952.06982421875,7934.68994140625,7945.47021484375,0
2024-02-28 12:00:00,7945.47998046875,7945.9501953125,7931.669921875,7939.240234375,0
2024-02-28 13:00:00,7939.3701171875,7949.97021484375,7935.66015625,7939.60009765625,0
2024-02-28 14:00:00,7940.06005859375,7944.7998046875,7936.02978515625,7938.06982421875,0
2024-02-28 15:00:00,7938.14990234375,7949.81005859375,7937.5400390625,7948.759765625,0
2024-02-28 16:00:00,7948.02001953125,7953.85986328125,7947.2998046875,7952.27978515625,0
2024-02-29 08:00:00,7972.85986328125,7977.68017578125,7961.0,7972.64013671875,0
2024-02-29 09:00:00,7971.64990234375,7971.64990234375,7955.4599609375,7965.419921875,0
2024-02-29 10:00:00,7965.02001953125,7966.7001953125,7948.39990234375,7950.47021484375,0
2024-02-29 11:00:00,7950.419921875,7963.64013671875,7950.419921875,7956.85986328125,0
2024-02-29 12:00:00,7957.91015625,7957.91015625,7946.35986328125,7946.35986328125,0
2024-02-29 13:00:00,7946.0,7958.22998046875,7937.1298828125,7951.02001953125,0
2024-02-29 14:00:00,7951.25,7963.0498046875,7946.4501953125,7952.85009765625,0
2024-02-29 15:00:00,7953.490234375,7956.080078125,7935.6298828125,7935.6298828125,0
2024-02-29 16:00:00,7934.0,7942.93994140625,7932.1298828125,7942.66015625,0
2024-03-01 08:00:00,7950.66015625,7964.77978515625,7917.97021484375,7922.06005859375,0
2024-03-01 09:00:00,7922.4501953125,7943.3798828125,7922.4501953125,7935.7099609375,0
2024-03-01 10:00:00,7936.10009765625,7936.10009765625,7900.47998046875,7907.7001953125,0
2024-03-01 11:00:00,7907.7001953125,7932.0,7907.7001953125,7931.9501953125,0
2024-03-01 12:00:00,7933.27001953125,7935.18994140625,7919.52978515625,7933.0498046875,0
2024-03-01 13:00:00,7932.6298828125,7935.0400390625,7922.419921875,7922.419921875,0
2024-03-01 14:00:00,7922.10009765625,7938.77978515625,7903.8798828125,7904.419921875,0
2024-03-01 15:00:00,7905.18017578125,7938.64990234375,7902.66015625,7936.580078125,0
2024-03-01 16:00:00,7936.990234375,7936.990234375,7927.39013671875,7928.66015625,0
2024-03-04 08:00:00,7934.35009765625,7935.22998046875,7916.7099609375,7922.22021484375,0
2024-03-04 09:00:00,7922.8701171875,7936.18994140625,7922.8701171875,7932.27001953125,0
2024-03-04 10:00:00,7932.27001953125,7940.64013671875,7930.41015625,7935.8798828125,0
2024-03-04 11:00:00,7936.39013671875,7937.52978515625,7926.14013671875,7936.330078125,0
2024-03-04 12:00:00,7937.02001953125,7951.75,7936.68017578125,7944.419921875,0
2024-03-04 13:00:00,7944.419921875,7951.2099609375,7938.06005859375,7944.740234375,0
2024-03-04 14:00:00,7945.1201171875,7945.1201171875,7933.75,7937.56982421875,0
2024-03-04 15:00:00,7937.60986328125,7945.14013671875,7929.10986328125,7945.14013671875,0
2024-03-04 16:00:00,7945.990234375,7952.7998046875,7945.77001953125,7952.72021484375,0
2024-03-05 08:00:00,7946.89013671875,7952.919921875,7926.47998046875,7928.1201171875,0
2024-03-05 09:00:00,7928.0,7942.18994140625,7927.18994140625,7936.66015625,0
2024-03-05 10:00:00,7936.77978515625,7955.169921875,7936.77978515625,7952.3701171875,0
2024-03-05 11:00:00,7951.91015625,7963.9599609375,7951.91015625,7956.64990234375,0
2024-03-05 12:00:00,7956.6201171875,7961.25,7947.83984375,7947.83984375,0
2024-03-05 13:00:00,7947.85986328125,7954.16015625,7938.75,7943.919921875,0
2024-03-05 14:00:00,7943.4599609375,7947.759765625,7934.9599609375,7946.919921875,0
2024-03-05 15:00:00,7946.419921875,7956.35986328125,7923.7099609375,7926.259765625,0
2024-03-05 16:00:00,7926.52978515625,7933.89013671875,7926.47021484375,7931.22021484375,0
2024-03-06 08:00:00,7925.7900390625,7951.9501953125,7919.75,7946.1201171875,0
2024-03-06 09:00:00,7946.56005859375,7956.56982421875,7946.169921875,7954.08984375,0
2024-03-06 10:00:00,7953.240234375,7955.56005859375,7933.9501953125,7935.919921875,0
2024-03-06 11:00:00,7936.1201171875,7941.10009765625,7930.52001953125,7931.830078125,0
2024-03-06 12:00:00,7929.52001953125,7949.830078125,7929.52001953125,7944.56005859375,0
2024-03-06 13:00:00,7944.419921875,7950.669921875,7936.669921875,7950.4599609375,0
2024-03-06 14:00:00,7950.4501953125,7967.66015625,7950.4501953125,7964.06982421875,0
2024-03-06 15:00:00,7961.72021484375,7969.4501953125,7952.35986328125,7953.77001953125,0
2024-03-06 16:00:00,7953.7099609375,7958.18994140625,7953.06005859375,7955.52978515625,0
2024-03-07 08:00:00,7925.41015625,7938.60986328125,7905.41015625,7935.35986328125,0
2024-03-07 09:00:00,7935.22998046875,7943.43017578125,7926.66015625,7940.56005859375,0
2024-03-07 10:00:00,7940.41015625,7964.35986328125,7940.41015625,7962.39990234375,0
2024-03-07 11:00:00,7961.52001953125,7967.580078125,7960.85009765625,7965.68994140625,0
2024-03-07 12:00:00,7965.81005859375,7973.58984375,7964.43994140625,7968.02978515625,0
2024-03-07 13:00:00,7967.990234375,8011.419921875,7959.0,8007.6201171875,0
2024-03-07 14:00:00,8008.3798828125,8027.27978515625,7997.5498046875,8026.41015625,0
2024-03-07 15:00:00,8026.66015625,8029.3701171875,8016.509765625,8025.580078125,0
2024-03-07 16:00:00,8027.18017578125,8028.18017578125,8018.419921875,8025.5,0
2024-03-08 08:00:00,8018.10009765625,8022.97021484375,8008.0400390625,8018.43017578125,0
2024-03-08 09:00:00,8019.39990234375,8031.27001953125,8015.72998046875,8024.89013671875,0
2024-03-08 10:00:00,8024.990234375,8037.52978515625,8024.990234375,8034.89990234375,0
2024-03-08 11:00:00,8035.52001953125,8041.75,8022.27978515625,8023.3798828125,0
2024-03-08 12:00:00,8023.9501953125,8023.9501953125,8013.58984375,8019.580078125,0
2024-03-08 13:00:00,8019.89990234375,8045.41015625,8014.7900390625,8035.27001953125,0
2024-03-08 14:00:00,8035.64990234375,8048.08984375,8025.58984375,8030.39013671875,0
2024-03-08 15:00:00,8029.89990234375,8041.52978515625,8024.240234375,8039.52978515625,0
2024-03-08 16:00:00,8039.830078125,8039.9501953125,8029.330078125,8029.330078125,0
2024-03-11 08:00:00,7985.3701171875,8012.990234375,7985.3701171875,7998.68017578125,0
2024-03-11 09:00:00,8000.68994140625,8008.68994140625,7987.7001953125,7998.5,0
2024-03-11 10:00:00,7998.6298828125,8005.990234375,7988.39013671875,8003.06982421875,0
2024-03-11 11:00:00,8003.52978515625,8016.60986328125,8001.85009765625,8011.419921875,0
2024-03-11 12:00:00,8011.169921875,8011.169921875,7995.0,8009.52978515625,0
2024-03-11 13:00:00,8009.77978515625,8025.41015625,8007.64990234375,8013.5,0
2024-03-11 14:00:00,8013.5,8015.27001953125,7984.06005859375,7993.60986328125,0
2024-03-11 15:00:00,7994.7001953125,8010.2099609375,7989.6298828125,8009.89990234375,0
2024-03-11 16:00:00,8009.4501953125,8020.580078125,8009.4501953125,8020.47998046875,0
2024-03-12 08:00:00,8052.16015625,8058.35986328125,8021.25,8024.580078125,0
2024-03-12 09:00:00,8025.1201171875,8037.919921875,8018.1298828125,8018.1298828125,0
2024-03-12 10:00:00,8018.330078125,8029.47998046875,8017.89013671875,8025.85009765625,0
2024-03-12 11:00:00,8025.22998046875,8028.5400390625,8016.4501953125,8022.64013671875,0
2024-03-12 12:00:00,8022.490234375,8042.77001953125,8000.22998046875,8028.6201171875,0
2024-03-12 13:00:00,8028.10009765625,8044.18994140625,8020.89990234375,8044.18994140625,0
2024-03-12 14:00:00,8045.52978515625,8065.8701171875,8037.419921875,8061.14013671875,0
2024-03-12 15:00:00,8061.52001953125,8094.06982421875,8060.259765625,8093.2998046875,0
2024-03-12 16:00:00,8093.93994140625,8093.93994140625,8088.89990234375,8092.97998046875,0
2024-03-13 08:00:00,8104.33984375,8107.41015625,8090.31005859375,8103.02001953125,0
2024-03-13 09:00:00,8103.10009765625,8124.89990234375,8103.10009765625,8123.7900390625,0
2024-03-13 10:00:00,8124.02978515625,8131.990234375,8122.33984375,8128.330078125,0
2024-03-13 11:00:00,8128.080078125,8137.35986328125,8123.18994140625,8129.22998046875,0
2024-03-13 12:00:00,8128.8798828125,8131.39990234375,8118.8701171875,8131.39990234375,0
2024-03-13 13:00:00,8131.31005859375,8147.83984375,8129.18017578125,8146.9599609375,0
2024-03-13 14:00:00,8146.81982421875,8156.64013671875,8139.39990234375,8143.93994140625,0
2024-03-13 15:00:00,8142.47021484375,8149.58984375,8138.8701171875,8146.47021484375,0
2024-03-13 16:00:00,8145.35009765625,8148.0498046875,8140.91015625,8140.91015625,0
2024-03-14 08:00:00,8158.27001953125,8202.8896484375,8158.27001953125,8202.2001953125,0
2024-03-14 09:00:00,8202.01953125,8209.51953125,8192.3203125,8208.5,0
2024-03-14 10:00:00,8208.4501953125,8213.9296875,8202.8798828125,8210.1796875,0
2024-03-14 11:00:00,8209.990234375,8218.0703125,8199.2001953125,8202.5302734375,0
2024-03-14 12:00:00,8202.419921875,8206.08984375,8194.3095703125,8199.9501953125,0
2024-03-14 13:00:00,8198.7001953125,8202.3701171875,8168.75,8170.10009765625,0
2024-03-14 14:00:00,8170.27001953125,8180.3701171875,8153.68994140625,8156.759765625,0
2024-03-14 15:00:00,8156.83984375,8164.2099609375,8156.10986328125,8163.52001953125,0
2024-03-14 16:00:00,8162.7998046875,8164.0,8156.85986328125,8163.080078125,0
2024-03-15 08:00:00,8163.18994140625,8175.68994140625,8155.68994140625,8166.080078125,0
2024-03-15 09:00:00,8165.18994140625,8186.10009765625,8160.14013671875,8185.58984375,0
2024-03-15 10:00:00,8185.25,8204.2802734375,8180.22021484375,8193.759765625,0
2024-03-15 11:00:00,8192.580078125,8210.73046875,8184.22021484375,8207.6298828125,0
2024-03-15 12:00:00,8207.9404296875,8211.0,8199.650390625,8204.419921875,0
2024-03-15 13:00:00,8204.1201171875,8206.3603515625,8190.35009765625,8195.9599609375,0
2024-03-15 14:00:00,8195.5400390625,8212.0498046875,8192.8603515625,8210.2900390625,0
2024-03-15 15:00:00,8212.6904296875,8212.6904296875,8196.01953125,8197.8701171875,0
2024-03-15 16:00:00,8197.23046875,8198.51953125,8182.080078125,8182.080078125,0
2024-03-18 08:00:00,8175.97998046875,8179.81005859375,8152.10009765625,8173.39990234375,0
2024-03-18 09:00:00,8174.31982421875,8183.31005859375,8159.14990234375,8176.91015625,0
2024-03-18 10:00:00,8177.0,8181.39990234375,8165.31005859375,8167.56005859375,0
2024-03-18 11:00:00,8167.93994140625,8184.33984375,8166.77001953125,8175.990234375,0
2024-03-18 12:00:00,8176.14013671875,8183.3798828125,8162.2099609375,8164.580078125,0
2024-03-18 13:00:00,8165.08984375,8171.43017578125,8146.10986328125,8147.35009765625,0
2024-03-18 14:00:00,8147.10986328125,8153.2099609375,8134.14013671875,8140.93994140625,0
2024-03-18 15:00:00,8141.83984375,8148.41015625,8136.41015625,8147.3701171875,0
2024-03-18 16:00:00,8147.509765625,8155.6201171875,8146.39013671875,8154.64990234375,0
2024-03-19 08:00:00,8145.5,8162.68994140625,8140.60009765625,8153.2900390625,0
2024-03-19 09:00:00,8152.60009765625,8172.47998046875,8149.9599609375,8167.759765625,0
2024-03-19 10:00:00,8168.22021484375,8183.10986328125,8164.89013671875,8172.22998046875,0
2024-03-19 11:00:00,8171.0498046875,8171.7099609375,8158.06982421875,8171.490234375,0
2024-03-19 12:00:00,8171.5400390625,8188.669921875,8165.06982421875,8188.14013671875,0
2024-03-19 13:00:00,8188.27978515625,8191.830078125,8181.009765625,8191.0,0
2024-03-19 14:00:00,8191.66015625,8191.66015625,8177.43017578125,8183.6298828125,0
2024-03-19 15:00:00,8182.3798828125,8194.8896484375,8177.9599609375,8194.5,0
2024-03-19 16:00:00,8194.650390625,8200.8798828125,8191.02001953125,8200.8798828125,0
2024-03-20 08:00:00,8149.7099609375,8158.919921875,8125.64990234375,8139.64013671875,0
2024-03-20 09:00:00,8140.3701171875,8143.5498046875,8128.58984375,8143.5498046875,0
2024-03-20 10:00:00,8143.72998046875,8158.89990234375,8139.22998046875,8153.43017578125,0
2024-03-20 11:00:00,8154.009765625,8163.509765625,8151.419921875,8155.10009765625,0
2024-03-20 12:00:00,8154.6298828125,8155.83984375,8145.93994140625,8153.10009765625,0
2024-03-20 13:00:00,8152.77001953125,8160.9599609375,8144.89990234375,8159.68994140625,0
2024-03-20 14:00:00,8159.77001953125,8163.58984375,8151.89990234375,8158.97021484375,0
2024-03-20 15:00:00,8159.330078125,8168.22998046875,8147.919921875,8154.06005859375,0
2024-03-20 16:00:00,8153.990234375,8165.08984375,8153.10009765625,8163.33984375,0
2024-03-21 08:00:00,8228.7099609375,8229.25,8192.1904296875,8192.1904296875,0
2024-03-21 09:00:00,8192.3701171875,8193.1396484375,8158.66015625,8158.66015625,0
2024-03-21 10:00:00,8158.669921875,8164.0498046875,8142.31982421875,8142.56982421875,0
2024-03-21 11:00:00,8142.259765625,8155.580078125,8139.52001953125,8154.02978515625,0
2024-03-21 12:00:00,8154.47021484375,8162.75,8154.47021484375,8156.47998046875,0
2024-03-21 13:00:00,8155.83984375,8177.18994140625,8151.240234375,8170.68017578125,0
2024-03-21 14:00:00,8171.35009765625,8185.0400390625,8162.35986328125,8178.31982421875,0
2024-03-21 15:00:00,8178.39990234375,8183.22021484375,8172.740234375,8180.7998046875,0
2024-03-21 16:00:00,8180.6298828125,8181.89013671875,8173.85986328125,8181.68017578125,0
2024-03-22 08:00:00,8149.22998046875,8164.58984375,8148.81005859375,8163.60009765625,0
2024-03-22 09:00:00,8162.080078125,8172.52001953125,8157.68017578125,8168.509765625,0
2024-03-22 10:00:00,8168.009765625,8179.31982421875,8162.72021484375,8165.02001953125,0
2024-03-22 11:00:00,8165.7001953125,8172.35986328125,8142.7998046875,8143.52001953125,0
2024-03-22 12:00:00,8143.1201171875,8154.2001953125,8129.169921875,8153.56982421875,0
2024-03-22 13:00:00,8153.68017578125,8166.2001953125,8139.56005859375,8139.56005859375,0
2024-03-22 14:00:00,8139.1201171875,8145.7099609375,8133.08984375,8141.56005859375,0
2024-03-22 15:00:00,8142.16015625,8152.16015625,8141.2900390625,8148.81005859375,0
2024-03-22 16:00:00,8148.83984375,8154.169921875,8148.1201171875,8151.93994140625,0
2024-03-25 08:00:00,8147.7998046875,8159.9501953125,8138.27001953125,8143.52001953125,0
2024-03-25 09:00:00,8143.02978515625,8143.02978515625,8121.580078125,8121.580078125,0
2024-03-25 10:00:00,8119.25,8122.22021484375,8101.830078125,8119.3701171875,0
2024-03-25 11:00:00,8119.6201171875,8124.72021484375,8112.509765625,8114.490234375,0
2024-03-25 12:00:00,8114.75,8127.9599609375,8112.0498046875,8122.66015625,0
2024-03-25 13:00:00,8122.85009765625,8146.93994140625,8122.85009765625,8146.66015625,0
2024-03-25 14:00:00,8148.4501953125,8165.68994140625,8148.4501953125,8162.009765625,0
2024-03-25 15:00:00,8162.91015625,8165.9501953125,8153.68994140625,8153.91015625,0
2024-03-25 16:00:00,8153.759765625,8159.5400390625,8150.009765625,8159.10009765625,0
2024-03-26 08:00:00,8160.64013671875,8162.490234375,8137.7900390625,8138.6298828125,0
2024-03-26 09:00:00,8138.39013671875,8162.89990234375,8136.64013671875,8162.89990234375,0
2024-03-26 10:00:00,8163.169921875,8176.60009765625,8158.10986328125,8164.490234375,0
2024-03-26 11:00:00,8164.39990234375,8175.64990234375,8160.330078125,8173.7001953125,0
2024-03-26 12:00:00,8174.080078125,8183.35986328125,8170.0,8177.7099609375,0
2024-03-26 13:00:00,8177.8798828125,8180.490234375,8165.27978515625,8173.56982421875,0
2024-03-26 14:00:00,8174.60986328125,8188.0498046875,8173.47998046875,8181.14013671875,0
2024-03-26 15:00:00,8181.4501953125,8182.64013671875,8167.2001953125,8170.64990234375,0
2024-03-26 16:00:00,8170.85009765625,8188.52978515625,8170.580078125,8188.52978515625,0
2024-03-27 08:00:00,8186.06982421875,8190.6201171875,8174.89013671875,8176.08984375,0
2024-03-27 09:00:00,8175.47021484375,8187.5400390625,8174.259765625,8186.02001953125,0
2024-03-27 10:00:00,8185.740234375,8197.98046875,8181.47998046875,8194.150390625,0
2024-03-27 11:00:00,8194.83984375,8209.419921875,8193.6396484375,8205.0400390625,0
2024-03-27 12:00:00,8205.1796875,8221.16015625,8204.9501953125,8220.330078125,0
2024-03-27 13:00:00,8220.4599609375,8224.099609375,8209.349609375,8218.0,0
2024-03-27 14:00:00,8217.5302734375,8230.3798828125,8210.919921875,8218.919921875,0
2024-03-27 15:00:00,8218.73046875,8221.419921875,8205.76953125,8206.9697265625,0
2024-03-27 16:00:00,8206.2001953125,8206.2001953125,8196.01953125,8200.4599609375,0
2024-03-28 08:00:00,8216.76953125,8243.330078125,8214.990234375,8236.0400390625,0
2024-03-28 09:00:00,8236.5400390625,8251.599609375,8233.419921875,8250.0703125,0
2024-03-28 10:00:00,8249.259765625,8253.58984375,8239.8701171875,8239.8701171875,0
2024-03-28 11:00:00,8239.8095703125,8245.1298828125,8216.740234375,8225.1298828125,0
2024-03-28 12:00:00,8224.9404296875,8231.16015625,8218.900390625,8224.1796875,0
2024-03-28 13:00:00,8223.98046875,8227.599609375,8214.7197265625,8216.8095703125,0
2024-03-28 14:00:00,8216.26953125,8219.6904296875,8210.2099609375,8214.4501953125,0
2024-03-28 15:00:00,8215.650390625,8221.3798828125,8209.3603515625,8211.76953125,0
2024-03-28 16:00:00,8211.509765625,8215.5595703125,8207.849609375,8212.7998046875,0
2024-04-02 07:00:00,8195.650390625,8240.83984375,8195.650390625,8238.2197265625,0
2024-04-02 08:00:00,8236.4697265625,8253.0498046875,8205.400390625,8210.01953125,0
2024-04-02 09:00:00,8209.8798828125,8228.099609375,8209.6396484375,8219.3203125,0
2024-04-02 10:00:00,8219.419921875,8219.419921875,8201.0,8209.5,0
2024-04-02 11:00:00,8208.9697265625,8211.75,8194.73046875,8195.759765625,0
2024-04-02 12:00:00,8195.9697265625,8198.2099609375,8172.669921875,8172.669921875,0
2024-04-02 13:00:00,8172.60986328125,8172.60986328125,8122.18017578125,8130.7900390625,0
2024-04-02 14:00:00,8130.97021484375,8140.7998046875,8121.39013671875,8126.509765625,0
2024-04-02 15:00:00,8126.0498046875,8136.83984375,8122.580078125,8131.759765625,0
2024-04-03 07:00:00,8144.9599609375,8147.31982421875,8120.9501953125,8129.1298828125,0
2024-04-03 08:00:00,8129.39990234375,8144.35009765625,8128.169921875,8139.14990234375,0
2024-04-03 09:00:00,8138.72998046875,8159.72021484375,8137.77978515625,8151.990234375,0
2024-04-03 10:00:00,8152.14990234375,8154.27001953125,8139.8701171875,8146.31005859375,0
2024-04-03 11:00:00,8146.16015625,8148.85009765625,8137.27001953125,8147.81982421875,0
2024-04-03 12:00:00,8147.52001953125,8149.77978515625,8132.64990234375,8135.52978515625,0
2024-04-03 13:00:00,8136.0400390625,8146.35986328125,8136.0400390625,8141.8798828125,0
2024-04-03 14:00:00,8141.68017578125,8159.7998046875,8141.68017578125,8152.14990234375,0
2024-04-03 15:00:00,8152.4501953125,8160.0400390625,8151.60986328125,8158.0,0
2024-04-04 07:00:00,8154.41015625,8170.2998046875,8142.31005859375,8168.2001953125,0
2024-04-04 08:00:00,8168.259765625,8189.66015625,8168.259765625,8170.4599609375,0
2024-04-04 09:00:00,8169.93017578125,8170.509765625,8157.7900390625,8158.72998046875,0
2024-04-04 10:00:00,8158.6298828125,8165.77978515625,8152.77001953125,8165.02978515625,0
2024-04-04 11:00:00,8165.56005859375,8167.60986328125,8147.10986328125,8154.9501953125,0
2024-04-04 12:00:00,8155.02001953125,8155.14013671875,8137.97998046875,8151.85009765625,0
2024-04-04 13:00:00,8150.77978515625,8163.7001953125,8147.58984375,8156.68017578125,0
2024-04-04 14:00:00,8157.7900390625,8163.52001953125,8153.43994140625,8157.64013671875,0
2024-04-04 15:00:00,8157.93017578125,8159.10009765625,8152.830078125,8157.89990234375,0
2024-04-05 07:00:00,8050.25,8060.5400390625,8041.5,8051.27001953125,0
2024-04-05 08:00:00,8051.08984375,8058.8701171875,8028.580078125,8031.31982421875,0
2024-04-05 09:00:00,8031.64013671875,8044.10009765625,8024.35009765625,8039.0,0
2024-04-05 10:00:00,8040.02978515625,8044.52978515625,8028.830078125,8036.56005859375,0
2024-04-05 11:00:00,8039.669921875,8040.83984375,8024.1201171875,8024.22998046875,0
2024-04-05 12:00:00,8024.330078125,8045.7001953125,8019.2900390625,8037.830078125,0
2024-04-05 13:00:00,8037.8701171875,8048.419921875,8025.93017578125,8045.06982421875,0
2024-04-05 14:00:00,8045.1201171875,8057.68017578125,8029.60986328125,8057.2099609375,0
2024-04-05 15:00:00,8057.81982421875,8062.009765625,8049.72021484375,8056.990234375,0
2024-04-08 07:00:00,8050.02001953125,8115.91015625,8049.509765625,8105.4599609375,0
2024-04-08 08:00:00,8105.2998046875,8109.169921875,8087.60009765625,8091.259765625,0
2024-04-08 09:00:00,8091.52001953125,8108.669921875,8089.77978515625,8107.02001953125,0
2024-04-08 10:00:00,8107.259765625,8115.85009765625,8099.18017578125,8114.18017578125,0
2024-04-08 11:00:00,8114.14013671875,8117.5,8103.02001953125,8108.759765625,0
2024-04-08 12:00:00,8108.18994140625,8133.2900390625,8103.169921875,8129.7900390625,0
2024-04-08 13:00:00,8129.8701171875,8145.22021484375,8128.93017578125,8133.759765625,0
2024-04-08 14:00:00,8133.169921875,8133.169921875,8114.93017578125,8119.93017578125,0
2024-04-08 15:00:00,8117.81005859375,8127.68017578125,8116.52978515625,8121.89990234375,0
2024-04-09 07:00:00,8090.47021484375,8100.81005859375,8083.2099609375,8086.080078125,0
2024-04-09 08:00:00,8086.0400390625,8093.3798828125,8072.7900390625,8077.22021484375,0
2024-04-09 09:00:00,8077.25,8083.22998046875,8066.7001953125,8072.60009765625,0
2024-04-09 10:00:00,8072.2998046875,8080.8798828125,8054.35986328125,8068.89990234375,0
2024-04-09 11:00:00,8068.990234375,8088.93017578125,8068.990234375,8088.85986328125,0
2024-04-09 12:00:00,8088.81005859375,8103.2001953125,8088.81005859375,8091.0400390625,0
2024-04-09 13:00:00,8091.75,8094.43994140625,8053.169921875,8061.22998046875,0
2024-04-09 14:00:00,8062.490234375,8068.2998046875,8032.27001953125,8043.240234375,0
2024-04-09 15:00:00,8042.2998046875,8051.06005859375,8038.35986328125,8048.14990234375,0
2024-04-10 07:00:00,8101.0400390625,8101.1201171875,8079.66015625,8085.6298828125,0
2024-04-10 08:00:00,8085.4501953125,8097.06005859375,8080.740234375,8096.93017578125,0
2024-04-10 09:00:00,8096.35986328125,8098.740234375,8083.72998046875,8085.81982421875,0
2024-04-10 10:00:00,8085.81005859375,8094.31005859375,8079.22998046875,8091.259765625,0
2024-04-10 11:00:00,8091.169921875,8101.47021484375,8090.39990234375,8101.06005859375,0
2024-04-10 12:00:00,8100.740234375,8100.97021484375,7999.1201171875,8001.35986328125,0
2024-04-10 13:00:00,8003.35009765625,8015.5400390625,7976.009765625,8007.4501953125,0
2024-04-10 14:00:00,8005.91015625,8059.2099609375,8004.419921875,8041.35009765625,0
2024-04-10 15:00:00,8040.56982421875,8043.97021484375,8036.85009765625,8042.5400390625,0
2024-04-11 07:00:00,8048.16015625,8092.81982421875,8048.16015625,8088.5498046875,0
2024-04-11 08:00:00,8088.39013671875,8091.43017578125,8053.08984375,8053.08984375,0
2024-04-11 09:00:00,8050.990234375,8056.66015625,8038.8798828125,8045.5498046875,0
2024-04-11 10:00:00,8045.2998046875,8046.18017578125,8026.7900390625,8032.43994140625,0
2024-04-11 11:00:00,8032.7998046875,8036.9599609375,8014.4599609375,8021.56982421875,0
2024-04-11 12:00:00,8019.41015625,8063.9501953125,8015.91015625,8055.080078125,0
2024-04-11 13:00:00,8055.2099609375,8080.830078125,8044.7900390625,8047.06982421875,0
2024-04-11 14:00:00,8045.8701171875,8045.8701171875,7974.06005859375,7999.18994140625,0
2024-04-11 15:00:00,7998.5498046875,8020.60986328125,7997.64013671875,8017.8701171875,0
2024-04-12 07:00:00,8092.4501953125,8107.509765625,8092.10986328125,8107.02978515625,0
2024-04-12 08:00:00,8108.009765625,8118.02001953125,8100.7001953125,8108.39990234375,0
2024-04-12 09:00:00,8108.08984375,8110.10009765625,8078.580078125,8091.2099609375,0
2024-04-12 10:00:00,8091.35986328125,8100.3798828125,8075.9599609375,8084.830078125,0
2024-04-12 11:00:00,8084.27001953125,8094.02001953125,8078.35009765625,8088.41015625,0
2024-04-12 12:00:00,8088.81005859375,8092.1201171875,8016.14013671875,8016.14013671875,0
2024-04-12 13:00:00,8014.4501953125,8053.47998046875,7993.509765625,8031.419921875,0
2024-04-12 14:00:00,8035.68017578125,8035.68017578125,7984.68994140625,7984.68994140625,0
2024-04-12 15:00:00,7985.0400390625,8000.14013671875,7980.39013671875,7999.91015625,0
2024-04-15 07:00:00,8051.259765625,8069.27978515625,8034.43994140625,8052.259765625,0
2024-04-15 08:00:00,8052.68994140625,8065.8798828125,8047.68017578125,8058.27978515625,0
2024-04-15 09:00:00,8056.64990234375,8070.43017578125,8053.47998046875,8062.64990234375,0
2024-04-15 10:00:00,8062.64013671875,8075.31982421875,8061.18017578125,8067.43017578125,0
2024-04-15 11:00:00,8068.3701171875,8096.919921875,8068.3701171875,8096.919921875,0
2024-04-15 12:00:00,8097.35986328125,8126.3798828125,8089.080078125,8108.35009765625,0
2024-04-15 13:00:00,8108.39013671875,8117.56005859375,8103.72021484375,8109.41015625,0
2024-04-15 14:00:00,8109.35009765625,8109.47021484375,8046.68994140625,8047.240234375,0
2024-04-15 15:00:00,8046.02001953125,8046.02001953125,8028.83984375,8038.35986328125,0
2024-04-16 07:00:00,7899.35986328125,7947.2001953125,7899.35986328125,7942.16015625,0
2024-04-16 08:00:00,7942.72021484375,7952.0,7931.85986328125,7944.25,0
2024-04-16 09:00:00,7943.8701171875,7955.91015625,7931.41015625,7937.0498046875,0
2024-04-16 10:00:00,7938.3701171875,7948.47021484375,7931.919921875,7942.06005859375,0
2024-04-16 11:00:00,7942.2001953125,7972.72998046875,7940.81005859375,7972.5498046875,0
2024-04-16 12:00:00,7972.47998046875,7975.9599609375,7956.1201171875,7962.81982421875,0
2024-04-16 13:00:00,7962.10986328125,7963.22021484375,7906.68017578125,7928.56982421875,0
2024-04-16 14:00:00,7926.6201171875,7941.8701171875,7909.72998046875,7913.27978515625,0
2024-04-16 15:00:00,7913.18994140625,7925.5498046875,7911.93994140625,7921.97021484375,0
2024-04-17 07:00:00,7958.52001953125,7994.91015625,7958.0,7994.91015625,0
2024-04-17 08:00:00,7994.64990234375,8031.10986328125,7989.22021484375,8022.47998046875,0
2024-04-17 09:00:00,8022.72021484375,8031.60009765625,8008.1201171875,8024.2099609375,0
2024-04-17 10:00:00,8023.259765625,8044.14013671875,8023.10009765625,8037.1201171875,0
2024-04-17 11:00:00,8036.64990234375,8041.990234375,8030.43017578125,8036.1201171875,0
2024-04-17 12:00:00,8036.240234375,8042.97998046875,8021.31982421875,8039.31982421875,0
2024-04-17 13:00:00,8039.7998046875,8060.990234375,8031.39013671875,8032.330078125,0
2024-04-17 14:00:00,8032.16015625,8032.16015625,7991.009765625,7994.0400390625,0
2024-04-17 15:00:00,7994.490234375,8002.85009765625,7991.27001953125,7997.41015625,0
2024-04-18 07:00:00,8013.91015625,8032.18017578125,8004.97998046875,8019.02001953125,0
2024-04-18 08:00:00,8018.64013671875,8029.39013671875,8012.68017578125,8021.240234375,0
2024-04-18 09:00:00,8022.330078125,8027.35986328125,8007.56005859375,8015.02978515625,0
2024-04-18 10:00:00,8015.3798828125,8019.6298828125,8004.58984375,8015.43994140625,0
2024-04-18 11:00:00,8015.41015625,8017.52001953125,8003.669921875,8013.3701171875,0
2024-04-18 12:00:00,8013.3798828125,8014.35986328125,7985.7900390625,7992.7099609375,0
2024-04-18 13:00:00,7994.08984375,8009.9501953125,7976.39990234375,8003.919921875,0
2024-04-18 14:00:00,8001.18017578125,8035.7099609375,8001.18017578125,8026.419921875,0
2024-04-18 15:00:00,8026.43017578125,8039.18994140625,8022.52978515625,8033.759765625,0
2024-04-19 07:00:00,7971.68017578125,7982.91015625,7946.83984375,7971.7998046875,0
2024-04-19 08:00:00,7970.89013671875,7981.89013671875,7948.419921875,7956.0400390625,0
2024-04-19 09:00:00,7956.10986328125,8009.2099609375,7956.10986328125,8001.5,0
2024-04-19 10:00:00,7996.669921875,8004.25,7988.72021484375,8000.259765625,0
2024-04-19 11:00:00,8001.240234375,8017.97021484375,7990.1201171875,8013.419921875,0
2024-04-19 12:00:00,8013.830078125,8026.1201171875,8001.68994140625,8025.52001953125,0
2024-04-19 13:00:00,8025.169921875,8034.330078125,8009.81005859375,8018.02001953125,0
2024-04-19 14:00:00,8021.64990234375,8039.47998046875,8019.18994140625,8021.22998046875,0
2024-04-19 15:00:00,8021.080078125,8029.58984375,8017.669921875,8022.919921875,0
2024-04-22 07:00:00,8068.14013671875,8071.56982421875,8011.7998046875,8015.9599609375,0
2024-04-22 08:00:00,8015.0400390625,8022.06005859375,8007.4501953125,8021.7998046875,0
2024-04-22 09:00:00,8021.68994140625,8049.18017578125,8021.06005859375,8043.0400390625,0
2024-04-22 10:00:00,8042.419921875,8051.3798828125,8031.259765625,8035.990234375,0
2024-04-22 11:00:00,8036.58984375,8045.7998046875,8029.3701171875,8042.5400390625,0
2024-04-22 12:00:00,8041.68017578125,8049.02001953125,8030.5400390625,8048.5400390625,0
2024-04-22 13:00:00,8048.35009765625,8054.52001953125,8033.080078125,8041.1201171875,0
2024-04-22 14:00:00,8040.6298828125,8058.41015625,8040.02978515625,8050.60009765625,0
2024-04-22 15:00:00,8050.580078125,8051.31982421875,8035.669921875,8039.52978515625,0
2024-04-23 07:00:00,8064.31982421875,8082.77001953125,8052.56982421875,8054.77001953125,0
2024-04-23 08:00:00,8054.52001953125,8068.47021484375,8054.52001953125,8064.10009765625,0
2024-04-23 09:00:00,8063.009765625,8072.2998046875,8062.490234375,8069.97021484375,0
2024-04-23 10:00:00,8069.97998046875,8099.18017578125,8069.10009765625,8097.6298828125,0
2024-04-23 11:00:00,8098.56982421875,8105.22021484375,8074.580078125,8076.0498046875,0
2024-04-23 12:00:00,8076.35009765625,8085.25,8064.080078125,8084.60009765625,0
2024-04-23 13:00:00,8085.240234375,8091.43017578125,8075.60986328125,8086.740234375,0
2024-04-23 14:00:00,8086.2099609375,8106.64013671875,8081.2099609375,8105.33984375,0
2024-04-23 15:00:00,8104.64013671875,8111.169921875,8096.0,8111.169921875,0
2024-04-24 07:00:00,8105.22021484375,8117.6201171875,8082.52001953125,8114.97021484375,0
2024-04-24 08:00:00,8114.0,8126.35009765625,8111.93994140625,8114.669921875,0
2024-04-24 09:00:00,8114.27001953125,8129.240234375,8114.27001953125,8128.4599609375,0
2024-04-24 10:00:00,8127.0498046875,8142.06005859375,8127.0498046875,8134.39013671875,0
2024-04-24 11:00:00,8133.68017578125,8141.68994140625,8131.22021484375,8139.18994140625,0
2024-04-24 12:00:00,8139.1298828125,8146.9599609375,8131.27001953125,8132.02978515625,0
2024-04-24 13:00:00,8131.14013671875,8132.18994140625,8109.56005859375,8109.56005859375,0
2024-04-24 14:00:00,8108.5400390625,8112.83984375,8081.759765625,8082.89013671875,0
2024-04-24 15:00:00,8082.080078125,8086.33984375,8078.77001953125,8084.2900390625,0
2024-04-25 07:00:00,8094.5498046875,8095.43017578125,8057.490234375,8066.83984375,0
2024-04-25 08:00:00,8066.5498046875,8071.81005859375,8055.8701171875,8059.56982421875,0
2024-04-25 09:00:00,8059.7900390625,8059.7900390625,8043.31982421875,8046.0,0
2024-04-25 10:00:00,8046.68994140625,8046.68994140625,8017.85009765625,8017.919921875,0
2024-04-25 11:00:00,8017.22998046875,8031.56982421875,8008.02001953125,8031.18017578125,0
2024-04-25 12:00:00,8030.64990234375,8031.22998046875,7975.35009765625,7980.27001953125,0
2024-04-25 13:00:00,7978.7998046875,7985.35986328125,7957.60009765625,7965.56005859375,0
2024-04-25 14:00:00,7964.52001953125,8014.009765625,7955.509765625,8013.990234375,0
2024-04-25 15:00:00,8015.52001953125,8023.080078125,8015.0498046875,8021.5,0
2024-04-26 07:00:00,8072.22998046875,8073.759765625,8033.22998046875,8039.7998046875,0
2024-04-26 08:00:00,8039.31005859375,8048.0400390625,8035.9501953125,8037.080078125,0
2024-04-26 09:00:00,8036.7099609375,8043.10986328125,8024.6201171875,8040.52001953125,0
2024-04-26 10:00:00,8040.06005859375,8040.52978515625,8029.27978515625,8038.27978515625,0
2024-04-26 11:00:00,8038.490234375,8048.72998046875,8035.22021484375,8045.27001953125,0
2024-04-26 12:00:00,8045.490234375,8068.2998046875,8040.97021484375,8054.47021484375,0
2024-04-26 13:00:00,8054.64013671875,8096.43994140625,8052.3798828125,8090.47998046875,0
2024-04-26 14:00:00,8090.89013671875,8114.6298828125,8090.89013671875,8093.72021484375,0
2024-04-26 15:00:00,8093.9501953125,8100.68994140625,8090.02978515625,8093.2001953125,0
2024-04-29 07:00:00,8116.43017578125,8128.0,8109.8701171875,8117.85009765625,0
2024-04-29 08:00:00,8118.93017578125,8118.93017578125,8105.1201171875,8107.740234375,0
2024-04-29 09:00:00,8107.669921875,8110.35986328125,8093.330078125,8094.83984375,0
2024-04-29 10:00:00,8095.60986328125,8102.02978515625,8091.56005859375,8094.66015625,0
2024-04-29 11:00:00,8095.72998046875,8099.08984375,8089.509765625,8095.740234375,0
2024-04-29 12:00:00,8096.27978515625,8100.60986328125,8090.60009765625,8096.009765625,0
2024-04-29 13:00:00,8095.58984375,8098.9599609375,8073.85986328125,8073.85986328125,0
2024-04-29 14:00:00,8075.009765625,8080.43994140625,8071.93017578125,8077.9599609375,0
2024-04-29 15:00:00,8077.6298828125,8077.6298828125,8072.31005859375,8072.9599609375,0
2024-04-30 07:00:00,8073.64013671875,8081.7099609375,8054.06005859375,8058.9599609375,0
2024-04-30 08:00:00,8058.56982421875,8061.72998046875,8033.6298828125,8034.68017578125,0
2024-04-30 09:00:00,8036.0,8049.81005859375,8033.47998046875,8049.2099609375,0
2024-04-30 10:00:00,8049.72998046875,8067.22998046875,8047.58984375,8065.14990234375,0
2024-04-30 11:00:00,8065.68017578125,8065.68017578125,8052.02001953125,8053.669921875,0
2024-04-30 12:00:00,8053.68994140625,8054.66015625,8026.259765625,8026.259765625,0
2024-04-30 13:00:00,8026.43994140625,8029.919921875,8013.31005859375,8017.43994140625,0
2024-04-30 14:00:00,8018.22021484375,8029.240234375,8005.490234375,8005.490234375,0
2024-04-30 15:00:00,8005.06005859375,8005.06005859375,7971.7998046875,7981.25,0
2024-05-02 07:00:00,7954.009765625,7956.52001953125,7913.68017578125,7919.580078125,0
2024-05-02 08:00:00,7919.97998046875,7942.75,7909.240234375,7912.10009765625,0
2024-05-02 09:00:00,7911.85009765625,7924.5400390625,7908.6298828125,7910.31982421875,0
2024-05-02 10:00:00,7911.31005859375,7929.56982421875,7910.6201171875,7924.759765625,0
2024-05-02 11:00:00,7925.77001953125,7937.330078125,7925.77001953125,7927.9501953125,0
2024-05-02 12:00:00,7927.85986328125,7937.169921875,7925.419921875,7926.02978515625,0
2024-05-02 13:00:00,7925.75,7940.240234375,7922.25,7934.52978515625,0
2024-05-02 14:00:00,7934.02978515625,7936.41015625,7911.97021484375,7927.8798828125,0
2024-05-02 15:00:00,7927.7998046875,7932.14990234375,7921.35009765625,7921.35009765625,0
2024-05-03 07:00:00,7943.8701171875,7943.8701171875,7921.2099609375,7942.25,0
2024-05-03 08:00:00,7942.759765625,7958.8798828125,7940.5498046875,7954.2998046875,0
2024-05-03 09:00:00,7952.6201171875,7967.7001953125,7951.7001953125,7964.81982421875,0
2024-05-03 10:00:00,7964.669921875,7970.8701171875,7958.0,7963.490234375,0
2024-05-03 11:00:00,7963.97021484375,7965.39990234375,7952.97998046875,7954.4501953125,0
2024-05-03 12:00:00,7954.83984375,8003.9501953125,7953.3798828125,7990.490234375,0
2024-05-03 13:00:00,7991.3798828125,7995.64990234375,7972.83984375,7991.81005859375,0
2024-05-03 14:00:00,7992.1201171875,7994.72998046875,7946.1201171875,7954.66015625,0
2024-05-03 15:00:00,7954.39013671875,7956.56982421875,7949.85986328125,7952.759765625,0
2024-05-06 07:00:00,7975.85986328125,7983.97021484375,7961.8798828125,7963.5400390625,0
2024-05-06 08:00:00,7963.27001953125,7981.43017578125,7961.4501953125,7978.47998046875,0
2024-05-06 09:00:00,7978.56982421875,8004.41015625,7978.52978515625,8003.7998046875,0
2024-05-06 10:00:00,8003.330078125,8021.31005859375,8003.330078125,8021.31005859375,0
2024-05-06 11:00:00,8021.14013671875,8027.1298828125,8017.6201171875,8025.419921875,0
2024-05-06 12:00:00,8026.39013671875,8033.22998046875,8011.16015625,8013.93017578125,0
2024-05-06 13:00:00,8013.72998046875,8013.72998046875,7986.43994140625,7991.81005859375,0
2024-05-06 14:00:00,7992.02001953125,8000.52001953125,7990.7099609375,7993.10009765625,0
2024-05-06 15:00:00,7994.22021484375,7997.97998046875,7993.47998046875,7994.580078125,0
2024-05-07 07:00:00,8036.75,8048.60986328125,8015.06982421875,8015.14990234375,0
2024-05-07 08:00:00,8014.02978515625,8022.58984375,8006.31005859375,8021.3798828125,0
2024-05-07 09:00:00,8020.919921875,8027.66015625,8016.6298828125,8022.64013671875,0
2024-05-07 10:00:00,8022.6298828125,8029.47998046875,8020.58984375,8027.240234375,0
2024-05-07 11:00:00,8028.7900390625,8028.7900390625,8012.7099609375,8017.6201171875,0
2024-05-07 12:00:00,8017.60009765625,8036.64990234375,8017.5498046875,8036.64990234375,0
2024-05-07 13:00:00,8035.919921875,8060.89013671875,8035.919921875,8050.64990234375,0
2024-05-07 14:00:00,8048.1298828125,8070.240234375,8048.1298828125,8068.18994140625,0
2024-05-07 15:00:00,8069.1298828125,8077.64013671875,8067.89990234375,8074.919921875,0
2024-05-08 07:00:00,8093.6201171875,8136.10009765625,8089.27978515625,8121.89990234375,0
2024-05-08 08:00:00,8120.68994140625,8143.81005859375,8119.330078125,8140.0400390625,0
2024-05-08 09:00:00,8139.85009765625,8157.47998046875,8139.330078125,8147.9501953125,0
2024-05-08 10:00:00,8147.990234375,8156.47998046875,8142.41015625,8151.6201171875,0
2024-05-08 11:00:00,8151.06982421875,8156.33984375,8140.22021484375,8143.52978515625,0
2024-05-08 12:00:00,8143.58984375,8144.669921875,8119.8798828125,8122.89990234375,0
2024-05-08 13:00:00,8122.56005859375,8146.77978515625,8122.56005859375,8146.77978515625,0
2024-05-08 14:00:00,8147.8701171875,8153.580078125,8142.330078125,8142.330078125,0
2024-05-08 15:00:00,8141.509765625,8145.580078125,8134.39013671875,8138.080078125,0
2024-05-09 07:00:00,8123.919921875,8141.47998046875,8120.31982421875,8123.72021484375,0
2024-05-09 08:00:00,8124.35009765625,8129.47021484375,8115.4599609375,8125.9501953125,0
2024-05-09 09:00:00,8125.85986328125,8127.009765625,8114.8798828125,8121.7998046875,0
2024-05-09 10:00:00,8122.25,8135.72998046875,8122.080078125,8133.919921875,0
2024-05-09 11:00:00,8133.31982421875,8149.31005859375,8131.8798828125,8146.56982421875,0
2024-05-09 12:00:00,8146.6201171875,8159.9501953125,8144.58984375,8154.5400390625,0
2024-05-09 13:00:00,8154.52978515625,8176.27001953125,8151.68994140625,8173.14990234375,0
2024-05-09 14:00:00,8173.43017578125,8191.919921875,8172.64990234375,8184.740234375,0
2024-05-09 15:00:00,8185.43017578125,8189.7900390625,8183.22021484375,8185.169921875,0
2024-05-10 07:00:00,8232.650390625,8236.48046875,8218.26953125,8233.2998046875,0
2024-05-10 08:00:00,8233.099609375,8254.2001953125,8230.150390625,8254.0,0
2024-05-10 09:00:00,8255.0703125,8256.7099609375,8247.8798828125,8255.1796875,0
2024-05-10 10:00:00,8252.66015625,8259.1904296875,8248.6796875,8248.8701171875,0
2024-05-10 11:00:00,8248.75,8249.26953125,8240.3203125,8241.4296875,0
2024-05-10 12:00:00,8240.8798828125,8247.7998046875,8235.2998046875,8239.4599609375,0
2024-05-10 13:00:00,8239.08984375,8240.330078125,8222.330078125,8225.7099609375,0
2024-05-10 14:00:00,8227.2900390625,8233.4296875,8219.1396484375,8225.5400390625,0
2024-05-10 15:00:00,8225.849609375,8226.0703125,8211.2001953125,8215.6904296875,0
2024-05-13 07:00:00,8211.0703125,8223.8095703125,8206.8095703125,8210.5595703125,0
2024-05-13 08:00:00,8210.5400390625,8216.9599609375,8208.5302734375,8209.400390625,0
2024-05-13 09:00:00,8208.2802734375,8212.3798828125,8205.16015625,8206.990234375,0
2024-05-13 10:00:00,8207.849609375,8207.9501953125,8199.3095703125,8200.08984375,0
2024-05-13 11:00:00,8200.259765625,8206.580078125,8196.900390625,8203.150390625,0
2024-05-13 12:00:00,8203.3896484375,8204.48046875,8196.3203125,8197.23046875,0
2024-05-13 13:00:00,8196.3603515625,8207.759765625,8186.77001953125,8207.23046875,0
2024-05-13 14:00:00,8207.259765625,8214.240234375,8203.6396484375,8210.5,0
2024-05-13 15:00:00,8210.150390625,8212.150390625,8203.5595703125,8208.7001953125,0
2024-05-14 07:00:00,8213.8095703125,8213.8095703125,8197.669921875,8202.58984375,0
2024-05-14 08:00:00,8203.150390625,8210.0703125,8201.5703125,8202.83984375,0
2024-05-14 09:00:00,8202.8203125,8207.2802734375,8197.9296875,8203.5498046875,0
2024-05-14 10:00:00,8203.830078125,8205.919921875,8195.8095703125,8205.8701171875,0
2024-05-14 11:00:00,8205.830078125,8214.3603515625,8200.6201171875,8211.7802734375,0
2024-05-14 12:00:00,8211.7998046875,8220.5703125,8187.68994140625,8217.8603515625,0
2024-05-14 13:00:00,8218.2099609375,8225.6103515625,8210.740234375,8224.2099609375,0
2024-05-14 14:00:00,8223.830078125,8224.16015625,8211.2001953125,8219.01953125,0
2024-05-14 15:00:00,8219.48046875,8233.1796875,8219.2099609375,8229.33984375,0
2024-05-15 07:00:00,8241.6796875,8253.099609375,8217.3095703125,8223.1298828125,0
2024-05-15 08:00:00,8221.58984375,8227.1904296875,8213.740234375,8215.9501953125,0
2024-05-15 09:00:00,8216.08984375,8218.759765625,8211.75,8213.900390625,0
2024-05-15 10:00:00,8213.76953125,8214.91015625,8205.7001953125,8206.0498046875,0
2024-05-15 11:00:00,8206.2001953125,8226.6201171875,8206.2001953125,8210.91015625,0
2024-05-15 12:00:00,8210.5595703125,8250.01953125,8203.400390625,8222.75,0
2024-05-15 13:00:00,8222.91015625,8239.830078125,8220.9501953125,8230.0400390625,0
2024-05-15 14:00:00,8230.08984375,8242.509765625,8218.48046875,8239.48046875,0
2024-05-15 15:00:00,8239.83984375,8243.01953125,8238.009765625,8238.759765625,0
2024-05-16 07:00:00,8239.76953125,8239.76953125,8207.7802734375,8211.01953125,0
2024-05-16 08:00:00,8210.900390625,8211.2802734375,8199.7998046875,8200.8798828125,0
2024-05-16 09:00:00,8200.9404296875,8201.5595703125,8183.18994140625,8187.7099609375,0
2024-05-16 10:00:00,8187.93994140625,8209.4697265625,8186.66015625,8204.9296875,0
2024-05-16 11:00:00,8204.6796875,8212.3203125,8202.7998046875,8208.3798828125,0
2024-05-16 12:00:00,8208.3603515625,8208.3603515625,8194.900390625,8204.5595703125,0
2024-05-16 13:00:00,8203.8701171875,8209.5302734375,8187.39990234375,8189.22021484375,0
2024-05-16 14:00:00,8190.02001953125,8205.6796875,8187.259765625,8196.9599609375,0
2024-05-16 15:00:00,8197.259765625,8197.259765625,8184.10009765625,8188.580078125,0
2024-05-17 07:00:00,8176.7900390625,8192.919921875,8153.60009765625,8153.6201171875,0
2024-05-17 08:00:00,8153.259765625,8153.259765625,8135.7998046875,8150.25,0
2024-05-17 09:00:00,8149.72021484375,8162.740234375,8149.06982421875,8160.68017578125,0
2024-05-17 10:00:00,8161.47998046875,8166.919921875,8151.97021484375,8156.2900390625,0
2024-05-17 11:00:00,8156.31005859375,8162.77001953125,8148.64990234375,8149.27001953125,0
2024-05-17 12:00:00,8148.77978515625,8152.72998046875,8144.169921875,8146.6201171875,0
2024-05-17 13:00:00,8147.0,8168.43994140625,8145.47021484375,8162.990234375,0
2024-05-17 14:00:00,8162.52978515625,8171.97998046875,8159.6298828125,8168.7099609375,0
2024-05-17 15:00:00,8167.919921875,8174.2998046875,8164.31982421875,8167.7900390625,0
2024-05-20 07:00:00,8178.6298828125,8200.6103515625,8175.4599609375,8197.4404296875,0
2024-05-20 08:00:00,8197.4697265625,8201.91015625,8181.77978515625,8186.81982421875,0
2024-05-20 09:00:00,8186.7998046875,8200.759765625,8185.509765625,8197.5,0
2024-05-20 10:00:00,8197.650390625,8204.3701171875,8193.91015625,8204.0595703125,0
2024-05-20 11:00:00,8204.2001953125,8212.330078125,8203.990234375,8210.5400390625,0
2024-05-20 12:00:00,8210.8203125,8221.2998046875,8210.26953125,8217.1904296875,0
2024-05-20 13:00:00,8217.0,8218.26953125,8197.330078125,8198.9501953125,0
2024-05-20 14:00:00,8200.8896484375,8201.9599609375,8192.740234375,8198.240234375,0
2024-05-20 15:00:00,8198.2099609375,8199.400390625,8194.349609375,8196.76953125,0
2024-05-21 07:00:00,8163.169921875,8167.5,8144.9501953125,8146.97021484375,0
2024-05-21 08:00:00,8147.1201171875,8147.1201171875,8124.02978515625,8131.7998046875,0
2024-05-21 09:00:00,8132.14013671875,8135.27001953125,8097.97998046875,8100.16015625,0
2024-05-21 10:00:00,8099.93994140625,8121.89990234375,8099.6298828125,8115.35009765625,0
2024-05-21 11:00:00,8116.0,8117.7001953125,8108.68994140625,8115.66015625,0
2024-05-21 12:00:00,8115.68994140625,8118.9599609375,8106.2001953125,8108.3701171875,0
2024-05-21 13:00:00,8108.06982421875,8125.43994140625,8101.10986328125,8119.5,0
2024-05-21 14:00:00,8118.990234375,8133.9599609375,8118.990234375,8126.60986328125,0
2024-05-21 15:00:00,8130.85009765625,8140.9599609375,8130.14013671875,8136.10986328125,0
2024-05-22 07:00:00,8128.580078125,8128.580078125,8095.490234375,8104.3701171875,0
2024-05-22 08:00:00,8104.31982421875,8107.330078125,8085.93017578125,8089.3701171875,0
2024-05-22 09:00:00,8090.2900390625,8101.56982421875,8086.85009765625,8101.22021484375,0
2024-05-22 10:00:00,8101.43017578125,8104.9599609375,8090.0400390625,8092.68994140625,0
2024-05-22 11:00:00,8091.52001953125,8096.22998046875,8087.52001953125,8089.56982421875,0
2024-05-22 12:00:00,8089.60009765625,8094.490234375,8078.68017578125,8093.47998046875,0
2024-05-22 13:00:00,8093.18017578125,8103.06005859375,8090.89013671875,8097.5,0
2024-05-22 14:00:00,8096.490234375,8097.06982421875,8078.5,8085.56005859375,0
2024-05-22 15:00:00,8085.77001953125,8093.830078125,8084.97998046875,8089.3701171875,0
2024-05-23 07:00:00,8104.31005859375,8124.81982421875,8104.31005859375,8120.33984375,0
2024-05-23 08:00:00,8120.4599609375,8120.4599609375,8095.3798828125,8096.97021484375,0
2024-05-23 09:00:00,8096.47998046875,8115.2998046875,8092.77001953125,8102.4599609375,0
2024-05-23 10:00:00,8103.18017578125,8114.43017578125,8096.93994140625,8114.169921875,0
2024-05-23 11:00:00,8114.06005859375,8124.919921875,8111.58984375,8120.85986328125,0
2024-05-23 12:00:00,8120.77978515625,8135.81005859375,8119.22998046875,8128.9501953125,0
2024-05-23 13:00:00,8128.740234375,8128.93994140625,8094.68017578125,8097.7900390625,0
2024-05-23 14:00:00,8098.10009765625,8116.52001953125,8082.47998046875,8083.56005859375,0
2024-05-23 15:00:00,8084.509765625,8102.740234375,8083.58984375,8097.259765625,0
2024-05-24 07:00:00,8053.7900390625,8068.60009765625,8042.2998046875,8067.81982421875,0
2024-05-24 08:00:00,8067.97021484375,8092.02001953125,8067.97021484375,8088.91015625,0
2024-05-24 09:00:00,8088.68994140625,8089.2998046875,8075.919921875,8086.259765625,0
2024-05-24 10:00:00,8086.0498046875,8094.93017578125,8084.7001953125,8086.5400390625,0
2024-05-24 11:00:00,8086.4501953125,8091.31005859375,8078.39990234375,8083.43994140625,0
2024-05-24 12:00:00,8083.27978515625,8090.1298828125,8074.97021484375,8076.580078125,0
2024-05-24 13:00:00,8076.89990234375,8086.0498046875,8071.47021484375,8072.43994140625,0
2024-05-24 14:00:00,8072.1201171875,8089.8798828125,8072.1201171875,8088.3798828125,0
2024-05-24 15:00:00,8088.56005859375,8104.06982421875,8087.85986328125,8097.43017578125,0
2024-05-27 07:00:00,8088.33984375,8107.490234375,8086.759765625,8100.31005859375,0
2024-05-27 08:00:00,8100.16015625,8115.83984375,8100.0400390625,8109.72021484375,0
2024-05-27 09:00:00,8109.6201171875,8118.27978515625,8103.240234375,8106.7998046875,0
2024-05-27 10:00:00,8106.39990234375,8111.85986328125,8102.68017578125,8107.3701171875,0
2024-05-27 11:00:00,8107.5,8107.5,8099.75,8107.47021484375,0
2024-05-27 12:00:00,8107.419921875,8119.93017578125,8106.759765625,8117.240234375,0
2024-05-27 13:00:00,8117.1201171875,8121.27001953125,8106.31982421875,8110.93994140625,0
2024-05-27 14:00:00,8110.64990234375,8125.8701171875,8110.64990234375,8125.2001953125,0
2024-05-27 15:00:00,8124.9599609375,8126.93994140625,8121.27978515625,8126.740234375,0
2024-05-28 07:00:00,8134.72021484375,8148.47998046875,8112.56982421875,8115.02001953125,0
2024-05-28 08:00:00,8114.31005859375,8124.72021484375,8113.1201171875,8119.2900390625,0
2024-05-28 09:00:00,8119.35986328125,8121.75,8104.4599609375,8105.85009765625,0
2024-05-28 10:00:00,8104.89013671875,8104.89013671875,8080.83984375,8087.52978515625,0
2024-05-28 11:00:00,8087.64990234375,8091.02978515625,8075.02978515625,8079.740234375,0
2024-05-28 12:00:00,8079.8798828125,8081.0,8060.91015625,8067.1201171875,0
2024-05-28 13:00:00,8067.0498046875,8076.85009765625,8056.509765625,8056.7099609375,0
2024-05-28 14:00:00,8057.4599609375,8057.4599609375,8041.02001953125,8050.419921875,0
2024-05-28 15:00:00,8051.33984375,8056.72021484375,8043.02978515625,8056.72021484375,0
2024-05-29 07:00:00,8033.56005859375,8038.89990234375,7992.77001953125,7992.9599609375,0
2024-05-29 08:00:00,7992.669921875,8015.81005859375,7992.669921875,8011.080078125,0
2024-05-29 09:00:00,8009.43017578125,8011.31982421875,7984.10009765625,7989.580078125,0
2024-05-29 10:00:00,7988.7900390625,7992.47021484375,7977.16015625,7977.56005859375,0
2024-05-29 11:00:00,7976.1298828125,7977.66015625,7960.6201171875,7963.52978515625,0
2024-05-29 12:00:00,7963.35986328125,7963.58984375,7931.240234375,7933.9599609375,0
2024-05-29 13:00:00,7934.10986328125,7958.27001953125,7926.419921875,7958.27001953125,0
2024-05-29 14:00:00,7959.490234375,7963.64013671875,7941.97998046875,7944.009765625,0
2024-05-29 15:00:00,7944.5,7944.740234375,7934.85986328125,7939.27001953125,0
2024-05-30 07:00:00,7914.85009765625,7952.85009765625,7914.169921875,7949.60986328125,0
2024-05-30 08:00:00,7949.330078125,7961.9501953125,7944.16015625,7957.39013671875,0
2024-05-30 09:00:00,7956.1298828125,7958.2900390625,7946.47021484375,7949.080078125,0
2024-05-30 10:00:00,7949.169921875,7960.33984375,7947.0400390625,7954.7001953125,0
2024-05-30 11:00:00,7954.580078125,7956.39013671875,7944.31005859375,7953.85009765625,0
2024-05-30 12:00:00,7953.68017578125,7968.06005859375,7951.990234375,7957.10986328125,0
2024-05-30 13:00:00,7957.60986328125,7972.330078125,7953.85986328125,7968.97998046875,0
2024-05-30 14:00:00,7968.41015625,7976.06005859375,7963.8701171875,7973.25,0
2024-05-30 15:00:00,7972.7998046875,7981.080078125,7972.740234375,7979.2998046875,0
2024-05-31 07:00:00,7972.5498046875,7995.02978515625,7969.08984375,7972.990234375,0
2024-05-31 08:00:00,7974.06005859375,7987.830078125,7972.97021484375,7981.3798828125,0
2024-05-31 09:00:00,7981.85009765625,7981.85009765625,7963.43017578125,7976.60986328125,0
2024-05-31 10:00:00,7976.580078125,7980.10009765625,7960.169921875,7980.10009765625,0
2024-05-31 11:00:00,7980.43994140625,7980.43994140625,7970.52978515625,7975.83984375,0
2024-05-31 12:00:00,7975.56982421875,7996.89013671875,7972.68994140625,7986.64013671875,0
2024-05-31 13:00:00,7986.08984375,7993.02001953125,7973.5,7988.39990234375,0
2024-05-31 14:00:00,7987.4501953125,7987.9501953125,7964.259765625,7983.97998046875,0
2024-05-31 15:00:00,7984.43994140625,7986.5400390625,7978.18017578125,7980.6298828125,0
2024-06-03 07:00:00,8069.6201171875,8071.56982421875,8006.02001953125,8007.080078125,0
2024-06-03 08:00:00,8006.83984375,8046.6298828125,8002.43017578125,8032.990234375,0
2024-06-03 09:00:00,8032.91015625,8034.5400390625,8007.64990234375,8018.35986328125,0
2024-06-03 10:00:00,8018.66015625,8027.2001953125,8018.66015625,8022.16015625,0
2024-06-03 11:00:00,8020.8701171875,8027.52001953125,8010.43994140625,8021.02978515625,0
2024-06-03 12:00:00,8021.1298828125,8038.52978515625,8019.4599609375,8034.39013671875,0
2024-06-03 13:00:00,8034.81005859375,8041.10009765625,8014.669921875,8019.89013671875,0
2024-06-03 14:00:00,8021.5400390625,8034.7900390625,8000.1201171875,8003.8701171875,0
2024-06-03 15:00:00,8003.5498046875,8005.77978515625,7995.080078125,8003.25,0
2024-06-04 07:00:00,7974.43994140625,7978.5498046875,7938.06005859375,7965.240234375,0
2024-06-04 08:00:00,7964.60009765625,7964.9599609375,7933.740234375,7938.06005859375,0
2024-06-04 09:00:00,7936.9599609375,7939.68994140625,7921.759765625,7926.580078125,0
2024-06-04 10:00:00,7925.5,7934.66015625,7914.27001953125,7927.72998046875,0
2024-06-04 11:00:00,7927.64013671875,7966.91015625,7927.64013671875,7965.7099609375,0
2024-06-04 12:00:00,7965.81005859375,7978.009765625,7959.81982421875,7977.41015625,0
2024-06-04 13:00:00,7977.8701171875,7981.85009765625,7966.1201171875,7973.06982421875,0
2024-06-04 14:00:00,7974.0,7984.25,7942.22021484375,7943.66015625,0
2024-06-04 15:00:00,7943.47021484375,7947.7099609375,7936.02978515625,7940.669921875,0
2024-06-05 07:00:00,7983.02978515625,7989.02978515625,7963.3701171875,7974.7998046875,0
2024-06-05 08:00:00,7974.009765625,7977.58984375,7957.919921875,7964.43017578125,0
2024-06-05 09:00:00,7963.85009765625,7980.66015625,7963.47998046875,7980.5,0
2024-06-05 10:00:00,7980.7001953125,8001.27001953125,7978.72998046875,7998.93994140625,0
2024-06-05 11:00:00,7998.58984375,8016.8798828125,7996.08984375,8014.02978515625,0
2024-06-05 12:00:00,8013.9599609375,8032.25,8012.22998046875,8030.72021484375,0
2024-06-05 13:00:00,8030.89013671875,8036.39990234375,8002.33984375,8009.5400390625,0
2024-06-05 14:00:00,8009.89013671875,8009.89013671875,7994.990234375,8001.580078125,0
2024-06-05 15:00:00,8001.06982421875,8008.9501953125,7999.58984375,8007.02001953125,0
2024-06-06 07:00:00,8044.2900390625,8045.8701171875,8026.64990234375,8035.259765625,0
2024-06-06 08:00:00,8035.4501953125,8055.52001953125,8031.1201171875,8033.080078125,0
2024-06-06 09:00:00,8033.81982421875,8042.330078125,8032.169921875,8038.81982421875,0
2024-06-06 10:00:00,8039.58984375,8047.39013671875,8035.31982421875,8047.39013671875,0
2024-06-06 11:00:00,8047.0400390625,8054.47021484375,8045.919921875,8051.64990234375,0
2024-06-06 12:00:00,8052.1298828125,8053.580078125,8015.68994140625,8036.68017578125,0
2024-06-06 13:00:00,8037.0,8044.10986328125,8022.43017578125,8039.990234375,0
2024-06-06 14:00:00,8039.47998046875,8052.31982421875,8036.2001953125,8039.1298828125,0
2024-06-06 15:00:00,8038.89990234375,8043.9599609375,8037.52978515625,8042.14013671875,0
2024-06-07 07:00:00,8046.919921875,8048.58984375,8011.31005859375,8013.7900390625,0
2024-06-07 08:00:00,8013.60009765625,8013.759765625,7978.14990234375,7980.419921875,0
2024-06-07 09:00:00,7981.22021484375,7991.35009765625,7973.16015625,7989.580078125,0
2024-06-07 10:00:00,7989.3701171875,7995.1298828125,7963.8701171875,7963.8701171875,0
2024-06-07 11:00:00,7963.85009765625,7971.419921875,7950.2099609375,7970.580078125,0
2024-06-07 12:00:00,7969.60009765625,7985.490234375,7943.2900390625,7956.52978515625,0
2024-06-07 13:00:00,7955.919921875,8004.4501953125,7953.7099609375,7997.0,0
2024-06-07 14:00:00,7998.7099609375,8026.8798828125,7998.7099609375,8012.02001953125,0
2024-06-07 15:00:00,8011.27978515625,8011.27978515625,8002.77978515625,8002.77978515625,0
2024-06-10 07:00:00,7823.77978515625,7877.97998046875,7822.669921875,7877.97998046875,0
2024-06-10 08:00:00,7878.47021484375,7881.52001953125,7847.43017578125,7849.41015625,0
2024-06-10 09:00:00,7849.2099609375,7852.6298828125,7825.5,7831.72998046875,0
2024-06-10 10:00:00,7834.259765625,7866.259765625,7829.97998046875,7856.85009765625,0
2024-06-10 11:00:00,7856.56005859375,7881.7900390625,7856.3798828125,7870.0,0
2024-06-10 12:00:00,7870.56982421875,7881.81005859375,7864.75,7867.89990234375,0
2024-06-10 13:00:00,7866.60986328125,7868.16015625,7833.31982421875,7853.759765625,0
2024-06-10 14:00:00,7853.60009765625,7866.9599609375,7848.7900390625,7857.240234375,0
2024-06-10 15:00:00,7857.759765625,7878.669921875,7853.27978515625,7878.009765625,0
2024-06-11 07:00:00,7921.08984375,7931.72021484375,7897.52001953125,7916.8798828125,0
2024-06-11 08:00:00,7917.14013671875,7925.330078125,7889.14990234375,7890.81982421875,0
2024-06-11 09:00:00,7888.7099609375,7902.5498046875,7829.6298828125,7829.6298828125,0
2024-06-11 10:00:00,7825.60986328125,7833.47998046875,7816.0498046875,7826.0498046875,0
2024-06-11 11:00:00,7825.14990234375,7825.89013671875,7787.27001953125,7798.7099609375,0
2024-06-11 12:00:00,7798.8701171875,7811.169921875,7787.22998046875,7795.35009765625,0
2024-06-11 13:00:00,7796.33984375,7810.22998046875,7759.83984375,7793.35986328125,0
2024-06-11 14:00:00,7794.39990234375,7805.64990234375,7786.18994140625,7794.759765625,0
2024-06-11 15:00:00,7795.240234375,7797.2998046875,7787.02001953125,7791.35009765625,0
2024-06-12 07:00:00,7813.77001953125,7827.2099609375,7804.41015625,7824.080078125,0
2024-06-12 08:00:00,7823.7001953125,7828.3701171875,7807.52978515625,7810.509765625,0
2024-06-12 09:00:00,7810.4599609375,7816.77001953125,7802.009765625,7812.43017578125,0
2024-06-12 10:00:00,7811.72998046875,7824.81982421875,7810.06005859375,7813.8798828125,0
2024-06-12 11:00:00,7814.7998046875,7833.2900390625,7814.7998046875,7831.490234375,0
2024-06-12 12:00:00,7831.75,7874.06005859375,7827.27001953125,7853.7099609375,0
2024-06-12 13:00:00,7853.419921875,7875.18017578125,7847.169921875,7866.39990234375,0
2024-06-12 14:00:00,7866.5,7873.89990234375,7858.419921875,7863.7001953125,0
2024-06-12 15:00:00,7863.830078125,7872.1298828125,7861.22998046875,7872.1298828125,0
2024-06-13 07:00:00,7855.3701171875,7858.31982421875,7831.27978515625,7834.10009765625,0
2024-06-13 08:00:00,7833.43017578125,7833.43017578125,7798.27978515625,7804.259765625,0
2024-06-13 09:00:00,7804.08984375,7811.9501953125,7777.919921875,7781.58984375,0
2024-06-13 10:00:00,7781.52978515625,7783.06005859375,7754.72021484375,7761.68994140625,0
2024-06-13 11:00:00,7761.52978515625,7777.02001953125,7760.2900390625,7771.02001953125,0
2024-06-13 12:00:00,7770.8798828125,7788.10986328125,7770.75,7774.7001953125,0
2024-06-13 13:00:00,7772.68017578125,7777.81005859375,7716.25,7717.83984375,0
2024-06-13 14:00:00,7718.5498046875,7727.18994140625,7706.39013671875,7717.7001953125,0
2024-06-13 15:00:00,7714.9501953125,7714.9501953125,7692.72021484375,7699.919921875,0
2024-06-14 07:00:00,7685.5,7686.89013671875,7612.5498046875,7614.7998046875,0
2024-06-14 08:00:00,7613.7099609375,7621.56005859375,7587.06982421875,7590.330078125,0
2024-06-14 09:00:00,7589.68994140625,7600.080078125,7532.3701171875,7532.3701171875,0
2024-06-14 10:00:00,7531.330078125,7534.7099609375,7497.97021484375,7519.56005859375,0
2024-06-14 11:00:00,7518.85986328125,7559.81982421875,7502.60009765625,7527.1298828125,0
2024-06-14 12:00:00,7529.259765625,7547.72998046875,7518.240234375,7528.02978515625,0
2024-06-14 13:00:00,7526.990234375,7537.77001953125,7494.1201171875,7506.89990234375,0
2024-06-14 14:00:00,7507.259765625,7507.259765625,7464.83984375,7487.68017578125,0
2024-06-14 15:00:00,7488.93017578125,7500.68994140625,7474.75,7498.27978515625,0
2024-06-17 07:00:00,7539.02978515625,7580.93994140625,7519.77978515625,7528.08984375,0
2024-06-17 08:00:00,7527.919921875,7543.3701171875,7511.27001953125,7512.83984375,0
2024-06-17 09:00:00,7514.16015625,7524.2001953125,7508.64990234375,7514.25,0
2024-06-17 10:00:00,7513.89990234375,7516.33984375,7482.3798828125,7515.85986328125,0
2024-06-17 11:00:00,7516.43994140625,7539.7998046875,7516.43994140625,7538.1298828125,0
2024-06-17 12:00:00,7538.77001953125,7542.02001953125,7517.06005859375,7532.22998046875,0
2024-06-17 13:00:00,7532.93017578125,7559.7900390625,7532.93017578125,7537.75,0
2024-06-17 14:00:00,7535.1201171875,7568.7900390625,7521.0,7566.25,0
2024-06-17 15:00:00,7567.009765625,7574.18994140625,7565.77978515625,7569.6298828125,0
2024-06-18 07:00:00,7636.68994140625,7641.1201171875,7581.580078125,7581.580078125,0
2024-06-18 08:00:00,7581.68017578125,7590.22021484375,7564.02001953125,7586.83984375,0
2024-06-18 09:00:00,7586.4599609375,7611.93994140625,7586.4599609375,7601.6201171875,0
2024-06-18 10:00:00,7602.16015625,7621.66015625,7595.5400390625,7610.60009765625,0
2024-06-18 11:00:00,7611.02001953125,7612.9599609375,7596.52001953125,7601.56982421875,0
2024-06-18 12:00:00,7602.2099609375,7622.33984375,7598.740234375,7619.81005859375,0
2024-06-18 13:00:00,7619.8701171875,7630.2001953125,7609.1201171875,7613.740234375,0
2024-06-18 14:00:00,7615.64990234375,7634.75,7611.93017578125,7625.2900390625,0
2024-06-18 15:00:00,7626.43994140625,7631.919921875,7622.18017578125,7626.0,0
2024-06-19 07:00:00,7617.35009765625,7624.93994140625,7600.5498046875,7620.35986328125,0
2024-06-19 08:00:00,7619.89013671875,7626.1298828125,7583.14990234375,7588.52978515625,0
2024-06-19 09:00:00,7588.22998046875,7599.5400390625,7581.7099609375,7589.27001953125,0
2024-06-19 10:00:00,7589.14013671875,7592.3701171875,7574.47021484375,7585.740234375,0
2024-06-19 11:00:00,7585.56005859375,7604.1201171875,7585.56005859375,7597.60009765625,0
2024-06-19 12:00:00,7596.85986328125,7598.72021484375,7579.39990234375,7584.58984375,0
2024-06-19 13:00:00,7584.02978515625,7593.08984375,7577.509765625,7582.330078125,0
2024-06-19 14:00:00,7582.56982421875,7588.27001953125,7570.330078125,7576.02978515625,0
2024-06-19 15:00:00,7576.3798828125,7579.18017578125,7566.08984375,7566.7900390625,0
2024-06-20 07:00:00,7585.97998046875,7617.580078125,7577.919921875,7604.89990234375,0
2024-06-20 08:00:00,7605.31982421875,7614.169921875,7593.0400390625,7607.06982421875,0
2024-06-20 09:00:00,7606.64013671875,7630.490234375,7606.64013671875,7630.490234375,0
2024-06-20 10:00:00,7631.31982421875,7645.330078125,7629.3701171875,7637.009765625,0
2024-06-20 11:00:00,7634.97998046875,7650.2099609375,7633.52001953125,7636.60986328125,0
2024-06-20 12:00:00,7635.75,7636.91015625,7622.4599609375,7630.22998046875,0
2024-06-20 13:00:00,7630.490234375,7661.60009765625,7626.0400390625,7660.2001953125,0
2024-06-20 14:00:00,7662.1201171875,7681.68017578125,7646.330078125,7680.14013671875,0
2024-06-20 15:00:00,7680.919921875,7682.64013671875,7669.1201171875,7675.3798828125,0
2024-06-21 07:00:00,7653.14013671875,7673.72998046875,7644.8798828125,7661.47998046875,0
2024-06-21 08:00:00,7661.9501953125,7668.240234375,7629.5400390625,7637.27001953125,0
2024-06-21 09:00:00,7636.9501953125,7645.77978515625,7621.60009765625,7625.75,0
2024-06-21 10:00:00,7627.83984375,7632.10009765625,7610.52978515625,7629.60009765625,0
2024-06-21 11:00:00,7629.6201171875,7640.490234375,7623.10986328125,7623.10986328125,0
2024-06-21 12:00:00,7622.43017578125,7633.7001953125,7616.27001953125,7632.009765625,0
2024-06-21 13:00:00,7632.0,7633.58984375,7601.81982421875,7621.16015625,0
2024-06-21 14:00:00,7621.830078125,7656.39990234375,7621.830078125,7654.35986328125,0
2024-06-21 15:00:00,7651.6298828125,7653.31005859375,7634.7001953125,7636.2001953125,0
2024-06-24 07:00:00,7637.02978515625,7674.43017578125,7629.27001953125,7670.27001953125,0
2024-06-24 08:00:00,7673.52978515625,7683.6201171875,7665.31982421875,7678.02978515625,0
2024-06-24 09:00:00,7678.10009765625,7692.3701171875,7666.89013671875,7673.35009765625,0
2024-06-24 10:00:00,7672.77001953125,7690.830078125,7668.89013671875,7690.6201171875,0
2024-06-24 11:00:00,7690.759765625,7703.990234375,7687.31005859375,7697.02978515625,0
2024-06-24 12:00:00,7696.93994140625,7697.1298828125,7684.2998046875,7688.83984375,0
2024-06-24 13:00:00,7688.83984375,7722.10009765625,7681.4501953125,7718.6298828125,0
2024-06-24 14:00:00,7718.41015625,7725.27978515625,7708.14990234375,7720.080078125,0
2024-06-24 15:00:00,7719.33984375,7719.60986328125,7710.35986328125,7714.22021484375,0
2024-06-25 07:00:00,7648.14013671875,7671.06005859375,7646.31982421875,7658.43017578125,0
2024-06-25 08:00:00,7658.72021484375,7666.91015625,7635.3798828125,7654.66015625,0
2024-06-25 09:00:00,7654.16015625,7667.56005859375,7645.18017578125,7656.22021484375,0
2024-06-25 10:00:00,7655.9599609375,7659.97998046875,7640.7099609375,7648.509765625,0
2024-06-25 11:00:00,7648.1201171875,7656.669921875,7635.18017578125,7641.14990234375,0
2024-06-25 12:00:00,7641.0,7655.35986328125,7636.97998046875,7639.669921875,0
2024-06-25 13:00:00,7639.669921875,7649.14013671875,7617.16015625,7638.1298828125,0
2024-06-25 14:00:00,7638.8798828125,7663.81982421875,7638.8798828125,7651.52001953125,0
2024-06-25 15:00:00,7651.2099609375,7658.18994140625,7648.77001953125,7654.14013671875,0
2024-06-26 07:00:00,7703.7998046875,7707.14990234375,7683.77978515625,7699.47998046875,0
2024-06-26 08:00:00,7699.9599609375,7703.72998046875,7682.47998046875,7684.02978515625,0
2024-06-26 09:00:00,7684.14990234375,7684.14990234375,7651.0,7652.740234375,0
2024-06-26 10:00:00,7653.2998046875,7653.2998046875,7619.06005859375,7625.27001953125,0
2024-06-26 11:00:00,7625.4501953125,7626.52978515625,7600.85009765625,7604.14013671875,0
2024-06-26 12:00:00,7604.1201171875,7604.1201171875,7560.43017578125,7560.580078125,0
2024-06-26 13:00:00,7562.330078125,7598.68017578125,7559.6298828125,7595.7998046875,0
2024-06-26 14:00:00,7595.9501953125,7620.64990234375,7593.72021484375,7618.330078125,0
2024-06-26 15:00:00,7618.6201171875,7623.1298828125,7601.77001953125,7609.47021484375,0
2024-06-27 07:00:00,7619.10009765625,7623.85009765625,7610.52001953125,7612.2001953125,0
2024-06-27 08:00:00,7612.580078125,7612.81982421875,7584.18017578125,7599.66015625,0
2024-06-27 09:00:00,7598.89013671875,7601.31005859375,7574.669921875,7574.89990234375,0
2024-06-27 10:00:00,7575.31982421875,7580.27001953125,7566.91015625,7571.93017578125,0
2024-06-27 11:00:00,7572.43017578125,7572.43017578125,7557.60009765625,7567.39013671875,0
2024-06-27 12:00:00,7567.3798828125,7569.39990234375,7551.2998046875,7560.68017578125,0
2024-06-27 13:00:00,7559.5498046875,7579.43017578125,7557.509765625,7571.22021484375,0
2024-06-27 14:00:00,7571.18994140625,7579.47998046875,7553.06005859375,7553.06005859375,0
2024-06-27 15:00:00,7554.89990234375,7555.47021484375,7522.16015625,7529.47998046875,0
2024-06-28 07:00:00,7544.39990234375,7544.39990234375,7482.27978515625,7495.330078125,0
2024-06-28 08:00:00,7493.6201171875,7508.89990234375,7473.14013671875,7497.64990234375,0
2024-06-28 09:00:00,7497.27001953125,7510.02001953125,7482.52978515625,7500.22998046875,0
2024-06-28 10:00:00,7499.509765625,7514.68994140625,7499.509765625,7514.52978515625,0
2024-06-28 11:00:00,7514.919921875,7514.919921875,7472.72998046875,7485.89990234375,0
2024-06-28 12:00:00,7487.47998046875,7492.669921875,7460.64013671875,7472.5498046875,0
2024-06-28 13:00:00,7473.0,7483.580078125,7467.33984375,7472.4599609375,0
2024-06-28 14:00:00,7475.02001953125,7495.3798828125,7470.259765625,7479.83984375,0
2024-06-28 15:00:00,7480.85009765625,7480.85009765625,7456.47021484375,7466.56005859375,0
2024-07-01 07:00:00,7670.06005859375,7688.2001953125,7616.0498046875,7624.14990234375,0
2024-07-01 08:00:00,7626.0400390625,7637.97021484375,7583.97021484375,7592.5498046875,0
2024-07-01 09:00:00,7592.41015625,7593.64990234375,7562.10009765625,7588.1201171875,0
2024-07-01 10:00:00,7586.1298828125,7600.52001953125,7582.0400390625,7593.27001953125,0
2024-07-01 11:00:00,7593.240234375,7601.7900390625,7587.85986328125,7601.7900390625,0
2024-07-01 12:00:00,7601.97021484375,7610.330078125,7592.919921875,7606.89013671875,0
2024-07-01 13:00:00,7606.97021484375,7632.41015625,7606.31005859375,7611.39013671875,0
2024-07-01 14:00:00,7611.2900390625,7620.9599609375,7568.0400390625,7576.35009765625,0
2024-07-01 15:00:00,7571.919921875,7590.8701171875,7571.490234375,7575.72998046875,0
2024-07-02 07:00:00,7517.64990234375,7520.02978515625,7480.60009765625,7513.27978515625,0
2024-07-02 08:00:00,7513.06005859375,7531.08984375,7503.25,7530.3798828125,0
2024-07-02 09:00:00,7530.6298828125,7537.5,7499.60986328125,7506.7900390625,0
2024-07-02 10:00:00,7505.6298828125,7513.990234375,7494.81982421875,7496.68994140625,0
2024-07-02 11:00:00,7497.08984375,7501.080078125,7477.27001953125,7485.2998046875,0
2024-07-02 12:00:00,7486.18994140625,7511.18017578125,7484.4599609375,7511.18017578125,0
2024-07-02 13:00:00,7512.2998046875,7530.41015625,7512.2998046875,7529.0400390625,0
2024-07-02 14:00:00,7527.72021484375,7543.14990234375,7525.22998046875,7536.66015625,0
2024-07-02 15:00:00,7535.509765625,7542.06005859375,7532.7900390625,7534.83984375,0
2024-07-03 07:00:00,7579.64013671875,7616.419921875,7566.41015625,7598.0498046875,0
2024-07-03 08:00:00,7597.85986328125,7623.72021484375,7588.85986328125,7613.60986328125,0
2024-07-03 09:00:00,7614.009765625,7644.89013671875,7610.2099609375,7644.89013671875,0
2024-07-03 10:00:00,7644.2099609375,7658.25,7644.2099609375,7655.22021484375,0
2024-07-03 11:00:00,7654.759765625,7662.06005859375,7654.31005859375,7658.18994140625,0
2024-07-03 12:00:00,7658.41015625,7660.8798828125,7628.56982421875,7648.47998046875,0
2024-07-03 13:00:00,7648.7001953125,7649.740234375,7631.68994140625,7638.06982421875,0
2024-07-03 14:00:00,7637.58984375,7641.669921875,7623.77001953125,7634.7099609375,0
2024-07-03 15:00:00,7637.22021484375,7646.31982421875,7628.9501953125,7641.22021484375,0
2024-07-04 07:00:00,7677.33984375,7692.60986328125,7667.0498046875,7676.68994140625,0
2024-07-04 08:00:00,7676.41015625,7694.0498046875,7675.2001953125,7687.169921875,0
2024-07-04 09:00:00,7687.759765625,7701.35009765625,7685.009765625,7690.2001953125,0
2024-07-04 10:00:00,7689.169921875,7693.81982421875,7685.10986328125,7691.7001953125,0
2024-07-04 11:00:00,7692.68017578125,7697.02978515625,7686.81005859375,7693.16015625,0
2024-07-04 12:00:00,7692.4599609375,7698.22998046875,7686.1298828125,7697.7998046875,0
2024-07-04 13:00:00,7698.02001953125,7699.22021484375,7687.72021484375,7690.60986328125,0
2024-07-04 14:00:00,7690.47998046875,7692.3701171875,7676.35986328125,7690.97998046875,0
2024-07-04 15:00:00,7690.759765625,7701.27978515625,7690.759765625,7695.43017578125,0
2024-07-05 07:00:00,7720.5400390625,7738.18994140625,7704.990234375,7731.2900390625,0
2024-07-05 08:00:00,7731.39013671875,7731.39013671875,7715.31982421875,7727.06005859375,0
2024-07-05 09:00:00,7726.5498046875,7735.72998046875,7722.83984375,7735.72998046875,0
2024-07-05 10:00:00,7734.10009765625,7734.10009765625,7718.6298828125,7718.6298828125,0
2024-07-05 11:00:00,7718.85009765625,7724.68017578125,7713.8701171875,7714.64990234375,0
2024-07-05 12:00:00,7715.009765625,7734.2998046875,7713.47021484375,7725.89990234375,0
2024-07-05 13:00:00,7725.60986328125,7726.2001953125,7672.68994140625,7673.990234375,0
2024-07-05 14:00:00,7673.85009765625,7676.47021484375,7643.68994140625,7672.41015625,0
2024-07-05 15:00:00,7673.080078125,7682.1201171875,7665.9599609375,7666.83984375,0
2024-07-08 07:00:00,7637.89013671875,7713.81982421875,7628.08984375,7710.27978515625,0
2024-07-08 08:00:00,7709.9599609375,7746.06005859375,7709.1298828125,7723.83984375,0
2024-07-08 09:00:00,7723.68994140625,7723.68994140625,7699.43994140625,7713.759765625,0
2024-07-08 10:00:00,7714.419921875,7714.56005859375,7681.1298828125,7681.16015625,0
2024-07-08 11:00:00,7679.5498046875,7697.0400390625,7676.240234375,7690.52978515625,0
2024-07-08 12:00:00,7690.60986328125,7693.85009765625,7676.7998046875,7689.740234375,0
2024-07-08 13:00:00,7689.7001953125,7692.7001953125,7679.580078125,7680.39990234375,0
2024-07-08 14:00:00,7680.3798828125,7681.10009765625,7636.77001953125,7638.740234375,0
2024-07-08 15:00:00,7639.9599609375,7643.68017578125,7638.72998046875,7640.39990234375,0
2024-07-09 07:00:00,7595.60009765625,7599.0,7552.10986328125,7589.41015625,0
2024-07-09 08:00:00,7589.93017578125,7599.72021484375,7587.27978515625,7598.56005859375,0
2024-07-09 09:00:00,7597.89013671875,7601.85009765625,7575.27978515625,7578.14990234375,0
2024-07-09 10:00:00,7578.0498046875,7586.41015625,7565.1298828125,7565.1298828125,0
2024-07-09 11:00:00,7564.990234375,7568.31982421875,7551.97998046875,7565.2001953125,0
2024-07-09 12:00:00,7565.27978515625,7566.8701171875,7523.83984375,7535.14013671875,0
2024-07-09 13:00:00,7534.97998046875,7547.22998046875,7521.419921875,7525.43994140625,0
2024-07-09 14:00:00,7524.7099609375,7526.009765625,7492.43017578125,7492.740234375,0
2024-07-09 15:00:00,7490.47021484375,7497.490234375,7484.6201171875,7487.35009765625,0
2024-07-10 07:00:00,7525.18017578125,7526.259765625,7487.39013671875,7518.08984375,0
2024-07-10 08:00:00,7517.75,7542.31982421875,7515.75,7536.509765625,0
2024-07-10 09:00:00,7536.31005859375,7575.02001953125,7535.56005859375,7570.830078125,0
2024-07-10 10:00:00,7570.9599609375,7577.919921875,7560.9501953125,7565.47021484375,0
2024-07-10 11:00:00,7565.43994140625,7568.64990234375,7547.14990234375,7557.91015625,0
2024-07-10 12:00:00,7557.85986328125,7561.490234375,7549.02978515625,7556.06005859375,0
2024-07-10 13:00:00,7556.27001953125,7566.419921875,7554.33984375,7560.259765625,0
2024-07-10 14:00:00,7561.0,7571.72021484375,7558.22021484375,7569.43017578125,0
2024-07-10 15:00:00,7569.27978515625,7580.1201171875,7569.27978515625,7578.9599609375,0
2024-07-11 07:00:00,7613.08984375,7615.9501953125,7577.0,7610.9599609375,0
2024-07-11 08:00:00,7611.3701171875,7630.5400390625,7611.3701171875,7620.6298828125,0
2024-07-11 09:00:00,7620.7998046875,7627.16015625,7611.7099609375,7616.990234375,0
2024-07-11 10:00:00,7616.97998046875,7618.240234375,7592.7001953125,7602.2001953125,0
2024-07-11 11:00:00,7602.64990234375,7603.85986328125,7586.39990234375,7598.72998046875,0
2024-07-11 12:00:00,7598.52001953125,7645.97998046875,7593.89990234375,7608.2001953125,0
2024-07-11 13:00:00,7605.43994140625,7634.009765625,7603.7998046875,7623.6201171875,0
2024-07-11 14:00:00,7623.08984375,7636.740234375,7617.83984375,7634.64013671875,0
2024-07-11 15:00:00,7636.02978515625,7642.1201171875,7627.7900390625,7632.7900390625,0
2024-07-12 07:00:00,7664.93994140625,7674.7998046875,7659.08984375,7674.06005859375,0
2024-07-12 08:00:00,7672.93017578125,7695.0498046875,7672.93017578125,7690.60009765625,0
2024-07-12 09:00:00,7690.6298828125,7690.6298828125,7663.85986328125,7670.91015625,0
2024-07-12 10:00:00,7669.93994140625,7686.6298828125,7668.8798828125,7681.6201171875,0
2024-07-12 11:00:00,7681.85986328125,7686.91015625,7678.16015625,7686.91015625,0
2024-07-12 12:00:00,7686.990234375,7691.75,7670.580078125,7686.5498046875,0
2024-07-12 13:00:00,7687.43994140625,7701.330078125,7677.08984375,7700.18994140625,0
2024-07-12 14:00:00,7699.93017578125,7735.06982421875,7699.93017578125,7729.5400390625,0
2024-07-12 15:00:00,7729.89013671875,7737.16015625,7728.22998046875,7735.68017578125,0
2024-07-15 07:00:00,7682.33984375,7682.33984375,7648.919921875,7680.64013671875,0
2024-07-15 08:00:00,7681.43994140625,7701.259765625,7681.25,7692.18994140625,0
2024-07-15 09:00:00,7692.89013671875,7712.85009765625,7691.9501953125,7693.669921875,0
2024-07-15 10:00:00,7694.5400390625,7698.83984375,7684.08984375,7686.06005859375,0
2024-07-15 11:00:00,7686.27001953125,7686.43994140625,7667.3701171875,7671.33984375,0
2024-07-15 12:00:00,7671.1201171875,7675.14013671875,7650.14990234375,7651.509765625,0
2024-07-15 13:00:00,7651.5400390625,7655.83984375,7626.25,7639.1298828125,0
2024-07-15 14:00:00,7639.85009765625,7642.89013671875,7618.72998046875,7626.740234375,0
2024-07-15 15:00:00,7625.7099609375,7638.77978515625,7625.06982421875,7630.97021484375,0
2024-07-16 07:00:00,7583.5,7603.419921875,7559.85009765625,7570.0498046875,0
2024-07-16 08:00:00,7570.64013671875,7599.2001953125,7566.5498046875,7596.83984375,0
2024-07-16 09:00:00,7596.35009765625,7597.02001953125,7572.009765625,7573.7001953125,0
2024-07-16 10:00:00,7574.31005859375,7582.27001953125,7568.259765625,7570.080078125,0
2024-07-16 11:00:00,7569.97998046875,7575.97021484375,7566.8798828125,7568.27978515625,0
2024-07-16 12:00:00,7568.259765625,7585.419921875,7567.22021484375,7573.10986328125,0
2024-07-16 13:00:00,7572.83984375,7577.8798828125,7556.5498046875,7567.08984375,0
2024-07-16 14:00:00,7566.93994140625,7588.2900390625,7566.93994140625,7584.14013671875,0
2024-07-16 15:00:00,7584.60986328125,7587.4501953125,7579.64990234375,7583.5400390625,0
2024-07-17 07:00:00,7556.1298828125,7590.7001953125,7556.1298828125,7568.06005859375,0
2024-07-17 08:00:00,7568.31982421875,7569.77001953125,7544.68994140625,7562.06982421875,0
2024-07-17 09:00:00,7562.3798828125,7562.3798828125,7543.5498046875,7557.3701171875,0
2024-07-17 10:00:00,7557.3798828125,7570.89013671875,7557.3798828125,7563.259765625,0
2024-07-17 11:00:00,7562.41015625,7563.759765625,7524.8798828125,7535.18994140625,0
2024-07-17 12:00:00,7534.97998046875,7557.9501953125,7534.60986328125,7540.10986328125,0
2024-07-17 13:00:00,7539.56982421875,7582.72021484375,7535.5,7579.64013671875,0
2024-07-17 14:00:00,7579.3701171875,7603.4599609375,7578.7900390625,7587.419921875,0
2024-07-17 15:00:00,7587.31005859375,7587.31005859375,7574.1201171875,7580.490234375,0
2024-07-18 07:00:00,7606.240234375,7619.35009765625,7559.10009765625,7567.0498046875,0
2024-07-18 08:00:00,7568.41015625,7608.830078125,7565.89013671875,7608.830078125,0
2024-07-18 09:00:00,7609.35986328125,7618.2001953125,7603.72021484375,7615.0,0
2024-07-18 10:00:00,7615.31005859375,7621.5498046875,7598.81982421875,7615.52978515625,0
2024-07-18 11:00:00,7615.9501953125,7617.509765625,7605.66015625,7612.77978515625,0
2024-07-18 12:00:00,7612.8701171875,7648.56982421875,7609.85986328125,7646.2900390625,0
2024-07-18 13:00:00,7646.56005859375,7653.22021484375,7630.169921875,7642.77001953125,0
2024-07-18 14:00:00,7642.9501953125,7648.169921875,7601.1201171875,7605.27001953125,0
2024-07-18 15:00:00,7607.1201171875,7618.35986328125,7600.740234375,7600.740234375,0
2024-07-19 07:00:00,7565.8798828125,7570.330078125,7523.990234375,7540.9501953125,0
2024-07-19 08:00:00,7540.89013671875,7559.89990234375,7524.43994140625,7555.91015625,0
2024-07-19 09:00:00,7555.830078125,7564.14013671875,7513.66015625,7518.9599609375,0
2024-07-19 10:00:00,7519.68994140625,7554.56982421875,7519.68994140625,7540.330078125,0
2024-07-19 11:00:00,7539.47998046875,7557.58984375,7536.0400390625,7547.8701171875,0
2024-07-19 12:00:00,7548.3701171875,7558.2998046875,7533.18994140625,7554.77001953125,0
2024-07-19 13:00:00,7554.85986328125,7556.75,7525.91015625,7531.009765625,0
2024-07-19 14:00:00,7531.22021484375,7545.52001953125,7528.68017578125,7537.06982421875,0
2024-07-19 15:00:00,7538.16015625,7545.33984375,7522.6298828125,7522.72021484375,0
2024-07-22 07:00:00,7573.41015625,7584.7099609375,7568.2998046875,7570.169921875,0
2024-07-22 08:00:00,7568.02001953125,7629.75,7566.5400390625,7620.43017578125,0
2024-07-22 09:00:00,7619.52978515625,7634.85986328125,7615.4501953125,7631.0,0
2024-07-22 10:00:00,7630.4501953125,7642.41015625,7626.490234375,7639.60986328125,0
2024-07-22 11:00:00,7638.6201171875,7640.10986328125,7625.8798828125,7636.759765625,0
2024-07-22 12:00:00,7636.83984375,7644.5498046875,7630.47021484375,7636.64013671875,0
2024-07-22 13:00:00,7637.1201171875,7650.93017578125,7622.72021484375,7622.72021484375,0
2024-07-22 14:00:00,7623.93017578125,7635.81982421875,7615.58984375,7633.0,0
2024-07-22 15:00:00,7633.39013671875,7640.0400390625,7624.8798828125,7624.8798828125,0
2024-07-23 07:00:00,7628.02001953125,7629.56982421875,7585.64013671875,7586.66015625,0
2024-07-23 08:00:00,7586.72021484375,7625.419921875,7578.93994140625,7613.02001953125,0
2024-07-23 09:00:00,7613.419921875,7632.89013671875,7610.919921875,7632.56982421875,0
2024-07-23 10:00:00,7631.93017578125,7659.9501953125,7631.93017578125,7656.39013671875,0
2024-07-23 11:00:00,7656.68017578125,7661.77001953125,7638.33984375,7639.6298828125,0
2024-07-23 12:00:00,7639.06005859375,7639.1201171875,7608.06982421875,7611.35986328125,0
2024-07-23 13:00:00,7610.7099609375,7611.1298828125,7586.259765625,7589.509765625,0
2024-07-23 14:00:00,7588.47021484375,7595.5498046875,7572.97998046875,7590.56005859375,0
2024-07-23 15:00:00,7590.85986328125,7600.89013671875,7590.85986328125,7593.5400390625,0
2024-07-24 07:00:00,7500.669921875,7514.7998046875,7479.740234375,7482.27978515625,0
2024-07-24 08:00:00,7479.740234375,7495.4599609375,7464.10009765625,7493.169921875,0
2024-07-24 09:00:00,7493.7900390625,7521.10009765625,7482.39990234375,7521.10009765625,0
2024-07-24 10:00:00,7517.8798828125,7532.89990234375,7513.39013671875,7528.169921875,0
2024-07-24 11:00:00,7528.4599609375,7532.0,7515.080078125,7524.5498046875,0
2024-07-24 12:00:00,7523.6201171875,7528.43017578125,7506.14990234375,7507.14990234375,0
2024-07-24 13:00:00,7507.81005859375,7539.9501953125,7507.81005859375,7520.5498046875,0
2024-07-24 14:00:00,7520.18017578125,7535.33984375,7508.509765625,7521.77001953125,0
2024-07-24 15:00:00,7521.81005859375,7523.27978515625,7508.97998046875,7515.419921875,0
2024-07-25 07:00:00,7416.7001953125,7416.7001953125,7375.8798828125,7400.080078125,0
2024-07-25 08:00:00,7400.169921875,7409.509765625,7368.43994140625,7399.64013671875,0
2024-07-25 09:00:00,7399.22998046875,7407.83984375,7365.10986328125,7378.919921875,0
2024-07-25 10:00:00,7379.6298828125,7382.0498046875,7341.25,7364.02978515625,0
2024-07-25 11:00:00,7365.08984375,7375.35986328125,7353.8701171875,7355.47021484375,0
2024-07-25 12:00:00,7354.31005859375,7380.7099609375,7351.990234375,7380.7099609375,0
2024-07-25 13:00:00,7381.02001953125,7406.080078125,7373.919921875,7395.2001953125,0
2024-07-25 14:00:00,7392.5498046875,7416.7099609375,7371.0498046875,7416.7099609375,0
2024-07-25 15:00:00,7417.33984375,7430.93994140625,7414.35009765625,7424.16015625,0
2024-07-26 07:00:00,7444.41015625,7475.97998046875,7427.47021484375,7471.31005859375,0
2024-07-26 08:00:00,7472.1201171875,7500.5400390625,7464.72021484375,7499.22021484375,0
2024-07-26 09:00:00,7499.6298828125,7499.6298828125,7462.77978515625,7487.14013671875,0
2024-07-26 10:00:00,7487.330078125,7499.9501953125,7485.8798828125,7496.39013671875,0
2024-07-26 11:00:00,7495.919921875,7497.7998046875,7480.08984375,7497.2998046875,0
2024-07-26 12:00:00,7496.7998046875,7498.47021484375,7484.740234375,7498.47021484375,0
2024-07-26 13:00:00,7498.5,7506.41015625,7486.2099609375,7503.10009765625,0
2024-07-26 14:00:00,7504.25,7526.27001953125,7501.06005859375,7520.27001953125,0
2024-07-26 15:00:00,7520.41015625,7522.3701171875,7514.64013671875,7518.7001953125,0
2024-07-29 07:00:00,7547.4501953125,7547.64013671875,7493.97998046875,7495.3798828125,0
2024-07-29 08:00:00,7496.240234375,7498.56982421875,7485.68017578125,7494.22998046875,0
2024-07-29 09:00:00,7494.93017578125,7519.5400390625,7486.64013671875,7515.0498046875,0
2024-07-29 10:00:00,7515.2099609375,7517.0,7493.97021484375,7494.31982421875,0
2024-07-29 11:00:00,7494.64990234375,7498.27978515625,7482.27001953125,7488.27978515625,0
2024-07-29 12:00:00,7488.60009765625,7501.41015625,7475.39013671875,7480.85009765625,0
2024-07-29 13:00:00,7481.08984375,7481.08984375,7454.7099609375,7467.35009765625,0
2024-07-29 14:00:00,7467.75,7469.39990234375,7429.43017578125,7445.02978515625,0
2024-07-29 15:00:00,7444.77001953125,7449.7998046875,7438.56005859375,7447.83984375,0
2024-07-30 07:00:00,7461.60986328125,7480.10986328125,7455.08984375,7473.8701171875,0
2024-07-30 08:00:00,7474.08984375,7475.6201171875,7450.93017578125,7465.3701171875,0
2024-07-30 09:00:00,7465.35986328125,7477.27001953125,7462.669921875,7475.080078125,0
2024-07-30 10:00:00,7474.64013671875,7484.27001953125,7471.5498046875,7471.66015625,0
2024-07-30 11:00:00,7471.83984375,7476.64990234375,7469.7001953125,7472.16015625,0
2024-07-30 12:00:00,7471.9501953125,7485.9501953125,7470.83984375,7485.830078125,0
2024-07-30 13:00:00,7487.10009765625,7501.56005859375,7484.02001953125,7490.3701171875,0
2024-07-30 14:00:00,7490.7998046875,7491.22021484375,7478.0,7479.2998046875,0
2024-07-30 15:00:00,7479.97021484375,7486.56982421875,7465.7001953125,7482.58984375,0
2024-07-31 07:00:00,7565.10009765625,7571.10009765625,7543.47998046875,7559.47021484375,0
2024-07-31 08:00:00,7559.10009765625,7570.22998046875,7543.64013671875,7566.7998046875,0
2024-07-31 09:00:00,7568.0,7571.2998046875,7550.7998046875,7562.419921875,0
2024-07-31 10:00:00,7563.2900390625,7584.490234375,7560.8701171875,7579.08984375,0
2024-07-31 11:00:00,7579.759765625,7579.759765625,7554.080078125,7556.47021484375,0
2024-07-31 12:00:00,7556.64013671875,7566.830078125,7548.25,7550.56005859375,0
2024-07-31 13:00:00,7550.77001953125,7554.990234375,7518.47021484375,7522.0400390625,0
2024-07-31 14:00:00,7522.68994140625,7552.3798828125,7522.56005859375,7526.3798828125,0
2024-07-31 15:00:00,7525.89013671875,7537.0,7520.2099609375,7534.43017578125,0
2024-08-01 07:00:00,7478.14013671875,7483.43994140625,7440.02001953125,7446.1201171875,0
2024-08-01 08:00:00,7445.2900390625,7445.93017578125,7429.1201171875,7432.830078125,0
2024-08-01 09:00:00,7432.6201171875,7460.18017578125,7427.0498046875,7459.47998046875,0
2024-08-01 10:00:00,7460.5498046875,7472.330078125,7453.330078125,7471.7900390625,0
2024-08-01 11:00:00,7470.419921875,7473.91015625,7442.009765625,7443.2099609375,0
2024-08-01 12:00:00,7442.14990234375,7448.75,7426.10986328125,7431.580078125,0
2024-08-01 13:00:00,7432.240234375,7443.5,7423.81005859375,7436.3798828125,0
2024-08-01 14:00:00,7438.419921875,7438.419921875,7359.7099609375,7365.02978515625,0
2024-08-01 15:00:00,7364.91015625,7370.22021484375,7358.08984375,7363.25,0
2024-08-02 07:00:00,7330.60009765625,7347.7099609375,7294.10986328125,7327.6201171875,0
2024-08-02 08:00:00,7331.169921875,7350.2900390625,7316.6201171875,7347.75,0
2024-08-02 09:00:00,7346.9501953125,7348.52001953125,7298.60009765625,7301.1201171875,0
2024-08-02 10:00:00,7304.52978515625,7317.22998046875,7296.08984375,7310.75,0
2024-08-02 11:00:00,7310.8701171875,7323.169921875,7301.83984375,7318.75,0
2024-08-02 12:00:00,7318.7099609375,7336.56982421875,7268.22021484375,7304.22021484375,0
2024-08-02 13:00:00,7301.419921875,7314.56005859375,7276.22998046875,7295.759765625,0
2024-08-02 14:00:00,7295.4599609375,7306.919921875,7257.990234375,7257.990234375,0
2024-08-02 15:00:00,7256.9501953125,7256.9501953125,7227.7900390625,7233.93017578125,0
2024-08-05 07:00:00,7099.58984375,7119.1201171875,7029.91015625,7100.02001953125,0
2024-08-05 08:00:00,7101.9501953125,7125.4599609375,7092.3798828125,7108.89990234375,0
2024-08-05 09:00:00,7109.52001953125,7125.27001953125,7076.0498046875,7102.5,0
2024-08-05 10:00:00,7102.2001953125,7109.85986328125,7068.35009765625,7093.85986328125,0
2024-08-05 11:00:00,7094.14013671875,7116.7001953125,7061.68017578125,7064.7900390625,0
2024-08-05 12:00:00,7065.740234375,7076.5400390625,7038.5400390625,7060.58984375,0
2024-08-05 13:00:00,7060.56982421875,7117.169921875,7054.5,7103.759765625,0
2024-08-05 14:00:00,7100.75,7154.56982421875,7099.56005859375,7113.72021484375,0
2024-08-05 15:00:00,7113.4599609375,7158.60009765625,7102.919921875,7137.509765625,0
2024-08-06 07:00:00,7160.06982421875,7184.2900390625,7129.41015625,7149.81005859375,0
2024-08-06 08:00:00,7149.02001953125,7164.31982421875,7113.52978515625,7128.08984375,0
2024-08-06 09:00:00,7123.259765625,7125.72021484375,7096.259765625,7119.18994140625,0
2024-08-06 10:00:00,7119.2099609375,7136.9599609375,7099.66015625,7134.52978515625,0
2024-08-06 11:00:00,7132.43017578125,7140.580078125,7103.60986328125,7113.990234375,0
2024-08-06 12:00:00,7114.2099609375,7115.31982421875,7070.759765625,7075.97021484375,0
2024-08-06 13:00:00,7072.7099609375,7120.919921875,7070.02001953125,7117.56005859375,0
2024-08-06 14:00:00,7119.31982421875,7162.75,7108.7099609375,7152.72021484375,0
2024-08-06 15:00:00,7151.1201171875,7158.9501953125,7120.0400390625,7120.0400390625,0
2024-08-07 07:00:00,7161.93994140625,7198.64013671875,7145.8798828125,7194.31982421875,0
2024-08-07 08:00:00,7195.5,7228.830078125,7194.10986328125,7228.830078125,0
2024-08-07 09:00:00,7229.490234375,7247.77978515625,7223.85986328125,7233.81005859375,0
2024-08-07 10:00:00,7235.85986328125,7251.6201171875,7234.509765625,7248.33984375,0
2024-08-07 11:00:00,7249.66015625,7256.68994140625,7234.33984375,7237.91015625,0
2024-08-07 12:00:00,7237.9599609375,7244.83984375,7221.7998046875,7244.759765625,0
2024-08-07 13:00:00,7243.5498046875,7273.97021484375,7240.18994140625,7272.35009765625,0
2024-08-07 14:00:00,7272.83984375,7287.85009765625,7258.72998046875,7276.77001953125,0
2024-08-07 15:00:00,7278.02001953125,7279.240234375,7261.43994140625,7265.85986328125,0
2024-08-08 07:00:00,7223.009765625,7223.009765625,7180.56005859375,7196.18017578125,0
2024-08-08 08:00:00,7197.6298828125,7208.85009765625,7175.97998046875,7201.77978515625,0
2024-08-08 09:00:00,7202.52978515625,7206.5,7168.990234375,7178.2900390625,0
2024-08-08 10:00:00,7178.52978515625,7200.41015625,7177.27978515625,7187.72998046875,0
2024-08-08 11:00:00,7187.31005859375,7198.72998046875,7180.2001953125,7197.22998046875,0
2024-08-08 12:00:00,7197.490234375,7229.39990234375,7181.41015625,7216.47998046875,0
2024-08-08 13:00:00,7214.85009765625,7243.56982421875,7211.56005859375,7230.6298828125,0
2024-08-08 14:00:00,7231.31005859375,7256.919921875,7231.31005859375,7253.89013671875,0
2024-08-08 15:00:00,7253.18017578125,7262.080078125,7240.89013671875,7250.60986328125,0
2024-08-09 07:00:00,7259.7001953125,7291.08984375,7252.72021484375,7291.08984375,0
2024-08-09 08:00:00,7291.759765625,7319.509765625,7291.14990234375,7319.10986328125,0
2024-08-09 09:00:00,7319.06005859375,7319.2998046875,7290.990234375,7305.7900390625,0
2024-08-09 10:00:00,7305.02001953125,7305.02001953125,7279.47021484375,7280.83984375,0
2024-08-09 11:00:00,7280.77001953125,7284.2001953125,7265.7001953125,7273.18994140625,0
2024-08-09 12:00:00,7273.18017578125,7273.35986328125,7245.77978515625,7253.2099609375,0
2024-08-09 13:00:00,7253.1201171875,7254.580078125,7233.68994140625,7251.5400390625,0
2024-08-09 14:00:00,7251.93994140625,7270.72998046875,7248.77978515625,7268.8798828125,0
2024-08-09 15:00:00,7269.25,7277.66015625,7269.2001953125,7269.2001953125,0
2024-08-12 07:00:00,7296.83984375,7307.4501953125,7272.52001953125,7296.56982421875,0
2024-08-12 08:00:00,7296.580078125,7300.77001953125,7258.1298828125,7258.1298828125,0
2024-08-12 09:00:00,7258.52001953125,7268.080078125,7250.5,7264.41015625,0
2024-08-12 10:00:00,7264.64990234375,7265.35986328125,7253.0400390625,7265.35986328125,0
2024-08-12 11:00:00,7265.43017578125,7275.1201171875,7265.43017578125,7268.75,0
2024-08-12 12:00:00,7268.58984375,7269.64013671875,7257.33984375,7259.52978515625,0
2024-08-12 13:00:00,7259.64013671875,7270.81005859375,7234.2001953125,7237.9599609375,0
2024-08-12 14:00:00,7237.64013671875,7269.31982421875,7237.64013671875,7268.52978515625,0
2024-08-12 15:00:00,7268.2099609375,7268.990234375,7239.89013671875,7246.8798828125,0
2024-08-13 07:00:00,7277.7001953125,7282.27978515625,7261.52001953125,7268.5498046875,0
2024-08-13 08:00:00,7268.4599609375,7272.93017578125,7239.14990234375,7257.52978515625,0
2024-08-13 09:00:00,7257.14990234375,7260.0498046875,7244.080078125,7244.080078125,0
2024-08-13 10:00:00,7244.06005859375,7244.06005859375,7222.080078125,7231.56005859375,0
2024-08-13 11:00:00,7230.39013671875,7239.22021484375,7223.1201171875,7229.4599609375,0
2024-08-13 12:00:00,7229.740234375,7249.7099609375,7227.259765625,7246.22998046875,0
2024-08-13 13:00:00,7246.18017578125,7253.5,7238.08984375,7248.39013671875,0
2024-08-13 14:00:00,7248.509765625,7268.02978515625,7243.830078125,7267.14013671875,0
2024-08-13 15:00:00,7267.66015625,7278.68994140625,7267.66015625,7275.81982421875,0
2024-08-14 07:00:00,7330.16015625,7331.0400390625,7316.509765625,7316.509765625,0
2024-08-14 08:00:00,7316.02001953125,7330.0,7307.35986328125,7329.77001953125,0
2024-08-14 09:00:00,7329.60986328125,7331.259765625,7306.64013671875,7309.52001953125,0
2024-08-14 10:00:00,7308.56005859375,7308.7099609375,7297.31005859375,7304.3798828125,0
2024-08-14 11:00:00,7304.169921875,7308.16015625,7295.89013671875,7307.419921875,0
2024-08-14 12:00:00,7307.39990234375,7317.41015625,7301.56005859375,7316.10009765625,0
2024-08-14 13:00:00,7315.91015625,7320.64013671875,7308.009765625,7311.18994140625,0
2024-08-14 14:00:00,7310.85009765625,7322.080078125,7305.490234375,7318.85009765625,0
2024-08-14 15:00:00,7318.5498046875,7324.169921875,7318.43017578125,7323.27001953125,0
2024-08-15 07:00:00,7356.18994140625,7361.08984375,7343.43994140625,7357.60986328125,0
2024-08-15 08:00:00,7357.7998046875,7358.8798828125,7338.33984375,7339.56982421875,0
2024-08-15 09:00:00,7339.509765625,7342.97021484375,7333.81982421875,7334.3701171875,0
2024-08-15 10:00:00,7334.43017578125,7334.97998046875,7318.14013671875,7330.0498046875,0
2024-08-15 11:00:00,7328.72998046875,7346.6201171875,7326.509765625,7343.91015625,0
2024-08-15 12:00:00,7343.8798828125,7428.77978515625,7339.47998046875,7418.64013671875,0
2024-08-15 13:00:00,7418.7099609375,7437.33984375,7411.60986328125,7433.4599609375,0
2024-08-15 14:00:00,7432.93994140625,7432.93994140625,7410.7001953125,7420.5400390625,0
2024-08-15 15:00:00,7420.9599609375,7427.7900390625,7418.14990234375,7423.259765625,0
2024-08-16 07:00:00,7442.2998046875,7446.35009765625,7425.0,7445.419921875,0
2024-08-16 08:00:00,7445.47998046875,7456.2900390625,7433.16015625,7441.740234375,0
2024-08-16 09:00:00,7441.77978515625,7460.330078125,7440.2001953125,7456.43017578125,0
2024-08-16 10:00:00,7456.14013671875,7456.14013671875,7434.85009765625,7443.02978515625,0
2024-08-16 11:00:00,7443.18994140625,7445.08984375,7432.89013671875,7433.02001953125,0
2024-08-16 12:00:00,7433.27978515625,7435.2900390625,7421.47998046875,7434.66015625,0
2024-08-16 13:00:00,7433.18017578125,7441.25,7425.7998046875,7435.43994140625,0
2024-08-16 14:00:00,7436.669921875,7448.8798828125,7431.89013671875,7442.68017578125,0
2024-08-16 15:00:00,7441.10986328125,7445.2900390625,7437.56005859375,7444.93017578125,0
2024-08-19 07:00:00,7445.31005859375,7456.72021484375,7444.72021484375,7446.830078125,0
2024-08-19 08:00:00,7446.759765625,7461.5,7445.43994140625,7459.169921875,0
2024-08-19 09:00:00,7459.2998046875,7473.85986328125,7452.72998046875,7473.7998046875,0
2024-08-19 10:00:00,7473.41015625,7481.4501953125,7471.27001953125,7473.6201171875,0
2024-08-19 11:00:00,7473.990234375,7483.9501953125,7472.02001953125,7477.85009765625,0
2024-08-19 12:00:00,7477.91015625,7491.35986328125,7477.91015625,7487.02001953125,0
2024-08-19 13:00:00,7487.52001953125,7510.31982421875,7485.31005859375,7506.580078125,0
2024-08-19 14:00:00,7506.89990234375,7519.85986328125,7504.419921875,7512.7099609375,0
2024-08-19 15:00:00,7512.3701171875,7514.169921875,7507.06982421875,7507.27978515625,0
2024-08-20 07:00:00,7518.7001953125,7525.47998046875,7508.6201171875,7525.47998046875,0
2024-08-20 08:00:00,7527.080078125,7531.7001953125,7511.68994140625,7519.66015625,0
2024-08-20 09:00:00,7519.6201171875,7523.5498046875,7507.68994140625,7508.97998046875,0
2024-08-20 10:00:00,7509.419921875,7516.10009765625,7502.10009765625,7511.2099609375,0
2024-08-20 11:00:00,7510.31982421875,7512.2099609375,7505.0400390625,7510.02001953125,0
2024-08-20 12:00:00,7509.830078125,7511.85986328125,7493.83984375,7495.2099609375,0
2024-08-20 13:00:00,7496.16015625,7506.9599609375,7490.8798828125,7506.9599609375,0
2024-08-20 14:00:00,7506.7099609375,7506.7099609375,7489.7998046875,7491.8798828125,0
2024-08-20 15:00:00,7491.2998046875,7491.41015625,7481.669921875,7483.22998046875,0
2024-08-21 07:00:00,7486.91015625,7509.7001953125,7486.91015625,7505.9501953125,0
2024-08-21 08:00:00,7505.9599609375,7514.490234375,7494.22021484375,7503.330078125,0
2024-08-21 09:00:00,7503.0400390625,7517.33984375,7503.0400390625,7508.25,0
2024-08-21 10:00:00,7507.8798828125,7519.60986328125,7503.97998046875,7519.60986328125,0
2024-08-21 11:00:00,7519.58984375,7524.97021484375,7513.5400390625,7523.27978515625,0
2024-08-21 12:00:00,7523.33984375,7528.27978515625,7518.66015625,7524.47021484375,0
2024-08-21 13:00:00,7525.419921875,7526.14013671875,7512.0,7520.47998046875,0
2024-08-21 14:00:00,7520.41015625,7530.47998046875,7505.169921875,7513.39990234375,0
2024-08-21 15:00:00,7513.91015625,7528.35986328125,7513.43994140625,7524.7900390625,0
2024-08-22 07:00:00,7527.9599609375,7548.16015625,7526.97998046875,7539.759765625,0
2024-08-22 08:00:00,7539.990234375,7557.10009765625,7539.7998046875,7553.4501953125,0
2024-08-22 09:00:00,7553.669921875,7568.6298828125,7546.97998046875,7547.22021484375,0
2024-08-22 10:00:00,7547.33984375,7550.93994140625,7539.43017578125,7542.60009765625,0
2024-08-22 11:00:00,7542.77978515625,7543.2998046875,7538.759765625,7540.52001953125,0
2024-08-22 12:00:00,7539.759765625,7544.259765625,7535.3798828125,7540.47021484375,0
2024-08-22 13:00:00,7540.89013671875,7555.7099609375,7540.22021484375,7547.9599609375,0
2024-08-22 14:00:00,7547.08984375,7548.35986328125,7530.2900390625,7530.2900390625,0
2024-08-22 15:00:00,7529.97021484375,7535.830078125,7523.52978515625,7526.64990234375,0
2024-08-23 07:00:00,7544.72998046875,7558.7998046875,7536.93994140625,7537.759765625,0
2024-08-23 08:00:00,7537.5400390625,7559.68017578125,7534.2998046875,7559.35986328125,0
2024-08-23 09:00:00,7559.33984375,7574.39013671875,7553.77001953125,7573.06982421875,0
2024-08-23 10:00:00,7573.169921875,7573.77001953125,7564.3701171875,7570.14990234375,0
2024-08-23 11:00:00,7570.0,7570.419921875,7555.830078125,7555.830078125,0
2024-08-23 12:00:00,7555.7998046875,7559.56982421875,7548.7001953125,7554.72998046875,0
2024-08-23 13:00:00,7554.18017578125,7556.5,7544.31005859375,7548.56982421875,0
2024-08-23 14:00:00,7549.5,7583.5,7549.5,7573.35009765625,0
2024-08-23 15:00:00,7573.18994140625,7578.39990234375,7566.10009765625,7576.2998046875,0
2024-08-26 07:00:00,7591.43017578125,7592.83984375,7580.43017578125,7585.27001953125,0
2024-08-26 08:00:00,7585.02978515625,7595.89013671875,7584.5498046875,7590.52001953125,0
2024-08-26 09:00:00,7590.43017578125,7592.14013671875,7577.6298828125,7578.22998046875,0
2024-08-26 10:00:00,7578.5498046875,7590.85986328125,7578.5498046875,7588.31005859375,0
2024-08-26 11:00:00,7588.580078125,7597.68017578125,7587.2998046875,7597.1201171875,0
2024-08-26 12:00:00,7597.16015625,7597.72021484375,7591.68994140625,7597.0,0
2024-08-26 13:00:00,7596.81982421875,7603.35986328125,7584.97998046875,7603.35986328125,0
2024-08-26 14:00:00,7606.259765625,7608.31982421875,7586.6201171875,7594.02978515625,0
2024-08-26 15:00:00,7593.5498046875,7600.509765625,7593.1298828125,7594.31982421875,0
2024-08-27 07:00:00,7601.27001953125,7615.08984375,7598.14013671875,7609.93994140625,0
2024-08-27 08:00:00,7610.02978515625,7625.080078125,7610.02978515625,7623.81982421875,0
2024-08-27 09:00:00,7624.68017578125,7624.91015625,7599.43994140625,7599.580078125,0
2024-08-27 10:00:00,7599.169921875,7599.490234375,7586.68994140625,7592.2998046875,0
2024-08-27 11:00:00,7591.85009765625,7600.43994140625,7588.02001953125,7596.41015625,0
2024-08-27 12:00:00,7596.4501953125,7596.4599609375,7572.5498046875,7576.5498046875,0
2024-08-27 13:00:00,7576.6201171875,7588.02001953125,7570.2998046875,7578.9599609375,0
2024-08-27 14:00:00,7578.4599609375,7586.27978515625,7574.77001953125,7579.56982421875,0
2024-08-27 15:00:00,7578.990234375,7580.81005859375,7571.4501953125,7572.9501953125,0
2024-08-28 07:00:00,7587.47021484375,7592.22998046875,7579.240234375,7588.64990234375,0
2024-08-28 08:00:00,7589.5498046875,7600.2001953125,7586.31982421875,7590.43017578125,0
2024-08-28 09:00:00,7590.240234375,7596.18017578125,7583.58984375,7595.08984375,0
2024-08-28 10:00:00,7595.22021484375,7606.72021484375,7594.759765625,7602.35009765625,0
2024-08-28 11:00:00,7602.740234375,7611.919921875,7601.080078125,7606.06982421875,0
2024-08-28 12:00:00,7605.97021484375,7608.64990234375,7593.89013671875,7596.080078125,0
2024-08-28 13:00:00,7596.02978515625,7608.89013671875,7590.919921875,7603.18017578125,0
2024-08-28 14:00:00,7603.2099609375,7603.2099609375,7589.990234375,7592.7099609375,0
2024-08-28 15:00:00,7592.490234375,7592.490234375,7581.81982421875,7583.85009765625,0
2024-08-29 07:00:00,7577.169921875,7621.5498046875,7576.35986328125,7605.1201171875,0
2024-08-29 08:00:00,7605.2099609375,7619.16015625,7600.64990234375,7616.77978515625,0
2024-08-29 09:00:00,7616.85009765625,7638.85986328125,7615.4501953125,7628.93017578125,0
2024-08-29 10:00:00,7629.0400390625,7633.06005859375,7624.259765625,7627.97021484375,0
2024-08-29 11:00:00,7628.27001953125,7638.52001953125,7622.64990234375,7632.14990234375,0
2024-08-29 12:00:00,7632.14990234375,7644.68017578125,7626.009765625,7641.4501953125,0
2024-08-29 13:00:00,7641.2900390625,7641.5498046875,7616.47998046875,7622.27001953125,0
2024-08-29 14:00:00,7622.33984375,7638.89013671875,7622.33984375,7630.7998046875,0
2024-08-29 15:00:00,7630.919921875,7639.4501953125,7630.7099609375,7638.56982421875,0
2024-08-30 07:00:00,7645.52978515625,7681.14013671875,7645.22021484375,7674.419921875,0
2024-08-30 08:00:00,7674.5498046875,7682.4501953125,7673.330078125,7682.14013671875,0
2024-08-30 09:00:00,7681.47998046875,7693.81982421875,7679.93017578125,7685.81005859375,0
2024-08-30 10:00:00,7686.33984375,7686.33984375,7673.58984375,7678.5,0
2024-08-30 11:00:00,7678.85009765625,7682.7998046875,7663.27978515625,7669.7900390625,0
2024-08-30 12:00:00,7669.75,7681.830078125,7658.990234375,7659.35009765625,0
2024-08-30 13:00:00,7659.669921875,7660.080078125,7650.06005859375,7654.77001953125,0
2024-08-30 14:00:00,7658.580078125,7661.35009765625,7638.91015625,7638.91015625,0
2024-08-30 15:00:00,7638.2900390625,7643.68017578125,7635.27978515625,7635.27978515625,0
2024-09-02 07:00:00,7628.85986328125,7630.31982421875,7572.77001953125,7599.4501953125,0
2024-09-02 08:00:00,7599.1201171875,7613.52001953125,7595.31982421875,7606.66015625,0
2024-09-02 09:00:00,7606.08984375,7616.64013671875,7602.16015625,7616.64013671875,0
2024-09-02 10:00:00,7616.919921875,7617.31005859375,7607.2998046875,7610.10009765625,0
2024-09-02 11:00:00,7609.7900390625,7623.47021484375,7609.7900390625,7623.2099609375,0
2024-09-02 12:00:00,7623.2001953125,7635.02978515625,7621.7900390625,7632.83984375,0
2024-09-02 13:00:00,7632.52978515625,7642.89013671875,7623.919921875,7636.91015625,0
2024-09-02 14:00:00,7636.7001953125,7649.10009765625,7632.27978515625,7644.08984375,0
2024-09-02 15:00:00,7643.6298828125,7645.509765625,7642.1201171875,7644.0498046875,0
2024-09-03 07:00:00,7659.81005859375,7671.52978515625,7647.18994140625,7664.60009765625,0
2024-09-03 08:00:00,7664.77001953125,7670.0498046875,7649.85009765625,7654.2900390625,0
2024-09-03 09:00:00,7653.759765625,7653.759765625,7636.52001953125,7636.52001953125,0
2024-09-03 10:00:00,7636.68994140625,7637.52001953125,7623.5498046875,7628.10009765625,0
2024-09-03 11:00:00,7627.97021484375,7633.0,7625.25,7631.56982421875,0
2024-09-03 12:00:00,7631.419921875,7634.52978515625,7616.58984375,7617.35009765625,0
2024-09-03 13:00:00,7617.31005859375,7622.72021484375,7592.740234375,7601.18994140625,0
2024-09-03 14:00:00,7601.240234375,7601.240234375,7564.990234375,7565.8701171875,0
2024-09-03 15:00:00,7566.22021484375,7585.1298828125,7565.68994140625,7574.18994140625,0
2024-09-04 07:00:00,7490.10009765625,7530.830078125,7488.83984375,7524.5,0
2024-09-04 08:00:00,7524.009765625,7526.0,7502.7099609375,7510.43994140625,0
2024-09-04 09:00:00,7510.56982421875,7524.68017578125,7506.10009765625,7517.14013671875,0
2024-09-04 10:00:00,7515.8701171875,7519.0498046875,7502.22021484375,7503.22021484375,0
2024-09-04 11:00:00,7503.009765625,7507.0498046875,7491.9599609375,7491.9599609375,0
2024-09-04 12:00:00,7491.83984375,7505.39990234375,7488.830078125,7503.7900390625,0
2024-09-04 13:00:00,7503.81982421875,7514.3701171875,7493.8701171875,7509.9599609375,0
2024-09-04 14:00:00,7509.0,7516.31005859375,7482.39990234375,7516.31005859375,0
2024-09-04 15:00:00,7516.77001953125,7526.64990234375,7497.9501953125,7497.9501953125,0
2024-09-05 07:00:00,7464.27978515625,7498.080078125,7462.52001953125,7498.080078125,0
2024-09-05 08:00:00,7497.56982421875,7497.89990234375,7480.18017578125,7486.4501953125,0
2024-09-05 09:00:00,7485.7001953125,7489.08984375,7449.990234375,7459.93994140625,0
2024-09-05 10:00:00,7460.14990234375,7467.91015625,7448.18994140625,7453.080078125,0
2024-09-05 11:00:00,7452.66015625,7481.77001953125,7439.669921875,7453.97021484375,0
2024-09-05 12:00:00,7454.18017578125,7463.72021484375,7439.4599609375,7460.4599609375,0
2024-09-05 13:00:00,7460.33984375,7462.6201171875,7446.14990234375,7454.43994140625,0
2024-09-05 14:00:00,7456.759765625,7476.080078125,7454.490234375,7469.14013671875,0
2024-09-05 15:00:00,7469.52001953125,7470.080078125,7445.16015625,7446.5498046875,0
2024-09-06 07:00:00,7424.08984375,7426.0,7379.990234375,7413.830078125,0
2024-09-06 08:00:00,7414.89990234375,7424.16015625,7385.02001953125,7390.2001953125,0
2024-09-06 09:00:00,7390.83984375,7422.89013671875,7389.7900390625,7422.43017578125,0
2024-09-06 10:00:00,7423.18017578125,7423.89990234375,7404.75,7406.740234375,0
2024-09-06 11:00:00,7406.77978515625,7421.9501953125,7406.77978515625,7421.9501953125,0
2024-09-06 12:00:00,7422.7001953125,7453.1298828125,7414.72998046875,7440.0498046875,0
2024-09-06 13:00:00,7440.60009765625,7466.14013671875,7433.5,7439.91015625,0
2024-09-06 14:00:00,7439.85986328125,7442.39013671875,7362.5,7365.77001953125,0
2024-09-06 15:00:00,7365.85986328125,7391.93017578125,7342.06982421875,7342.85009765625,0
2024-09-09 07:00:00,7376.72021484375,7395.5400390625,7369.89990234375,7395.14990234375,0
2024-09-09 08:00:00,7395.31005859375,7398.2900390625,7374.81005859375,7393.83984375,0
2024-09-09 09:00:00,7394.27978515625,7415.31005859375,7392.2900390625,7406.5400390625,0
2024-09-09 10:00:00,7406.35986328125,7406.77978515625,7390.47021484375,7397.2099609375,0
2024-09-09 11:00:00,7397.240234375,7415.7900390625,7397.240234375,7398.490234375,0
2024-09-09 12:00:00,7398.39013671875,7403.85986328125,7386.580078125,7401.6298828125,0
2024-09-09 13:00:00,7401.7998046875,7420.81982421875,7393.06982421875,7419.1298828125,0
2024-09-09 14:00:00,7419.91015625,7445.0498046875,7418.509765625,7425.2998046875,0
2024-09-09 15:00:00,7424.419921875,7433.2998046875,7413.6298828125,7419.89990234375,0
2024-09-10 07:00:00,7414.39990234375,7469.14013671875,7409.66015625,7469.14013671875,0
2024-09-10 08:00:00,7469.0,7476.5400390625,7445.60986328125,7446.72998046875,0
2024-09-10 09:00:00,7447.0400390625,7461.169921875,7424.72998046875,7451.39013671875,0
2024-09-10 10:00:00,7451.3701171875,7455.93994140625,7434.56982421875,7439.39990234375,0
2024-09-10 11:00:00,7439.990234375,7447.47021484375,7423.89013671875,7437.169921875,0
2024-09-10 12:00:00,7436.35009765625,7447.72021484375,7434.240234375,7441.68017578125,0
2024-09-10 13:00:00,7441.5,7441.5,7405.25,7409.16015625,0
2024-09-10 14:00:00,7408.9599609375,7408.9599609375,7388.33984375,7390.89990234375,0
2024-09-10 15:00:00,7391.06005859375,7412.7900390625,7390.97021484375,7405.919921875,0
2024-09-11 07:00:00,7419.0400390625,7444.43017578125,7418.64990234375,7434.68017578125,0
2024-09-11 08:00:00,7434.2099609375,7438.6201171875,7401.740234375,7417.31982421875,0
2024-09-11 09:00:00,7417.14990234375,7423.35009765625,7407.22021484375,7420.97998046875,0
2024-09-11 10:00:00,7418.7001953125,7432.3798828125,7418.5400390625,7429.3701171875,0
2024-09-11 11:00:00,7429.669921875,7437.759765625,7423.60009765625,7426.580078125,0
2024-09-11 12:00:00,7426.77978515625,7443.77978515625,7408.58984375,7441.93017578125,0
2024-09-11 13:00:00,7441.10986328125,7452.68017578125,7406.1201171875,7406.83984375,0
2024-09-11 14:00:00,7407.43017578125,7407.43017578125,7363.31005859375,7382.58984375,0
2024-09-11 15:00:00,7383.2099609375,7414.43994140625,7380.41015625,7399.27978515625,0
2024-09-12 07:00:00,7478.91015625,7484.16015625,7444.580078125,7446.580078125,0
2024-09-12 08:00:00,7446.0498046875,7449.60986328125,7436.60986328125,7446.33984375,0
2024-09-12 09:00:00,7446.64013671875,7475.72998046875,7443.669921875,7465.240234375,0
2024-09-12 10:00:00,7464.9501953125,7474.2099609375,7455.259765625,7462.43994140625,0
2024-09-12 11:00:00,7461.7099609375,7465.22021484375,7453.10009765625,7463.7900390625,0
2024-09-12 12:00:00,7463.509765625,7472.41015625,7437.33984375,7443.10009765625,0
2024-09-12 13:00:00,7442.14990234375,7448.22998046875,7393.22021484375,7404.1298828125,0
2024-09-12 14:00:00,7404.68994140625,7445.89013671875,7398.490234375,7428.58984375,0
2024-09-12 15:00:00,7426.7099609375,7435.490234375,7423.85986328125,7428.7998046875,0
2024-09-13 07:00:00,7441.56005859375,7486.56005859375,7438.64990234375,7455.56982421875,0
2024-09-13 08:00:00,7454.5,7463.25,7448.2001953125,7450.4501953125,0
2024-09-13 09:00:00,7450.85986328125,7467.330078125,7449.6298828125,7452.33984375,0
2024-09-13 10:00:00,7451.60986328125,7460.8798828125,7451.14013671875,7456.27978515625,0
2024-09-13 11:00:00,7456.669921875,7459.0498046875,7442.14013671875,7448.77001953125,0
2024-09-13 12:00:00,7448.7998046875,7461.68017578125,7447.8798828125,7455.009765625,0
2024-09-13 13:00:00,7455.02978515625,7468.4501953125,7448.009765625,7467.91015625,0
2024-09-13 14:00:00,7467.77978515625,7490.83984375,7465.85986328125,7469.759765625,0
2024-09-13 15:00:00,7469.7099609375,7470.9501953125,7459.22998046875,7462.60009765625,0
2024-09-16 07:00:00,7432.169921875,7474.22021484375,7430.06005859375,7474.22021484375,0
2024-09-16 08:00:00,7474.14990234375,7480.60009765625,7466.2099609375,7471.72998046875,0
2024-09-16 09:00:00,7472.2001953125,7478.81982421875,7455.93994140625,7458.2001953125,0
2024-09-16 10:00:00,7458.3701171875,7473.97998046875,7457.58984375,7469.18017578125,0
2024-09-16 11:00:00,7468.60986328125,7472.009765625,7462.080078125,7462.85009765625,0
2024-09-16 12:00:00,7463.58984375,7469.6298828125,7446.89013671875,7454.27978515625,0
2024-09-16 13:00:00,7454.1298828125,7462.75,7440.60009765625,7461.58984375,0
2024-09-16 14:00:00,7462.35986328125,7465.52001953125,7446.5400390625,7451.02001953125,0
2024-09-16 15:00:00,7449.6298828125,7451.759765625,7443.5498046875,7443.5498046875,0
2024-09-17 07:00:00,7485.14013671875,7497.009765625,7473.89990234375,7478.85009765625,0
2024-09-17 08:00:00,7478.56982421875,7493.4501953125,7477.740234375,7489.919921875,0
2024-09-17 09:00:00,7490.740234375,7509.9501953125,7487.7998046875,7504.83984375,0
2024-09-17 10:00:00,7504.43994140625,7517.240234375,7499.6298828125,7499.77001953125,0
2024-09-17 11:00:00,7499.490234375,7505.72021484375,7484.35009765625,7504.56982421875,0
2024-09-17 12:00:00,7504.5498046875,7522.580078125,7500.8798828125,7522.47998046875,0
2024-09-17 13:00:00,7523.27001953125,7523.8701171875,7486.009765625,7486.47998046875,0
2024-09-17 14:00:00,7486.830078125,7501.47998046875,7481.5498046875,7488.39013671875,0
2024-09-17 15:00:00,7488.66015625,7495.47998046875,7486.490234375,7492.68017578125,0
2024-09-18 07:00:00,7489.85009765625,7495.31005859375,7473.490234375,7474.759765625,0
2024-09-18 08:00:00,7473.93017578125,7476.10986328125,7462.5,7473.5,0
2024-09-18 09:00:00,7473.43017578125,7473.43017578125,7462.009765625,7469.669921875,0
2024-09-18 10:00:00,7469.490234375,7469.490234375,7451.85986328125,7453.08984375,0
2024-09-18 11:00:00,7452.85986328125,7460.14990234375,7448.5498046875,7456.4501953125,0
2024-09-18 12:00:00,7456.41015625,7467.1298828125,7453.06982421875,7464.06005859375,0
2024-09-18 13:00:00,7463.64990234375,7467.009765625,7448.0,7449.97998046875,0
2024-09-18 14:00:00,7450.919921875,7460.81005859375,7444.18017578125,7452.91015625,0
2024-09-18 15:00:00,7454.33984375,7458.33984375,7446.85009765625,7451.9599609375,0
2024-09-19 07:00:00,7557.0400390625,7561.240234375,7520.080078125,7533.740234375,0
2024-09-19 08:00:00,7534.85009765625,7570.81005859375,7530.06982421875,7569.33984375,0
2024-09-19 09:00:00,7570.10009765625,7590.16015625,7566.85009765625,7582.259765625,0
2024-09-19 10:00:00,7582.56982421875,7598.43994140625,7581.6298828125,7595.6201171875,0
2024-09-19 11:00:00,7594.740234375,7599.68994140625,7584.43017578125,7593.18994140625,0
2024-09-19 12:00:00,7593.169921875,7600.419921875,7589.18017578125,7589.9599609375,0
2024-09-19 13:00:00,7589.52978515625,7603.5,7575.85009765625,7592.990234375,0
2024-09-19 14:00:00,7591.5400390625,7593.1201171875,7576.77001953125,7587.02978515625,0
2024-09-19 15:00:00,7586.66015625,7608.97021484375,7586.66015625,7608.97021484375,0
2024-09-20 07:00:00,7597.52001953125,7603.2001953125,7570.52001953125,7581.330078125,0
2024-09-20 08:00:00,7581.33984375,7581.33984375,7536.85986328125,7549.990234375,0
2024-09-20 09:00:00,7549.52978515625,7562.18017578125,7543.77001953125,7554.669921875,0
2024-09-20 10:00:00,7554.22998046875,7569.56005859375,7546.58984375,7565.93017578125,0
2024-09-20 11:00:00,7565.5,7569.27001953125,7549.77978515625,7556.85986328125,0
2024-09-20 12:00:00,7556.7001953125,7563.64013671875,7551.6298828125,7552.0400390625,0
2024-09-20 13:00:00,7551.7099609375,7551.89990234375,7520.9599609375,7520.9599609375,0
2024-09-20 14:00:00,7521.56982421875,7529.1298828125,7503.60986328125,7514.06005859375,0
2024-09-20 15:00:00,7514.10986328125,7517.02978515625,7504.64990234375,7505.77001953125,0
2024-09-23 07:00:00,7499.919921875,7499.919921875,7460.58984375,7486.52001953125,0
2024-09-23 08:00:00,7486.39990234375,7490.81005859375,7456.43994140625,7476.0498046875,0
2024-09-23 09:00:00,7475.669921875,7480.0,7457.9599609375,7473.8798828125,0
2024-09-23 10:00:00,7474.7001953125,7482.0,7473.85986328125,7475.77001953125,0
2024-09-23 11:00:00,7476.06005859375,7486.580078125,7472.89990234375,7485.35986328125,0
2024-09-23 12:00:00,7485.3798828125,7499.47021484375,7484.5498046875,7496.43017578125,0
2024-09-23 13:00:00,7497.009765625,7518.77001953125,7496.4599609375,7513.3798828125,0
2024-09-23 14:00:00,7512.990234375,7514.5,7486.9501953125,7503.009765625,0
2024-09-23 15:00:00,7503.0,7503.490234375,7493.3798828125,7501.39990234375,0
2024-09-24 07:00:00,7608.47021484375,7622.31005859375,7584.35986328125,7610.1201171875,0
2024-09-24 08:00:00,7610.3798828125,7633.5498046875,7608.5400390625,7626.31982421875,0
2024-09-24 09:00:00,7625.4599609375,7630.08984375,7609.18017578125,7630.08984375,0
2024-09-24 10:00:00,7630.669921875,7634.22998046875,7620.740234375,7628.81982421875,0
2024-09-24 11:00:00,7626.7998046875,7627.0498046875,7592.77978515625,7594.02978515625,0
2024-09-24 12:00:00,7593.56005859375,7603.330078125,7586.4501953125,7602.3701171875,0
2024-09-24 13:00:00,7602.1298828125,7610.77978515625,7592.72998046875,7596.25,0
2024-09-24 14:00:00,7600.27001953125,7600.27001953125,7575.35986328125,7594.08984375,0
2024-09-24 15:00:00,7594.7099609375,7605.2001953125,7594.2900390625,7599.9599609375,0
2024-09-25 07:00:00,7549.259765625,7584.31005859375,7546.85986328125,7583.7099609375,0
2024-09-25 08:00:00,7583.9599609375,7584.9501953125,7558.10986328125,7569.35986328125,0
2024-09-25 09:00:00,7569.35986328125,7577.3701171875,7557.56005859375,7577.06982421875,0
2024-09-25 10:00:00,7576.240234375,7583.97998046875,7574.3798828125,7583.97998046875,0
2024-09-25 11:00:00,7587.8701171875,7592.22998046875,7581.18994140625,7591.93017578125,0
2024-09-25 12:00:00,7591.64013671875,7595.77001953125,7585.7900390625,7586.830078125,0
2024-09-25 13:00:00,7586.3798828125,7588.169921875,7549.0498046875,7555.47998046875,0
2024-09-25 14:00:00,7557.27978515625,7567.240234375,7550.9599609375,7560.14990234375,0
2024-09-25 15:00:00,7560.06982421875,7567.41015625,7558.77978515625,7562.91015625,0
2024-09-26 07:00:00,7663.02978515625,7690.0,7652.60986328125,7689.330078125,0
2024-09-26 08:00:00,7688.89990234375,7707.81982421875,7683.81005859375,7686.490234375,0
2024-09-26 09:00:00,7686.66015625,7686.66015625,7666.75,7669.5498046875,0
2024-09-26 10:00:00,7669.89990234375,7685.06005859375,7667.39990234375,7680.509765625,0
2024-09-26 11:00:00,7682.14013671875,7688.2998046875,7675.35986328125,7688.27978515625,0
2024-09-26 12:00:00,7688.31005859375,7717.759765625,7681.2099609375,7715.25,0
2024-09-26 13:00:00,7715.580078125,7736.68994140625,7715.580078125,7730.259765625,0
2024-09-26 14:00:00,7733.990234375,7736.72021484375,7698.1201171875,7705.8798828125,0
2024-09-26 15:00:00,7706.31982421875,7732.02978515625,7704.89990234375,7731.330078125,0
2024-09-27 07:00:00,7762.4501953125,7776.419921875,7743.8798828125,7752.9599609375,0
2024-09-27 08:00:00,7752.490234375,7767.25,7744.419921875,7751.2900390625,0
2024-09-27 09:00:00,7751.08984375,7779.60009765625,7751.08984375,7773.4501953125,0
2024-09-27 10:00:00,7774.10009765625,7779.60986328125,7755.7900390625,7760.43017578125,0
2024-09-27 11:00:00,7760.0498046875,7774.7998046875,7758.22021484375,7773.06005859375,0
2024-09-27 12:00:00,7773.5498046875,7789.919921875,7770.830078125,7777.18017578125,0
2024-09-27 13:00:00,7777.52978515625,7787.22021484375,7770.77978515625,7786.43017578125,0
2024-09-27 14:00:00,7785.330078125,7804.64013671875,7781.7099609375,7803.81005859375,0
2024-09-27 15:00:00,7803.35009765625,7803.35009765625,7791.02978515625,7798.169921875,0
2024-09-30 07:00:00,7748.06982421875,7763.18017578125,7718.7998046875,7719.240234375,0
2024-09-30 08:00:00,7718.85986328125,7722.81982421875,7673.009765625,7685.14013671875,0
2024-09-30 09:00:00,7684.9599609375,7687.669921875,7666.4501953125,7676.580078125,0
2024-09-30 10:00:00,7678.22998046875,7678.75,7663.6201171875,7666.10009765625,0
2024-09-30 11:00:00,7665.169921875,7667.10986328125,7647.0498046875,7653.509765625,0
2024-09-30 12:00:00,7653.4599609375,7661.0498046875,7648.25,7654.5400390625,0
2024-09-30 13:00:00,7654.02001953125,7668.72021484375,7644.4501953125,7658.77001953125,0
2024-09-30 14:00:00,7657.97998046875,7669.22998046875,7654.6298828125,7654.6298828125,0
2024-09-30 15:00:00,7654.6298828125,7654.6298828125,7635.22998046875,7635.22998046875,0
2024-10-01 07:00:00,7623.330078125,7632.68994140625,7585.39013671875,7614.509765625,0
2024-10-01 08:00:00,7614.9501953125,7630.490234375,7602.83984375,7627.81005859375,0
2024-10-01 09:00:00,7627.740234375,7628.06982421875,7616.97021484375,7625.47021484375,0
2024-10-01 10:00:00,7625.68017578125,7627.85986328125,7615.4501953125,7623.89013671875,0
2024-10-01 11:00:00,7623.6201171875,7641.2099609375,7622.25,7640.22021484375,0
2024-10-01 12:00:00,7640.68994140625,7649.3798828125,7639.66015625,7644.919921875,0
2024-10-01 13:00:00,7645.0,7654.580078125,7580.669921875,7591.41015625,0
2024-10-01 14:00:00,7584.75,7601.85009765625,7547.1201171875,7566.7099609375,0
2024-10-01 15:00:00,7567.7099609375,7571.77001953125,7550.81005859375,7563.06005859375,0
2024-10-02 07:00:00,7594.81005859375,7614.8798828125,7582.18994140625,7613.02001953125,0
2024-10-02 08:00:00,7611.990234375,7623.31982421875,7607.22021484375,7614.06982421875,0
2024-10-02 09:00:00,7613.97021484375,7613.97021484375,7580.89990234375,7583.669921875,0
2024-10-02 10:00:00,7583.68017578125,7591.39990234375,7565.8798828125,7575.47998046875,0
2024-10-02 11:00:00,7575.97998046875,7577.72021484375,7555.33984375,7557.4599609375,0
2024-10-02 12:00:00,7557.47998046875,7584.509765625,7552.1201171875,7579.0,0
2024-10-02 13:00:00,7579.58984375,7580.25,7548.97998046875,7557.52001953125,0
2024-10-02 14:00:00,7556.9599609375,7571.2998046875,7552.47021484375,7561.35986328125,0
2024-10-02 15:00:00,7561.35009765625,7570.4599609375,7557.080078125,7570.4599609375,0
2024-10-03 07:00:00,7555.22998046875,7555.240234375,7487.10986328125,7487.669921875,0
2024-10-03 08:00:00,7488.43017578125,7513.22021484375,7485.77001953125,7511.009765625,0
2024-10-03 09:00:00,7511.25,7526.14990234375,7504.85986328125,7516.85986328125,0
2024-10-03 10:00:00,7516.39013671875,7526.52001953125,7512.72021484375,7525.009765625,0
2024-10-03 11:00:00,7524.8701171875,7542.240234375,7524.7998046875,7537.18017578125,0
2024-10-03 12:00:00,7537.14013671875,7537.64990234375,7498.72998046875,7505.1298828125,0
2024-10-03 13:00:00,7504.990234375,7512.35986328125,7481.33984375,7487.85986328125,0
2024-10-03 14:00:00,7486.7900390625,7508.6298828125,7466.02978515625,7470.52001953125,0
2024-10-03 15:00:00,7470.10009765625,7470.64013671875,7458.490234375,7467.56005859375,0
2024-10-04 07:00:00,7464.8701171875,7531.08984375,7460.2900390625,7524.919921875,0
2024-10-04 08:00:00,7525.06982421875,7525.8701171875,7501.31982421875,7501.31982421875,0
2024-10-04 09:00:00,7500.5400390625,7516.08984375,7500.16015625,7513.990234375,0
2024-10-04 10:00:00,7514.6298828125,7520.52001953125,7503.2998046875,7504.33984375,0
2024-10-04 11:00:00,7504.85986328125,7518.169921875,7504.85986328125,7511.89013671875,0
2024-10-04 12:00:00,7511.919921875,7570.0498046875,7511.919921875,7567.7001953125,0
2024-10-04 13:00:00,7568.02001953125,7571.759765625,7532.169921875,7547.83984375,0
2024-10-04 14:00:00,7548.0400390625,7568.1201171875,7543.39990234375,7565.68017578125,0
2024-10-04 15:00:00,7565.14990234375,7566.60986328125,7543.68017578125,7545.66015625,0
2024-10-07 07:00:00,7571.97021484375,7572.33984375,7516.830078125,7516.85009765625,0
2024-10-07 08:00:00,7517.91015625,7540.14013671875,7517.75,7525.68994140625,0
2024-10-07 09:00:00,7525.52001953125,7541.64013671875,7509.8701171875,7539.490234375,0
2024-10-07 10:00:00,7540.6201171875,7555.18017578125,7535.330078125,7545.009765625,0
2024-10-07 11:00:00,7545.72998046875,7559.83984375,7541.31005859375,7559.47021484375,0
2024-10-07 12:00:00,7559.68017578125,7574.759765625,7555.72998046875,7566.919921875,0
2024-10-07 13:00:00,7567.0498046875,7585.330078125,7563.919921875,7565.0,0
2024-10-07 14:00:00,7561.89013671875,7583.10986328125,7561.89013671875,7579.4501953125,0
2024-10-07 15:00:00,7578.64013671875,7581.3798828125,7570.08984375,7574.97021484375,0
2024-10-08 07:00:00,7480.35986328125,7506.81005859375,7475.77978515625,7491.68017578125,0
2024-10-08 08:00:00,7492.02978515625,7498.81005859375,7481.580078125,7489.3701171875,0
2024-10-08 09:00:00,7489.68994140625,7516.740234375,7488.5,7509.2099609375,0
2024-10-08 10:00:00,7508.85009765625,7530.5498046875,7508.39990234375,7530.31005859375,0
2024-10-08 11:00:00,7530.89013671875,7540.35009765625,7527.06005859375,7537.4599609375,0
2024-10-08 12:00:00,7537.2099609375,7541.14990234375,7524.009765625,7537.77001953125,0
2024-10-08 13:00:00,7537.93994140625,7542.0498046875,7517.5498046875,7524.3701171875,0
2024-10-08 14:00:00,7525.009765625,7528.7001953125,7505.5,7518.47021484375,0
2024-10-08 15:00:00,7518.68994140625,7529.64013671875,7518.33984375,7520.47021484375,0
2024-10-09 07:00:00,7527.02978515625,7544.08984375,7504.6298828125,7544.08984375,0
2024-10-09 08:00:00,7542.97021484375,7544.06982421875,7518.7099609375,7521.81005859375,0
2024-10-09 09:00:00,7522.33984375,7542.1201171875,7522.33984375,7530.9599609375,0
2024-10-09 10:00:00,7531.58984375,7542.72021484375,7529.740234375,7540.81005859375,0
2024-10-09 11:00:00,7540.47021484375,7546.240234375,7539.919921875,7546.18017578125,0
2024-10-09 12:00:00,7546.4599609375,7548.7001953125,7516.3701171875,7524.39013671875,0
2024-10-09 13:00:00,7524.97021484375,7546.97021484375,7522.66015625,7546.2998046875,0
2024-10-09 14:00:00,7545.52001953125,7554.85009765625,7538.1298828125,7554.31005859375,0
2024-10-09 15:00:00,7554.3798828125,7567.580078125,7554.3798828125,7567.10986328125,0
2024-10-10 07:00:00,7543.39990234375,7556.97021484375,7531.830078125,7538.47998046875,0
2024-10-10 08:00:00,7539.1298828125,7548.759765625,7536.35009765625,7538.4501953125,0
2024-10-10 09:00:00,7538.35986328125,7548.8798828125,7526.60986328125,7548.8798828125,0
2024-10-10 10:00:00,7549.0498046875,7554.14013671875,7540.4599609375,7540.4599609375,0
2024-10-10 11:00:00,7540.33984375,7554.8798828125,7534.47021484375,7554.8798828125,0
2024-10-10 12:00:00,7554.81982421875,7563.35986328125,7533.080078125,7537.72021484375,0
2024-10-10 13:00:00,7537.7900390625,7555.35986328125,7515.89990234375,7518.93017578125,0
2024-10-10 14:00:00,7517.5,7542.58984375,7517.5,7528.5498046875,0
2024-10-10 15:00:00,7528.18017578125,7549.22998046875,7528.18017578125,7544.7900390625,0
2024-10-11 07:00:00,7530.8798828125,7556.490234375,7504.0400390625,7555.68994140625,0
2024-10-11 08:00:00,7554.56005859375,7554.56005859375,7528.0400390625,7536.93994140625,0
2024-10-11 09:00:00,7536.77978515625,7552.919921875,7534.419921875,7541.52978515625,0
2024-10-11 10:00:00,7541.33984375,7550.509765625,7536.81982421875,7549.1201171875,0
2024-10-11 11:00:00,7549.5498046875,7555.740234375,7543.06982421875,7547.18994140625,0
2024-10-11 12:00:00,7547.14990234375,7549.9599609375,7539.10009765625,7548.72021484375,0
2024-10-11 13:00:00,7548.56982421875,7569.240234375,7541.83984375,7565.8798828125,0
2024-10-11 14:00:00,7566.9599609375,7587.52001953125,7564.6201171875,7574.5400390625,0
2024-10-11 15:00:00,7574.830078125,7584.02978515625,7571.10986328125,7581.759765625,0
2024-10-14 07:00:00,7583.47998046875,7585.8701171875,7550.47998046875,7583.58984375,0
2024-10-14 08:00:00,7583.68994140625,7585.27001953125,7552.490234375,7555.43017578125,0
2024-10-14 09:00:00,7555.490234375,7562.0498046875,7544.5400390625,7550.3701171875,0
2024-10-14 10:00:00,7550.08984375,7558.27978515625,7547.2099609375,7549.4501953125,0
2024-10-14 11:00:00,7549.14013671875,7561.64013671875,7549.14013671875,7556.2001953125,0
2024-10-14 12:00:00,7556.14013671875,7570.35986328125,7553.18017578125,7570.35986328125,0
2024-10-14 13:00:00,7570.35009765625,7613.14990234375,7567.2900390625,7601.47021484375,0
2024-10-14 14:00:00,7601.41015625,7606.56982421875,7590.64013671875,7593.759765625,0
2024-10-14 15:00:00,7593.85986328125,7597.89013671875,7591.22998046875,7597.89013671875,0
2024-10-15 07:00:00,7595.06005859375,7601.52978515625,7564.7001953125,7564.7001953125,0
2024-10-15 08:00:00,7564.31982421875,7564.72998046875,7534.97998046875,7541.06982421875,0
2024-10-15 09:00:00,7540.81982421875,7549.72998046875,7537.08984375,7542.89013671875,0
2024-10-15 10:00:00,7543.41015625,7548.18994140625,7538.52978515625,7540.31982421875,0
2024-10-15 11:00:00,7539.9599609375,7545.18994140625,7530.9501953125,7543.7001953125,0
2024-10-15 12:00:00,7543.56005859375,7548.31005859375,7528.77978515625,7530.93994140625,0
2024-10-15 13:00:00,7530.81982421875,7542.72998046875,7525.14013671875,7525.52978515625,0
2024-10-15 14:00:00,7526.08984375,7541.39013671875,7511.240234375,7530.1201171875,0
2024-10-15 15:00:00,7529.509765625,7536.85986328125,7516.89990234375,7530.990234375,0
2024-10-16 07:00:00,7420.85009765625,7485.2900390625,7420.85009765625,7485.2900390625,0
2024-10-16 08:00:00,7485.02001953125,7487.47021484375,7466.91015625,7471.1201171875,0
2024-10-16 09:00:00,7471.33984375,7494.77978515625,7470.5,7478.9599609375,0
2024-10-16 10:00:00,7482.3701171875,7485.240234375,7474.60009765625,7475.93994140625,0
2024-10-16 11:00:00,7475.97998046875,7485.68017578125,7471.33984375,7477.830078125,0
2024-10-16 12:00:00,7477.669921875,7485.4501953125,7473.0498046875,7474.490234375,0
2024-10-16 13:00:00,7474.35986328125,7503.5400390625,7472.97021484375,7503.5400390625,0
2024-10-16 14:00:00,7502.41015625,7511.10009765625,7495.60986328125,7499.22021484375,0
2024-10-16 15:00:00,7499.83984375,7500.25,7489.6298828125,7493.77001953125,0
2024-10-17 07:00:00,7510.1298828125,7550.91015625,7507.9501953125,7550.91015625,0
2024-10-17 08:00:00,7551.14013671875,7583.47998046875,7551.14013671875,7581.18994140625,0
2024-10-17 09:00:00,7581.97998046875,7589.2998046875,7565.72998046875,7572.1298828125,0
2024-10-17 10:00:00,7571.52001953125,7586.89990234375,7570.72998046875,7585.18994140625,0
2024-10-17 11:00:00,7585.5,7588.35986328125,7572.43994140625,7576.81005859375,0
2024-10-17 12:00:00,7576.8798828125,7601.77978515625,7574.39013671875,7598.77001953125,0
2024-10-17 13:00:00,7598.72021484375,7624.22021484375,7598.72021484375,7600.7900390625,0
2024-10-17 14:00:00,7600.35986328125,7603.509765625,7584.41015625,7588.60986328125,0
2024-10-17 15:00:00,7588.06005859375,7589.85986328125,7578.419921875,7588.06982421875,0
2024-10-18 07:00:00,7567.02978515625,7622.7998046875,7567.02978515625,7619.56982421875,0
2024-10-18 08:00:00,7619.27001953125,7623.10009765625,7610.02978515625,7611.990234375,0
2024-10-18 09:00:00,7612.169921875,7635.5,7612.169921875,7627.52978515625,0
2024-10-18 10:00:00,7627.35009765625,7632.41015625,7616.22021484375,7619.4501953125,0
2024-10-18 11:00:00,7620.14990234375,7639.91015625,7620.14990234375,7636.5498046875,0
2024-10-18 12:00:00,7636.56982421875,7644.0498046875,7622.669921875,7622.669921875,0
2024-10-18 13:00:00,7622.490234375,7630.3701171875,7599.56005859375,7605.06982421875,0
2024-10-18 14:00:00,7605.330078125,7615.7099609375,7594.97021484375,7613.7001953125,0
2024-10-18 15:00:00,7613.31005859375,7615.06982421875,7609.77001953125,7612.56005859375,0
2024-10-21 07:00:00,7579.080078125,7620.330078125,7573.240234375,7600.91015625,0
2024-10-21 08:00:00,7599.56005859375,7604.8798828125,7586.72998046875,7595.1201171875,0
2024-10-21 09:00:00,7594.6298828125,7599.25,7571.10009765625,7574.39990234375,0
2024-10-21 10:00:00,7574.47998046875,7574.47998046875,7549.509765625,7550.75,0
2024-10-21 11:00:00,7550.06982421875,7550.47998046875,7535.419921875,7538.5,0
2024-10-21 12:00:00,7538.9501953125,7560.02978515625,7537.68017578125,7560.02978515625,0
2024-10-21 13:00:00,7559.68994140625,7580.919921875,7558.919921875,7576.9599609375,0
2024-10-21 14:00:00,7577.68017578125,7578.8798828125,7544.47998046875,7548.06982421875,0
2024-10-21 15:00:00,7547.759765625,7547.759765625,7529.68017578125,7531.83984375,0
2024-10-22 07:00:00,7517.02978515625,7539.8798828125,7507.72998046875,7521.64990234375,0
2024-10-22 08:00:00,7522.85009765625,7535.2001953125,7510.669921875,7511.43994140625,0
2024-10-22 09:00:00,7510.72998046875,7510.7998046875,7476.41015625,7485.18017578125,0
2024-10-22 10:00:00,7483.990234375,7486.16015625,7472.16015625,7474.41015625,0
2024-10-22 11:00:00,7475.0498046875,7513.08984375,7475.0498046875,7500.02978515625,0
2024-10-22 12:00:00,7499.8701171875,7515.81005859375,7499.419921875,7508.5498046875,0
2024-10-22 13:00:00,7508.52978515625,7539.3701171875,7506.89013671875,7532.8798828125,0
2024-10-22 14:00:00,7536.080078125,7545.14013671875,7530.47021484375,7544.75,0
2024-10-22 15:00:00,7544.39013671875,7545.35986328125,7538.009765625,7539.72021484375,0
2024-10-23 07:00:00,7493.25,7544.7001953125,7493.25,7504.81005859375,0
2024-10-23 08:00:00,7505.0,7519.58984375,7492.1201171875,7497.7099609375,0
2024-10-23 09:00:00,7497.85009765625,7520.5400390625,7497.5400390625,7501.93017578125,0
2024-10-23 10:00:00,7502.14013671875,7505.009765625,7468.580078125,7474.52978515625,0
2024-10-23 11:00:00,7474.43017578125,7495.080078125,7474.43017578125,7488.97021484375,0
2024-10-23 12:00:00,7489.31005859375,7495.1298828125,7482.759765625,7489.0,0
2024-10-23 13:00:00,7488.9599609375,7524.77978515625,7486.31982421875,7523.06982421875,0
2024-10-23 14:00:00,7522.919921875,7529.2099609375,7516.580078125,7522.27978515625,0
2024-10-23 15:00:00,7522.5400390625,7525.68017578125,7498.240234375,7498.580078125,0
2024-10-24 07:00:00,7527.64013671875,7555.9599609375,7525.3701171875,7540.16015625,0
2024-10-24 08:00:00,7539.75,7565.39013671875,7533.7998046875,7553.06982421875,0
2024-10-24 09:00:00,7553.33984375,7560.60986328125,7544.0498046875,7549.89013671875,0
2024-10-24 10:00:00,7550.8798828125,7557.43994140625,7543.16015625,7552.169921875,0
2024-10-24 11:00:00,7552.33984375,7557.02978515625,7546.7998046875,7552.39990234375,0
2024-10-24 12:00:00,7552.169921875,7552.169921875,7532.52001953125,7542.25,0
2024-10-24 13:00:00,7543.669921875,7554.08984375,7534.919921875,7545.14990234375,0
2024-10-24 14:00:00,7546.06005859375,7546.06005859375,7503.02001953125,7507.06005859375,0
2024-10-24 15:00:00,7506.60009765625,7511.3701171875,7504.8701171875,7506.85009765625,0
2024-10-25 07:00:00,7489.8701171875,7501.580078125,7459.41015625,7481.89013671875,0
2024-10-25 08:00:00,7480.91015625,7495.81982421875,7461.259765625,7495.81982421875,0
2024-10-25 09:00:00,7493.75,7518.75,7491.740234375,7503.56005859375,0
2024-10-25 10:00:00,7502.43017578125,7506.240234375,7480.72998046875,7481.25,0
2024-10-25 11:00:00,7481.64013671875,7490.31005859375,7473.35986328125,7487.830078125,0
2024-10-25 12:00:00,7487.10009765625,7496.25,7484.2900390625,7493.83984375,0
2024-10-25 13:00:00,7493.81982421875,7506.0400390625,7487.7900390625,7493.25,0
2024-10-25 14:00:00,7493.72998046875,7513.4501953125,7490.41015625,7507.97021484375,0
2024-10-25 15:00:00,7507.27001953125,7511.64013671875,7494.60009765625,7494.60009765625,0
2024-10-28 08:00:00,7542.1298828125,7579.39990234375,7521.35009765625,7577.7099609375,0
2024-10-28 09:00:00,7577.580078125,7580.68017578125,7530.830078125,7537.990234375,0
2024-10-28 10:00:00,7536.89013671875,7542.77978515625,7509.60009765625,7511.740234375,0
2024-10-28 11:00:00,7511.740234375,7514.10986328125,7497.0400390625,7503.2099609375,0
2024-10-28 12:00:00,7503.1298828125,7529.5498046875,7494.93017578125,7527.43994140625,0
2024-10-28 13:00:00,7527.75,7537.89013671875,7522.83984375,7529.33984375,0
2024-10-28 14:00:00,7529.18994140625,7556.1201171875,7517.60986328125,7552.5498046875,0
2024-10-28 15:00:00,7553.56982421875,7574.81982421875,7549.43994140625,7563.490234375,0
2024-10-28 16:00:00,7563.080078125,7566.759765625,7555.2099609375,7564.14013671875,0
2024-10-29 08:00:00,7593.85986328125,7618.31982421875,7578.2998046875,7606.22998046875,0
2024-10-29 09:00:00,7606.22021484375,7615.2900390625,7596.06005859375,7611.85009765625,0
2024-10-29 10:00:00,7613.14990234375,7613.14990234375,7580.68994140625,7587.47021484375,0
2024-10-29 11:00:00,7587.35009765625,7589.77978515625,7570.18994140625,7570.18994140625,0
2024-10-29 12:00:00,7570.08984375,7580.06005859375,7556.759765625,7557.31982421875,0
2024-10-29 13:00:00,7557.08984375,7564.22998046875,7530.22998046875,7542.47998046875,0
2024-10-29 14:00:00,7541.7998046875,7549.009765625,7523.4501953125,7525.02978515625,0
2024-10-29 15:00:00,7525.5498046875,7529.080078125,7509.75,7512.64013671875,0
2024-10-29 16:00:00,7512.91015625,7519.47998046875,7506.52001953125,7508.240234375,0
2024-10-30 08:00:00,7452.10009765625,7470.68994140625,7434.85009765625,7435.4501953125,0
2024-10-30 09:00:00,7436.18994140625,7436.18994140625,7422.75,7428.759765625,0
2024-10-30 10:00:00,7428.3701171875,7430.60986328125,7404.31005859375,7410.02001953125,0
2024-10-30 11:00:00,7409.2099609375,7415.06982421875,7385.8798828125,7389.39990234375,0
2024-10-30 12:00:00,7387.64990234375,7402.77978515625,7382.72021484375,7387.56982421875,0
2024-10-30 13:00:00,7387.72998046875,7419.0,7377.39013671875,7417.89013671875,0
2024-10-30 14:00:00,7417.41015625,7439.66015625,7411.7900390625,7434.330078125,0
2024-10-30 15:00:00,7433.7099609375,7441.85009765625,7429.93994140625,7437.47021484375,0
2024-10-30 16:00:00,7437.240234375,7437.240234375,7423.009765625,7423.009765625,0
2024-10-31 08:00:00,7384.10009765625,7393.25,7371.35009765625,7383.1298828125,0
2024-10-31 09:00:00,7382.3701171875,7382.3701171875,7355.75,7363.91015625,0
2024-10-31 10:00:00,7364.27978515625,7375.08984375,7351.41015625,7361.5400390625,0
2024-10-31 11:00:00,7361.18994140625,7367.4599609375,7351.39013671875,7355.669921875,0
2024-10-31 12:00:00,7355.41015625,7370.259765625,7353.16015625,7367.7001953125,0
2024-10-31 13:00:00,7368.43017578125,7378.3798828125,7355.58984375,7357.66015625,0
2024-10-31 14:00:00,7357.1201171875,7357.1201171875,7315.97021484375,7319.39990234375,0
2024-10-31 15:00:00,7318.93994140625,7344.39013671875,7317.72021484375,7333.66015625,0
2024-10-31 16:00:00,7334.72021484375,7340.93994140625,7327.47021484375,7337.47998046875,0
2024-11-01 08:00:00,7364.080078125,7397.43994140625,7358.2001953125,7382.7099609375,0
2024-11-01 09:00:00,7382.64990234375,7395.7900390625,7380.0,7387.75,0
2024-11-01 10:00:00,7388.02978515625,7401.0,7380.81005859375,7399.6201171875,0
2024-11-01 11:00:00,7398.64013671875,7410.43994140625,7397.16015625,7408.2099609375,0
2024-11-01 12:00:00,7407.419921875,7410.669921875,7398.58984375,7410.4599609375,0
2024-11-01 13:00:00,7409.9501953125,7412.169921875,7395.25,7397.83984375,0
2024-11-01 14:00:00,7397.419921875,7416.41015625,7396.89013671875,7416.08984375,0
2024-11-01 15:00:00,7416.77001953125,7434.259765625,7416.77001953125,7427.81982421875,0
2024-11-01 16:00:00,7428.7900390625,7433.85986328125,7412.3701171875,7412.3701171875,0
2024-11-04 08:00:00,7386.31982421875,7422.56982421875,7386.31982421875,7415.0,0
2024-11-04 09:00:00,7415.06005859375,7444.25,7407.47998046875,7443.7998046875,0
2024-11-04 10:00:00,7444.330078125,7445.9599609375,7432.06982421875,7434.85986328125,0
2024-11-04 11:00:00,7434.72998046875,7439.2099609375,7425.5,7427.77978515625,0
2024-11-04 12:00:00,7428.10009765625,7429.27978515625,7412.77001953125,7418.240234375,0
2024-11-04 13:00:00,7418.41015625,7418.75,7386.2099609375,7391.56005859375,0
2024-11-04 14:00:00,7390.31005859375,7390.66015625,7374.2998046875,7385.91015625,0
2024-11-04 15:00:00,7385.5400390625,7399.10009765625,7384.419921875,7391.240234375,0
2024-11-04 16:00:00,7390.8701171875,7391.5,7374.8701171875,7374.8701171875,0
2024-11-05 08:00:00,7377.580078125,7390.169921875,7350.0,7390.169921875,0
2024-11-05 09:00:00,7390.2998046875,7399.33984375,7385.2900390625,7389.1298828125,0
2024-11-05 10:00:00,7388.93017578125,7388.93017578125,7359.2099609375,7379.31982421875,0
2024-11-05 11:00:00,7379.22998046875,7386.7001953125,7374.009765625,7377.669921875,0
2024-11-05 12:00:00,7377.0,7385.64013671875,7374.56982421875,7379.39990234375,0
2024-11-05 13:00:00,7379.81005859375,7389.93994140625,7377.83984375,7384.009765625,0
2024-11-05 14:00:00,7382.5498046875,7391.68017578125,7371.14013671875,7382.919921875,0
2024-11-05 15:00:00,7383.0498046875,7410.02001953125,7376.919921875,7406.97021484375,0
2024-11-05 16:00:00,7407.6201171875,7414.81982421875,7405.169921875,7407.8798828125,0
2024-11-06 08:00:00,7444.3701171875,7568.35009765625,7444.3701171875,7563.39990234375,0
2024-11-06 09:00:00,7564.93994140625,7572.14013671875,7489.72998046875,7507.60986328125,0
2024-11-06 10:00:00,7509.77001953125,7537.169921875,7503.85986328125,7507.740234375,0
2024-11-06 11:00:00,7508.06982421875,7510.22998046875,7456.14990234375,7464.8798828125,0
2024-11-06 12:00:00,7463.06982421875,7494.8798828125,7454.77001953125,7484.0400390625,0
2024-11-06 13:00:00,7483.8798828125,7484.60009765625,7414.8701171875,7426.77001953125,0
2024-11-06 14:00:00,7425.490234375,7425.490234375,7345.3701171875,7356.47998046875,0
2024-11-06 15:00:00,7356.64013671875,7376.58984375,7342.97021484375,7355.330078125,0
2024-11-06 16:00:00,7355.2099609375,7362.85009765625,7338.35009765625,7353.31005859375,0
2024-11-07 08:00:00,7373.18994140625,7384.8701171875,7354.27978515625,7374.3701171875,0
2024-11-07 09:00:00,7375.0498046875,7419.60986328125,7375.0498046875,7411.1298828125,0
2024-11-07 10:00:00,7410.830078125,7415.5,7397.7001953125,7413.8701171875,0
2024-11-07 11:00:00,7413.10009765625,7418.740234375,7400.990234375,7412.580078125,0
2024-11-07 12:00:00,7413.6298828125,7424.68994140625,7399.7998046875,7402.68017578125,0
2024-11-07 13:00:00,7401.5,7412.259765625,7394.5400390625,7399.68017578125,0
2024-11-07 14:00:00,7401.2900390625,7443.22998046875,7392.68017578125,7437.7001953125,0
2024-11-07 15:00:00,7438.27001953125,7450.0,7421.52001953125,7442.0400390625,0
2024-11-07 16:00:00,7442.10009765625,7444.14013671875,7424.18994140625,7424.18994140625,0
2024-11-08 08:00:00,7440.1201171875,7440.9501953125,7395.419921875,7403.10009765625,0
2024-11-08 09:00:00,7403.8701171875,7406.7900390625,7360.7900390625,7361.0,0
2024-11-08 10:00:00,7360.27001953125,7361.16015625,7331.990234375,7351.68994140625,0
2024-11-08 11:00:00,7351.89990234375,7375.16015625,7342.33984375,7370.52978515625,0
2024-11-08 12:00:00,7369.97021484375,7383.0400390625,7368.419921875,7376.93994140625,0
2024-11-08 13:00:00,7377.3701171875,7378.06005859375,7356.43017578125,7360.72998046875,0
2024-11-08 14:00:00,7360.7998046875,7365.39990234375,7337.68994140625,7345.509765625,0
2024-11-08 15:00:00,7345.0,7349.81982421875,7330.2099609375,7347.830078125,0
2024-11-08 16:00:00,7348.02978515625,7348.02978515625,7335.9501953125,7336.43017578125,0
2024-11-11 08:00:00,7395.08984375,7435.39990234375,7387.52001953125,7420.81982421875,0
2024-11-11 09:00:00,7421.72998046875,7423.2001953125,7408.990234375,7419.97998046875,0
2024-11-11 10:00:00,7419.7998046875,7432.7001953125,7415.27001953125,7415.35009765625,0
2024-11-11 11:00:00,7415.52978515625,7424.10986328125,7409.2900390625,7423.08984375,0
2024-11-11 12:00:00,7423.06005859375,7432.6201171875,7420.39013671875,7428.419921875,0
2024-11-11 13:00:00,7428.52001953125,7452.60009765625,7426.39013671875,7447.81005859375,0
2024-11-11 14:00:00,7447.830078125,7447.830078125,7424.16015625,7431.93994140625,0
2024-11-11 15:00:00,7432.3701171875,7435.64990234375,7424.39013671875,7430.43994140625,0
2024-11-11 16:00:00,7431.47998046875,7432.9501953125,7421.75,7422.2099609375,0
2024-11-12 08:00:00,7346.72021484375,7365.27978515625,7339.759765625,7359.56982421875,0
2024-11-12 09:00:00,7358.1298828125,7358.83984375,7343.52001953125,7350.27001953125,0
2024-11-12 10:00:00,7350.64990234375,7351.85986328125,7328.77001953125,7332.509765625,0
2024-11-12 11:00:00,7331.14990234375,7346.81005859375,7326.64990234375,7331.080078125,0
2024-11-12 12:00:00,7329.66015625,7333.3701171875,7319.91015625,7321.169921875,0
2024-11-12 13:00:00,7321.56005859375,7334.81005859375,7318.27978515625,7331.4599609375,0
2024-11-12 14:00:00,7334.080078125,7335.740234375,7298.259765625,7298.259765625,0
2024-11-12 15:00:00,7299.919921875,7299.919921875,7245.580078125,7250.97998046875,0
2024-11-12 16:00:00,7250.7099609375,7250.7099609375,7217.77978515625,7225.259765625,0
2024-11-13 08:00:00,7217.490234375,7256.2099609375,7208.2998046875,7256.2099609375,0
2024-11-13 09:00:00,7256.0498046875,7256.47021484375,7245.830078125,7250.89990234375,0
2024-11-13 10:00:00,7251.56982421875,7251.56982421875,7230.97021484375,7244.4501953125,0
2024-11-13 11:00:00,7244.6201171875,7250.89990234375,7210.4501953125,7211.14013671875,0
2024-11-13 12:00:00,7209.0,7220.35986328125,7190.60009765625,7190.60009765625,0
2024-11-13 13:00:00,7191.14990234375,7211.89013671875,7188.080078125,7205.5498046875,0
2024-11-13 14:00:00,7204.9599609375,7204.9599609375,7162.22021484375,7179.18017578125,0
2024-11-13 15:00:00,7179.080078125,7189.08984375,7158.25,7189.08984375,0
2024-11-13 16:00:00,7189.2099609375,7210.740234375,7189.2099609375,7208.14013671875,0
2024-11-14 08:00:00,7247.919921875,7248.43994140625,7220.0498046875,7239.31005859375,0
2024-11-14 09:00:00,7239.60009765625,7276.009765625,7239.60009765625,7271.35986328125,0
2024-11-14 10:00:00,7270.81005859375,7287.1201171875,7265.009765625,7280.52978515625,0
2024-11-14 11:00:00,7281.259765625,7296.31982421875,7280.64990234375,7293.25,0
2024-11-14 12:00:00,7293.43994140625,7295.669921875,7288.259765625,7291.85009765625,0
2024-11-14 13:00:00,7291.68017578125,7311.77001953125,7288.06005859375,7308.509765625,0
2024-11-14 14:00:00,7308.97998046875,7318.93994140625,7293.31982421875,7306.990234375,0
2024-11-14 15:00:00,7307.39013671875,7319.08984375,7298.9501953125,7302.97998046875,0
2024-11-14 16:00:00,7303.4501953125,7314.56005859375,7302.97021484375,7309.93017578125,0
2024-11-15 08:00:00,7256.580078125,7296.580078125,7236.47998046875,7295.56005859375,0
2024-11-15 09:00:00,7295.43017578125,7313.330078125,7289.93017578125,7313.330078125,0
2024-11-15 10:00:00,7313.56982421875,7319.52978515625,7300.64990234375,7314.0,0
2024-11-15 11:00:00,7313.10986328125,7315.6201171875,7297.16015625,7299.08984375,0
2024-11-15 12:00:00,7299.27978515625,7314.58984375,7298.2998046875,7303.240234375,0
2024-11-15 13:00:00,7302.830078125,7302.830078125,7281.330078125,7291.5,0
2024-11-15 14:00:00,7291.83984375,7304.56005859375,7286.580078125,7293.759765625,0
2024-11-15 15:00:00,7295.7001953125,7299.669921875,7274.06982421875,7275.14990234375,0
2024-11-15 16:00:00,7275.759765625,7275.759765625,7257.35986328125,7273.27001953125,0
2024-11-18 08:00:00,7274.39990234375,7289.77978515625,7260.14013671875,7270.83984375,0
2024-11-18 09:00:00,7269.52001953125,7274.7900390625,7255.7099609375,7261.1298828125,0
2024-11-18 10:00:00,7261.10986328125,7277.1201171875,7255.81982421875,7271.81982421875,0
2024-11-18 11:00:00,7271.33984375,7271.33984375,7241.8798828125,7250.669921875,0
2024-11-18 12:00:00,7250.740234375,7263.47021484375,7250.1298828125,7250.64013671875,0
2024-11-18 13:00:00,7249.3798828125,7250.0,7234.58984375,7246.7900390625,0
2024-11-18 14:00:00,7246.4501953125,7263.77001953125,7237.58984375,7254.6298828125,0
2024-11-18 15:00:00,7253.169921875,7281.169921875,7250.72021484375,7275.0,0
2024-11-18 16:00:00,7275.31982421875,7280.240234375,7272.0,7272.0,0
2024-11-19 08:00:00,7287.4599609375,7301.18994140625,7243.47998046875,7250.990234375,0
2024-11-19 09:00:00,7248.2900390625,7251.56005859375,7166.52978515625,7185.0400390625,0
2024-11-19 10:00:00,7186.2998046875,7197.77001953125,7174.33984375,7191.740234375,0
2024-11-19 11:00:00,7190.89013671875,7198.330078125,7179.7001953125,7191.9599609375,0
2024-11-19 12:00:00,7191.8701171875,7204.93017578125,7191.4599609375,7204.93017578125,0
2024-11-19 13:00:00,7204.18994140625,7204.18994140625,7144.02978515625,7144.02978515625,0
2024-11-19 14:00:00,7143.27001953125,7176.81005859375,7134.830078125,7164.2001953125,0
2024-11-19 15:00:00,7165.1201171875,7209.02001953125,7165.1201171875,7205.419921875,0
2024-11-19 16:00:00,7205.35986328125,7228.06982421875,7202.02978515625,7227.77978515625,0
2024-11-20 08:00:00,7272.72998046875,7280.39013671875,7250.35986328125,7252.39990234375,0
2024-11-20 09:00:00,7252.72998046875,7271.2900390625,7241.31982421875,7250.72998046875,0
2024-11-20 10:00:00,7251.2900390625,7263.43994140625,7241.89013671875,7242.5400390625,0
2024-11-20 11:00:00,7242.56005859375,7245.93994140625,7232.60986328125,7242.89013671875,0
2024-11-20 12:00:00,7241.75,7263.56005859375,7232.08984375,7261.5498046875,0
2024-11-20 13:00:00,7261.10009765625,7267.0,7249.56005859375,7249.64013671875,0
2024-11-20 14:00:00,7249.759765625,7250.52001953125,7203.919921875,7205.89013671875,0
2024-11-20 15:00:00,7205.4599609375,7225.27001953125,7188.419921875,7224.490234375,0
2024-11-20 16:00:00,7224.02978515625,7224.02978515625,7196.14990234375,7201.02001953125,0
2024-11-21 08:00:00,7185.2001953125,7206.18994140625,7154.2998046875,7177.6201171875,0
2024-11-21 09:00:00,7177.4501953125,7177.4501953125,7131.2099609375,7174.64013671875,0
2024-11-21 10:00:00,7174.9501953125,7183.72998046875,7153.56982421875,7168.4599609375,0
2024-11-21 11:00:00,7169.740234375,7190.6201171875,7167.1298828125,7182.10009765625,0
2024-11-21 12:00:00,7182.0498046875,7194.419921875,7173.39990234375,7173.89990234375,0
2024-11-21 13:00:00,7173.9501953125,7192.5498046875,7173.9501953125,7178.1298828125,0
2024-11-21 14:00:00,7177.6201171875,7199.06005859375,7164.64990234375,7189.31005859375,0
2024-11-21 15:00:00,7188.06005859375,7222.83984375,7173.4501953125,7221.5,0
2024-11-21 16:00:00,7220.85009765625,7223.60009765625,7209.080078125,7217.5498046875,0
2024-11-22 08:00:00,7250.64013671875,7263.06005859375,7231.0498046875,7233.64013671875,0
2024-11-22 09:00:00,7233.5,7233.5,7156.22998046875,7193.02001953125,0
2024-11-22 10:00:00,7193.2900390625,7204.14013671875,7181.6298828125,7198.06982421875,0
2024-11-22 11:00:00,7198.6298828125,7204.7099609375,7185.18017578125,7200.72998046875,0
2024-11-22 12:00:00,7202.43017578125,7226.35986328125,7200.31982421875,7225.68017578125,0
2024-11-22 13:00:00,7225.64013671875,7235.9599609375,7221.7900390625,7225.08984375,0
2024-11-22 14:00:00,7224.97021484375,7266.27978515625,7222.18017578125,7264.77001953125,0
2024-11-22 15:00:00,7264.2998046875,7271.06005859375,7245.18017578125,7250.02978515625,0
2024-11-22 16:00:00,7250.490234375,7251.35009765625,7245.240234375,7250.64013671875,0
2024-11-25 08:00:00,7329.47998046875,7333.22998046875,7285.02978515625,7285.8701171875,0
2024-11-25 09:00:00,7285.740234375,7301.7998046875,7281.72021484375,7281.72021484375,0
2024-11-25 10:00:00,7281.66015625,7285.02978515625,7261.81982421875,7265.89990234375,0
2024-11-25 11:00:00,7265.169921875,7265.81005859375,7247.60986328125,7247.7001953125,0
2024-11-25 12:00:00,7247.81005859375,7261.43017578125,7239.3798828125,7260.60986328125,0
2024-11-25 13:00:00,7260.56005859375,7269.89013671875,7257.8701171875,7266.77978515625,0
2024-11-25 14:00:00,7266.10009765625,7266.64990234375,7251.509765625,7260.22998046875,0
2024-11-25 15:00:00,7261.7998046875,7271.41015625,7245.75,7268.52001953125,0
2024-11-25 16:00:00,7268.77001953125,7271.240234375,7258.18994140625,7258.47021484375,0
2024-11-26 08:00:00,7201.64990234375,7208.5400390625,7185.490234375,7196.39990234375,0
2024-11-26 09:00:00,7196.10009765625,7214.740234375,7196.10009765625,7207.35986328125,0
2024-11-26 10:00:00,7207.2099609375,7216.77001953125,7201.81982421875,7212.27978515625,0
2024-11-26 11:00:00,7211.81005859375,7240.169921875,7208.02978515625,7240.169921875,0
2024-11-26 12:00:00,7240.14990234375,7253.18994140625,7239.0400390625,7251.02978515625,0
2024-11-26 13:00:00,7250.7900390625,7256.77978515625,7235.740234375,7238.2900390625,0
2024-11-26 14:00:00,7238.56982421875,7250.080078125,7220.35009765625,7223.18994140625,0
2024-11-26 15:00:00,7223.41015625,7223.41015625,7188.93017578125,7203.56982421875,0
2024-11-26 16:00:00,7203.39013671875,7213.08984375,7197.08984375,7198.68017578125,0
2024-11-27 08:00:00,7150.02001953125,7150.02001953125,7104.8798828125,7125.669921875,0
2024-11-27 09:00:00,7125.64013671875,7136.47998046875,7102.419921875,7124.1201171875,0
2024-11-27 10:00:00,7124.4501953125,7124.4501953125,7095.22998046875,7106.02001953125,0
2024-11-27 11:00:00,7105.89990234375,7122.240234375,7091.14990234375,7120.60986328125,0
2024-11-27 12:00:00,7120.7998046875,7128.2998046875,7113.5,7123.5400390625,0
2024-11-27 13:00:00,7123.06982421875,7145.35986328125,7121.97998046875,7130.259765625,0
2024-11-27 14:00:00,7130.81005859375,7147.89013671875,7115.68994140625,7144.52001953125,0
2024-11-27 15:00:00,7149.02001953125,7156.419921875,7131.3701171875,7137.60009765625,0
2024-11-27 16:00:00,7136.77001953125,7141.8798828125,7134.169921875,7141.47021484375,0
2024-11-28 08:00:00,7170.91015625,7195.16015625,7166.919921875,7185.919921875,0
2024-11-28 09:00:00,7186.10986328125,7207.06982421875,7182.93994140625,7203.72998046875,0
2024-11-28 10:00:00,7203.7099609375,7205.6201171875,7180.2099609375,7180.6298828125,0
2024-11-28 11:00:00,7180.509765625,7186.169921875,7169.14013671875,7184.2998046875,0
2024-11-28 12:00:00,7184.009765625,7184.72998046875,7171.81005859375,7173.7099609375,0
2024-11-28 13:00:00,7172.85009765625,7180.7001953125,7161.72021484375,7179.06982421875,0
2024-11-28 14:00:00,7179.47998046875,7203.6298828125,7176.509765625,7192.68017578125,0
2024-11-28 15:00:00,7192.7001953125,7194.56005859375,7174.759765625,7176.35986328125,0
2024-11-28 16:00:00,7174.6298828125,7184.02001953125,7174.6298828125,7182.31982421875,0
2024-11-29 08:00:00,7151.2998046875,7183.39013671875,7147.740234375,7171.93017578125,0
2024-11-29 09:00:00,7172.009765625,7188.2900390625,7165.009765625,7183.3701171875,0
2024-11-29 10:00:00,7183.47998046875,7192.52001953125,7175.72021484375,7182.91015625,0
2024-11-29 11:00:00,7182.1298828125,7209.2900390625,7174.2900390625,7207.3701171875,0
2024-11-29 12:00:00,7207.7099609375,7210.18994140625,7194.18017578125,7200.39013671875,0
2024-11-29 13:00:00,7200.33984375,7205.72998046875,7169.7099609375,7172.43017578125,0
2024-11-29 14:00:00,7172.6201171875,7190.43017578125,7172.35986328125,7182.89990234375,0
2024-11-29 15:00:00,7182.52978515625,7210.3701171875,7182.25,7202.4599609375,0
2024-11-29 16:00:00,7204.0400390625,7241.06982421875,7204.0400390625,7235.81005859375,0
2024-12-02 08:00:00,7147.3701171875,7184.6201171875,7146.02001953125,7170.6298828125,0
2024-12-02 09:00:00,7171.06005859375,7179.2998046875,7159.85986328125,7177.22998046875,0
2024-12-02 10:00:00,7178.169921875,7213.759765625,7176.18017578125,7194.33984375,0
2024-12-02 11:00:00,7194.2099609375,7218.7001953125,7194.2099609375,7217.990234375,0
2024-12-02 12:00:00,7218.02001953125,7267.68994140625,7216.080078125,7259.81982421875,0
2024-12-02 13:00:00,7260.06982421875,7275.97021484375,7243.02978515625,7245.66015625,0
2024-12-02 14:00:00,7246.7001953125,7250.22021484375,7207.18994140625,7208.39990234375,0
2024-12-02 15:00:00,7206.5,7210.25,7184.43994140625,7207.52001953125,0
2024-12-02 16:00:00,7208.14013671875,7228.5498046875,7208.1201171875,7220.43994140625,0
2024-12-03 08:00:00,7244.740234375,7319.8701171875,7240.97998046875,7312.9501953125,0
2024-12-03 09:00:00,7313.9501953125,7317.2099609375,7270.7099609375,7282.5498046875,0
2024-12-03 10:00:00,7282.1201171875,7286.0400390625,7263.56005859375,7265.8701171875,0
2024-12-03 11:00:00,7266.25,7269.27001953125,7244.97998046875,7259.97998046875,0
2024-12-03 12:00:00,7259.72998046875,7264.06005859375,7256.56982421875,7262.93994140625,0
2024-12-03 13:00:00,7262.9599609375,7276.10986328125,7254.89990234375,7257.85986328125,0
2024-12-03 14:00:00,7258.5400390625,7267.43017578125,7228.919921875,7238.35009765625,0
2024-12-03 15:00:00,7237.60986328125,7253.22998046875,7230.0,7247.419921875,0
2024-12-03 16:00:00,7246.0498046875,7256.60009765625,7242.4599609375,7256.60009765625,0
2024-12-04 08:00:00,7261.72021484375,7289.1298828125,7257.43017578125,7286.97998046875,0
2024-12-04 09:00:00,7287.5400390625,7292.08984375,7275.60009765625,7276.72021484375,0
2024-12-04 10:00:00,7277.47021484375,7286.60009765625,7266.3701171875,7278.5498046875,0
2024-12-04 11:00:00,7278.5400390625,7289.18017578125,7274.56005859375,7289.18017578125,0
2024-12-04 12:00:00,7289.68017578125,7298.66015625,7279.830078125,7281.169921875,0
2024-12-04 13:00:00,7281.31982421875,7303.240234375,7273.60009765625,7301.43994140625,0
2024-12-04 14:00:00,7300.1201171875,7322.85986328125,7295.7099609375,7296.919921875,0
2024-12-04 15:00:00,7297.18994140625,7318.35009765625,7285.2998046875,7305.2001953125,0
2024-12-04 16:00:00,7305.64013671875,7307.14990234375,7298.43017578125,7302.330078125,0
2024-12-05 08:00:00,7282.72021484375,7351.0,7282.72021484375,7346.2998046875,0
2024-12-05 09:00:00,7345.93994140625,7348.1201171875,7317.9501953125,7320.85009765625,0
2024-12-05 10:00:00,7321.1298828125,7335.31982421875,7314.7001953125,7314.7001953125,0
2024-12-05 11:00:00,7313.5498046875,7328.35009765625,7312.10986328125,7319.52978515625,0
2024-12-05 12:00:00,7319.2998046875,7321.93994140625,7309.72998046875,7312.509765625,0
2024-12-05 13:00:00,7313.10986328125,7320.93994140625,7304.35009765625,7320.93994140625,0
2024-12-05 14:00:00,7321.169921875,7324.9501953125,7307.330078125,7315.58984375,0
2024-12-05 15:00:00,7316.419921875,7334.35009765625,7315.81982421875,7331.35009765625,0
2024-12-05 16:00:00,7332.0,7340.52978515625,7326.2998046875,7340.52978515625,0
2024-12-06 08:00:00,7334.27001953125,7401.02978515625,7334.14013671875,7401.02978515625,0
2024-12-06 09:00:00,7401.169921875,7417.919921875,7398.47998046875,7415.740234375,0
2024-12-06 10:00:00,7415.5498046875,7435.77001953125,7414.14013671875,7424.27978515625,0
2024-12-06 11:00:00,7426.18994140625,7431.0,7414.18994140625,7427.22998046875,0
2024-12-06 12:00:00,7427.52001953125,7441.7001953125,7427.10986328125,7439.9501953125,0
2024-12-06 13:00:00,7439.490234375,7444.6201171875,7432.14013671875,7438.0,0
2024-12-06 14:00:00,7437.830078125,7441.56005859375,7418.06982421875,7420.31982421875,0
2024-12-06 15:00:00,7422.89013671875,7444.72021484375,7421.66015625,7423.02001953125,0
2024-12-06 16:00:00,7422.240234375,7431.64013671875,7422.240234375,7431.56005859375,0
2024-12-09 08:00:00,7484.5,7493.1201171875,7473.2998046875,7477.72998046875,0
2024-12-09 09:00:00,7478.2001953125,7478.2001953125,7444.81005859375,7449.830078125,0
2024-12-09 10:00:00,7450.02001953125,7457.66015625,7445.72021484375,7453.64013671875,0
2024-12-09 11:00:00,7453.490234375,7466.669921875,7450.9501953125,7464.89990234375,0
2024-12-09 12:00:00,7464.72998046875,7472.6298828125,7461.77978515625,7463.47021484375,0
2024-12-09 13:00:00,7463.4501953125,7484.08984375,7460.56005859375,7480.9599609375,0
2024-12-09 14:00:00,7481.14990234375,7502.3798828125,7481.14990234375,7501.490234375,0
2024-12-09 15:00:00,7501.39990234375,7511.02001953125,7491.68994140625,7492.10986328125,0
2024-12-09 16:00:00,7492.169921875,7493.08984375,7475.580078125,7486.490234375,0
2024-12-10 08:00:00,7458.2900390625,7460.22998046875,7431.02001953125,7434.22998046875,0
2024-12-10 09:00:00,7434.080078125,7446.83984375,7431.68017578125,7437.66015625,0
2024-12-10 10:00:00,7437.56005859375,7441.81982421875,7425.22998046875,7429.18994140625,0
2024-12-10 11:00:00,7428.6298828125,7444.080078125,7428.6298828125,7440.60986328125,0
2024-12-10 12:00:00,7440.830078125,7443.43994140625,7431.35986328125,7434.919921875,0
2024-12-10 13:00:00,7434.31005859375,7438.08984375,7418.419921875,7433.31982421875,0
2024-12-10 14:00:00,7434.2998046875,7435.31005859375,7413.91015625,7421.2099609375,0
2024-12-10 15:00:00,7423.39013671875,7423.39013671875,7402.14013671875,7402.89990234375,0
2024-12-10 16:00:00,7403.14013671875,7406.22998046875,7384.8798828125,7390.330078125,0
2024-12-11 08:00:00,7372.240234375,7398.22998046875,7367.10986328125,7389.91015625,0
2024-12-11 09:00:00,7390.240234375,7401.580078125,7385.31005859375,7399.27978515625,0
2024-12-11 10:00:00,7399.509765625,7406.06982421875,7394.9599609375,7402.080078125,0
2024-12-11 11:00:00,7401.9501953125,7410.330078125,7396.7001953125,7408.89990234375,0
2024-12-11 12:00:00,7408.7998046875,7416.6201171875,7403.93017578125,7410.18017578125,0
2024-12-11 13:00:00,7410.52978515625,7432.330078125,7410.52978515625,7432.009765625,0
2024-12-11 14:00:00,7432.240234375,7437.580078125,7422.18994140625,7425.14013671875,0
2024-12-11 15:00:00,7427.5400390625,7427.5400390625,7406.27978515625,7414.0,0
2024-12-11 16:00:00,7414.4599609375,7429.68994140625,7411.4501953125,7428.81982421875,0
2024-12-12 08:00:00,7454.7099609375,7455.2001953125,7426.9599609375,7426.9599609375,0
2024-12-12 09:00:00,7426.72021484375,7429.8701171875,7413.72998046875,7427.02978515625,0
2024-12-12 10:00:00,7427.1298828125,7432.2001953125,7419.8798828125,7427.259765625,0
2024-12-12 11:00:00,7427.10986328125,7437.97998046875,7410.72998046875,7417.5,0
2024-12-12 12:00:00,7417.8701171875,7424.60009765625,7416.83984375,7420.60986328125,0
2024-12-12 13:00:00,7420.56982421875,7436.490234375,7415.56982421875,7433.81982421875,0
2024-12-12 14:00:00,7433.330078125,7441.68017578125,7425.2099609375,7441.3701171875,0
2024-12-12 15:00:00,7441.4501953125,7443.3798828125,7425.66015625,7428.31982421875,0
2024-12-12 16:00:00,7427.93994140625,7429.52001953125,7415.31005859375,7424.5498046875,0
2024-12-13 08:00:00,7408.16015625,7439.89013671875,7405.5,7435.52001953125,0
2024-12-13 09:00:00,7436.06005859375,7438.10009765625,7424.509765625,7430.1298828125,0
2024-12-13 10:00:00,7430.56982421875,7460.60986328125,7430.5498046875,7453.89013671875,0
2024-12-13 11:00:00,7453.22998046875,7453.2900390625,7440.0498046875,7440.93017578125,0
2024-12-13 12:00:00,7440.81982421875,7442.56005859375,7428.14013671875,7430.1298828125,0
2024-12-13 13:00:00,7430.169921875,7448.58984375,7427.64013671875,7445.27001953125,0
2024-12-13 14:00:00,7445.4501953125,7447.740234375,7420.9501953125,7420.9501953125,0
2024-12-13 15:00:00,7420.22021484375,7420.22021484375,7394.64013671875,7395.91015625,0
2024-12-13 16:00:00,7396.06005859375,7401.9501953125,7388.60009765625,7401.9501953125,0
2024-12-16 08:00:00,7382.240234375,7394.33984375,7361.2900390625,7361.2900390625,0
2024-12-16 09:00:00,7361.52001953125,7371.33984375,7355.18017578125,7363.259765625,0
2024-12-16 10:00:00,7363.81982421875,7367.509765625,7350.009765625,7358.22021484375,0
2024-12-16 11:00:00,7358.6201171875,7358.6201171875,7344.72021484375,7349.990234375,0
2024-12-16 12:00:00,7349.93017578125,7359.6298828125,7339.31005859375,7340.14013671875,0
2024-12-16 13:00:00,7340.3798828125,7348.97021484375,7339.4501953125,7347.85986328125,0
2024-12-16 14:00:00,7347.4599609375,7357.47998046875,7341.7900390625,7354.830078125,0
2024-12-16 15:00:00,7355.58984375,7368.47998046875,7354.47998046875,7359.97998046875,0
2024-12-16 16:00:00,7359.72998046875,7359.72998046875,7347.3701171875,7355.330078125,0
2024-12-17 08:00:00,7321.93994140625,7351.2001953125,7316.47998046875,7349.259765625,0
2024-12-17 09:00:00,7350.14990234375,7369.18994140625,7349.56005859375,7364.18994140625,0
2024-12-17 10:00:00,7364.18994140625,7380.27001953125,7364.18994140625,7374.43017578125,0
2024-12-17 11:00:00,7372.7001953125,7381.14013671875,7368.25,7368.52001953125,0
2024-12-17 12:00:00,7368.27001953125,7370.91015625,7359.81005859375,7363.06005859375,0
2024-12-17 13:00:00,7362.7001953125,7369.2998046875,7354.02978515625,7369.2998046875,0
2024-12-17 14:00:00,7368.7998046875,7371.85986328125,7356.47021484375,7368.27001953125,0
2024-12-17 15:00:00,7367.68994140625,7380.91015625,7367.2001953125,7373.5498046875,0
2024-12-17 16:00:00,7373.35986328125,7376.52978515625,7360.2900390625,7362.02001953125,0
2024-12-18 08:00:00,7379.330078125,7381.77001953125,7360.06005859375,7376.41015625,0
2024-12-18 09:00:00,7375.8701171875,7389.56005859375,7372.25,7382.8798828125,0
2024-12-18 10:00:00,7382.35009765625,7389.7900390625,7378.3798828125,7387.18994140625,0
2024-12-18 11:00:00,7387.31982421875,7396.64990234375,7378.31982421875,7378.31982421875,0
2024-12-18 12:00:00,7378.41015625,7389.259765625,7376.39990234375,7376.39990234375,0
2024-12-18 13:00:00,7376.4501953125,7376.4501953125,7362.759765625,7369.990234375,0
2024-12-18 14:00:00,7369.6201171875,7396.8798828125,7365.77978515625,7383.93994140625,0
2024-12-18 15:00:00,7384.02001953125,7397.35009765625,7384.02001953125,7391.990234375,0
2024-12-18 16:00:00,7391.419921875,7393.16015625,7380.77978515625,7391.72998046875,0
2024-12-19 08:00:00,7289.10986328125,7326.81005859375,7283.33984375,7324.64990234375,0
2024-12-19 09:00:00,7323.509765625,7323.509765625,7290.6298828125,7292.89013671875,0
2024-12-19 10:00:00,7292.47021484375,7296.56005859375,7262.419921875,7262.419921875,0
2024-12-19 11:00:00,7262.2900390625,7282.6201171875,7261.27978515625,7281.4599609375,0
2024-12-19 12:00:00,7281.56982421875,7307.9599609375,7281.56982421875,7303.81982421875,0
2024-12-19 13:00:00,7304.47998046875,7316.66015625,7298.02978515625,7302.4599609375,0
2024-12-19 14:00:00,7304.009765625,7312.66015625,7290.7001953125,7297.77978515625,0
2024-12-19 15:00:00,7298.0,7298.10986328125,7277.39013671875,7293.31005859375,0
2024-12-19 16:00:00,7293.14990234375,7297.6298828125,7285.22998046875,7295.97998046875,0
2024-12-20 08:00:00,7244.14990234375,7244.14990234375,7194.490234375,7211.60009765625,0
2024-12-20 09:00:00,7213.2099609375,7216.43994140625,7204.0498046875,7209.830078125,0
2024-12-20 10:00:00,7209.68017578125,7224.14990234375,7196.2998046875,7214.58984375,0
2024-12-20 11:00:00,7214.52978515625,7225.35009765625,7207.22021484375,7213.259765625,0
2024-12-20 12:00:00,7211.6298828125,7221.08984375,7198.490234375,7219.16015625,0
2024-12-20 13:00:00,7218.02001953125,7231.83984375,7213.009765625,7214.66015625,0
2024-12-20 14:00:00,7215.259765625,7237.240234375,7211.14013671875,7224.740234375,0
2024-12-20 15:00:00,7224.85009765625,7274.9599609375,7224.85009765625,7270.4501953125,0
2024-12-20 16:00:00,7269.56005859375,7289.330078125,7267.97021484375,7286.0498046875,0
2024-12-23 08:00:00,7259.3701171875,7265.27978515625,7233.18994140625,7259.919921875,0
2024-12-23 09:00:00,7259.47021484375,7279.43994140625,7258.169921875,7264.89013671875,0
2024-12-23 10:00:00,7263.490234375,7281.93994140625,7262.22021484375,7273.89990234375,0
2024-12-23 11:00:00,7273.580078125,7279.18994140625,7266.1201171875,7269.39990234375,0
2024-12-23 12:00:00,7268.669921875,7290.68994140625,7268.669921875,7289.60009765625,0
2024-12-23 13:00:00,7289.60009765625,7291.68994140625,7261.240234375,7264.25,0
2024-12-23 14:00:00,7264.8798828125,7282.919921875,7262.2900390625,7280.9501953125,0
2024-12-23 15:00:00,7280.830078125,7281.89013671875,7255.10009765625,7255.419921875,0
2024-12-23 16:00:00,7255.68994140625,7272.1201171875,7255.68994140625,7269.43017578125,0
2024-12-24 08:00:00,7296.68994140625,7312.43994140625,7296.68994140625,7300.72998046875,0
2024-12-24 09:00:00,7300.5498046875,7312.02978515625,7298.490234375,7310.240234375,0
2024-12-24 10:00:00,7310.31005859375,7316.2001953125,7310.31005859375,7313.5,0
2024-12-24 11:00:00,7313.35986328125,7316.58984375,7310.4599609375,7310.4599609375,0
2024-12-24 12:00:00,7310.2099609375,7310.97998046875,7288.83984375,7292.83984375,0
2024-12-27 08:00:00,7289.5400390625,7313.66015625,7278.419921875,7312.419921875,0
2024-12-27 09:00:00,7312.009765625,7324.5400390625,7310.4599609375,7322.41015625,0
2024-12-27 10:00:00,7321.81982421875,7330.60009765625,7307.330078125,7328.06982421875,0
2024-12-27 11:00:00,7327.8798828125,7327.8798828125,7316.22021484375,7326.93017578125,0
2024-12-27 12:00:00,7326.490234375,7335.22998046875,7326.490234375,7335.1201171875,0
2024-12-27 13:00:00,7335.39013671875,7335.7998046875,7312.25,7312.25,0
2024-12-27 14:00:00,7310.52001953125,7349.5498046875,7310.52001953125,7345.47021484375,0
2024-12-27 15:00:00,7345.4599609375,7345.72021484375,7316.64013671875,7344.91015625,0
2024-12-27 16:00:00,7344.830078125,7344.830078125,7333.89990234375,7342.0,0
2024-12-30 08:00:00,7325.5,7339.9599609375,7323.97021484375,7338.509765625,0
2024-12-30 09:00:00,7338.7001953125,7355.2001953125,7338.7001953125,7354.3701171875,0
2024-12-30 10:00:00,7354.18017578125,7367.740234375,7350.0400390625,7357.68994140625,0
2024-12-30 11:00:00,7357.240234375,7367.25,7357.240234375,7366.490234375,0
2024-12-30 12:00:00,7368.39013671875,7372.64990234375,7341.97021484375,7347.31005859375,0
2024-12-30 13:00:00,7346.509765625,7347.47998046875,7323.2998046875,7325.93017578125,0
2024-12-30 14:00:00,7325.580078125,7334.169921875,7312.5498046875,7314.97998046875,0
2024-12-30 15:00:00,7314.97021484375,7316.43994140625,7299.39013671875,7304.169921875,0
2024-12-30 16:00:00,7304.56005859375,7318.02978515625,7304.56005859375,7312.68994140625,0
2024-12-31 08:00:00,7289.7900390625,7320.9599609375,7287.14013671875,7320.6201171875,0
2024-12-31 09:00:00,7320.5498046875,7342.10009765625,7320.25,7339.43017578125,0
2024-12-31 10:00:00,7339.68017578125,7347.490234375,7336.85009765625,7347.1298828125,0
2024-12-31 11:00:00,7347.1201171875,7363.41015625,7347.1201171875,7363.06982421875,0
2024-12-31 12:00:00,7363.10009765625,7380.5400390625,7360.1201171875,7378.75,0
2025-01-02 08:00:00,7374.58984375,7399.25,7338.75,7346.52978515625,0
2025-01-02 09:00:00,7344.27978515625,7352.16015625,7309.56005859375,7318.259765625,0
2025-01-02 10:00:00,7318.02001953125,7318.02001953125,7292.72021484375,7297.85986328125,0
2025-01-02 11:00:00,7296.93994140625,7323.06005859375,7285.2998046875,7323.06005859375,0
2025-01-02 12:00:00,7324.06982421875,7345.7099609375,7324.06982421875,7335.72021484375,0
2025-01-02 13:00:00,7335.56005859375,7355.43994140625,7335.56005859375,7342.85009765625,0
2025-01-02 14:00:00,7343.080078125,7376.14990234375,7333.7001953125,7367.85009765625,0
2025-01-02 15:00:00,7368.64013671875,7393.97998046875,7365.990234375,7393.14013671875,0
2025-01-02 16:00:00,7393.33984375,7396.43017578125,7379.97998046875,7393.77978515625,0
2025-01-03 08:00:00,7387.97021484375,7387.97021484375,7322.2001953125,7324.52978515625,0
2025-01-03 09:00:00,7324.080078125,7350.22998046875,7322.5400390625,7345.759765625,0
2025-01-03 10:00:00,7345.56005859375,7345.56005859375,7317.60986328125,7320.5400390625,0
2025-01-03 11:00:00,7320.259765625,7343.8798828125,7320.259765625,7339.7099609375,0
2025-01-03 12:00:00,7339.02001953125,7341.75,7326.08984375,7332.2900390625,0
2025-01-03 13:00:00,7331.85009765625,7334.490234375,7301.18994140625,7308.83984375,0
2025-01-03 14:00:00,7308.330078125,7320.0,7284.60986328125,7292.5498046875,0
2025-01-03 15:00:00,7294.5,7297.18994140625,7270.56982421875,7286.06005859375,0
2025-01-03 16:00:00,7286.97021484375,7286.97021484375,7270.830078125,7276.259765625,0
2025-01-06 08:00:00,7313.35986328125,7338.2998046875,7305.06005859375,7326.0,0
2025-01-06 09:00:00,7326.02978515625,7343.91015625,7325.259765625,7329.5498046875,0
2025-01-06 10:00:00,7327.3798828125,7327.3798828125,7304.47021484375,7317.39013671875,0
2025-01-06 11:00:00,7317.43994140625,7429.58984375,7314.2099609375,7428.31982421875,0
2025-01-06 12:00:00,7428.85986328125,7454.8701171875,7423.16015625,7424.2001953125,0
2025-01-06 13:00:00,7424.72998046875,7424.72998046875,7391.18017578125,7416.47021484375,0
2025-01-06 14:00:00,7416.1298828125,7420.83984375,7343.10986328125,7395.60986328125,0
2025-01-06 15:00:00,7395.18017578125,7439.2001953125,7390.47021484375,7437.759765625,0
2025-01-06 16:00:00,7438.18994140625,7448.31982421875,7432.16015625,7448.31982421875,0
2025-01-07 08:00:00,7451.33984375,7474.9501953125,7417.419921875,7469.06005859375,0
2025-01-07 09:00:00,7469.14013671875,7474.60986328125,7448.9599609375,7457.830078125,0
2025-01-07 10:00:00,7457.89013671875,7487.759765625,7457.89013671875,7486.1201171875,0
2025-01-07 11:00:00,7486.1298828125,7501.93994140625,7485.47998046875,7494.43017578125,0
2025-01-07 12:00:00,7493.97998046875,7510.4599609375,7492.22998046875,7502.66015625,0
2025-01-07 13:00:00,7503.2998046875,7505.14990234375,7489.080078125,7502.43017578125,0
2025-01-07 14:00:00,7503.259765625,7516.9501953125,7496.41015625,7497.27001953125,0
2025-01-07 15:00:00,7496.7998046875,7499.419921875,7476.5,7493.68994140625,0
2025-01-07 16:00:00,7494.27978515625,7502.509765625,7490.31005859375,7497.97021484375,0
2025-01-08 08:00:00,7489.2001953125,7491.7099609375,7470.47998046875,7471.08984375,0
2025-01-08 09:00:00,7471.81005859375,7493.259765625,7469.7001953125,7484.81982421875,0
2025-01-08 10:00:00,7484.830078125,7496.509765625,7484.5498046875,7491.02001953125,0
2025-01-08 11:00:00,7490.64013671875,7496.16015625,7405.52978515625,7439.330078125,0
2025-01-08 12:00:00,7439.22021484375,7439.72021484375,7403.97998046875,7405.85986328125,0
2025-01-08 13:00:00,7404.93994140625,7424.1201171875,7400.509765625,7414.22998046875,0
2025-01-08 14:00:00,7414.31982421875,7429.25,7396.68017578125,7405.6201171875,0
2025-01-08 15:00:00,7405.47998046875,7441.27001953125,7403.419921875,7441.27001953125,0
2025-01-08 16:00:00,7441.7099609375,7449.56005859375,7431.8798828125,7445.669921875,0
2025-01-09 08:00:00,7421.2001953125,7456.93017578125,7413.14990234375,7455.06005859375,0
2025-01-09 09:00:00,7455.77978515625,7458.419921875,7440.22998046875,7454.3798828125,0
2025-01-09 10:00:00,7455.0400390625,7472.990234375,7455.0400390625,7470.75,0
2025-01-09 11:00:00,7470.16015625,7482.97021484375,7469.43994140625,7474.64990234375,0
2025-01-09 12:00:00,7474.6201171875,7489.2900390625,7474.6201171875,7489.2900390625,0
2025-01-09 13:00:00,7490.22998046875,7500.68017578125,7487.22021484375,7496.2998046875,0
2025-01-09 14:00:00,7496.990234375,7504.10986328125,7495.009765625,7500.47998046875,0
2025-01-09 15:00:00,7499.64013671875,7503.14013671875,7487.97998046875,7498.3701171875,0
2025-01-09 16:00:00,7498.169921875,7499.919921875,7490.68017578125,7492.60986328125,0
2025-01-10 08:00:00,7495.2099609375,7514.14013671875,7479.4599609375,7510.89990234375,0
2025-01-10 09:00:00,7511.0498046875,7511.93994140625,7474.39013671875,7495.47021484375,0
2025-01-10 10:00:00,7495.81982421875,7515.91015625,7495.81982421875,7503.4599609375,0
2025-01-10 11:00:00,7503.3798828125,7521.22021484375,7503.3798828125,7511.97998046875,0
2025-01-10 12:00:00,7511.990234375,7513.330078125,7499.0400390625,7503.43017578125,0
2025-01-10 13:00:00,7503.35986328125,7503.35986328125,7461.25,7471.6298828125,0
2025-01-10 14:00:00,7471.169921875,7500.0498046875,7469.2998046875,7473.169921875,0
2025-01-10 15:00:00,7473.81982421875,7473.81982421875,7437.009765625,7438.52978515625,0
2025-01-10 16:00:00,7438.0,7438.0,7417.58984375,7425.10009765625,0
2025-01-13 08:00:00,7409.56005859375,7414.169921875,7382.43017578125,7388.31005859375,0
2025-01-13 09:00:00,7388.5498046875,7389.1298828125,7362.7001953125,7364.56005859375,0
2025-01-13 10:00:00,7364.490234375,7378.97998046875,7362.990234375,7371.83984375,0
2025-01-13 11:00:00,7371.2001953125,7374.330078125,7353.0498046875,7370.759765625,0
2025-01-13 12:00:00,7372.14013671875,7398.47998046875,7364.5400390625,7392.080078125,0
2025-01-13 13:00:00,7392.4501953125,7401.669921875,7384.5,7388.27978515625,0
2025-01-13 14:00:00,7388.4501953125,7414.68994140625,7382.91015625,7413.33984375,0
2025-01-13 15:00:00,7412.3798828125,7424.509765625,7404.490234375,7415.14990234375,0
2025-01-13 16:00:00,7414.97998046875,7414.97998046875,7406.7900390625,7409.509765625,0
2025-01-14 08:00:00,7481.9501953125,7494.06982421875,7471.740234375,7473.6298828125,0
2025-01-14 09:00:00,7472.93994140625,7483.56005859375,7467.52978515625,7477.52001953125,0
2025-01-14 10:00:00,7478.18994140625,7495.68994140625,7475.990234375,7495.31005859375,0
2025-01-14 11:00:00,7495.33984375,7499.77001953125,7480.330078125,7487.330078125,0
2025-01-14 12:00:00,7486.4501953125,7486.4501953125,7464.259765625,7478.080078125,0
2025-01-14 13:00:00,7478.3701171875,7494.52001953125,7465.58984375,7472.759765625,0
2025-01-14 14:00:00,7471.93994140625,7471.93994140625,7434.0400390625,7435.5498046875,0
2025-01-14 15:00:00,7435.85009765625,7449.009765625,7432.8701171875,7434.6298828125,0
2025-01-14 16:00:00,7435.85009765625,7437.5498046875,7423.490234375,7425.47998046875,0
2025-01-15 08:00:00,7447.39013671875,7447.43994140625,7415.52001953125,7424.0498046875,0
2025-01-15 09:00:00,7424.08984375,7435.8798828125,7420.52001953125,7427.16015625,0
2025-01-15 10:00:00,7427.27978515625,7452.66015625,7421.18994140625,7447.10986328125,0
2025-01-15 11:00:00,7446.5,7475.72998046875,7446.5,7471.18017578125,0
2025-01-15 12:00:00,7471.02978515625,7478.14990234375,7464.93017578125,7466.22998046875,0
2025-01-15 13:00:00,7466.22998046875,7514.91015625,7457.2998046875,7510.7998046875,0
2025-01-15 14:00:00,7510.4599609375,7513.990234375,7481.740234375,7500.18994140625,0
2025-01-15 15:00:00,7499.6298828125,7505.52978515625,7490.41015625,7494.02978515625,0
2025-01-15 16:00:00,7494.60009765625,7500.419921875,7489.080078125,7493.52001953125,0
2025-01-16 08:00:00,7591.35009765625,7591.35009765625,7567.669921875,7575.02001953125,0
2025-01-16 09:00:00,7575.06005859375,7617.77978515625,7574.75,7607.52001953125,0
2025-01-16 10:00:00,7607.14013671875,7633.08984375,7603.33984375,7622.490234375,0
2025-01-16 11:00:00,7622.27001953125,7628.89990234375,7618.580078125,7625.009765625,0
2025-01-16 12:00:00,7624.85986328125,7631.66015625,7620.77978515625,7625.5,0
2025-01-16 13:00:00,7626.8701171875,7632.22998046875,7613.509765625,7619.97998046875,0
2025-01-16 14:00:00,7619.10009765625,7632.1298828125,7607.41015625,7607.41015625,0
2025-01-16 15:00:00,7607.669921875,7616.759765625,7601.14990234375,7616.759765625,0
2025-01-16 16:00:00,7617.2900390625,7632.06005859375,7615.56982421875,7631.81005859375,0
2025-01-17 08:00:00,7685.0400390625,7699.4599609375,7667.85009765625,7697.75,0
2025-01-17 09:00:00,7698.43994140625,7723.56005859375,7698.06005859375,7708.22021484375,0
2025-01-17 10:00:00,7707.52978515625,7720.3701171875,7693.72021484375,7706.39013671875,0
2025-01-17 11:00:00,7708.080078125,7721.8701171875,7707.43017578125,7718.58984375,0
2025-01-17 12:00:00,7718.9599609375,7719.83984375,7706.27001953125,7715.27978515625,0
2025-01-17 13:00:00,7714.77001953125,7728.22998046875,7709.85986328125,7714.7001953125,0
2025-01-17 14:00:00,7714.97998046875,7732.31982421875,7707.47021484375,7728.18017578125,0
2025-01-17 15:00:00,7728.66015625,7731.02001953125,7709.72021484375,7711.83984375,0
2025-01-17 16:00:00,7711.490234375,7716.919921875,7708.9501953125,7713.830078125,0
2025-01-20 08:00:00,7722.1201171875,7738.9501953125,7718.25,7728.06982421875,0
2025-01-20 09:00:00,7728.22021484375,7738.5400390625,7722.7099609375,7722.7099609375,0
2025-01-20 10:00:00,7722.72998046875,7726.14013671875,7715.06982421875,7719.97998046875,0
2025-01-20 11:00:00,7719.9501953125,7723.77001953125,7708.16015625,7708.52978515625,0
2025-01-20 12:00:00,7707.97021484375,7719.77978515625,7707.2900390625,7716.490234375,0
2025-01-20 13:00:00,7716.68017578125,7755.60009765625,7710.58984375,7753.5498046875,0
2025-01-20 14:00:00,7753.1298828125,7766.240234375,7742.4501953125,7756.990234375,0
2025-01-20 15:00:00,7756.06005859375,7757.0498046875,7730.43017578125,7733.5,0
2025-01-20 16:00:00,7732.740234375,7736.52978515625,7728.14013671875,7732.52001953125,0
2025-01-21 08:00:00,7724.33984375,7745.27978515625,7713.259765625,7737.2900390625,0
2025-01-21 09:00:00,7736.89990234375,7749.14990234375,7728.89013671875,7748.669921875,0
2025-01-21 10:00:00,7748.43994140625,7757.81005859375,7735.2998046875,7735.2998046875,0
2025-01-21 11:00:00,7735.6201171875,7745.1298828125,7731.93994140625,7738.56005859375,0
2025-01-21 12:00:00,7738.64990234375,7748.10986328125,7738.27978515625,7742.919921875,0
2025-01-21 13:00:00,7742.4501953125,7758.009765625,7734.68017578125,7753.9599609375,0
2025-01-21 14:00:00,7754.22021484375,7765.60986328125,7751.39013671875,7765.35986328125,0
2025-01-21 15:00:00,7765.6298828125,7768.7099609375,7756.259765625,7761.06005859375,0
2025-01-21 16:00:00,7762.14013671875,7774.759765625,7761.2001953125,7773.56005859375,0
2025-01-22 08:00:00,7783.2998046875,7822.080078125,7773.64013671875,7821.1298828125,0
2025-01-22 09:00:00,7821.06005859375,7836.240234375,7821.06005859375,7825.52001953125,0
2025-01-22 10:00:00,7825.72021484375,7831.490234375,7821.31005859375,7827.1298828125,0
2025-01-22 11:00:00,7827.33984375,7844.89990234375,7826.6201171875,7843.06982421875,0
2025-01-22 12:00:00,7843.75,7873.97998046875,7843.75,7850.39013671875,0
2025-01-22 13:00:00,7850.0498046875,7859.77978515625,7840.10009765625,7843.89990234375,0
2025-01-22 14:00:00,7844.3798828125,7846.4599609375,7824.7998046875,7830.5400390625,0
2025-01-22 15:00:00,7830.1298828125,7836.52978515625,7817.9599609375,7818.64990234375,0
2025-01-22 16:00:00,7819.43017578125,7837.77001953125,7818.669921875,7837.77001953125,0
2025-01-23 08:00:00,7851.39990234375,7855.58984375,7829.39990234375,7829.56982421875,0
2025-01-23 09:00:00,7829.83984375,7850.419921875,7829.83984375,7849.08984375,0
2025-01-23 10:00:00,7849.18994140625,7862.1298828125,7849.18994140625,7861.18017578125,0
2025-01-23 11:00:00,7861.02978515625,7875.6201171875,7860.02001953125,7867.31982421875,0
2025-01-23 12:00:00,7866.2099609375,7872.47021484375,7863.6201171875,7868.91015625,0
2025-01-23 13:00:00,7869.0,7883.4501953125,7862.0,7875.43017578125,0
2025-01-23 14:00:00,7875.39013671875,7885.0,7869.77001953125,7871.6298828125,0
2025-01-23 15:00:00,7873.56982421875,7892.509765625,7871.77978515625,7889.85009765625,0
2025-01-23 16:00:00,7890.14013671875,7896.97021484375,7883.6201171875,7895.97998046875,0
2025-01-24 08:00:00,7958.919921875,7987.41015625,7949.6201171875,7987.41015625,0
2025-01-24 09:00:00,7987.81005859375,7988.85009765625,7963.02978515625,7973.580078125,0
2025-01-24 10:00:00,7974.009765625,7979.7001953125,7956.83984375,7972.8701171875,0
2025-01-24 11:00:00,7972.4501953125,7974.39990234375,7957.60009765625,7958.85986328125,0
2025-01-24 12:00:00,7959.1298828125,7959.18017578125,7943.93994140625,7948.8798828125,0
2025-01-24 13:00:00,7948.2099609375,7953.5,7931.5400390625,7932.72021484375,0
2025-01-24 14:00:00,7932.6298828125,7937.830078125,7915.06982421875,7916.68017578125,0
2025-01-24 15:00:00,7917.14990234375,7927.6298828125,7904.169921875,7917.080078125,0
2025-01-24 16:00:00,7917.0,7928.35986328125,7916.22021484375,7928.35986328125,0
2025-01-27 08:00:00,7873.7001953125,7878.72021484375,7844.41015625,7857.66015625,0
2025-01-27 09:00:00,7858.89013671875,7877.85009765625,7852.10009765625,7872.77001953125,0
2025-01-27 10:00:00,7872.58984375,7874.330078125,7847.93017578125,7854.25,0
2025-01-27 11:00:00,7853.56005859375,7868.52001953125,7848.02001953125,7863.60986328125,0
2025-01-27 12:00:00,7863.919921875,7885.27001953125,7863.919921875,7876.080078125,0
2025-01-27 13:00:00,7874.85009765625,7891.14013671875,7872.68994140625,7890.7001953125,0
2025-01-27 14:00:00,7889.9501953125,7913.85009765625,7877.64013671875,7913.85009765625,0
2025-01-27 15:00:00,7915.3701171875,7928.41015625,7908.2001953125,7914.97998046875,0
2025-01-27 16:00:00,7914.2900390625,7918.580078125,7908.580078125,7911.89990234375,0
2025-01-28 08:00:00,7899.27978515625,7911.490234375,7879.330078125,7910.81982421875,0
2025-01-28 09:00:00,7910.169921875,7937.759765625,7907.72998046875,7937.759765625,0
2025-01-28 10:00:00,7937.41015625,7950.259765625,7936.18994140625,7938.0,0
2025-01-28 11:00:00,7938.16015625,7943.72021484375,7932.240234375,7932.240234375,0
2025-01-28 12:00:00,7932.2001953125,7942.68017578125,7922.0498046875,7941.2001953125,0
2025-01-28 13:00:00,7941.85009765625,7954.60009765625,7937.1298828125,7953.14990234375,0
2025-01-28 14:00:00,7953.31982421875,7955.4599609375,7912.14990234375,7923.68994140625,0
2025-01-28 15:00:00,7925.06982421875,7933.75,7915.60009765625,7925.14990234375,0
2025-01-28 16:00:00,7925.740234375,7928.6201171875,7908.06005859375,7910.35986328125,0
2025-01-29 08:00:00,7874.72021484375,7875.6298828125,7855.0400390625,7855.3798828125,0
2025-01-29 09:00:00,7856.97998046875,7879.2998046875,7849.14013671875,7868.14013671875,0
2025-01-29 10:00:00,7868.52001953125,7891.58984375,7868.52001953125,7882.72021484375,0
2025-01-29 11:00:00,7882.39990234375,7884.91015625,7876.52978515625,7881.52978515625,0
2025-01-29 12:00:00,7880.18017578125,7884.81005859375,7873.43994140625,7880.10986328125,0
2025-01-29 13:00:00,7879.68994140625,7879.68994140625,7848.759765625,7857.7998046875,0
2025-01-29 14:00:00,7859.97021484375,7871.4599609375,7859.97021484375,7869.97021484375,0
2025-01-29 15:00:00,7870.18994140625,7880.33984375,7864.759765625,7866.47021484375,0
2025-01-29 16:00:00,7866.9599609375,7869.85986328125,7861.97021484375,7866.27001953125,0
2025-01-30 08:00:00,7904.47021484375,7914.02978515625,7889.22021484375,7904.47998046875,0
2025-01-30 09:00:00,7904.52978515625,7913.1298828125,7890.06005859375,7900.43017578125,0
2025-01-30 10:00:00,7900.4599609375,7921.259765625,7895.0400390625,7919.10009765625,0
2025-01-30 11:00:00,7918.97998046875,7921.97998046875,7912.66015625,7917.759765625,0
2025-01-30 12:00:00,7917.68017578125,7921.0498046875,7909.68017578125,7915.919921875,0
2025-01-30 13:00:00,7915.7099609375,7925.72998046875,7913.47021484375,7923.759765625,0
2025-01-30 14:00:00,7923.72021484375,7937.0,7922.2900390625,7924.27001953125,0
2025-01-30 15:00:00,7925.27001953125,7951.85009765625,7917.52978515625,7937.0400390625,0
2025-01-30 16:00:00,7936.89013671875,7951.490234375,7936.89013671875,7949.58984375,0
2025-01-31 08:00:00,7954.43017578125,7975.10009765625,7950.6201171875,7966.419921875,0
2025-01-31 09:00:00,7966.8701171875,7986.3701171875,7961.18994140625,7961.91015625,0
2025-01-31 10:00:00,7962.66015625,7975.009765625,7955.68017578125,7972.85009765625,0
2025-01-31 11:00:00,7972.43994140625,7985.1298828125,7971.85009765625,7981.16015625,0
2025-01-31 12:00:00,7981.1298828125,7996.41015625,7974.5400390625,7977.39990234375,0
2025-01-31 13:00:00,7976.77001953125,7979.93017578125,7970.22998046875,7972.2099609375,0
2025-01-31 14:00:00,7972.10009765625,7972.10009765625,7942.31005859375,7944.8798828125,0
2025-01-31 15:00:00,7945.16015625,7955.6201171875,7944.10009765625,7948.27001953125,0
2025-01-31 16:00:00,7948.490234375,7948.490234375,7928.83984375,7940.509765625,0
2025-02-03 08:00:00,7786.31982421875,7838.14013671875,7785.8701171875,7833.52978515625,0
2025-02-03 09:00:00,7833.93994140625,7835.2099609375,7797.5400390625,7797.580078125,0
2025-02-03 10:00:00,7797.72998046875,7817.52001953125,7795.39990234375,7815.10986328125,0
2025-02-03 11:00:00,7815.419921875,7827.759765625,7813.3798828125,7813.3798828125,0
2025-02-03 12:00:00,7812.9599609375,7824.7001953125,7799.31982421875,7802.14990234375,0
2025-02-03 13:00:00,7802.919921875,7840.56005859375,7802.919921875,7833.85009765625,0
2025-02-03 14:00:00,7833.990234375,7833.990234375,7808.31005859375,7811.97021484375,0
2025-02-03 15:00:00,7807.0400390625,7875.580078125,7799.509765625,7854.56982421875,0
2025-02-03 16:00:00,7852.2900390625,7858.66015625,7835.10986328125,7844.47998046875,0
2025-02-04 08:00:00,7870.2900390625,7870.39013671875,7808.10986328125,7833.31005859375,0
2025-02-04 09:00:00,7832.93017578125,7861.9599609375,7832.93017578125,7857.419921875,0
2025-02-04 10:00:00,7859.35986328125,7878.72021484375,7859.35986328125,7869.509765625,0
2025-02-04 11:00:00,7869.75,7876.669921875,7860.02001953125,7875.509765625,0
2025-02-04 12:00:00,7875.89013671875,7883.91015625,7870.06982421875,7877.5400390625,0
2025-02-04 13:00:00,7877.66015625,7887.18017578125,7871.5400390625,7883.6298828125,0
2025-02-04 14:00:00,7883.9501953125,7906.5498046875,7882.02001953125,7906.5498046875,0
2025-02-04 15:00:00,7910.9501953125,7915.52978515625,7896.33984375,7900.22021484375,0
2025-02-04 16:00:00,7899.43994140625,7913.43017578125,7898.490234375,7913.43017578125,0
2025-02-05 08:00:00,7888.60009765625,7900.7099609375,7872.08984375,7880.66015625,0
2025-02-05 09:00:00,7881.08984375,7889.77001953125,7870.3798828125,7876.740234375,0
2025-02-05 10:00:00,7875.9599609375,7889.10986328125,7874.52001953125,7888.009765625,0
2025-02-05 11:00:00,7887.77001953125,7898.419921875,7887.22021484375,7895.3798828125,0
2025-02-05 12:00:00,7895.419921875,7896.7900390625,7890.10009765625,7891.58984375,0
2025-02-05 13:00:00,7891.64990234375,7892.68017578125,7884.0,7889.919921875,0
2025-02-05 14:00:00,7889.39013671875,7894.5498046875,7873.10009765625,7873.10009765625,0
2025-02-05 15:00:00,7874.259765625,7883.75,7858.22021484375,7883.52978515625,0
2025-02-05 16:00:00,7883.509765625,7883.56005859375,7874.43017578125,7880.16015625,0
2025-02-06 08:00:00,7918.35986328125,7947.35009765625,7906.35986328125,7941.60986328125,0
2025-02-06 09:00:00,7941.2900390625,7951.06005859375,7935.22021484375,7947.8701171875,0
2025-02-06 10:00:00,7948.18017578125,7959.6201171875,7940.6201171875,7941.64013671875,0
2025-02-06 11:00:00,7941.85986328125,7955.2001953125,7934.10986328125,7952.41015625,0
2025-02-06 12:00:00,7952.5,7973.60986328125,7952.5,7970.27978515625,0
2025-02-06 13:00:00,7970.3798828125,7975.7099609375,7962.06982421875,7970.85986328125,0
2025-02-06 14:00:00,7970.68017578125,7996.169921875,7970.68017578125,7994.169921875,0
2025-02-06 15:00:00,7995.64990234375,8009.81982421875,7987.27978515625,7990.47021484375,0
2025-02-06 16:00:00,7990.35986328125,8024.8798828125,7989.2998046875,8023.18017578125,0
2025-02-07 08:00:00,7998.3798828125,8027.0498046875,7995.4599609375,8012.919921875,0
2025-02-07 09:00:00,8013.85986328125,8016.169921875,7993.97998046875,8004.1201171875,0
2025-02-07 10:00:00,8003.77978515625,8005.740234375,7991.41015625,7998.919921875,0
2025-02-07 11:00:00,7999.0498046875,8006.16015625,7995.83984375,8002.91015625,0
2025-02-07 12:00:00,8002.7900390625,8006.02978515625,7992.22021484375,7996.77001953125,0
2025-02-07 13:00:00,7996.31982421875,8000.7099609375,7985.16015625,7994.7099609375,0
2025-02-07 14:00:00,7994.58984375,7999.6298828125,7983.56005859375,7998.52978515625,0
2025-02-07 15:00:00,7998.740234375,7998.740234375,7954.89990234375,7975.93017578125,0
2025-02-07 16:00:00,7976.0400390625,7979.7001953125,7958.52978515625,7959.3798828125,0
2025-02-10 08:00:00,7977.759765625,8003.27001953125,7977.759765625,7984.7099609375,0
2025-02-10 09:00:00,7985.0498046875,7992.1298828125,7971.2900390625,7972.7001953125,0
2025-02-10 10:00:00,7972.35009765625,7994.7900390625,7971.14990234375,7991.77978515625,0
2025-02-10 11:00:00,7991.41015625,8001.830078125,7988.93994140625,7991.0,0
2025-02-10 12:00:00,7991.06005859375,8000.490234375,7989.4501953125,7991.33984375,0
2025-02-10 13:00:00,7991.2099609375,8001.64990234375,7988.56005859375,7999.85009765625,0
2025-02-10 14:00:00,7999.47021484375,8000.02001953125,7979.08984375,7994.52978515625,0
2025-02-10 15:00:00,7995.06982421875,8006.02001953125,7992.240234375,7999.27001953125,0
2025-02-10 16:00:00,7999.64013671875,8014.1298828125,7999.64013671875,8013.47998046875,0
2025-02-11 08:00:00,8013.009765625,8037.240234375,8008.47998046875,8014.72998046875,0
2025-02-11 09:00:00,8014.68994140625,8021.7001953125,8000.81982421875,8004.89013671875,0
2025-02-11 10:00:00,8005.35009765625,8013.25,8004.759765625,8006.91015625,0
2025-02-11 11:00:00,8006.7998046875,8009.97021484375,8000.33984375,8006.31982421875,0
2025-02-11 12:00:00,8006.419921875,8010.10986328125,7995.64990234375,8010.10986328125,0
2025-02-11 13:00:00,8010.22021484375,8028.31982421875,8010.0498046875,8023.080078125,0
2025-02-11 14:00:00,8022.39013671875,8028.68994140625,8016.8701171875,8023.580078125,0
2025-02-11 15:00:00,8024.02978515625,8034.64990234375,8024.02978515625,8029.89013671875,0
2025-02-11 16:00:00,8029.77001953125,8034.759765625,8029.77001953125,8031.10009765625,0
2025-02-12 08:00:00,8039.60986328125,8067.06982421875,8039.60986328125,8059.330078125,0
2025-02-12 09:00:00,8059.0,8059.27001953125,8041.39013671875,8050.0498046875,0
2025-02-12 10:00:00,8050.72998046875,8053.2099609375,8034.35986328125,8040.75,0
2025-02-12 11:00:00,8041.2998046875,8043.1201171875,8022.490234375,8023.64013671875,0
2025-02-12 12:00:00,8023.7900390625,8038.10986328125,8021.509765625,8029.10009765625,0
2025-02-12 13:00:00,8029.33984375,8030.72021484375,7984.72021484375,8003.22998046875,0
2025-02-12 14:00:00,8004.5400390625,8023.39013671875,7990.72021484375,8023.22021484375,0
2025-02-12 15:00:00,8023.43994140625,8057.35986328125,8022.81982421875,8057.35986328125,0
2025-02-12 16:00:00,8056.740234375,8056.85986328125,8045.16015625,8048.89990234375,0
2025-02-13 08:00:00,8120.81005859375,8126.83984375,8091.419921875,8100.52001953125,0
2025-02-13 09:00:00,8099.759765625,8131.41015625,8096.02001953125,8126.2900390625,0
2025-02-13 10:00:00,8126.4599609375,8151.89013671875,8123.31005859375,8151.89013671875,0
2025-02-13 11:00:00,8151.72998046875,8171.52001953125,8132.2900390625,8148.97021484375,0
2025-02-13 12:00:00,8148.5498046875,8154.509765625,8138.0400390625,8153.0498046875,0
2025-02-13 13:00:00,8152.77001953125,8162.60986328125,8146.0498046875,8154.0400390625,0
2025-02-13 14:00:00,8153.93017578125,8170.1298828125,8148.97021484375,8167.41015625,0
2025-02-13 15:00:00,8168.64013671875,8176.1201171875,8146.919921875,8159.14013671875,0
2025-02-13 16:00:00,8158.6298828125,8166.18994140625,8157.080078125,8160.72998046875,0
2025-02-14 08:00:00,8164.6201171875,8188.06005859375,8155.4501953125,8188.06005859375,0
2025-02-14 09:00:00,8188.35986328125,8212.6396484375,8187.06982421875,8200.080078125,0
2025-02-14 10:00:00,8200.01953125,8200.4404296875,8175.990234375,8191.830078125,0
2025-02-14 11:00:00,8187.5,8200.419921875,8182.240234375,8200.01953125,0
2025-02-14 12:00:00,8200.3203125,8204.4697265625,8183.93017578125,8192.009765625,0
2025-02-14 13:00:00,8192.2900390625,8202.1396484375,8191.68017578125,8193.0302734375,0
2025-02-14 14:00:00,8192.4296875,8209.4404296875,8191.43017578125,8199.8095703125,0
2025-02-14 15:00:00,8200.259765625,8200.259765625,8174.580078125,8186.56005859375,0
2025-02-14 16:00:00,8186.330078125,8191.43017578125,8168.02978515625,8173.97021484375,0
2025-02-17 08:00:00,8181.39990234375,8182.93017578125,8165.89990234375,8171.18994140625,0
2025-02-17 09:00:00,8171.14013671875,8187.8701171875,8169.669921875,8187.60009765625,0
2025-02-17 10:00:00,8187.10009765625,8191.43017578125,8179.18017578125,8189.47021484375,0
2025-02-17 11:00:00,8189.0,8191.4599609375,8175.9599609375,8177.830078125,0
2025-02-17 12:00:00,8177.91015625,8186.75,8176.2998046875,8185.5,0
2025-02-17 13:00:00,8185.580078125,8190.5498046875,8181.64990234375,8184.41015625,0
2025-02-17 14:00:00,8184.47998046875,8197.0,8178.35009765625,8195.9501953125,0
2025-02-17 15:00:00,8196.16015625,8197.7001953125,8185.7900390625,8191.64013671875,0
2025-02-17 16:00:00,8191.35009765625,8199.0400390625,8191.35009765625,8196.9599609375,0
2025-02-18 08:00:00,8205.9404296875,8206.6396484375,8160.60986328125,8162.1298828125,0
2025-02-18 09:00:00,8163.66015625,8179.39990234375,8161.240234375,8178.10986328125,0
2025-02-18 10:00:00,8177.4599609375,8188.490234375,8177.080078125,8184.14990234375,0
2025-02-18 11:00:00,8184.47998046875,8193.3896484375,8184.47998046875,8189.81982421875,0
2025-02-18 12:00:00,8190.47021484375,8210.2900390625,8188.31982421875,8207.7197265625,0
2025-02-18 13:00:00,8207.990234375,8218.7001953125,8207.990234375,8214.6396484375,0
2025-02-18 14:00:00,8214.73046875,8223.75,8198.2099609375,8211.009765625,0
2025-02-18 15:00:00,8210.4296875,8224.3896484375,8210.4296875,8223.599609375,0
2025-02-18 16:00:00,8223.240234375,8225.1298828125,8218.4599609375,8220.759765625,0
2025-02-19 08:00:00,8205.4404296875,8208.669921875,8188.77978515625,8195.2197265625,0
2025-02-19 09:00:00,8195.01953125,8198.5498046875,8185.35986328125,8195.23046875,0
2025-02-19 10:00:00,8194.7197265625,8196.2099609375,8150.85986328125,8156.97021484375,0
2025-02-19 11:00:00,8156.52978515625,8157.5,8130.7998046875,8139.2099609375,0
2025-02-19 12:00:00,8139.5,8152.27978515625,8138.77978515625,8139.68017578125,0
2025-02-19 13:00:00,8139.740234375,8148.85009765625,8126.39990234375,8126.39990234375,0
2025-02-19 14:00:00,8125.81005859375,8130.39990234375,8097.14013671875,8108.91015625,0
2025-02-19 15:00:00,8107.2001953125,8123.60986328125,8100.9501953125,8103.39990234375,0
2025-02-19 16:00:00,8104.2099609375,8113.169921875,8098.68994140625,8101.0400390625,0
2025-02-20 08:00:00,8140.77978515625,8152.43017578125,8130.47021484375,8150.5,0
2025-02-20 09:00:00,8148.72021484375,8172.759765625,8146.669921875,8169.75,0
2025-02-20 10:00:00,8169.169921875,8170.81982421875,8158.990234375,8159.1201171875,0
2025-02-20 11:00:00,8158.72998046875,8167.18994140625,8145.18994140625,8146.85009765625,0
2025-02-20 12:00:00,8146.35986328125,8155.64990234375,8142.6201171875,8146.7001953125,0
2025-02-20 13:00:00,8146.64013671875,8147.85009765625,8129.39013671875,8133.740234375,0
2025-02-20 14:00:00,8133.64990234375,8147.06005859375,8129.08984375,8131.5498046875,0
2025-02-20 15:00:00,8130.5498046875,8138.89990234375,8112.97021484375,8113.89013671875,0
2025-02-20 16:00:00,8113.39990234375,8124.72021484375,8107.31005859375,8120.9599609375,0
2025-02-21 08:00:00,8138.240234375,8159.8701171875,8134.47998046875,8141.75,0
2025-02-21 09:00:00,8141.2099609375,8153.509765625,8132.47021484375,8148.080078125,0
2025-02-21 10:00:00,8148.2099609375,8180.72021484375,8145.7998046875,8176.1201171875,0
2025-02-21 11:00:00,8176.3701171875,8178.52001953125,8159.18994140625,8159.490234375,0
2025-02-21 12:00:00,8160.22021484375,8163.7998046875,8151.1201171875,8154.56982421875,0
2025-02-21 13:00:00,8154.60986328125,8171.240234375,8153.7001953125,8153.9501953125,0
2025-02-21 14:00:00,8153.89013671875,8167.72021484375,8134.97021484375,8143.1201171875,0
2025-02-21 15:00:00,8144.39990234375,8148.41015625,8126.8701171875,8145.5,0
2025-02-21 16:00:00,8146.25,8150.0498046875,8142.27978515625,8148.77001953125,0
2025-02-24 08:00:00,8138.85986328125,8148.990234375,8093.0498046875,8128.22998046875,0
2025-02-24 09:00:00,8127.93017578125,8148.6298828125,8126.02001953125,8140.10009765625,0
2025-02-24 10:00:00,8140.5400390625,8149.97021484375,8130.080078125,8130.080078125,0
2025-02-24 11:00:00,8130.25,8150.64013671875,8127.64990234375,8137.43017578125,0
2025-02-24 12:00:00,8138.2099609375,8138.2099609375,8115.43994140625,8134.91015625,0
2025-02-24 13:00:00,8136.0,8139.16015625,8121.7900390625,8125.830078125,0
2025-02-24 14:00:00,8125.419921875,8127.25,8070.43017578125,8072.14013671875,0
2025-02-24 15:00:00,8073.0,8088.5,8064.669921875,8074.9599609375,0
2025-02-24 16:00:00,8075.22998046875,8090.43017578125,8072.06005859375,8088.4501953125,0
2025-02-25 08:00:00,8065.35986328125,8091.10009765625,8061.06982421875,8064.9599609375,0
2025-02-25 09:00:00,8064.97998046875,8101.080078125,8064.330078125,8081.81982421875,0
2025-02-25 10:00:00,8081.64990234375,8101.6201171875,8077.9501953125,8081.43017578125,0
2025-02-25 11:00:00,8082.10009765625,8098.0498046875,8082.10009765625,8090.77001953125,0
2025-02-25 12:00:00,8091.7099609375,8096.2998046875,8083.1201171875,8089.56005859375,0
2025-02-25 13:00:00,8089.81005859375,8105.83984375,8083.14990234375,8104.39990234375,0
2025-02-25 14:00:00,8104.4501953125,8107.10986328125,8083.14990234375,8085.990234375,0
2025-02-25 15:00:00,8085.89990234375,8085.89990234375,8043.1298828125,8057.27001953125,0
2025-02-25 16:00:00,8056.43994140625,8057.97998046875,8046.58984375,8047.77978515625,0
2025-02-26 08:00:00,8103.72998046875,8120.06982421875,8084.0498046875,8118.2998046875,0
2025-02-26 09:00:00,8117.2900390625,8136.41015625,8114.5400390625,8135.18994140625,0
2025-02-26 10:00:00,8136.080078125,8142.89990234375,8130.759765625,8138.66015625,0
2025-02-26 11:00:00,8138.81982421875,8156.9501953125,8135.8798828125,8139.2099609375,0
2025-02-26 12:00:00,8139.41015625,8167.56005859375,8138.259765625,8161.97998046875,0
2025-02-26 13:00:00,8161.72998046875,8169.35009765625,8143.4501953125,8145.72021484375,0
2025-02-26 14:00:00,8146.35986328125,8146.68017578125,8119.27001953125,8132.240234375,0
2025-02-26 15:00:00,8133.0498046875,8142.8701171875,8124.06982421875,8136.31005859375,0
2025-02-26 16:00:00,8135.02978515625,8146.5400390625,8133.47021484375,8145.990234375,0
2025-02-27 08:00:00,8104.22998046875,8105.41015625,8075.27001953125,8100.83984375,0
2025-02-27 09:00:00,8101.06982421875,8127.18994140625,8101.009765625,8127.18994140625,0
2025-02-27 10:00:00,8126.77001953125,8132.77001953125,8117.64990234375,8120.85986328125,0
2025-02-27 11:00:00,8120.9599609375,8136.85986328125,8113.18017578125,8120.669921875,0
2025-02-27 12:00:00,8121.5400390625,8128.1298828125,8113.5400390625,8113.58984375,0
2025-02-27 13:00:00,8113.759765625,8124.91015625,8067.10986328125,8084.7998046875,0
2025-02-27 14:00:00,8084.35009765625,8091.8798828125,8056.2099609375,8059.68994140625,0
2025-02-27 15:00:00,8061.16015625,8096.60009765625,8048.27001953125,8089.919921875,0
2025-02-27 16:00:00,8090.330078125,8101.02001953125,8088.39990234375,8089.10009765625,0
2025-02-28 08:00:00,8047.0400390625,8069.06982421875,8031.47998046875,8064.259765625,0
2025-02-28 09:00:00,8065.2099609375,8081.0400390625,8058.31982421875,8071.72998046875,0
2025-02-28 10:00:00,8072.43994140625,8085.64990234375,8064.85986328125,8075.85986328125,0
2025-02-28 11:00:00,8076.89013671875,8084.5,8073.02001953125,8081.31982421875,0
2025-02-28 12:00:00,8081.10009765625,8081.81005859375,8056.72998046875,8068.14013671875,0
2025-02-28 13:00:00,8068.169921875,8071.31005859375,8055.1201171875,8066.9501953125,0
2025-02-28 14:00:00,8067.0498046875,8090.43017578125,8056.5400390625,8090.43017578125,0
2025-02-28 15:00:00,8091.06005859375,8096.240234375,8081.72998046875,8094.58984375,0
2025-02-28 16:00:00,8094.68017578125,8103.60009765625,8088.22021484375,8090.1298828125,0
2025-03-03 08:00:00,8139.1298828125,8168.14013671875,8087.31005859375,8119.759765625,0
2025-03-03 09:00:00,8119.93994140625,8159.41015625,8111.3701171875,8157.72998046875,0
2025-03-03 10:00:00,8159.33984375,8176.0400390625,8135.41015625,8174.66015625,0
2025-03-03 11:00:00,8174.83984375,8201.150390625,8165.68017578125,8200.599609375,0
2025-03-03 12:00:00,8200.240234375,8244.75,8198.1298828125,8243.83984375,0
2025-03-03 13:00:00,8244.16015625,8244.650390625,8223.2998046875,8237.599609375,0
2025-03-03 14:00:00,8238.0,8257.8798828125,8232.08984375,8238.3603515625,0
2025-03-03 15:00:00,8241.599609375,8241.599609375,8196.0,8230.83984375,0
2025-03-03 16:00:00,8231.2802734375,8237.650390625,8207.8701171875,8212.349609375,0
2025-03-04 08:00:00,8112.1298828125,8136.27001953125,8089.39013671875,8100.52978515625,0
2025-03-04 09:00:00,8099.31005859375,8120.72021484375,8087.66015625,8100.9599609375,0
2025-03-04 10:00:00,8100.3798828125,8109.240234375,8081.39990234375,8105.4599609375,0
2025-03-04 11:00:00,8105.740234375,8108.10986328125,8085.41015625,8089.47021484375,0
2025-03-04 12:00:00,8088.33984375,8091.52001953125,8066.18994140625,8067.990234375,0
2025-03-04 13:00:00,8068.39013671875,8069.5,8033.580078125,8033.580078125,0
2025-03-04 14:00:00,8031.97998046875,8061.830078125,8026.72021484375,8032.35009765625,0
2025-03-04 15:00:00,8032.3701171875,8056.02001953125,8001.14990234375,8040.56005859375,0
2025-03-04 16:00:00,8040.14013671875,8047.58984375,8026.64013671875,8027.3798828125,0
2025-03-05 08:00:00,8174.080078125,8213.6103515625,8151.47021484375,8179.02001953125,0
2025-03-05 09:00:00,8178.740234375,8241.6103515625,8174.990234375,8241.240234375,0
2025-03-05 10:00:00,8241.41015625,8245.240234375,8198.6396484375,8204.6103515625,0
2025-03-05 11:00:00,8203.4599609375,8208.6201171875,8194.08984375,8197.0400390625,0
2025-03-05 12:00:00,8198.490234375,8226.599609375,8192.9697265625,8208.8798828125,0
2025-03-05 13:00:00,8209.0498046875,8234.009765625,8203.8603515625,8207.1796875,0
2025-03-05 14:00:00,8207.2900390625,8210.0400390625,8175.5498046875,8180.56982421875,0
2025-03-05 15:00:00,8182.52001953125,8219.849609375,8182.52001953125,8209.3798828125,0
2025-03-05 16:00:00,8210.1298828125,8210.1298828125,8188.0400390625,8194.990234375,0
2025-03-06 08:00:00,8226.1904296875,8226.1904296875,8166.919921875,8167.2900390625,0
2025-03-06 09:00:00,8168.43994140625,8194.3896484375,8145.8798828125,8146.16015625,0
2025-03-06 10:00:00,8146.85986328125,8146.85986328125,8113.8798828125,8114.66015625,0
2025-03-06 11:00:00,8113.68017578125,8146.08984375,8106.169921875,8132.27001953125,0
2025-03-06 12:00:00,8132.27978515625,8139.759765625,8123.2001953125,8132.4599609375,0
2025-03-06 13:00:00,8131.740234375,8154.85986328125,8103.5400390625,8139.97021484375,0
2025-03-06 14:00:00,8139.509765625,8183.830078125,8133.81982421875,8164.39013671875,0
2025-03-06 15:00:00,8167.0,8212.51953125,8161.93994140625,8205.76953125,0
2025-03-06 16:00:00,8206.2001953125,8229.4404296875,8206.2001953125,8224.5,0
2025-03-07 08:00:00,8163.2998046875,8177.85009765625,8093.77978515625,8110.08984375,0
2025-03-07 09:00:00,8108.97021484375,8151.85986328125,8098.6298828125,8139.97021484375,0
2025-03-07 10:00:00,8139.9599609375,8139.9599609375,8105.77978515625,8108.77001953125,0
2025-03-07 11:00:00,8110.64013671875,8128.8701171875,8103.77978515625,8117.97998046875,0
2025-03-07 12:00:00,8118.31005859375,8126.22998046875,8094.2001953125,8106.64013671875,0
2025-03-07 13:00:00,8106.81982421875,8129.97998046875,8077.66015625,8078.759765625,0
2025-03-07 14:00:00,8080.06982421875,8112.490234375,8066.14990234375,8107.02978515625,0
2025-03-07 15:00:00,8108.68994140625,8161.5400390625,8087.9501953125,8139.43994140625,0
2025-03-07 16:00:00,8142.93017578125,8146.2099609375,8107.52978515625,8107.5400390625,0
2025-03-10 08:00:00,8161.52978515625,8174.58984375,8068.9501953125,8073.919921875,0
2025-03-10 09:00:00,8071.93017578125,8111.7900390625,8062.169921875,8089.7900390625,0
2025-03-10 10:00:00,8090.02001953125,8102.7001953125,8069.669921875,8083.18017578125,0
2025-03-10 11:00:00,8082.3798828125,8103.080078125,8065.14990234375,8102.85986328125,0
2025-03-10 12:00:00,8102.5,8104.33984375,8062.8701171875,8096.419921875,0
2025-03-10 13:00:00,8098.06005859375,8121.9599609375,8080.4599609375,8111.08984375,0
2025-03-10 14:00:00,8109.35009765625,8109.35009765625,8054.97021484375,8065.02978515625,0
2025-03-10 15:00:00,8067.14013671875,8097.8798828125,8057.18017578125,8058.16015625,0
2025-03-10 16:00:00,8058.2900390625,8065.31982421875,8039.35986328125,8046.77978515625,0
2025-03-11 08:00:00,8092.02001953125,8106.169921875,8061.89990234375,8102.22998046875,0
2025-03-11 09:00:00,8103.2998046875,8111.22021484375,8067.85986328125,8076.10009765625,0
2025-03-11 10:00:00,8076.25,8078.0,8056.7998046875,8068.31005859375,0
2025-03-11 11:00:00,8067.580078125,8067.580078125,8036.77978515625,8039.1201171875,0
2025-03-11 12:00:00,8040.64990234375,8042.25,8010.169921875,8024.81005859375,0
2025-03-11 13:00:00,8024.64990234375,8040.3798828125,7987.759765625,7994.169921875,0
2025-03-11 14:00:00,7994.56982421875,8014.89013671875,7923.02978515625,7923.02978515625,0
2025-03-11 15:00:00,7925.5498046875,7968.33984375,7921.39013671875,7944.85986328125,0
2025-03-11 16:00:00,7943.56005859375,7943.56005859375,7921.0498046875,7931.4501953125,0
2025-03-12 08:00:00,8006.0400390625,8026.1298828125,7994.330078125,8024.77978515625,0
2025-03-12 09:00:00,8022.669921875,8046.009765625,8011.31005859375,8030.68017578125,0
2025-03-12 10:00:00,8030.81982421875,8042.10009765625,8023.9599609375,8039.16015625,0
2025-03-12 11:00:00,8039.60986328125,8070.5,8039.60986328125,8049.93017578125,0
2025-03-12 12:00:00,8050.52978515625,8072.4501953125,8032.3798828125,8056.2001953125,0
2025-03-12 13:00:00,8054.4599609375,8054.8701171875,7982.3701171875,7995.68017578125,0
2025-03-12 14:00:00,7997.27978515625,8000.60986328125,7951.3701171875,7952.06982421875,0
2025-03-12 15:00:00,7955.43017578125,7982.8701171875,7938.85009765625,7978.9599609375,0
2025-03-12 16:00:00,7981.47998046875,7992.490234375,7975.169921875,7986.10009765625,0
2025-03-13 08:00:00,7983.56982421875,7985.58984375,7927.830078125,7985.58984375,0
2025-03-13 09:00:00,7986.0,8007.93017578125,7965.68994140625,8007.93017578125,0
2025-03-13 10:00:00,8008.81005859375,8032.64990234375,8000.91015625,8005.64990234375,0
2025-03-13 11:00:00,8006.06982421875,8010.89990234375,7959.2099609375,7964.16015625,0
2025-03-13 12:00:00,7962.2900390625,7972.580078125,7941.169921875,7955.83984375,0
2025-03-13 13:00:00,7956.4599609375,7980.02001953125,7929.7001953125,7933.6201171875,0
2025-03-13 14:00:00,7933.27001953125,7963.18017578125,7930.93994140625,7958.759765625,0
2025-03-13 15:00:00,7959.4599609375,7970.18994140625,7928.9501953125,7944.509765625,0
2025-03-13 16:00:00,7944.81982421875,7957.7001953125,7939.27001953125,7942.66015625,0
2025-03-14 08:00:00,7924.22021484375,7997.3798828125,7916.580078125,7992.25,0
2025-03-14 09:00:00,7991.72998046875,8003.7998046875,7978.10986328125,7988.60986328125,0
2025-03-14 10:00:00,7989.10986328125,8024.25,7980.830078125,8020.47998046875,0
2025-03-14 11:00:00,8019.85009765625,8041.64013671875,8006.68994140625,8035.10009765625,0
2025-03-14 12:00:00,8034.10986328125,8044.43994140625,8026.9599609375,8028.669921875,0
2025-03-14 13:00:00,8029.08984375,8035.0,8008.419921875,8022.169921875,0
2025-03-14 14:00:00,8023.3798828125,8036.64990234375,8007.2001953125,8030.97021484375,0
2025-03-14 15:00:00,8032.6298828125,8040.5498046875,8025.25,8029.7001953125,0
2025-03-14 16:00:00,8029.8701171875,8031.830078125,8022.72021484375,8025.830078125,0
2025-03-17 08:00:00,8034.22998046875,8059.0400390625,8010.7099609375,8047.14990234375,0
2025-03-17 09:00:00,8046.81005859375,8046.81005859375,8014.509765625,8043.18994140625,0
2025-03-17 10:00:00,8043.330078125,8063.3798828125,8041.75,8056.41015625,0
2025-03-17 11:00:00,8055.66015625,8061.669921875,8044.6201171875,8050.5498046875,0
2025-03-17 12:00:00,8050.66015625,8066.64990234375,8049.39990234375,8060.72021484375,0
2025-03-17 13:00:00,8060.919921875,8087.60009765625,8050.419921875,8078.4599609375,0
2025-03-17 14:00:00,8078.8798828125,8080.9599609375,8056.0400390625,8059.02978515625,0
2025-03-17 15:00:00,8059.27978515625,8072.41015625,8056.830078125,8067.419921875,0
2025-03-17 16:00:00,8068.1201171875,8075.1201171875,8066.1298828125,8072.97021484375,0
2025-03-18 08:00:00,8100.89013671875,8128.25,8090.6298828125,8120.75,0
2025-03-18 09:00:00,8121.2001953125,8140.08984375,8114.990234375,8122.47021484375,0
2025-03-18 10:00:00,8121.64013671875,8122.419921875,8092.2900390625,8111.75,0
2025-03-18 11:00:00,8111.93017578125,8126.27001953125,8108.509765625,8125.06982421875,0
2025-03-18 12:00:00,8125.39013671875,8134.31982421875,8119.47998046875,8127.77978515625,0
2025-03-18 13:00:00,8127.7001953125,8127.7001953125,8104.3701171875,8111.2099609375,0
2025-03-18 14:00:00,8109.4501953125,8124.77978515625,8105.490234375,8119.830078125,0
2025-03-18 15:00:00,8118.5,8118.5,8096.89990234375,8100.259765625,0
2025-03-18 16:00:00,8100.9501953125,8117.2998046875,8098.8701171875,8117.2998046875,0
2025-03-19 08:00:00,8104.66015625,8122.919921875,8096.5,8122.740234375,0
2025-03-19 09:00:00,8122.66015625,8144.43994140625,8114.02978515625,8141.8701171875,0
2025-03-19 10:00:00,8142.5400390625,8158.2900390625,8142.5400390625,8149.3798828125,0
2025-03-19 11:00:00,8149.2998046875,8155.7001953125,8126.27978515625,8136.9501953125,0
2025-03-19 12:00:00,8137.6298828125,8145.3701171875,8124.39013671875,8142.81005859375,0
2025-03-19 13:00:00,8142.89990234375,8144.56005859375,8127.14990234375,8133.2900390625,0
2025-03-19 14:00:00,8132.83984375,8159.990234375,8132.7998046875,8157.5498046875,0
2025-03-19 15:00:00,8156.7998046875,8181.85009765625,8156.7998046875,8179.31982421875,0
2025-03-19 16:00:00,8179.1201171875,8180.6298828125,8171.27001953125,8179.919921875,0
2025-03-20 08:00:00,8164.08984375,8167.47998046875,8134.830078125,8137.2099609375,0
2025-03-20 09:00:00,8136.31005859375,8145.27001953125,8094.27001953125,8104.509765625,0
2025-03-20 10:00:00,8103.97998046875,8105.5,8062.14013671875,8094.5400390625,0
2025-03-20 11:00:00,8093.39013671875,8097.18017578125,8079.52001953125,8088.669921875,0
2025-03-20 12:00:00,8088.89013671875,8096.47021484375,8079.7099609375,8090.8701171875,0
2025-03-20 13:00:00,8090.669921875,8100.08984375,8073.6298828125,8100.08984375,0
2025-03-20 14:00:00,8099.81982421875,8113.06005859375,8098.669921875,8108.740234375,0
2025-03-20 15:00:00,8109.56005859375,8111.68017578125,8081.06005859375,8097.64013671875,0
2025-03-20 16:00:00,8097.56982421875,8106.27001953125,8092.7900390625,8092.7900390625,0
2025-03-21 08:00:00,8062.27001953125,8075.43994140625,8028.0400390625,8050.10986328125,0
2025-03-21 09:00:00,8050.31005859375,8052.509765625,8024.35986328125,8035.35009765625,0
2025-03-21 10:00:00,8034.7998046875,8064.830078125,8034.6298828125,8057.7998046875,0
2025-03-21 11:00:00,8055.85009765625,8056.759765625,8027.39990234375,8031.419921875,0
2025-03-21 12:00:00,8031.68994140625,8046.72021484375,8023.52978515625,8024.080078125,0
2025-03-21 13:00:00,8023.91015625,8038.330078125,8010.259765625,8027.2001953125,0
2025-03-21 14:00:00,8026.47998046875,8046.25,8010.35986328125,8046.25,0
2025-03-21 15:00:00,8046.22998046875,8048.93017578125,8027.43994140625,8032.60986328125,0
2025-03-21 16:00:00,8031.43017578125,8049.7900390625,8029.580078125,8048.56005859375,0
2025-03-24 08:00:00,8104.7099609375,8114.4501953125,8073.58984375,8083.2001953125,0
2025-03-24 09:00:00,8083.68017578125,8087.3701171875,8037.68994140625,8037.68994140625,0
2025-03-24 10:00:00,8037.58984375,8069.8798828125,8032.60986328125,8068.080078125,0
2025-03-24 11:00:00,8067.990234375,8068.580078125,8044.330078125,8044.330078125,0
2025-03-24 12:00:00,8042.52001953125,8043.33984375,8013.33984375,8014.2998046875,0
2025-03-24 13:00:00,8014.33984375,8037.43994140625,8002.33984375,8032.97998046875,0
2025-03-24 14:00:00,8033.31005859375,8054.39013671875,8028.7998046875,8034.89013671875,0
2025-03-24 15:00:00,8035.7900390625,8039.7998046875,8014.81005859375,8026.080078125,0
2025-03-24 16:00:00,8026.58984375,8031.41015625,8020.93994140625,8023.5400390625,0
2025-03-25 08:00:00,8042.72998046875,8096.56005859375,8042.72998046875,8083.72021484375,0
2025-03-25 09:00:00,8083.41015625,8090.8798828125,8068.27978515625,8089.39013671875,0
2025-03-25 10:00:00,8089.0400390625,8120.02978515625,8082.759765625,8116.8701171875,0
2025-03-25 11:00:00,8115.58984375,8138.41015625,8113.9501953125,8136.85986328125,0
2025-03-25 12:00:00,8137.18017578125,8142.509765625,8120.58984375,8124.93017578125,0
2025-03-25 13:00:00,8125.31005859375,8125.6201171875,8103.72021484375,8107.2099609375,0
2025-03-25 14:00:00,8106.7099609375,8106.7099609375,8090.33984375,8097.81982421875,0
2025-03-25 15:00:00,8098.64990234375,8103.81982421875,8084.080078125,8093.41015625,0
2025-03-25 16:00:00,8092.93994140625,8108.9599609375,8092.93994140625,8108.33984375,0
2025-03-26 08:00:00,8121.990234375,8127.91015625,8055.89990234375,8058.080078125,0
2025-03-26 09:00:00,8057.27978515625,8061.60009765625,8035.919921875,8036.35009765625,0
2025-03-26 10:00:00,8036.08984375,8065.56005859375,8032.9501953125,8065.35009765625,0
2025-03-26 11:00:00,8065.39013671875,8071.1298828125,8051.7099609375,8057.43017578125,0
2025-03-26 12:00:00,8057.830078125,8069.16015625,8048.68994140625,8059.68017578125,0
2025-03-26 13:00:00,8059.6201171875,8064.0,8025.7001953125,8032.64013671875,0
2025-03-26 14:00:00,8031.93994140625,8076.8798828125,8031.0400390625,8075.8701171875,0
2025-03-26 15:00:00,8076.14013671875,8079.68994140625,8044.66015625,8047.72021484375,0
2025-03-26 16:00:00,8047.759765625,8047.759765625,8025.2099609375,8027.35986328125,0
2025-03-27 08:00:00,7968.7998046875,7985.2001953125,7926.93017578125,7985.2001953125,0
2025-03-27 09:00:00,7986.52001953125,8006.47021484375,7971.7001953125,8005.27978515625,0
2025-03-27 10:00:00,8005.31005859375,8015.89013671875,7994.1201171875,7999.60009765625,0
2025-03-27 11:00:00,7999.6298828125,8005.06982421875,7984.080078125,7984.64990234375,0
2025-03-27 12:00:00,7984.990234375,7993.8701171875,7973.02978515625,7974.4501953125,0
2025-03-27 13:00:00,7974.4599609375,8003.5400390625,7969.77001953125,8000.580078125,0
2025-03-27 14:00:00,8000.14990234375,8006.81005859375,7989.9599609375,8001.41015625,0
2025-03-27 15:00:00,8002.3701171875,8014.3798828125,7981.5400390625,7982.60986328125,0
2025-03-27 16:00:00,7982.60986328125,7989.580078125,7978.1298828125,7985.22998046875,0
2025-03-28 08:00:00,7949.22998046875,7971.27978515625,7942.56982421875,7969.14013671875,0
2025-03-28 09:00:00,7969.0498046875,7975.5498046875,7921.7099609375,7931.14990234375,0
2025-03-28 10:00:00,7930.240234375,7962.81982421875,7927.2099609375,7939.27978515625,0
2025-03-28 11:00:00,7939.43017578125,7960.16015625,7936.08984375,7955.39990234375,0
2025-03-28 12:00:00,7956.77978515625,7959.919921875,7923.52001953125,7930.75,0
2025-03-28 13:00:00,7929.35009765625,7951.72021484375,7917.06982421875,7921.9599609375,0
2025-03-28 14:00:00,7922.509765625,7926.009765625,7897.7998046875,7903.919921875,0
2025-03-28 15:00:00,7903.72021484375,7937.1298828125,7894.6201171875,7920.5400390625,0
2025-03-28 16:00:00,7920.39013671875,7931.0498046875,7911.1201171875,7912.1298828125,0
2025-03-31 07:00:00,7849.31982421875,7849.740234375,7811.64013671875,7844.919921875,0
2025-03-31 08:00:00,7844.89990234375,7853.2099609375,7810.169921875,7826.669921875,0
2025-03-31 09:00:00,7826.919921875,7826.919921875,7793.06982421875,7797.22998046875,0
2025-03-31 10:00:00,7797.93994140625,7803.2099609375,7759.6201171875,7760.009765625,0
2025-03-31 11:00:00,7759.509765625,7774.080078125,7755.18994140625,7767.89990234375,0
2025-03-31 12:00:00,7768.240234375,7781.41015625,7753.740234375,7781.1298828125,0
2025-03-31 13:00:00,7780.7998046875,7799.52978515625,7768.990234375,7793.919921875,0
2025-03-31 14:00:00,7795.64990234375,7802.4501953125,7775.490234375,7781.2001953125,0
2025-03-31 15:00:00,7781.89990234375,7798.43017578125,7781.89990234375,7793.2099609375,0
2025-04-01 07:00:00,7837.4501953125,7862.2001953125,7814.72998046875,7828.9599609375,0
2025-04-01 08:00:00,7829.240234375,7863.27978515625,7822.8701171875,7862.22998046875,0
2025-04-01 09:00:00,7862.5400390625,7884.35009765625,7862.22021484375,7875.9599609375,0
2025-04-01 10:00:00,7876.0400390625,7876.0400390625,7833.9599609375,7848.31982421875,0
2025-04-01 11:00:00,7848.43017578125,7850.9599609375,7824.240234375,7850.759765625,0
2025-04-01 12:00:00,7850.60009765625,7864.10986328125,7846.47021484375,7854.27978515625,0
2025-04-01 13:00:00,7854.72998046875,7867.08984375,7832.0498046875,7845.669921875,0
2025-04-01 14:00:00,7844.14990234375,7864.25,7821.68994140625,7863.669921875,0
2025-04-01 15:00:00,7862.9501953125,7883.68994140625,7860.31005859375,7876.02978515625,0
2025-04-02 07:00:00,7850.8798828125,7859.41015625,7820.64013671875,7832.7099609375,0
2025-04-02 08:00:00,7832.009765625,7850.080078125,7811.0,7843.64013671875,0
2025-04-02 09:00:00,7843.2001953125,7852.68017578125,7836.10009765625,7840.39013671875,0
2025-04-02 10:00:00,7840.43017578125,7840.43017578125,7820.60986328125,7822.18994140625,0
2025-04-02 11:00:00,7822.509765625,7836.22998046875,7813.5498046875,7817.02978515625,0
2025-04-02 12:00:00,7817.10986328125,7818.990234375,7792.97998046875,7812.66015625,0
2025-04-02 13:00:00,7812.72021484375,7826.43994140625,7804.02001953125,7816.10986328125,0
2025-04-02 14:00:00,7815.7998046875,7849.5400390625,7815.7998046875,7847.56982421875,0
2025-04-02 15:00:00,7847.97998046875,7852.91015625,7836.22998046875,7849.83984375,0
2025-04-03 07:00:00,7689.60986328125,7725.14990234375,7677.08984375,7720.31005859375,0
2025-04-03 08:00:00,7719.85986328125,7740.91015625,7711.22998046875,7736.22021484375,0
2025-04-03 09:00:00,7734.7900390625,7734.7900390625,7665.64990234375,7668.4501953125,0
2025-04-03 10:00:00,7668.1298828125,7680.97021484375,7639.31982421875,7643.89990234375,0
2025-04-03 11:00:00,7645.9599609375,7654.509765625,7616.85986328125,7634.1298828125,0
2025-04-03 12:00:00,7632.990234375,7656.6298828125,7615.22998046875,7620.1201171875,0
2025-04-03 13:00:00,7619.77978515625,7632.009765625,7599.10009765625,7619.830078125,0
2025-04-03 14:00:00,7620.2099609375,7622.259765625,7591.72998046875,7593.58984375,0
2025-04-03 15:00:00,7593.60009765625,7608.93017578125,7585.0,7591.490234375,0
2025-04-04 07:00:00,7546.43017578125,7552.52001953125,7494.1201171875,7499.4599609375,0
2025-04-04 08:00:00,7500.08984375,7511.3701171875,7463.3798828125,7481.18994140625,0
2025-04-04 09:00:00,7481.52001953125,7488.81982421875,7428.97998046875,7439.39013671875,0
2025-04-04 10:00:00,7441.2900390625,7451.740234375,7269.93994140625,7274.5,0
2025-04-04 11:00:00,7277.1298828125,7332.830078125,7230.83984375,7328.64013671875,0
2025-04-04 12:00:00,7321.330078125,7355.91015625,7289.740234375,7317.2099609375,0
2025-04-04 13:00:00,7322.5400390625,7387.7998046875,7290.16015625,7312.06982421875,0
2025-04-04 14:00:00,7307.85009765625,7307.85009765625,7215.759765625,7254.39990234375,0
2025-04-04 15:00:00,7252.97998046875,7331.52001953125,7252.56982421875,7295.8701171875,0
2025-04-07 07:00:00,6804.83984375,6886.27001953125,6763.759765625,6852.47998046875,0
2025-04-07 08:00:00,6850.93994140625,6915.2099609375,6836.77978515625,6844.72021484375,0
2025-04-07 09:00:00,6842.22998046875,6898.0498046875,6797.85986328125,6857.009765625,0
2025-04-07 10:00:00,6856.990234375,7011.330078125,6853.60986328125,6934.740234375,0
2025-04-07 11:00:00,6940.58984375,7008.60009765625,6877.68994140625,6906.9501953125,0
2025-04-07 12:00:00,6908.81982421875,7021.9599609375,6899.83984375,7008.580078125,0
2025-04-07 13:00:00,7015.580078125,7017.0400390625,6893.18017578125,6989.330078125,0
2025-04-07 14:00:00,6990.43994140625,7285.72998046875,6961.419921875,7053.919921875,0
2025-04-07 15:00:00,7051.1298828125,7089.6201171875,6920.509765625,6922.68017578125,0
2025-04-08 07:00:00,7036.169921875,7063.669921875,6996.16015625,7019.3798828125,0
2025-04-08 08:00:00,7016.0400390625,7029.31982421875,6952.1201171875,7029.1201171875,0
2025-04-08 09:00:00,7027.68994140625,7034.14013671875,6972.419921875,6982.2099609375,0
2025-04-08 10:00:00,6983.4599609375,7026.2001953125,6968.81982421875,7022.10986328125,0
2025-04-08 11:00:00,7022.56005859375,7104.5,7020.52001953125,7097.43994140625,0
2025-04-08 12:00:00,7097.77001953125,7115.5498046875,7072.2900390625,7115.240234375,0
2025-04-08 13:00:00,7114.8701171875,7170.72998046875,7105.5498046875,7165.47021484375,0
2025-04-08 14:00:00,7162.5400390625,7179.490234375,7112.39990234375,7114.06005859375,0
2025-04-08 15:00:00,7113.43017578125,7126.7998046875,7090.759765625,7092.2001953125,0
2025-04-09 07:00:00,6902.419921875,6999.35009765625,6882.93994140625,6957.5,0
2025-04-09 08:00:00,6961.830078125,6970.58984375,6875.240234375,6950.3701171875,0
2025-04-09 09:00:00,6950.43017578125,6958.72021484375,6893.85986328125,6893.85986328125,0
2025-04-09 10:00:00,6894.56005859375,6926.35009765625,6876.3798828125,6926.14013671875,0
2025-04-09 11:00:00,6886.81982421875,6886.81982421875,6798.2001953125,6810.7900390625,0
2025-04-09 12:00:00,6809.7001953125,6865.83984375,6792.56982421875,6859.759765625,0
2025-04-09 13:00:00,6853.66015625,6914.990234375,6853.66015625,6903.91015625,0
2025-04-09 14:00:00,6903.93017578125,6932.91015625,6852.81005859375,6853.0400390625,0
2025-04-09 15:00:00,6853.009765625,6879.8701171875,6853.009765625,6876.02001953125,0
2025-04-10 07:00:00,7296.5,7384.47021484375,7239.60009765625,7239.60009765625,0
2025-04-10 08:00:00,7239.89990234375,7252.39990234375,7192.7900390625,7210.169921875,0
2025-04-10 09:00:00,7213.89013671875,7225.31005859375,7183.5400390625,7211.22021484375,0
2025-04-10 10:00:00,7211.52978515625,7264.97998046875,7194.43017578125,7254.990234375,0
2025-04-10 11:00:00,7253.93994140625,7259.93017578125,7204.580078125,7214.7998046875,0
2025-04-10 12:00:00,7215.740234375,7220.0,7162.1298828125,7182.27978515625,0
2025-04-10 13:00:00,7182.240234375,7243.0400390625,7160.7099609375,7178.1201171875,0
2025-04-10 14:00:00,7180.330078125,7204.7001953125,7161.14013671875,7161.14013671875,0
2025-04-10 15:00:00,7160.5498046875,7194.2099609375,7150.0400390625,7151.5400390625,0
2025-04-11 07:00:00,7191.47998046875,7204.60009765625,7123.669921875,7124.2001953125,0
2025-04-11 08:00:00,7120.7900390625,7128.4599609375,7031.43994140625,7049.25,0
2025-04-11 09:00:00,7051.1298828125,7115.080078125,7007.6298828125,7115.080078125,0
2025-04-11 10:00:00,7115.0400390625,7135.3798828125,7091.9599609375,7122.91015625,0
2025-04-11 11:00:00,7127.5,7127.5,7065.83984375,7091.2099609375,0
2025-04-11 12:00:00,7092.06005859375,7124.52001953125,7084.85986328125,7085.330078125,0
2025-04-11 13:00:00,7085.93994140625,7127.3701171875,7039.6201171875,7119.14013671875,0
2025-04-11 14:00:00,7119.2900390625,7140.10009765625,7063.72021484375,7100.56982421875,0
2025-04-11 15:00:00,7101.080078125,7131.47998046875,7086.2998046875,7104.97021484375,0
2025-04-14 07:00:00,7238.009765625,7275.259765625,7222.85986328125,7258.39013671875,0
2025-04-14 08:00:00,7258.39013671875,7269.009765625,7238.5,7258.14013671875,0
2025-04-14 09:00:00,7258.39990234375,7275.06005859375,7229.77978515625,7245.080078125,0
2025-04-14 10:00:00,7244.93994140625,7267.22998046875,7238.7099609375,7262.16015625,0
2025-04-14 11:00:00,7263.0400390625,7266.7998046875,7247.31982421875,7247.83984375,0
2025-04-14 12:00:00,7248.2001953125,7287.72998046875,7245.02001953125,7284.93017578125,0
2025-04-14 13:00:00,7284.75,7284.9599609375,7253.5,7264.8701171875,0
2025-04-14 14:00:00,7265.740234375,7308.759765625,7265.7001953125,7297.39990234375,0
2025-04-14 15:00:00,7293.8798828125,7294.89990234375,7263.85986328125,7266.64990234375,0
2025-04-15 07:00:00,7255.06005859375,7279.14990234375,7239.72998046875,7279.14990234375,0
2025-04-15 08:00:00,7279.06982421875,7322.41015625,7253.4599609375,7315.080078125,0
2025-04-15 09:00:00,7314.740234375,7316.169921875,7291.85986328125,7295.6298828125,0
2025-04-15 10:00:00,7295.85009765625,7314.14013671875,7286.58984375,7292.490234375,0
2025-04-15 11:00:00,7292.66015625,7300.0400390625,7271.91015625,7273.77001953125,0
2025-04-15 12:00:00,7272.64013671875,7294.509765625,7261.5,7290.02978515625,0
2025-04-15 13:00:00,7289.97021484375,7333.22021484375,7286.75,7330.14990234375,0
2025-04-15 14:00:00,7329.83984375,7344.2001953125,7304.97021484375,7333.509765625,0
2025-04-15 15:00:00,7333.39013671875,7342.4501953125,7333.35009765625,7336.91015625,0
2025-04-16 07:00:00,7276.39013671875,7295.14013671875,7252.93994140625,7258.91015625,0
2025-04-16 08:00:00,7258.5498046875,7311.240234375,7243.77001953125,7275.81982421875,0
2025-04-16 09:00:00,7276.93017578125,7299.330078125,7271.7998046875,7287.43994140625,0
2025-04-16 10:00:00,7286.39990234375,7301.27001953125,7285.1201171875,7293.68017578125,0
2025-04-16 11:00:00,7294.89990234375,7299.169921875,7290.830078125,7295.27001953125,0
2025-04-16 12:00:00,7295.64013671875,7311.080078125,7286.009765625,7294.93994140625,0
2025-04-16 13:00:00,7295.27978515625,7301.0,7275.8798828125,7287.5,0
2025-04-16 14:00:00,7286.72998046875,7300.89990234375,7281.169921875,7297.6298828125,0
2025-04-16 15:00:00,7298.509765625,7332.14013671875,7298.509765625,7332.14013671875,0
2025-04-17 07:00:00,7311.91015625,7331.64013671875,7293.16015625,7303.0400390625,0
2025-04-17 08:00:00,7303.47021484375,7309.97021484375,7284.89990234375,7288.22998046875,0
2025-04-17 09:00:00,7287.97021484375,7303.4501953125,7279.72021484375,7298.7998046875,0
2025-04-17 10:00:00,7297.83984375,7301.7099609375,7262.2998046875,7268.7998046875,0
2025-04-17 11:00:00,7269.06982421875,7274.77978515625,7257.77001953125,7266.58984375,0
2025-04-17 12:00:00,7267.08984375,7300.3798828125,7262.669921875,7273.64990234375,0
2025-04-17 13:00:00,7273.64990234375,7291.35986328125,7272.7900390625,7282.10986328125,0
2025-04-17 14:00:00,7283.93017578125,7298.5400390625,7269.8798828125,7273.93017578125,0
2025-04-17 15:00:00,7274.33984375,7296.06005859375,7274.33984375,7288.97998046875,0
2025-04-22 07:00:00,7284.7099609375,7285.14990234375,7225.1298828125,7229.2998046875,0
2025-04-22 08:00:00,7226.97998046875,7264.43017578125,7218.2998046875,7261.0,0
2025-04-22 09:00:00,7261.14013671875,7275.41015625,7256.2900390625,7273.39990234375,0
2025-04-22 10:00:00,7273.5400390625,7273.5400390625,7245.4599609375,7249.419921875,0
2025-04-22 11:00:00,7249.64013671875,7250.009765625,7230.9599609375,7240.89013671875,0
2025-04-22 12:00:00,7241.7900390625,7267.02978515625,7238.7099609375,7249.4599609375,0
2025-04-22 13:00:00,7250.56982421875,7283.60009765625,7250.56982421875,7262.0400390625,0
2025-04-22 14:00:00,7262.22021484375,7308.0,7262.22021484375,7305.6201171875,0
2025-04-22 15:00:00,7306.31982421875,7323.68994140625,7306.31982421875,7321.18017578125,0
2025-04-23 07:00:00,7403.93017578125,7473.64013671875,7403.93017578125,7471.1298828125,0
2025-04-23 08:00:00,7470.52978515625,7497.4501953125,7465.2998046875,7493.169921875,0
2025-04-23 09:00:00,7494.0498046875,7506.35986328125,7477.2900390625,7493.490234375,0
2025-04-23 10:00:00,7493.7900390625,7501.31982421875,7478.14990234375,7501.31982421875,0
2025-04-23 11:00:00,7503.240234375,7503.240234375,7472.419921875,7472.419921875,0
2025-04-23 12:00:00,7472.830078125,7486.0,7462.22998046875,7483.31982421875,0
2025-04-23 13:00:00,7482.759765625,7555.169921875,7469.759765625,7532.5498046875,0
2025-04-23 14:00:00,7538.1298828125,7544.64013671875,7496.6298828125,7518.18017578125,0
2025-04-23 15:00:00,7516.0400390625,7516.0400390625,7479.990234375,7488.47021484375,0
2025-04-24 07:00:00,7448.4599609375,7448.4599609375,7416.4599609375,7419.6201171875,0
2025-04-24 08:00:00,7419.8701171875,7436.419921875,7411.02978515625,7434.81005859375,0
2025-04-24 09:00:00,7434.68994140625,7451.89990234375,7426.60009765625,7446.81005859375,0
2025-04-24 10:00:00,7447.02978515625,7468.52978515625,7447.02978515625,7467.47998046875,0
2025-04-24 11:00:00,7467.39990234375,7472.009765625,7455.5498046875,7467.2099609375,0
2025-04-24 12:00:00,7467.240234375,7484.31005859375,7456.27978515625,7476.4501953125,0
2025-04-24 13:00:00,7477.56982421875,7481.490234375,7457.919921875,7478.97998046875,0
2025-04-24 14:00:00,7478.5,7498.330078125,7468.22998046875,7491.759765625,0
2025-04-24 15:00:00,7491.5498046875,7507.2998046875,7491.5498046875,7497.47021484375,0
2025-04-25 07:00:00,7565.35009765625,7574.25,7526.6298828125,7550.7998046875,0
2025-04-25 08:00:00,7549.83984375,7564.43017578125,7542.5400390625,7552.83984375,0
2025-04-25 09:00:00,7554.22021484375,7566.490234375,7538.39990234375,7561.31982421875,0
2025-04-25 10:00:00,7561.25,7572.89990234375,7525.1298828125,7528.81982421875,0
2025-04-25 11:00:00,7528.330078125,7536.490234375,7525.43017578125,7534.740234375,0
2025-04-25 12:00:00,7534.56005859375,7556.33984375,7532.25,7544.47998046875,0
2025-04-25 13:00:00,7545.43994140625,7562.68994140625,7541.33984375,7546.2099609375,0
2025-04-25 14:00:00,7545.1201171875,7555.919921875,7527.990234375,7538.18994140625,0
2025-04-25 15:00:00,7537.740234375,7545.33984375,7537.009765625,7539.33984375,0
2025-04-28 07:00:00,7564.259765625,7586.47998046875,7564.259765625,7567.830078125,0
2025-04-28 08:00:00,7567.759765625,7585.68017578125,7565.759765625,7583.759765625,0
2025-04-28 09:00:00,7583.6201171875,7605.97021484375,7583.39013671875,7598.72021484375,0
2025-04-28 10:00:00,7595.72998046875,7602.08984375,7588.91015625,7589.43017578125,0
2025-04-28 11:00:00,7589.93017578125,7604.97021484375,7579.7998046875,7600.7900390625,0
2025-04-28 12:00:00,7601.4501953125,7612.330078125,7595.68994140625,7609.47021484375,0
2025-04-28 13:00:00,7609.080078125,7618.5498046875,7606.47021484375,7606.47021484375,0
2025-04-28 14:00:00,7607.06982421875,7607.06982421875,7583.68017578125,7588.47998046875,0
2025-04-28 15:00:00,7587.8701171875,7593.2099609375,7570.10009765625,7570.4501953125,0
2025-04-29 07:00:00,7572.22998046875,7588.43017578125,7570.06005859375,7578.31982421875,0
2025-04-29 08:00:00,7578.830078125,7579.6298828125,7560.60986328125,7576.18017578125,0
2025-04-29 09:00:00,7575.52001953125,7580.919921875,7564.0498046875,7570.2001953125,0
2025-04-29 10:00:00,7570.41015625,7574.89013671875,7545.259765625,7554.52978515625,0
2025-04-29 11:00:00,7553.8798828125,7560.72021484375,7545.740234375,7559.56982421875,0
2025-04-29 12:00:00,7559.2099609375,7566.02001953125,7549.33984375,7550.31982421875,0
2025-04-29 13:00:00,7550.740234375,7556.06005859375,7533.56982421875,7550.3798828125,0
2025-04-29 14:00:00,7550.740234375,7568.58984375,7547.14013671875,7567.14013671875,0
2025-04-29 15:00:00,7567.35986328125,7569.14013671875,7561.7998046875,7565.9599609375,0
2025-04-30 07:00:00,7586.64990234375,7601.9599609375,7569.39013671875,7582.5,0
2025-04-30 08:00:00,7581.9501953125,7592.259765625,7568.64013671875,7578.419921875,0
2025-04-30 09:00:00,7578.52978515625,7598.8798828125,7578.52978515625,7598.60986328125,0
2025-04-30 10:00:00,7597.77978515625,7602.0,7587.0400390625,7600.169921875,0
2025-04-30 11:00:00,7600.39013671875,7609.31982421875,7598.0400390625,7604.2099609375,0
2025-04-30 12:00:00,7603.81982421875,7603.85009765625,7534.83984375,7540.919921875,0
2025-04-30 13:00:00,7541.2998046875,7558.080078125,7512.22998046875,7515.97998046875,0
2025-04-30 14:00:00,7517.39013671875,7565.52001953125,7517.39013671875,7565.52001953125,0
2025-04-30 15:00:00,7565.93994140625,7596.14990234375,7565.93994140625,7591.72998046875,0
2025-05-02 07:00:00,7710.080078125,7719.740234375,7682.419921875,7686.58984375,0
2025-05-02 08:00:00,7686.68017578125,7706.39013671875,7679.009765625,7696.66015625,0
2025-05-02 09:00:00,7696.83984375,7721.66015625,7692.5,7713.39990234375,0
2025-05-02 10:00:00,7714.0498046875,7718.1201171875,7705.77001953125,7713.47998046875,0
2025-05-02 11:00:00,7713.64990234375,7717.4501953125,7707.68994140625,7709.990234375,0
2025-05-02 12:00:00,7709.77001953125,7760.7998046875,7707.2001953125,7756.6201171875,0
2025-05-02 13:00:00,7757.169921875,7758.2998046875,7722.7900390625,7731.7099609375,0
2025-05-02 14:00:00,7731.97021484375,7779.7001953125,7731.97021484375,7777.77001953125,0
2025-05-02 15:00:00,7777.68994140625,7778.81982421875,7771.1298828125,7773.9501953125,0
2025-05-05 07:00:00,7735.58984375,7747.490234375,7734.509765625,7737.0498046875,0
2025-05-05 08:00:00,7736.91015625,7743.0400390625,7723.4501953125,7725.580078125,0
2025-05-05 09:00:00,7725.3798828125,7735.39990234375,7724.5,7726.740234375,0
2025-05-05 10:00:00,7727.3798828125,7730.8701171875,7717.68994140625,7726.8701171875,0
2025-05-05 11:00:00,7726.64013671875,7728.10986328125,7713.16015625,7722.97021484375,0
2025-05-05 12:00:00,7722.91015625,7731.93017578125,7720.47998046875,7726.169921875,0
2025-05-05 13:00:00,7726.080078125,7731.18017578125,7717.35009765625,7729.52001953125,0
2025-05-05 14:00:00,7729.5,7741.5400390625,7723.08984375,7735.39990234375,0
2025-05-05 15:00:00,7735.85009765625,7740.60986328125,7729.83984375,7732.580078125,0
2025-05-06 07:00:00,7743.06982421875,7746.27978515625,7706.080078125,7710.33984375,0
2025-05-06 08:00:00,7709.52001953125,7710.27001953125,7678.39990234375,7684.5400390625,0
2025-05-06 09:00:00,7684.10009765625,7684.580078125,7647.77978515625,7673.89990234375,0
2025-05-06 10:00:00,7674.14013671875,7691.759765625,7662.02978515625,7691.66015625,0
2025-05-06 11:00:00,7693.9599609375,7699.58984375,7686.830078125,7699.43017578125,0
2025-05-06 12:00:00,7698.830078125,7716.47021484375,7695.990234375,7714.35986328125,0
2025-05-06 13:00:00,7714.43017578125,7716.3798828125,7678.5498046875,7687.93994140625,0
2025-05-06 14:00:00,7688.0400390625,7703.5,7682.39013671875,7698.77978515625,0
2025-05-06 15:00:00,7698.580078125,7706.52978515625,7696.2998046875,7697.31005859375,0
2025-05-07 07:00:00,7668.18017578125,7678.9501953125,7649.330078125,7659.669921875,0
2025-05-07 08:00:00,7658.990234375,7666.68017578125,7650.35009765625,7663.0,0
2025-05-07 09:00:00,7663.14013671875,7665.33984375,7645.89013671875,7651.58984375,0
2025-05-07 10:00:00,7651.1298828125,7651.85986328125,7641.490234375,7644.7900390625,0
2025-05-07 11:00:00,7645.43017578125,7655.97021484375,7645.43017578125,7654.47998046875,0
2025-05-07 12:00:00,7654.58984375,7660.89990234375,7631.009765625,7635.669921875,0
2025-05-07 13:00:00,7636.10986328125,7636.2900390625,7613.2001953125,7628.27978515625,0
2025-05-07 14:00:00,7628.10986328125,7632.81005859375,7618.27978515625,7621.009765625,0
2025-05-07 15:00:00,7620.47021484375,7627.7900390625,7616.830078125,7623.2001953125,0
2025-05-08 07:00:00,7657.02978515625,7672.240234375,7646.009765625,7656.93017578125,0
2025-05-08 08:00:00,7657.97021484375,7693.58984375,7657.68017578125,7685.68994140625,0
2025-05-08 09:00:00,7685.5498046875,7705.39990234375,7681.18994140625,7705.39990234375,0
2025-05-08 10:00:00,7704.68994140625,7716.14013671875,7703.0,7714.3798828125,0
2025-05-08 11:00:00,7714.47998046875,7718.56005859375,7706.31982421875,7714.0498046875,0
2025-05-08 12:00:00,7714.14013671875,7719.830078125,7683.64013671875,7688.52978515625,0
2025-05-08 13:00:00,7687.669921875,7697.18017578125,7684.6298828125,7689.08984375,0
2025-05-08 14:00:00,7688.33984375,7697.89990234375,7677.47998046875,7680.22021484375,0
2025-05-08 15:00:00,7681.0498046875,7699.7900390625,7673.02001953125,7699.52978515625,0
2025-05-09 07:00:00,7732.02001953125,7754.60986328125,7729.47021484375,7735.080078125,0
2025-05-09 08:00:00,7734.580078125,7742.18994140625,7723.14013671875,7728.580078125,0
2025-05-09 09:00:00,7728.77978515625,7753.41015625,7728.77978515625,7752.60009765625,0
2025-05-09 10:00:00,7751.35009765625,7759.66015625,7746.43994140625,7752.91015625,0
2025-05-09 11:00:00,7752.3701171875,7753.830078125,7728.02978515625,7741.85986328125,0
2025-05-09 12:00:00,7741.39990234375,7763.759765625,7741.39990234375,7750.830078125,0
2025-05-09 13:00:00,7751.25,7767.06982421875,7751.25,7767.06982421875,0
2025-05-09 14:00:00,7767.02978515625,7767.02978515625,7742.91015625,7746.72021484375,0
2025-05-09 15:00:00,7746.8701171875,7749.4599609375,7737.81982421875,7739.25,0
2025-05-12 07:00:00,7800.18017578125,7859.240234375,7791.08984375,7806.08984375,0
2025-05-12 08:00:00,7805.91015625,7844.77978515625,7783.68994140625,7841.56005859375,0
2025-05-12 09:00:00,7841.6298828125,7880.2900390625,7839.509765625,7869.080078125,0
2025-05-12 10:00:00,7869.14013671875,7869.14013671875,7833.81982421875,7846.759765625,0
2025-05-12 11:00:00,7846.72998046875,7856.7998046875,7833.9599609375,7848.56982421875,0
2025-05-12 12:00:00,7848.93994140625,7866.27001953125,7846.4599609375,7855.8701171875,0
2025-05-12 13:00:00,7855.85009765625,7865.0498046875,7829.75,7830.33984375,0
2025-05-12 14:00:00,7832.93994140625,7850.1201171875,7798.08984375,7838.93994140625,0
2025-05-12 15:00:00,7838.27001953125,7855.93994140625,7836.18994140625,7849.169921875,0
2025-05-13 07:00:00,7842.7900390625,7867.89990234375,7840.85986328125,7852.580078125,0
2025-05-13 08:00:00,7851.919921875,7864.56005859375,7845.169921875,7858.509765625,0
2025-05-13 09:00:00,7859.08984375,7866.02978515625,7850.16015625,7860.77001953125,0
2025-05-13 10:00:00,7860.7998046875,7862.33984375,7851.06982421875,7851.77978515625,0
2025-05-13 11:00:00,7851.7099609375,7864.85986328125,7851.7099609375,7856.330078125,0
2025-05-13 12:00:00,7856.10009765625,7874.490234375,7852.47021484375,7867.1201171875,0
2025-05-13 13:00:00,7867.02978515625,7879.3798828125,7856.47998046875,7863.91015625,0
2025-05-13 14:00:00,7865.56005859375,7872.2099609375,7854.10009765625,7865.3701171875,0
2025-05-13 15:00:00,7864.490234375,7869.06005859375,7861.0498046875,7866.18994140625,0
2025-05-14 07:00:00,7875.39013671875,7877.740234375,7833.18017578125,7849.7099609375,0
2025-05-14 08:00:00,7849.35986328125,7850.2001953125,7818.490234375,7818.740234375,0
2025-05-14 09:00:00,7819.0400390625,7827.080078125,7805.7001953125,7825.35009765625,0
2025-05-14 10:00:00,7824.72021484375,7829.31005859375,7817.2900390625,7826.97021484375,0
2025-05-14 11:00:00,7825.7099609375,7844.56005859375,7825.7099609375,7841.5498046875,0
2025-05-14 12:00:00,7841.06005859375,7855.97998046875,7836.77001953125,7849.97021484375,0
2025-05-14 13:00:00,7849.56982421875,7849.56982421875,7822.580078125,7829.93017578125,0
2025-05-14 14:00:00,7831.22998046875,7840.02001953125,7827.60009765625,7832.27978515625,0
2025-05-14 15:00:00,7832.31005859375,7832.31005859375,7815.52001953125,7826.18994140625,0
2025-05-15 07:00:00,7806.1201171875,7819.47021484375,7800.3701171875,7801.97021484375,0
2025-05-15 08:00:00,7801.9599609375,7823.2099609375,7801.58984375,7815.4599609375,0
2025-05-15 09:00:00,7815.240234375,7823.759765625,7810.259765625,7818.81005859375,0
2025-05-15 10:00:00,7818.39990234375,7823.990234375,7814.35986328125,7822.5498046875,0
2025-05-15 11:00:00,7822.85009765625,7832.93017578125,7819.330078125,7822.81005859375,0
2025-05-15 12:00:00,7823.080078125,7836.85009765625,7815.740234375,7823.3701171875,0
2025-05-15 13:00:00,7823.18017578125,7835.89013671875,7816.509765625,7835.3701171875,0
2025-05-15 14:00:00,7835.16015625,7840.06005859375,7825.25,7837.240234375,0
2025-05-15 15:00:00,7836.75,7850.52978515625,7833.93994140625,7848.58984375,0
2025-05-16 07:00:00,7874.93017578125,7901.18994140625,7874.41015625,7897.43017578125,0
2025-05-16 08:00:00,7898.240234375,7902.3701171875,7887.58984375,7894.2998046875,0
2025-05-16 09:00:00,7893.64990234375,7915.080078125,7889.91015625,7912.8798828125,0
2025-05-16 10:00:00,7910.02978515625,7915.43017578125,7904.06005859375,7906.06982421875,0
2025-05-16 11:00:00,7906.02978515625,7907.009765625,7893.4501953125,7894.43994140625,0
2025-05-16 12:00:00,7894.93017578125,7895.10009765625,7857.7001953125,7859.14990234375,0
2025-05-16 13:00:00,7859.3701171875,7873.27001953125,7855.72021484375,7873.27001953125,0
2025-05-16 14:00:00,7875.02001953125,7875.0400390625,7861.08984375,7863.33984375,0
2025-05-16 15:00:00,7863.58984375,7878.10009765625,7863.58984375,7878.10009765625,0
2025-05-19 07:00:00,7854.10986328125,7868.8701171875,7845.52978515625,7847.830078125,0
2025-05-19 08:00:00,7847.22998046875,7853.72998046875,7832.7099609375,7837.68017578125,0
2025-05-19 09:00:00,7836.5498046875,7836.5498046875,7825.02978515625,7832.240234375,0
2025-05-19 10:00:00,7831.89013671875,7835.7998046875,7824.72021484375,7829.9599609375,0
2025-05-19 11:00:00,7830.06005859375,7835.35009765625,7824.419921875,7831.02978515625,0
2025-05-19 12:00:00,7830.93017578125,7836.1298828125,7825.68994140625,7826.56005859375,0
2025-05-19 13:00:00,7825.35986328125,7858.77978515625,7825.35986328125,7858.77978515625,0
2025-05-19 14:00:00,7856.6298828125,7869.77978515625,7856.6298828125,7867.330078125,0
2025-05-19 15:00:00,7866.25,7876.080078125,7864.93017578125,7871.5400390625,0
2025-05-20 07:00:00,7899.85986328125,7901.080078125,7878.56982421875,7888.1298828125,0
2025-05-20 08:00:00,7887.669921875,7900.169921875,7878.7099609375,7893.509765625,0
2025-05-20 09:00:00,7892.8798828125,7902.39013671875,7882.1298828125,7902.3701171875,0
2025-05-20 10:00:00,7902.4599609375,7922.10986328125,7899.75,7921.27978515625,0
2025-05-20 11:00:00,7921.1201171875,7933.75,7915.89990234375,7932.759765625,0
2025-05-20 12:00:00,7933.009765625,7940.60986328125,7930.89990234375,7939.5,0
2025-05-20 13:00:00,7939.85009765625,7955.52978515625,7939.85009765625,7944.3701171875,0
2025-05-20 14:00:00,7944.2998046875,7947.43017578125,7935.81005859375,7941.830078125,0
2025-05-20 15:00:00,7941.43994140625,7946.5498046875,7936.77978515625,7944.169921875,0
2025-05-21 07:00:00,7913.740234375,7924.47021484375,7908.72021484375,7914.81982421875,0
2025-05-21 08:00:00,7913.9599609375,7916.3798828125,7893.43017578125,7895.4599609375,0
2025-05-21 09:00:00,7895.93994140625,7897.2998046875,7886.31005859375,7887.7998046875,0
2025-05-21 10:00:00,7887.64013671875,7892.56005859375,7873.169921875,7892.2998046875,0
2025-05-21 11:00:00,7892.6201171875,7905.16015625,7892.52001953125,7893.68017578125,0
2025-05-21 12:00:00,7892.240234375,7902.4599609375,7888.4599609375,7900.81005859375,0
2025-05-21 13:00:00,7900.919921875,7916.06005859375,7897.14990234375,7913.669921875,0
2025-05-21 14:00:00,7913.3701171875,7930.60986328125,7910.41015625,7915.68017578125,0
2025-05-21 15:00:00,7915.6201171875,7919.10986328125,7909.240234375,7912.8701171875,0
2025-05-22 07:00:00,7870.56982421875,7887.10009765625,7845.35009765625,7847.10986328125,0
2025-05-22 08:00:00,7847.0,7860.240234375,7839.9599609375,7844.16015625,0
2025-05-22 09:00:00,7844.0,7846.6298828125,7823.9599609375,7831.89990234375,0
2025-05-22 10:00:00,7831.47021484375,7839.7099609375,7823.509765625,7830.16015625,0
2025-05-22 11:00:00,7830.2900390625,7841.60986328125,7819.2001953125,7819.41015625,0
2025-05-22 12:00:00,7818.919921875,7826.85009765625,7807.0498046875,7824.2900390625,0
2025-05-22 13:00:00,7825.41015625,7830.509765625,7810.39013671875,7817.0400390625,0
2025-05-22 14:00:00,7816.64990234375,7845.7001953125,7816.330078125,7844.7998046875,0
2025-05-22 15:00:00,7845.93017578125,7861.27978515625,7845.56982421875,7855.31005859375,0
2025-05-23 07:00:00,7876.8701171875,7888.97021484375,7863.3798828125,7865.56005859375,0
2025-05-23 08:00:00,7865.27001953125,7870.97998046875,7851.18017578125,7854.27001953125,0
2025-05-23 09:00:00,7854.580078125,7854.580078125,7825.08984375,7837.0400390625,0
2025-05-23 10:00:00,7835.5498046875,7839.66015625,7824.16015625,7830.419921875,0
2025-05-23 11:00:00,7830.330078125,7831.1298828125,7666.18994140625,7666.18994140625,0
2025-05-23 12:00:00,7664.22998046875,7687.240234375,7620.39990234375,7656.580078125,0
2025-05-23 13:00:00,7657.64990234375,7696.27978515625,7628.8701171875,7693.43017578125,0
2025-05-23 14:00:00,7697.259765625,7736.06005859375,7697.259765625,7728.64013671875,0
2025-05-23 15:00:00,7725.16015625,7729.5,7715.14013671875,7719.60986328125,0
2025-05-26 07:00:00,7833.1298828125,7840.2998046875,7799.81005859375,7823.7001953125,0
2025-05-26 08:00:00,7823.169921875,7831.7998046875,7814.77001953125,7817.169921875,0
2025-05-26 09:00:00,7817.240234375,7831.16015625,7815.72021484375,7829.2001953125,0
2025-05-26 10:00:00,7828.97021484375,7829.7001953125,7815.93994140625,7821.009765625,0
2025-05-26 11:00:00,7820.93994140625,7831.08984375,7816.14990234375,7828.4501953125,0
2025-05-26 12:00:00,7828.75,7829.39013671875,7807.31005859375,7808.2099609375,0
2025-05-26 13:00:00,7808.009765625,7820.509765625,7804.7900390625,7814.81005859375,0
2025-05-26 14:00:00,7814.27978515625,7823.35009765625,7808.56005859375,7823.2099609375,0
2025-05-26 15:00:00,7823.10986328125,7825.43017578125,7811.89013671875,7824.91015625,0
2025-05-27 07:00:00,7816.509765625,7851.06005859375,7808.1201171875,7843.2099609375,0
2025-05-27 08:00:00,7843.009765625,7849.10009765625,7834.0,7844.490234375,0
2025-05-27 09:00:00,7845.259765625,7855.580078125,7842.919921875,7852.9501953125,0
2025-05-27 10:00:00,7852.97998046875,7856.39990234375,7844.580078125,7850.080078125,0
2025-05-27 11:00:00,7848.240234375,7848.39990234375,7839.43994140625,7840.0498046875,0
2025-05-27 12:00:00,7839.7998046875,7843.93017578125,7825.83984375,7831.7998046875,0
2025-05-27 13:00:00,7831.990234375,7844.0400390625,7823.72998046875,7824.0,0
2025-05-27 14:00:00,7824.97998046875,7855.60986328125,7824.97998046875,7839.6201171875,0
2025-05-27 15:00:00,7840.2900390625,7845.56005859375,7837.81005859375,7842.1201171875,0
2025-05-28 07:00:00,7825.419921875,7853.66015625,7825.419921875,7847.97021484375,0
2025-05-28 08:00:00,7848.47998046875,7851.0400390625,7824.419921875,7824.68017578125,0
2025-05-28 09:00:00,7824.2099609375,7824.60986328125,7808.7998046875,7820.89990234375,0
2025-05-28 10:00:00,7821.39990234375,7827.97998046875,7812.3798828125,7821.6201171875,0
2025-05-28 11:00:00,7821.830078125,7824.27001953125,7810.5400390625,7819.93994140625,0
2025-05-28 12:00:00,7819.97998046875,7822.06982421875,7807.68994140625,7810.8798828125,0
2025-05-28 13:00:00,7810.2998046875,7827.759765625,7810.080078125,7817.14013671875,0
2025-05-28 14:00:00,7816.66015625,7821.25,7788.0498046875,7795.10986328125,0
2025-05-28 15:00:00,7795.14013671875,7802.6298828125,7787.580078125,7789.4501953125,0
2025-05-29 07:00:00,7866.77001953125,7869.919921875,7851.89990234375,7868.77978515625,0
2025-05-29 08:00:00,7867.68017578125,7867.68017578125,7827.06982421875,7836.5400390625,0
2025-05-29 09:00:00,7835.93994140625,7850.02978515625,7833.1298828125,7844.830078125,0
2025-05-29 10:00:00,7846.0,7846.0,7833.18994140625,7844.509765625,0
2025-05-29 11:00:00,7844.1298828125,7849.580078125,7836.91015625,7837.259765625,0
2025-05-29 12:00:00,7836.89013671875,7839.81005859375,7814.2998046875,7816.18994140625,0
2025-05-29 13:00:00,7815.52001953125,7820.6201171875,7793.81982421875,7798.85009765625,0
2025-05-29 14:00:00,7798.64990234375,7805.490234375,7781.22021484375,7792.1298828125,0
2025-05-29 15:00:00,7792.740234375,7794.490234375,7781.72021484375,7789.080078125,0
2025-05-30 07:00:00,7772.81005859375,7797.06982421875,7755.759765625,7790.85986328125,0
2025-05-30 08:00:00,7790.97021484375,7811.490234375,7790.97021484375,7792.14990234375,0
2025-05-30 09:00:00,7791.97998046875,7809.2998046875,7791.919921875,7800.58984375,0
2025-05-30 10:00:00,7800.52001953125,7806.009765625,7794.77001953125,7797.7001953125,0
2025-05-30 11:00:00,7798.580078125,7805.669921875,7797.14990234375,7797.7001953125,0
2025-05-30 12:00:00,7797.68017578125,7804.31982421875,7768.2900390625,7780.68994140625,0
2025-05-30 13:00:00,7780.330078125,7795.64013671875,7762.68994140625,7772.2900390625,0
2025-05-30 14:00:00,7773.06982421875,7780.83984375,7747.89990234375,7748.22998046875,0
2025-05-30 15:00:00,7749.52978515625,7770.419921875,7749.52978515625,7756.35009765625,0
2025-06-02 07:00:00,7714.91015625,7738.5,7668.89990234375,7687.27001953125,0
2025-06-02 08:00:00,7687.58984375,7726.64990234375,7687.330078125,7719.39013671875,0
2025-06-02 09:00:00,7719.10986328125,7719.10986328125,7697.2001953125,7703.14990234375,0
2025-06-02 10:00:00,7703.60986328125,7707.47021484375,7687.85986328125,7707.47021484375,0
2025-06-02 11:00:00,7707.97021484375,7722.97021484375,7705.35009765625,7715.330078125,0
2025-06-02 12:00:00,7714.93017578125,7722.009765625,7705.0498046875,7712.240234375,0
2025-06-02 13:00:00,7712.419921875,7719.419921875,7685.64990234375,7694.1298828125,0
2025-06-02 14:00:00,7693.7998046875,7735.0400390625,7679.47998046875,7733.33984375,0
2025-06-02 15:00:00,7732.9501953125,7744.27978515625,7732.9501953125,7740.9599609375,0
2025-06-03 07:00:00,7752.27978515625,7762.5,7712.2900390625,7713.97021484375,0
2025-06-03 08:00:00,7714.0,7720.830078125,7699.240234375,7714.72021484375,0
2025-06-03 09:00:00,7714.9501953125,7721.16015625,7707.0,7715.97998046875,0
2025-06-03 10:00:00,7715.89990234375,7723.68994140625,7711.509765625,7722.259765625,0
2025-06-03 11:00:00,7722.08984375,7723.25,7708.91015625,7721.31005859375,0
2025-06-03 12:00:00,7721.18017578125,7728.72998046875,7717.9501953125,7723.02978515625,0
2025-06-03 13:00:00,7722.72998046875,7736.97998046875,7713.35009765625,7731.3798828125,0
2025-06-03 14:00:00,7731.0,7747.2001953125,7724.93017578125,7745.2998046875,0
2025-06-03 15:00:00,7744.8798828125,7765.4599609375,7744.81005859375,7763.5498046875,0
2025-06-04 07:00:00,7795.06005859375,7805.830078125,7779.35986328125,7805.830078125,0
2025-06-04 08:00:00,7804.10009765625,7821.509765625,7804.10009765625,7814.5,0
2025-06-04 09:00:00,7815.4501953125,7843.2099609375,7815.4501953125,7823.33984375,0
2025-06-04 10:00:00,7822.64013671875,7824.7998046875,7811.89990234375,7816.31982421875,0
2025-06-04 11:00:00,7816.2099609375,7823.52001953125,7799.68994140625,7818.22021484375,0
2025-06-04 12:00:00,7820.18994140625,7823.33984375,7800.580078125,7805.18017578125,0
2025-06-04 13:00:00,7804.93017578125,7812.52978515625,7786.740234375,7810.64013671875,0
2025-06-04 14:00:00,7811.25,7820.33984375,7791.93017578125,7812.259765625,0
2025-06-04 15:00:00,7812.5,7816.93017578125,7806.43017578125,7806.759765625,0
2025-06-05 07:00:00,7811.18017578125,7825.68017578125,7808.97998046875,7825.68017578125,0
2025-06-05 08:00:00,7825.9599609375,7837.35986328125,7823.0,7827.75,0
2025-06-05 09:00:00,7827.97998046875,7844.6201171875,7824.240234375,7844.2900390625,0
2025-06-05 10:00:00,7844.0,7846.990234375,7832.8798828125,7834.35009765625,0
2025-06-05 11:00:00,7833.43994140625,7834.22998046875,7821.43994140625,7826.39013671875,0
2025-06-05 12:00:00,7825.85009765625,7848.08984375,7817.509765625,7826.9501953125,0
2025-06-05 13:00:00,7827.93994140625,7832.14013671875,7764.64013671875,7767.58984375,0
2025-06-05 14:00:00,7769.35009765625,7801.9599609375,7761.5400390625,7798.419921875,0
2025-06-05 15:00:00,7798.18017578125,7798.81005859375,7786.77978515625,7794.8701171875,0
2025-06-06 07:00:00,7794.8798828125,7797.97998046875,7773.830078125,7778.2998046875,0
2025-06-06 08:00:00,7778.33984375,7785.72998046875,7773.009765625,7779.9501953125,0
2025-06-06 09:00:00,7780.25,7792.31005859375,7769.83984375,7786.56005859375,0
2025-06-06 10:00:00,7785.68017578125,7789.14013671875,7779.93994140625,7785.27001953125,0
2025-06-06 11:00:00,7784.93994140625,7792.14990234375,7781.5498046875,7788.740234375,0
2025-06-06 12:00:00,7788.8701171875,7806.02978515625,7787.759765625,7797.81005859375,0
2025-06-06 13:00:00,7797.8701171875,7815.0,7793.33984375,7805.990234375,0
2025-06-06 14:00:00,7807.72998046875,7808.490234375,7794.5,7801.31005859375,0
2025-06-06 15:00:00,7801.7900390625,7813.27001953125,7797.64990234375,7801.0400390625,0
2025-06-09 07:00:00,7796.259765625,7806.16015625,7784.669921875,7797.8798828125,0
2025-06-09 08:00:00,7798.41015625,7812.72998046875,7792.43994140625,7809.14013671875,0
2025-06-09 09:00:00,7809.22021484375,7810.009765625,7795.72021484375,7796.33984375,0
2025-06-09 10:00:00,7797.31005859375,7802.240234375,7788.0400390625,7789.64990234375,0
2025-06-09 11:00:00,7789.580078125,7794.47021484375,7779.89013671875,7780.4599609375,0
2025-06-09 12:00:00,7779.509765625,7783.18017578125,7772.08984375,7776.3701171875,0
2025-06-09 13:00:00,7776.31005859375,7789.9501953125,7776.31005859375,7783.2900390625,0
2025-06-09 14:00:00,7783.14990234375,7788.7900390625,7779.64990234375,7782.02978515625,0
2025-06-09 15:00:00,7782.1201171875,7787.8798828125,7777.7998046875,7786.60986328125,0
2025-06-10 07:00:00,7784.580078125,7814.56982421875,7782.27001953125,7811.85009765625,0
2025-06-10 08:00:00,7812.43994140625,7815.43994140625,7769.509765625,7774.97021484375,0
2025-06-10 09:00:00,7774.93994140625,7793.0498046875,7771.77001953125,7787.60986328125,0
2025-06-10 10:00:00,7787.6298828125,7794.0400390625,7780.580078125,7788.83984375,0
2025-06-10 11:00:00,7791.3701171875,7794.10986328125,7782.4599609375,7791.31982421875,0
2025-06-10 12:00:00,7791.2001953125,7795.330078125,7783.77978515625,7790.41015625,0
2025-06-10 13:00:00,7790.33984375,7801.85009765625,7790.27978515625,7801.4501953125,0
2025-06-10 14:00:00,7802.330078125,7804.7001953125,7787.60009765625,7790.81982421875,0
2025-06-10 15:00:00,7795.4501953125,7804.9599609375,7792.39013671875,7803.5,0
2025-06-11 07:00:00,7810.83984375,7833.31005859375,7810.83984375,7832.97021484375,0
2025-06-11 08:00:00,7832.47998046875,7840.02001953125,7828.77978515625,7830.77001953125,0
2025-06-11 09:00:00,7830.830078125,7836.1201171875,7818.60009765625,7820.8798828125,0
2025-06-11 10:00:00,7820.919921875,7828.1298828125,7804.759765625,7804.759765625,0
2025-06-11 11:00:00,7805.0498046875,7806.93994140625,7783.10009765625,7788.1298828125,0
2025-06-11 12:00:00,7788.47998046875,7818.52001953125,7787.7099609375,7808.56005859375,0
2025-06-11 13:00:00,7808.8701171875,7812.1298828125,7790.68017578125,7803.97021484375,0
2025-06-11 14:00:00,7805.10986328125,7807.75,7784.60009765625,7784.60009765625,0
2025-06-11 15:00:00,7784.56005859375,7786.77978515625,7776.97021484375,7776.97021484375,0
2025-06-12 07:00:00,7741.0400390625,7751.16015625,7708.6298828125,7710.31005859375,0
2025-06-12 08:00:00,7709.33984375,7732.85986328125,7698.22998046875,7732.1298828125,0
2025-06-12 09:00:00,7732.18994140625,7743.89013671875,7722.240234375,7723.85009765625,0
2025-06-12 10:00:00,7723.669921875,7725.240234375,7706.22021484375,7720.85009765625,0
2025-06-12 11:00:00,7721.2099609375,7727.97021484375,7716.58984375,7721.89013671875,0
2025-06-12 12:00:00,7721.9501953125,7745.27001953125,7721.9501953125,7744.60986328125,0
2025-06-12 13:00:00,7745.0400390625,7753.56982421875,7736.919921875,7749.72998046875,0
2025-06-12 14:00:00,7753.31982421875,7783.64013671875,7753.08984375,7778.33984375,0
2025-06-12 15:00:00,7778.5400390625,7780.27001953125,7760.47998046875,7762.6298828125,0
2025-06-13 07:00:00,7670.0400390625,7704.18994140625,7660.58984375,7693.080078125,0
2025-06-13 08:00:00,7693.7998046875,7713.68017578125,7670.5,7674.22021484375,0
2025-06-13 09:00:00,7674.41015625,7692.93994140625,7672.39990234375,7683.06982421875,0
2025-06-13 10:00:00,7683.14990234375,7684.81005859375,7668.33984375,7679.169921875,0
2025-06-13 11:00:00,7679.43017578125,7709.1298828125,7678.27978515625,7704.22998046875,0
2025-06-13 12:00:00,7703.6201171875,7706.81982421875,7685.9501953125,7686.41015625,0
2025-06-13 13:00:00,7685.7001953125,7693.64990234375,7668.81982421875,7670.89990234375,0
2025-06-13 14:00:00,7671.7001953125,7680.580078125,7659.1298828125,7669.64990234375,0
2025-06-13 15:00:00,7669.64013671875,7681.72021484375,7667.1201171875,7677.7099609375,0
2025-06-16 07:00:00,7706.83984375,7729.1201171875,7705.27978515625,7729.1201171875,0
2025-06-16 08:00:00,7729.02001953125,7754.47021484375,7721.2998046875,7754.3701171875,0
2025-06-16 09:00:00,7754.52001953125,7757.0498046875,7730.7099609375,7739.4599609375,0
2025-06-16 10:00:00,7739.27001953125,7748.72021484375,7736.97998046875,7748.6201171875,0
2025-06-16 11:00:00,7749.14990234375,7753.64990234375,7737.25,7752.93017578125,0
2025-06-16 12:00:00,7752.81982421875,7769.31982421875,7751.02001953125,7751.25,0
2025-06-16 13:00:00,7751.81982421875,7751.81982421875,7724.02978515625,7744.35986328125,0
2025-06-16 14:00:00,7745.080078125,7758.47021484375,7745.080078125,7750.41015625,0
2025-06-16 15:00:00,7750.72021484375,7751.81005859375,7738.1201171875,7738.1201171875,0
2025-06-17 07:00:00,7687.169921875,7695.83984375,7646.759765625,7680.9599609375,0
2025-06-17 08:00:00,7680.97998046875,7702.75,7679.22021484375,7695.39013671875,0
2025-06-17 09:00:00,7696.0400390625,7700.97021484375,7658.0,7663.97998046875,0
2025-06-17 10:00:00,7663.39013671875,7669.02001953125,7656.14013671875,7667.22998046875,0
2025-06-17 11:00:00,7667.0400390625,7697.31982421875,7662.6201171875,7697.06982421875,0
2025-06-17 12:00:00,7696.93017578125,7700.5,7688.4501953125,7693.5,0
2025-06-17 13:00:00,7693.7900390625,7694.56982421875,7670.43994140625,7682.06982421875,0
2025-06-17 14:00:00,7682.830078125,7689.330078125,7672.259765625,7685.97021484375,0
2025-06-17 15:00:00,7685.14990234375,7696.10009765625,7683.5,7683.5,0
2025-06-18 07:00:00,7687.419921875,7707.27978515625,7687.419921875,7700.169921875,0
2025-06-18 08:00:00,7700.4501953125,7710.14013671875,7676.919921875,7693.02001953125,0
2025-06-18 09:00:00,7693.64990234375,7704.52978515625,7690.64013671875,7695.66015625,0
2025-06-18 10:00:00,7695.31982421875,7698.06005859375,7651.5498046875,7653.06982421875,0
2025-06-18 11:00:00,7653.56005859375,7677.52001953125,7650.8798828125,7674.02001953125,0
2025-06-18 12:00:00,7674.02978515625,7680.97998046875,7657.64990234375,7658.7001953125,0
2025-06-18 13:00:00,7658.8798828125,7661.43994140625,7641.1298828125,7646.31005859375,0
2025-06-18 14:00:00,7646.419921875,7689.169921875,7644.22998046875,7667.7900390625,0
2025-06-18 15:00:00,7669.10009765625,7669.2099609375,7655.16015625,7659.56005859375,0
2025-06-19 07:00:00,7605.8798828125,7618.759765625,7584.35009765625,7589.3798828125,0
2025-06-19 08:00:00,7589.6298828125,7604.60009765625,7587.58984375,7594.52978515625,0
2025-06-19 09:00:00,7595.39990234375,7612.7900390625,7592.330078125,7607.77978515625,0
2025-06-19 10:00:00,7608.0498046875,7612.43994140625,7601.18994140625,7610.75,0
2025-06-19 11:00:00,7610.75,7610.75,7585.2001953125,7589.56982421875,0
2025-06-19 12:00:00,7589.47998046875,7595.41015625,7581.3701171875,7585.47021484375,0
2025-06-19 13:00:00,7585.4599609375,7598.830078125,7572.06005859375,7573.0,0
2025-06-19 14:00:00,7574.1201171875,7585.080078125,7569.14013671875,7583.18017578125,0
2025-06-19 15:00:00,7578.91015625,7578.91015625,7553.81005859375,7556.60986328125,0
2025-06-20 07:00:00,7597.18017578125,7617.2001953125,7586.4599609375,7612.43994140625,0
2025-06-20 08:00:00,7612.56982421875,7614.72021484375,7583.919921875,7586.93017578125,0
2025-06-20 09:00:00,7587.14013671875,7613.39990234375,7585.2900390625,7606.7900390625,0
2025-06-20 10:00:00,7606.35986328125,7607.27001953125,7586.64990234375,7601.06982421875,0
2025-06-20 11:00:00,7600.83984375,7635.89990234375,7599.22998046875,7626.8798828125,0
2025-06-20 12:00:00,7624.75,7635.7998046875,7620.68994140625,7627.06005859375,0
2025-06-20 13:00:00,7626.22998046875,7630.72998046875,7599.10986328125,7604.9599609375,0
2025-06-20 14:00:00,7606.9501953125,7606.9501953125,7585.2099609375,7591.72021484375,0
2025-06-20 15:00:00,7591.77978515625,7594.419921875,7580.1201171875,7580.1201171875,0
2025-06-23 07:00:00,7549.919921875,7583.259765625,7530.81005859375,7582.18994140625,0
2025-06-23 08:00:00,7582.669921875,7597.93994140625,7581.18017578125,7583.580078125,0
2025-06-23 09:00:00,7583.5498046875,7583.5498046875,7556.27978515625,7560.93994140625,0
2025-06-23 10:00:00,7560.7998046875,7570.0,7551.93017578125,7552.47998046875,0
2025-06-23 11:00:00,7552.64990234375,7552.64990234375,7505.27001953125,7525.7001953125,0
2025-06-23 12:00:00,7526.10009765625,7540.89990234375,7526.10009765625,7538.580078125,0
2025-06-23 13:00:00,7537.93994140625,7537.93994140625,7513.5498046875,7536.89013671875,0
2025-06-23 14:00:00,7536.240234375,7550.9501953125,7534.10009765625,7537.77978515625,0
2025-06-23 15:00:00,7537.31005859375,7547.33984375,7537.31005859375,7539.330078125,0
2025-06-24 07:00:00,7656.5400390625,7678.77978515625,7617.68017578125,7644.4599609375,0
2025-06-24 08:00:00,7646.31005859375,7651.8798828125,7620.830078125,7640.35986328125,0
2025-06-24 09:00:00,7645.740234375,7653.6298828125,7631.330078125,7641.85986328125,0
2025-06-24 10:00:00,7642.60986328125,7644.419921875,7622.97021484375,7637.97021484375,0
2025-06-24 11:00:00,7635.9501953125,7638.919921875,7617.75,7629.97998046875,0
2025-06-24 12:00:00,7629.31982421875,7637.740234375,7625.8701171875,7635.39990234375,0
2025-06-24 13:00:00,7635.3701171875,7637.68994140625,7612.830078125,7615.72021484375,0
2025-06-24 14:00:00,7618.97021484375,7637.58984375,7606.31982421875,7620.31982421875,0
2025-06-24 15:00:00,7621.77978515625,7624.18017578125,7615.91015625,7621.5,0
2025-06-25 07:00:00,7630.33984375,7658.5,7623.85986328125,7633.60009765625,0
2025-06-25 08:00:00,7633.4501953125,7640.47998046875,7617.47021484375,7625.7900390625,0
2025-06-25 09:00:00,7625.56982421875,7625.75,7602.81982421875,7605.66015625,0
2025-06-25 10:00:00,7606.06005859375,7608.7099609375,7592.5498046875,7593.16015625,0
2025-06-25 11:00:00,7592.240234375,7598.35986328125,7576.8701171875,7596.25,0
2025-06-25 12:00:00,7596.0400390625,7597.25,7576.85986328125,7584.580078125,0
2025-06-25 13:00:00,7584.41015625,7590.31982421875,7569.89990234375,7576.7900390625,0
2025-06-25 14:00:00,7576.009765625,7583.97998046875,7566.240234375,7568.02978515625,0
2025-06-25 15:00:00,7564.740234375,7566.2099609375,7559.10986328125,7561.169921875,0
2025-06-26 07:00:00,7587.240234375,7594.89990234375,7550.81005859375,7563.75,0
2025-06-26 08:00:00,7563.8798828125,7574.66015625,7563.68017578125,7572.06982421875,0
2025-06-26 09:00:00,7572.60986328125,7576.85009765625,7564.66015625,7575.16015625,0
2025-06-26 10:00:00,7574.77978515625,7582.85009765625,7566.89990234375,7571.91015625,0
2025-06-26 11:00:00,7573.080078125,7579.8798828125,7569.4599609375,7576.18017578125,0
2025-06-26 12:00:00,7576.4599609375,7577.2998046875,7548.1201171875,7552.66015625,0
2025-06-26 13:00:00,7550.35986328125,7556.06005859375,7532.25,7543.06982421875,0
2025-06-26 14:00:00,7542.2900390625,7570.509765625,7542.2900390625,7560.509765625,0
2025-06-26 15:00:00,7559.740234375,7565.7001953125,7557.52001953125,7561.080078125,0
2025-06-27 07:00:00,7613.35009765625,7664.5498046875,7609.9599609375,7663.580078125,0
2025-06-27 08:00:00,7664.93017578125,7665.52978515625,7642.2998046875,7664.52978515625,0
2025-06-27 09:00:00,7665.39013671875,7667.3701171875,7657.7001953125,7659.97021484375,0
2025-06-27 10:00:00,7660.9501953125,7662.5498046875,7647.2001953125,7656.4501953125,0
2025-06-27 11:00:00,7660.58984375,7667.56982421875,7654.18017578125,7666.240234375,0
2025-06-27 12:00:00,7665.5400390625,7673.2900390625,7650.85009765625,7655.509765625,0
2025-06-27 13:00:00,7655.2900390625,7665.91015625,7653.9501953125,7665.419921875,0
2025-06-27 14:00:00,7665.7900390625,7682.97021484375,7652.6298828125,7670.43017578125,0
2025-06-27 15:00:00,7670.43017578125,7689.47998046875,7670.43017578125,7689.47998046875,0
2025-06-30 07:00:00,7714.56005859375,7714.56005859375,7681.0498046875,7697.6298828125,0
2025-06-30 08:00:00,7698.16015625,7706.2900390625,7676.27978515625,7678.2900390625,0
2025-06-30 09:00:00,7678.35009765625,7694.47021484375,7674.91015625,7675.75,0
2025-06-30 10:00:00,7676.22021484375,7700.72998046875,7676.22021484375,7700.52978515625,0
2025-06-30 11:00:00,7700.91015625,7702.18017578125,7688.64990234375,7696.47021484375,0
2025-06-30 12:00:00,7696.58984375,7700.60009765625,7682.919921875,7683.330078125,0
2025-06-30 13:00:00,7683.72021484375,7691.31005859375,7664.93994140625,7667.35009765625,0
2025-06-30 14:00:00,7667.330078125,7688.02978515625,7660.77978515625,7684.56005859375,0
2025-06-30 15:00:00,7684.58984375,7686.16015625,7672.33984375,7679.7998046875,0
2025-07-01 07:00:00,7674.5400390625,7675.68994140625,7647.33984375,7659.27978515625,0
2025-07-01 08:00:00,7659.81005859375,7660.43017578125,7633.2001953125,7641.3701171875,0
2025-07-01 09:00:00,7641.39013671875,7644.43994140625,7618.330078125,7627.25,0
2025-07-01 10:00:00,7627.14990234375,7643.8701171875,7626.89990234375,7643.8701171875,0
2025-07-01 11:00:00,7643.7900390625,7649.39013671875,7627.31005859375,7631.47998046875,0
2025-07-01 12:00:00,7631.5400390625,7641.830078125,7612.39013671875,7614.18017578125,0
2025-07-01 13:00:00,7616.2998046875,7645.83984375,7615.0,7636.06982421875,0
2025-07-01 14:00:00,7639.25,7654.75,7630.669921875,7654.419921875,0
2025-07-01 15:00:00,7654.7900390625,7667.580078125,7654.7900390625,7666.85986328125,0
2025-07-02 07:00:00,7706.75,7711.68017578125,7674.22998046875,7694.759765625,0
2025-07-02 08:00:00,7695.330078125,7736.5498046875,7695.330078125,7734.990234375,0
2025-07-02 09:00:00,7735.2001953125,7755.740234375,7730.8701171875,7749.56982421875,0
2025-07-02 10:00:00,7748.68994140625,7752.64013671875,7736.6298828125,7749.77978515625,0
2025-07-02 11:00:00,7749.89013671875,7770.4501953125,7746.6298828125,7759.47021484375,0
2025-07-02 12:00:00,7758.93017578125,7758.93017578125,7718.41015625,7726.43994140625,0
2025-07-02 13:00:00,7726.259765625,7743.56005859375,7719.02001953125,7724.240234375,0
2025-07-02 14:00:00,7724.3798828125,7748.0400390625,7724.3798828125,7738.6298828125,0
2025-07-02 15:00:00,7737.93017578125,7745.3701171875,7736.18994140625,7740.89990234375,0
2025-07-03 07:00:00,7763.25,7766.919921875,7747.68994140625,7751.85009765625,0
2025-07-03 08:00:00,7751.990234375,7754.56982421875,7735.18017578125,7735.18017578125,0
2025-07-03 09:00:00,7734.89990234375,7741.18017578125,7719.43017578125,7719.43017578125,0
2025-07-03 10:00:00,7719.64013671875,7735.7998046875,7717.06982421875,7729.009765625,0
2025-07-03 11:00:00,7729.52978515625,7736.669921875,7726.41015625,7735.93017578125,0
2025-07-03 12:00:00,7735.9599609375,7757.89990234375,7727.22998046875,7753.7900390625,0
2025-07-03 13:00:00,7752.68017578125,7761.77978515625,7747.60009765625,7760.02978515625,0
2025-07-03 14:00:00,7760.330078125,7764.93017578125,7745.10986328125,7746.22998046875,0
2025-07-03 15:00:00,7743.330078125,7754.3798828125,7741.89013671875,7751.64990234375,0
2025-07-04 07:00:00,7713.5400390625,7713.5400390625,7686.97021484375,7689.06982421875,0
2025-07-04 08:00:00,7689.16015625,7695.830078125,7656.68994140625,7662.89990234375,0
2025-07-04 09:00:00,7663.60009765625,7688.06005859375,7663.60009765625,7681.06005859375,0
2025-07-04 10:00:00,7681.25,7690.91015625,7671.990234375,7676.6298828125,0
2025-07-04 11:00:00,7676.75,7685.81005859375,7674.35009765625,7685.31982421875,0
2025-07-04 12:00:00,7684.60986328125,7686.93994140625,7671.91015625,7677.919921875,0
2025-07-04 13:00:00,7678.60986328125,7704.10986328125,7677.35009765625,7696.06005859375,0
2025-07-04 14:00:00,7697.1201171875,7706.419921875,7690.8798828125,7700.02001953125,0
2025-07-04 15:00:00,7700.27978515625,7705.43017578125,7690.47021484375,7693.89013671875,0
2025-07-07 07:00:00,7704.2099609375,7706.93994140625,7686.66015625,7703.68994140625,0
2025-07-07 08:00:00,7703.5400390625,7704.7998046875,7682.1201171875,7695.7900390625,0
2025-07-07 09:00:00,7696.169921875,7709.8798828125,7688.72998046875,7709.8798828125,0
2025-07-07 10:00:00,7710.47998046875,7714.009765625,7701.740234375,7713.490234375,0
2025-07-07 11:00:00,7714.3701171875,7719.2998046875,7708.97021484375,7719.2998046875,0
2025-07-07 12:00:00,7719.35986328125,7723.85986328125,7713.1298828125,7713.43017578125,0
2025-07-07 13:00:00,7713.31005859375,7730.97998046875,7704.06982421875,7727.89013671875,0
2025-07-07 14:00:00,7728.10986328125,7730.1298828125,7708.240234375,7718.97021484375,0
2025-07-07 15:00:00,7717.830078125,7720.10009765625,7712.6201171875,7719.64013671875,0
2025-07-08 07:00:00,7743.56982421875,7743.56982421875,7706.47021484375,7722.89990234375,0
2025-07-08 08:00:00,7723.2099609375,7723.2099609375,7703.33984375,7711.4599609375,0
2025-07-08 09:00:00,7711.169921875,7722.2998046875,7710.830078125,7712.8701171875,0
2025-07-08 10:00:00,7712.77001953125,7723.14990234375,7709.27001953125,7715.47998046875,0
2025-07-08 11:00:00,7715.669921875,7717.18994140625,7708.6201171875,7710.3701171875,0
2025-07-08 12:00:00,7710.31005859375,7710.31005859375,7696.3798828125,7707.6298828125,0
2025-07-08 13:00:00,7707.419921875,7750.39990234375,7707.2900390625,7742.81982421875,0
2025-07-08 14:00:00,7742.58984375,7762.39990234375,7735.72021484375,7762.35009765625,0
2025-07-08 15:00:00,7762.31982421875,7771.6201171875,7758.72998046875,7759.3798828125,0
2025-07-09 07:00:00,7799.330078125,7815.33984375,7790.5498046875,7812.64990234375,0
2025-07-09 08:00:00,7811.93017578125,7836.1201171875,7810.52001953125,7830.8701171875,0
2025-07-09 09:00:00,7830.3798828125,7873.7900390625,7830.3798828125,7866.81005859375,0
2025-07-09 10:00:00,7866.7900390625,7874.72021484375,7855.3701171875,7863.58984375,0
2025-07-09 11:00:00,7863.75,7867.89990234375,7860.2998046875,7867.89990234375,0
2025-07-09 12:00:00,7867.27001953125,7871.64990234375,7859.75,7870.25,0
2025-07-09 13:00:00,7869.4501953125,7886.7900390625,7869.4501953125,7876.9501953125,0
2025-07-09 14:00:00,7878.3798828125,7878.39990234375,7865.31982421875,7873.43994140625,0
2025-07-09 15:00:00,7873.990234375,7880.31005859375,7870.31005859375,7880.31005859375,0
2025-07-10 07:00:00,7909.85986328125,7935.580078125,7901.83984375,7917.56005859375,0
2025-07-10 08:00:00,7915.75,7932.35009765625,7912.56982421875,7929.27001953125,0
2025-07-10 09:00:00,7929.52001953125,7940.6201171875,7928.169921875,7936.1201171875,0
2025-07-10 10:00:00,7936.06005859375,7938.1201171875,7924.830078125,7928.33984375,0
2025-07-10 11:00:00,7928.10009765625,7928.10009765625,7910.66015625,7911.3798828125,0
2025-07-10 12:00:00,7911.18994140625,7911.72998046875,7899.41015625,7902.60009765625,0
2025-07-10 13:00:00,7902.3798828125,7904.740234375,7893.3701171875,7904.60986328125,0
2025-07-10 14:00:00,7905.009765625,7908.31005859375,7885.8701171875,7895.259765625,0
2025-07-10 15:00:00,7895.2001953125,7903.35009765625,7892.7099609375,7903.2001953125,0
2025-07-11 07:00:00,7873.43017578125,7879.4501953125,7856.56982421875,7863.22021484375,0
2025-07-11 08:00:00,7862.81982421875,7867.18994140625,7832.27001953125,7834.77001953125,0
2025-07-11 09:00:00,7835.080078125,7837.52978515625,7815.18994140625,7817.93017578125,0
2025-07-11 10:00:00,7818.8798828125,7826.52001953125,7815.669921875,7824.16015625,0
2025-07-11 11:00:00,7823.759765625,7839.89990234375,7823.31982421875,7836.77001953125,0
2025-07-11 12:00:00,7836.47998046875,7836.47998046875,7815.39990234375,7833.240234375,0
2025-07-11 13:00:00,7834.43994140625,7842.5498046875,7826.83984375,7833.68994140625,0
2025-07-11 14:00:00,7832.85986328125,7832.85986328125,7818.81982421875,7826.02001953125,0
2025-07-11 15:00:00,7825.9501953125,7830.0498046875,7820.56982421875,7823.47998046875,0
2025-07-14 07:00:00,7774.0400390625,7793.35986328125,7764.7998046875,7789.27978515625,0
2025-07-14 08:00:00,7788.509765625,7789.5,7772.97998046875,7786.669921875,0
2025-07-14 09:00:00,7786.9599609375,7797.9599609375,7783.91015625,7794.330078125,0
2025-07-14 10:00:00,7794.5,7799.97998046875,7787.740234375,7792.56982421875,0
2025-07-14 11:00:00,7792.58984375,7797.33984375,7782.0400390625,7797.330078125,0
2025-07-14 12:00:00,7796.91015625,7802.7900390625,7786.0498046875,7786.080078125,0
2025-07-14 13:00:00,7786.64013671875,7795.72998046875,7781.22021484375,7788.259765625,0
2025-07-14 14:00:00,7789.56005859375,7801.97021484375,7786.759765625,7794.580078125,0
2025-07-14 15:00:00,7794.47998046875,7809.5400390625,7792.919921875,7809.080078125,0
2025-07-15 07:00:00,7818.08984375,7831.47998046875,7812.8701171875,7828.35009765625,0
2025-07-15 08:00:00,7827.509765625,7836.1298828125,7819.39990234375,7819.39990234375,0
2025-07-15 09:00:00,7819.56005859375,7819.56005859375,7805.6298828125,7817.06005859375,0
2025-07-15 10:00:00,7817.43017578125,7826.89013671875,7811.31982421875,7815.8701171875,0
2025-07-15 11:00:00,7816.2099609375,7816.60009765625,7804.330078125,7807.0400390625,0
2025-07-15 12:00:00,7807.1201171875,7822.4501953125,7803.259765625,7808.27001953125,0
2025-07-15 13:00:00,7808.18017578125,7816.6201171875,7786.7998046875,7786.7998046875,0
2025-07-15 14:00:00,7787.1201171875,7798.009765625,7769.58984375,7769.58984375,0
2025-07-15 15:00:00,7768.85986328125,7778.72021484375,7766.43994140625,7768.4599609375,0
2025-07-16 07:00:00,7740.14990234375,7760.72998046875,7736.169921875,7757.60986328125,0
2025-07-16 08:00:00,7757.3798828125,7773.41015625,7751.97998046875,7764.43017578125,0
2025-07-16 09:00:00,7764.759765625,7766.58984375,7753.830078125,7766.4599609375,0
2025-07-16 10:00:00,7765.93017578125,7776.2001953125,7760.89013671875,7770.27001953125,0
2025-07-16 11:00:00,7767.81005859375,7778.1298828125,7767.81005859375,7770.9501953125,0
2025-07-16 12:00:00,7770.10009765625,7776.66015625,7763.31982421875,7768.83984375,0
2025-07-16 13:00:00,7768.47021484375,7775.66015625,7765.43017578125,7768.1201171875,0
2025-07-16 14:00:00,7767.2998046875,7771.259765625,7750.10986328125,7754.330078125,0
2025-07-16 15:00:00,7754.35009765625,7764.740234375,7728.8798828125,7744.25,0
2025-07-17 07:00:00,7794.419921875,7814.10009765625,7791.91015625,7802.16015625,0
2025-07-17 08:00:00,7800.27978515625,7802.81005859375,7784.0498046875,7791.580078125,0
2025-07-17 09:00:00,7791.31005859375,7794.72021484375,7785.08984375,7794.39990234375,0
2025-07-17 10:00:00,7793.93017578125,7798.7099609375,7784.39013671875,7795.56982421875,0
2025-07-17 11:00:00,7794.39990234375,7794.89013671875,7783.64990234375,7785.4501953125,0
2025-07-17 12:00:00,7785.27978515625,7804.1298828125,7784.72021484375,7800.419921875,0
2025-07-17 13:00:00,7800.6201171875,7822.02001953125,7800.6201171875,7812.93017578125,0
2025-07-17 14:00:00,7813.52978515625,7814.60009765625,7796.080078125,7808.31982421875,0
2025-07-17 15:00:00,7808.509765625,7820.18017578125,7805.4599609375,7819.68017578125,0
2025-07-18 07:00:00,7857.68994140625,7873.27978515625,7850.77001953125,7872.5400390625,0
2025-07-18 08:00:00,7871.66015625,7873.2998046875,7858.919921875,7868.4501953125,0
2025-07-18 09:00:00,7869.43017578125,7870.7099609375,7863.97021484375,7868.5400390625,0
2025-07-18 10:00:00,7868.68994140625,7870.60986328125,7836.6298828125,7836.6298828125,0
2025-07-18 11:00:00,7835.97998046875,7837.3701171875,7820.33984375,7830.919921875,0
2025-07-18 12:00:00,7831.080078125,7837.85986328125,7822.4501953125,7834.9501953125,0
2025-07-18 13:00:00,7835.06005859375,7845.68017578125,7821.7099609375,7824.41015625,0
2025-07-18 14:00:00,7824.5400390625,7830.97998046875,7815.22998046875,7824.14990234375,0
2025-07-18 15:00:00,7823.919921875,7831.89013671875,7820.02001953125,7822.10009765625,0
2025-07-21 07:00:00,7825.72998046875,7838.60986328125,7795.009765625,7802.43994140625,0
2025-07-21 08:00:00,7802.3798828125,7814.39013671875,7797.97998046875,7808.89990234375,0
2025-07-21 09:00:00,7808.77001953125,7810.83984375,7791.18017578125,7791.85986328125,0
2025-07-21 10:00:00,7791.4501953125,7794.35009765625,7776.509765625,7780.89990234375,0
2025-07-21 11:00:00,7781.52001953125,7796.2099609375,7779.08984375,7790.8798828125,0
2025-07-21 12:00:00,7790.56005859375,7790.58984375,7769.3701171875,7770.66015625,0
2025-07-21 13:00:00,7770.10986328125,7779.669921875,7757.68017578125,7776.89013671875,0
2025-07-21 14:00:00,7777.259765625,7791.259765625,7774.1201171875,7786.9501953125,0
2025-07-21 15:00:00,7787.009765625,7796.5,7787.009765625,7796.27978515625,0
2025-07-22 07:00:00,7775.0400390625,7782.66015625,7756.7998046875,7758.2998046875,0
2025-07-22 08:00:00,7756.6201171875,7771.08984375,7754.25,7760.39990234375,0
2025-07-22 09:00:00,7760.77001953125,7760.77001953125,7752.72998046875,7756.35986328125,0
2025-07-22 10:00:00,7756.47998046875,7762.169921875,7734.97998046875,7738.97998046875,0
2025-07-22 11:00:00,7738.81005859375,7747.89013671875,7726.740234375,7743.89013671875,0
2025-07-22 12:00:00,7743.68017578125,7743.8798828125,7728.81005859375,7737.85009765625,0
2025-07-22 13:00:00,7737.93994140625,7762.6201171875,7731.81982421875,7734.2099609375,0
2025-07-22 14:00:00,7734.43017578125,7749.22998046875,7727.43017578125,7736.97021484375,0
2025-07-22 15:00:00,7736.759765625,7741.16015625,7734.93017578125,7739.3701171875,0
2025-07-23 07:00:00,7839.7099609375,7855.02001953125,7816.27001953125,7828.33984375,0
2025-07-23 08:00:00,7827.77978515625,7869.0498046875,7825.4599609375,7867.64013671875,0
2025-07-23 09:00:00,7867.58984375,7869.9599609375,7849.759765625,7852.2900390625,0
2025-07-23 10:00:00,7850.77001953125,7851.97021484375,7829.080078125,7829.080078125,0
2025-07-23 11:00:00,7829.1201171875,7834.419921875,7816.3798828125,7833.3701171875,0
2025-07-23 12:00:00,7832.64990234375,7843.18994140625,7827.83984375,7841.60986328125,0
2025-07-23 13:00:00,7841.3701171875,7848.330078125,7832.3701171875,7834.330078125,0
2025-07-23 14:00:00,7835.330078125,7859.7099609375,7829.2998046875,7854.740234375,0
2025-07-23 15:00:00,7853.2001953125,7858.35009765625,7847.580078125,7857.93994140625,0
2025-07-24 07:00:00,7873.5,7898.02978515625,7869.009765625,7875.39990234375,0
2025-07-24 08:00:00,7874.89013671875,7886.56005859375,7870.41015625,7874.25,0
2025-07-24 09:00:00,7874.64013671875,7880.14013671875,7859.56982421875,7868.490234375,0
2025-07-24 10:00:00,7867.41015625,7867.41015625,7831.1298828125,7831.81005859375,0
2025-07-24 11:00:00,7831.490234375,7853.0498046875,7825.22998046875,7851.2001953125,0
2025-07-24 12:00:00,7850.9599609375,7852.83984375,7831.39990234375,7837.759765625,0
2025-07-24 13:00:00,7837.7099609375,7837.7099609375,7797.91015625,7809.740234375,0
2025-07-24 14:00:00,7809.490234375,7823.009765625,7797.27978515625,7814.22998046875,0
2025-07-24 15:00:00,7814.18017578125,7830.14990234375,7812.27978515625,7822.43017578125,0
2025-07-25 07:00:00,7782.39013671875,7792.22021484375,7759.58984375,7789.6201171875,0
2025-07-25 08:00:00,7790.02001953125,7838.47021484375,7778.60986328125,7832.89013671875,0
2025-07-25 09:00:00,7831.0400390625,7839.89990234375,7823.52001953125,7838.10986328125,0
2025-07-25 10:00:00,7836.4501953125,7837.4599609375,7817.2900390625,7818.009765625,0
2025-07-25 11:00:00,7818.81005859375,7822.77978515625,7806.509765625,7808.60009765625,0
2025-07-25 12:00:00,7808.919921875,7819.5,7808.8701171875,7808.8701171875,0
2025-07-25 13:00:00,7808.8798828125,7811.10009765625,7790.2099609375,7810.66015625,0
2025-07-25 14:00:00,7810.31982421875,7842.39013671875,7805.56005859375,7838.8798828125,0
2025-07-25 15:00:00,7838.2099609375,7851.4599609375,7835.830078125,7845.8701171875,0
2025-07-28 07:00:00,7924.52978515625,7931.14990234375,7895.240234375,7905.60986328125,0
2025-07-28 08:00:00,7905.009765625,7907.64013671875,7878.6201171875,7880.580078125,0
2025-07-28 09:00:00,7880.81005859375,7891.91015625,7874.33984375,7884.580078125,0
2025-07-28 10:00:00,7884.2099609375,7887.47998046875,7874.080078125,7876.35986328125,0
2025-07-28 11:00:00,7875.330078125,7878.31982421875,7853.0498046875,7855.06005859375,0
2025-07-28 12:00:00,7853.7998046875,7854.27001953125,7831.8701171875,7843.3701171875,0
2025-07-28 13:00:00,7843.18994140625,7844.5400390625,7801.52978515625,7802.5498046875,0
2025-07-28 14:00:00,7801.93994140625,7810.33984375,7794.66015625,7797.22998046875,0
2025-07-28 15:00:00,7797.2998046875,7808.8798828125,7794.83984375,7797.72021484375,0
2025-07-29 07:00:00,7834.83984375,7883.64990234375,7833.02001953125,7880.759765625,0
2025-07-29 08:00:00,7880.93994140625,7888.58984375,7869.81982421875,7878.39013671875,0
2025-07-29 09:00:00,7878.4599609375,7904.5498046875,7878.4599609375,7904.5498046875,0
2025-07-29 10:00:00,7904.27001953125,7924.6201171875,7902.89013671875,7919.0400390625,0
2025-07-29 11:00:00,7919.39990234375,7920.43017578125,7880.4501953125,7899.1298828125,0
2025-07-29 12:00:00,7898.60009765625,7906.89990234375,7889.10009765625,7906.2099609375,0
2025-07-29 13:00:00,7905.93994140625,7905.93994140625,7881.52978515625,7882.330078125,0
2025-07-29 14:00:00,7881.58984375,7882.16015625,7857.64990234375,7858.25,0
2025-07-29 15:00:00,7857.81982421875,7858.2099609375,7847.89990234375,7852.4599609375,0
2025-07-30 07:00:00,7856.009765625,7878.47998046875,7853.5400390625,7869.14990234375,0
2025-07-30 08:00:00,7868.419921875,7890.16015625,7860.669921875,7890.16015625,0
2025-07-30 09:00:00,7890.02001953125,7916.43017578125,7890.02001953125,7916.35009765625,0
2025-07-30 10:00:00,7917.2001953125,7921.60986328125,7889.39990234375,7891.7099609375,0
2025-07-30 11:00:00,7892.009765625,7895.97998046875,7879.85009765625,7892.85009765625,0
2025-07-30 12:00:00,7893.2099609375,7897.0498046875,7883.47021484375,7896.89013671875,0
2025-07-30 13:00:00,7895.9501953125,7904.669921875,7891.56982421875,7899.72998046875,0
2025-07-30 14:00:00,7901.31982421875,7901.31982421875,7875.93994140625,7878.72998046875,0
2025-07-30 15:00:00,7878.52978515625,7885.93017578125,7871.240234375,7872.58984375,0
2025-07-31 07:00:00,7876.58984375,7906.3701171875,7858.35986328125,7885.580078125,0
2025-07-31 08:00:00,7886.35986328125,7889.56005859375,7852.8798828125,7857.2900390625,0
2025-07-31 09:00:00,7857.18994140625,7865.08984375,7834.64013671875,7857.9501953125,0
2025-07-31 10:00:00,7858.1201171875,7866.8701171875,7837.14013671875,7838.35986328125,0
2025-07-31 11:00:00,7837.89990234375,7842.60009765625,7830.7998046875,7833.22021484375,0
2025-07-31 12:00:00,7833.33984375,7839.89990234375,7824.06982421875,7825.02978515625,0
2025-07-31 13:00:00,7824.97998046875,7831.8701171875,7807.02978515625,7822.72021484375,0
2025-07-31 14:00:00,7822.97998046875,7832.4501953125,7789.77001953125,7790.14990234375,0
2025-07-31 15:00:00,7788.77978515625,7799.41015625,7780.5,7785.31005859375,0
2025-08-01 07:00:00,7676.39013671875,7691.1201171875,7641.60986328125,7652.330078125,0
2025-08-01 08:00:00,7652.330078125,7658.240234375,7626.81005859375,7629.7998046875,0
2025-08-01 09:00:00,7630.02001953125,7642.7998046875,7621.81982421875,7627.169921875,0
2025-08-01 10:00:00,7626.91015625,7628.25,7592.2099609375,7594.93017578125,0
2025-08-01 11:00:00,7595.669921875,7612.830078125,7594.93994140625,7609.68994140625,0
2025-08-01 12:00:00,7608.56982421875,7613.39990234375,7582.18017578125,7583.6298828125,0
2025-08-01 13:00:00,7584.02978515625,7584.990234375,7528.47998046875,7536.77978515625,0
2025-08-01 14:00:00,7537.27978515625,7562.16015625,7523.60986328125,7553.35009765625,0
2025-08-01 15:00:00,7552.4501953125,7566.18994140625,7548.39013671875,7551.52001953125,0
2025-08-04 07:00:00,7582.77001953125,7622.740234375,7571.759765625,7613.91015625,0
2025-08-04 08:00:00,7613.740234375,7623.240234375,7604.02978515625,7623.240234375,0
2025-08-04 09:00:00,7623.7900390625,7624.9501953125,7602.33984375,7602.33984375,0
2025-08-04 10:00:00,7602.41015625,7610.35009765625,7599.35009765625,7605.14013671875,0
2025-08-04 11:00:00,7605.330078125,7612.8798828125,7595.81982421875,7611.14990234375,0
2025-08-04 12:00:00,7610.89013671875,7621.330078125,7608.33984375,7621.27978515625,0
2025-08-04 13:00:00,7621.5498046875,7625.89990234375,7615.9599609375,7622.7001953125,0
2025-08-04 14:00:00,7622.7900390625,7629.669921875,7610.39990234375,7625.81982421875,0
2025-08-04 15:00:00,7625.47021484375,7631.6201171875,7624.35986328125,7630.830078125,0
2025-08-05 07:00:00,7670.2001953125,7670.2001953125,7634.1201171875,7637.27001953125,0
2025-08-05 08:00:00,7637.60986328125,7647.080078125,7624.7099609375,7645.080078125,0
2025-08-05 09:00:00,7645.009765625,7650.740234375,7638.2001953125,7647.56982421875,0
2025-08-05 10:00:00,7648.259765625,7654.43994140625,7644.2001953125,7652.2900390625,0
2025-08-05 11:00:00,7650.7998046875,7652.89013671875,7645.43994140625,7652.81982421875,0
2025-08-05 12:00:00,7653.0400390625,7658.52978515625,7638.68017578125,7653.990234375,0
2025-08-05 13:00:00,7653.27978515625,7654.35986328125,7641.14990234375,7646.9599609375,0
2025-08-05 14:00:00,7646.47021484375,7646.47021484375,7610.56982421875,7620.14013671875,0
2025-08-05 15:00:00,7619.52001953125,7630.9599609375,7613.1201171875,7627.81005859375,0
2025-08-06 07:00:00,7658.919921875,7671.419921875,7652.4501953125,7670.72021484375,0
2025-08-06 08:00:00,7670.81982421875,7672.14990234375,7640.259765625,7641.97021484375,0
2025-08-06 09:00:00,7641.77001953125,7648.81982421875,7631.2001953125,7648.56982421875,0
2025-08-06 10:00:00,7647.580078125,7647.990234375,7626.02001953125,7630.39013671875,0
2025-08-06 11:00:00,7629.5,7644.93994140625,7629.2998046875,7643.7099609375,0
2025-08-06 12:00:00,7643.72021484375,7646.080078125,7632.83984375,7637.919921875,0
2025-08-06 13:00:00,7637.85986328125,7648.5400390625,7628.419921875,7628.91015625,0
2025-08-06 14:00:00,7628.1201171875,7635.85986328125,7620.97021484375,7630.0498046875,0
2025-08-06 15:00:00,7630.4599609375,7640.47998046875,7625.41015625,7639.64013671875,0
2025-08-07 07:00:00,7651.39990234375,7663.1298828125,7645.2099609375,7661.330078125,0
2025-08-07 08:00:00,7661.43994140625,7704.1201171875,7658.97998046875,7702.6201171875,0
2025-08-07 09:00:00,7701.6298828125,7734.7998046875,7699.5498046875,7729.06982421875,0
2025-08-07 10:00:00,7729.56005859375,7731.93017578125,7717.6201171875,7725.25,0
2025-08-07 11:00:00,7725.1298828125,7734.89013671875,7716.93017578125,7716.93017578125,0
2025-08-07 12:00:00,7716.93994140625,7736.97021484375,7710.91015625,7733.89990234375,0
2025-08-07 13:00:00,7734.02978515625,7737.6298828125,7722.080078125,7729.43017578125,0
2025-08-07 14:00:00,7730.0498046875,7730.14990234375,7702.66015625,7703.81005859375,0
2025-08-07 15:00:00,7703.93017578125,7715.080078125,7696.52978515625,7708.10986328125,0
2025-08-08 07:00:00,7733.7099609375,7740.89013671875,7715.35009765625,7721.3798828125,0
2025-08-08 08:00:00,7722.10986328125,7737.169921875,7719.31005859375,7722.56982421875,0
2025-08-08 09:00:00,7722.41015625,7733.83984375,7718.77978515625,7729.64013671875,0
2025-08-08 10:00:00,7729.9501953125,7739.43994140625,7727.0,7728.169921875,0
2025-08-08 11:00:00,7728.2998046875,7728.509765625,7720.1298828125,7724.85986328125,0
2025-08-08 12:00:00,7724.77978515625,7725.18017578125,7710.669921875,7721.83984375,0
2025-08-08 13:00:00,7722.81005859375,7728.009765625,7716.06005859375,7721.97021484375,0
2025-08-08 14:00:00,7724.1201171875,7770.89013671875,7723.75,7744.490234375,0
2025-08-08 15:00:00,7743.97021484375,7752.5,7742.97021484375,7752.14990234375,0
2025-08-11 07:00:00,7764.240234375,7764.240234375,7728.56005859375,7728.56005859375,0
2025-08-11 08:00:00,7728.5498046875,7729.2001953125,7713.43994140625,7717.85009765625,0
2025-08-11 09:00:00,7717.31005859375,7730.10009765625,7716.60986328125,7727.9599609375,0
2025-08-11 10:00:00,7728.2001953125,7729.2900390625,7704.52001953125,7708.1201171875,0
2025-08-11 11:00:00,7708.14990234375,7726.830078125,7704.18017578125,7726.60986328125,0
2025-08-11 12:00:00,7726.8701171875,7730.66015625,7717.52978515625,7719.509765625,0
2025-08-11 13:00:00,7719.31982421875,7723.64013671875,7708.14013671875,7712.0,0
2025-08-11 14:00:00,7713.2001953125,7715.240234375,7695.35009765625,7698.990234375,0
2025-08-11 15:00:00,7698.64013671875,7702.06982421875,7694.33984375,7698.22998046875,0
2025-08-12 07:00:00,7730.22021484375,7742.35986328125,7730.22021484375,7734.56005859375,0
2025-08-12 08:00:00,7734.759765625,7741.64990234375,7725.43994140625,7727.8798828125,0
2025-08-12 09:00:00,7728.0498046875,7731.8798828125,7705.16015625,7708.22021484375,0
2025-08-12 10:00:00,7708.72021484375,7710.89013671875,7704.56005859375,7708.080078125,0
2025-08-12 11:00:00,7708.31005859375,7708.77978515625,7702.509765625,7706.60986328125,0
2025-08-12 12:00:00,7706.7998046875,7744.080078125,7706.7998046875,7740.2998046875,0
2025-08-12 13:00:00,7739.75,7739.75,7710.25,7721.2099609375,0
2025-08-12 14:00:00,7723.1298828125,7754.10009765625,7719.3798828125,7748.47021484375,0
2025-08-12 15:00:00,7748.43017578125,7759.740234375,7746.10986328125,7756.89990234375,0
2025-08-13 07:00:00,7775.22998046875,7786.43017578125,7769.06982421875,7778.14990234375,0
2025-08-13 08:00:00,7778.2099609375,7794.10009765625,7773.56982421875,7790.1298828125,0
2025-08-13 09:00:00,7790.259765625,7792.10009765625,7781.60009765625,7784.7099609375,0
2025-08-13 10:00:00,7784.9599609375,7795.1298828125,7783.419921875,7794.77001953125,0
2025-08-13 11:00:00,7793.7099609375,7799.330078125,7788.25,7793.10009765625,0
2025-08-13 12:00:00,7793.259765625,7800.02978515625,7791.39990234375,7796.740234375,0
2025-08-13 13:00:00,7796.18017578125,7809.85986328125,7790.66015625,7807.169921875,0
2025-08-13 14:00:00,7807.93994140625,7819.68994140625,7801.7998046875,7802.5498046875,0
2025-08-13 15:00:00,7802.31982421875,7815.080078125,7802.10986328125,7814.7900390625,0
2025-08-14 07:00:00,7822.9501953125,7838.08984375,7818.56982421875,7834.7099609375,0
2025-08-14 08:00:00,7835.08984375,7836.7998046875,7821.22021484375,7827.8798828125,0
2025-08-14 09:00:00,7827.14013671875,7834.43017578125,7826.919921875,7829.330078125,0
2025-08-14 10:00:00,7829.31005859375,7833.16015625,7824.47998046875,7825.72998046875,0
2025-08-14 11:00:00,7825.7998046875,7853.5400390625,7825.740234375,7853.31005859375,0
2025-08-14 12:00:00,7853.39990234375,7853.93017578125,7828.56005859375,7828.56005859375,0
2025-08-14 13:00:00,7829.35986328125,7847.68994140625,7827.7099609375,7847.47998046875,0
2025-08-14 14:00:00,7847.43994140625,7871.39013671875,7847.43994140625,7860.7998046875,0
2025-08-14 15:00:00,7860.31982421875,7865.64013671875,7855.68017578125,7862.259765625,0
2025-08-15 07:00:00,7917.06005859375,7920.93017578125,7896.56005859375,7915.2900390625,0
2025-08-15 08:00:00,7915.22021484375,7932.509765625,7912.14990234375,7924.2001953125,0
2025-08-15 09:00:00,7924.22998046875,7945.27001953125,7924.18994140625,7937.169921875,0
2025-08-15 10:00:00,7933.509765625,7933.509765625,7919.9501953125,7925.60986328125,0
2025-08-15 11:00:00,7926.58984375,7928.0400390625,7915.81982421875,7917.08984375,0
2025-08-15 12:00:00,7916.990234375,7917.91015625,7907.93994140625,7908.6298828125,0
2025-08-15 13:00:00,7908.9501953125,7934.18017578125,7908.31005859375,7927.33984375,0
2025-08-15 14:00:00,7931.33984375,7931.33984375,7912.77001953125,7920.39013671875,0
2025-08-15 15:00:00,7920.43994140625,7929.830078125,7918.27001953125,7925.89013671875,0
2025-08-18 07:00:00,7929.419921875,7929.419921875,7879.240234375,7884.93994140625,0
2025-08-18 08:00:00,7883.2900390625,7886.89013671875,7864.77001953125,7883.22021484375,0
2025-08-18 09:00:00,7883.18994140625,7884.93017578125,7863.7998046875,7864.68994140625,0
2025-08-18 10:00:00,7863.66015625,7867.8798828125,7857.22998046875,7859.009765625,0
2025-08-18 11:00:00,7858.8798828125,7867.10986328125,7856.89990234375,7866.240234375,0
2025-08-18 12:00:00,7866.080078125,7868.7099609375,7858.68017578125,7863.68994140625,0
2025-08-18 13:00:00,7863.39013671875,7884.02001953125,7863.39013671875,7869.8798828125,0
2025-08-18 14:00:00,7870.72998046875,7876.8701171875,7867.0,7872.0498046875,0
2025-08-18 15:00:00,7871.7099609375,7881.60986328125,7868.6298828125,7877.7998046875,0
2025-08-19 07:00:00,7894.68994140625,7919.759765625,7892.72021484375,7918.2900390625,0
2025-08-19 08:00:00,7918.1298828125,7937.81005859375,7918.1298828125,7937.58984375,0
2025-08-19 09:00:00,7937.77001953125,7963.1201171875,7935.419921875,7951.8798828125,0
2025-08-19 10:00:00,7951.2099609375,7959.5,7934.3701171875,7936.919921875,0
2025-08-19 11:00:00,7937.5498046875,7955.8701171875,7937.06005859375,7954.35986328125,0
2025-08-19 12:00:00,7953.89990234375,7967.3701171875,7953.0498046875,7964.89990234375,0
2025-08-19 13:00:00,7964.77001953125,7971.27001953125,7957.39990234375,7960.52001953125,0
2025-08-19 14:00:00,7960.5498046875,7986.81005859375,7960.5498046875,7982.60986328125,0
2025-08-19 15:00:00,7981.47021484375,7983.47998046875,7973.580078125,7982.22998046875,0
2025-08-20 07:00:00,7949.14013671875,7961.14990234375,7932.06005859375,7961.14990234375,0
2025-08-20 08:00:00,7961.56982421875,7971.14013671875,7954.1298828125,7968.35009765625,0
2025-08-20 09:00:00,7968.43017578125,7981.75,7968.43017578125,7972.509765625,0
2025-08-20 10:00:00,7974.1201171875,7985.0400390625,7970.97021484375,7982.81982421875,0
2025-08-20 11:00:00,7983.41015625,7994.27001953125,7982.9599609375,7992.240234375,0
2025-08-20 12:00:00,7992.43994140625,8000.080078125,7987.06982421875,7987.93994140625,0
2025-08-20 13:00:00,7988.259765625,8004.33984375,7980.39013671875,7986.75,0
2025-08-20 14:00:00,7986.31005859375,8000.0498046875,7967.68017578125,7969.39990234375,0
2025-08-20 15:00:00,7969.72998046875,7976.93017578125,7964.52001953125,7974.990234375,0
2025-08-21 07:00:00,7970.75,7970.75,7950.31005859375,7952.93017578125,0
2025-08-21 08:00:00,7953.14990234375,7959.60986328125,7935.72998046875,7936.68017578125,0
2025-08-21 09:00:00,7935.52001953125,7940.2099609375,7930.39990234375,7932.31005859375,0
2025-08-21 10:00:00,7932.39990234375,7932.39990234375,7921.85009765625,7924.7001953125,0
2025-08-21 11:00:00,7924.14990234375,7931.89013671875,7910.33984375,7918.27001953125,0
2025-08-21 12:00:00,7918.2998046875,7926.68994140625,7916.0,7916.10009765625,0
2025-08-21 13:00:00,7915.85986328125,7926.9599609375,7912.18017578125,7925.10009765625,0
2025-08-21 14:00:00,7924.740234375,7938.97021484375,7924.009765625,7932.759765625,0
2025-08-21 15:00:00,7933.27978515625,7938.39013671875,7929.509765625,7936.9501953125,0
2025-08-22 07:00:00,7923.39013671875,7948.31982421875,7923.39013671875,7947.66015625,0
2025-08-22 08:00:00,7947.009765625,7959.31005859375,7945.02978515625,7956.9599609375,0
2025-08-22 09:00:00,7958.22021484375,7958.22021484375,7946.35009765625,7950.27978515625,0
2025-08-22 10:00:00,7950.759765625,7960.02978515625,7945.5498046875,7955.77978515625,0
2025-08-22 11:00:00,7955.85986328125,7961.990234375,7947.419921875,7950.39013671875,0
2025-08-22 12:00:00,7950.5,7950.759765625,7943.669921875,7948.8701171875,0
2025-08-22 13:00:00,7948.85986328125,7964.6298828125,7946.509765625,7964.1298828125,0
2025-08-22 14:00:00,7964.77001953125,7997.35009765625,7964.77001953125,7979.6201171875,0
2025-08-22 15:00:00,7978.81982421875,7980.1298828125,7970.2900390625,7977.3798828125,0
2025-08-25 07:00:00,7943.0,7946.06982421875,7922.97021484375,7929.47998046875,0
2025-08-25 08:00:00,7928.8701171875,7928.8701171875,7910.47998046875,7925.7900390625,0
2025-08-25 09:00:00,7925.47021484375,7926.2900390625,7917.47998046875,7921.02978515625,0
2025-08-25 10:00:00,7920.7099609375,7927.4599609375,7916.8798828125,7921.1298828125,0
2025-08-25 11:00:00,7921.08984375,7926.91015625,7915.0,7917.83984375,0
2025-08-25 12:00:00,7918.009765625,7926.89990234375,7908.6201171875,7926.509765625,0
2025-08-25 13:00:00,7925.85986328125,7940.2900390625,7925.85986328125,7940.2900390625,0
2025-08-25 14:00:00,7940.3798828125,7942.43017578125,7873.56005859375,7876.89990234375,0
2025-08-25 15:00:00,7877.02001953125,7877.080078125,7836.9599609375,7838.2099609375,0
2025-08-26 07:00:00,7726.240234375,7726.240234375,7669.47021484375,7683.72021484375,0
2025-08-26 08:00:00,7681.47998046875,7709.77978515625,7668.080078125,7704.77001953125,0
2025-08-26 09:00:00,7704.47998046875,7722.5,7697.72021484375,7717.240234375,0
2025-08-26 10:00:00,7717.75,7732.93017578125,7712.35009765625,7728.08984375,0
2025-08-26 11:00:00,7727.97998046875,7735.06982421875,7710.7001953125,7715.259765625,0
2025-08-26 12:00:00,7715.0,7749.240234375,7714.60009765625,7736.9599609375,0
2025-08-26 13:00:00,7737.509765625,7737.509765625,7717.75,7724.8798828125,0
2025-08-26 14:00:00,7726.47998046875,7739.14013671875,7721.7001953125,7726.419921875,0
2025-08-26 15:00:00,7725.14013671875,7732.490234375,7715.14013671875,7715.14013671875,0
2025-08-27 07:00:00,7718.2900390625,7747.33984375,7713.830078125,7744.43017578125,0
2025-08-27 08:00:00,7745.06005859375,7750.93994140625,7703.93017578125,7721.5498046875,0
2025-08-27 09:00:00,7721.9599609375,7745.31005859375,7721.9599609375,7738.5,0
2025-08-27 10:00:00,7738.4599609375,7749.93017578125,7735.8701171875,7742.75,0
2025-08-27 11:00:00,7742.43994140625,7750.25,7740.14013671875,7747.93994140625,0
2025-08-27 12:00:00,7747.43994140625,7765.169921875,7736.240234375,7743.330078125,0
2025-08-27 13:00:00,7743.080078125,7762.7099609375,7736.77978515625,7757.64990234375,0
2025-08-27 14:00:00,7757.14013671875,7758.990234375,7722.60009765625,7735.83984375,0
2025-08-27 15:00:00,7734.7099609375,7756.1298828125,7734.7099609375,7742.52978515625,0
2025-08-28 07:00:00,7770.68994140625,7825.08984375,7770.68994140625,7822.330078125,0
2025-08-28 08:00:00,7824.4599609375,7833.0400390625,7797.14990234375,7799.89990234375,0
2025-08-28 09:00:00,7800.39013671875,7802.2099609375,7773.31982421875,7778.2998046875,0
2025-08-28 10:00:00,7777.81982421875,7777.81982421875,7745.9501953125,7747.6298828125,0
2025-08-28 11:00:00,7747.1201171875,7766.5400390625,7734.9599609375,7766.5400390625,0
2025-08-28 12:00:00,7766.64990234375,7785.27978515625,7766.64990234375,7785.27978515625,0
2025-08-28 13:00:00,7785.6201171875,7791.75,7768.75,7772.9501953125,0
2025-08-28 14:00:00,7775.08984375,7783.43994140625,7763.68017578125,7765.830078125,0
2025-08-28 15:00:00,7766.0498046875,7771.2099609375,7759.2998046875,7765.2099609375,0
2025-08-29 07:00:00,7743.43994140625,7764.2900390625,7716.759765625,7717.740234375,0
2025-08-29 08:00:00,7717.43994140625,7724.759765625,7702.2099609375,7711.259765625,0
2025-08-29 09:00:00,7711.39990234375,7740.7001953125,7709.7900390625,7739.77978515625,0
2025-08-29 10:00:00,7738.509765625,7739.6201171875,7719.56982421875,7727.97998046875,0
2025-08-29 11:00:00,7728.77001953125,7745.43994140625,7727.72021484375,7742.27001953125,0
2025-08-29 12:00:00,7741.93994140625,7742.81982421875,7730.02978515625,7740.14990234375,0
2025-08-29 13:00:00,7740.18994140625,7749.35009765625,7734.85009765625,7734.85009765625,0
2025-08-29 14:00:00,7738.06005859375,7738.06005859375,7710.009765625,7711.06005859375,0
2025-08-29 15:00:00,7711.27001953125,7717.43017578125,7706.58984375,7708.64990234375,0
2025-09-01 07:00:00,7724.9599609375,7742.52978515625,7721.60986328125,7725.259765625,0
2025-09-01 08:00:00,7725.18017578125,7744.64013671875,7722.58984375,7738.14013671875,0
2025-09-01 09:00:00,7738.240234375,7738.240234375,7713.509765625,7719.5400390625,0
2025-09-01 10:00:00,7719.68017578125,7726.43017578125,7702.77978515625,7706.419921875,0
2025-09-01 11:00:00,7707.85009765625,7713.330078125,7703.419921875,7704.1201171875,0
2025-09-01 12:00:00,7704.7099609375,7710.6201171875,7697.81982421875,7710.6201171875,0
2025-09-01 13:00:00,7711.08984375,7716.02978515625,7704.27978515625,7712.7998046875,0
2025-09-01 14:00:00,7713.08984375,7714.77978515625,7698.75,7701.7099609375,0
2025-09-01 15:00:00,7701.22021484375,7703.6298828125,7699.990234375,7703.60986328125,0
2025-09-02 07:00:00,7730.60986328125,7738.18017578125,7686.0498046875,7696.02978515625,0
2025-09-02 08:00:00,7695.9501953125,7722.31005859375,7693.02001953125,7714.10009765625,0
2025-09-02 09:00:00,7714.35986328125,7715.7099609375,7697.4599609375,7713.85986328125,0
2025-09-02 10:00:00,7713.7099609375,7718.5,7692.7900390625,7699.8798828125,0
2025-09-02 11:00:00,7700.259765625,7701.31982421875,7681.25,7684.740234375,0
2025-09-02 12:00:00,7685.02001953125,7685.39990234375,7654.02978515625,7661.3701171875,0
2025-09-02 13:00:00,7660.85009765625,7673.97021484375,7650.97998046875,7673.27978515625,0
2025-09-02 14:00:00,7676.64013671875,7687.830078125,7660.60009765625,7662.6201171875,0
2025-09-02 15:00:00,7661.97021484375,7662.93017578125,7648.1298828125,7654.33984375,0
2025-09-03 07:00:00,7699.6201171875,7711.02001953125,7671.52978515625,7690.4599609375,0
2025-09-03 08:00:00,7691.39990234375,7736.759765625,7688.5400390625,7731.52978515625,0
2025-09-03 09:00:00,7730.72998046875,7731.60009765625,7718.490234375,7726.60986328125,0
2025-09-03 10:00:00,7726.6201171875,7735.77001953125,7722.97998046875,7722.97998046875,0
2025-09-03 11:00:00,7722.990234375,7728.43994140625,7717.8798828125,7721.93017578125,0
2025-09-03 12:00:00,7720.68017578125,7729.43017578125,7710.18994140625,7710.52978515625,0
2025-09-03 13:00:00,7710.490234375,7720.22021484375,7704.419921875,7706.08984375,0
2025-09-03 14:00:00,7708.0400390625,7723.759765625,7703.35009765625,7718.35986328125,0
2025-09-03 15:00:00,7717.9599609375,7728.5498046875,7717.169921875,7724.47998046875,0
2025-09-04 07:00:00,7701.4599609375,7719.06005859375,7682.2099609375,7713.97021484375,0
2025-09-04 08:00:00,7714.31982421875,7715.580078125,7681.8798828125,7690.669921875,0
2025-09-04 09:00:00,7690.72998046875,7705.02001953125,7676.83984375,7686.7900390625,0
2025-09-04 10:00:00,7687.080078125,7724.35009765625,7685.18994140625,7704.14013671875,0
2025-09-04 11:00:00,7704.5400390625,7727.759765625,7704.0,7716.18994140625,0
2025-09-04 12:00:00,7715.81005859375,7723.10986328125,7690.3701171875,7698.81982421875,0
2025-09-04 13:00:00,7698.6298828125,7714.5400390625,7692.4501953125,7707.91015625,0
2025-09-04 14:00:00,7709.080078125,7710.52978515625,7687.080078125,7707.990234375,0
2025-09-04 15:00:00,7708.2099609375,7711.64013671875,7702.64990234375,7708.66015625,0
2025-09-05 07:00:00,7723.97021484375,7732.0400390625,7682.64990234375,7726.56982421875,0
2025-09-05 08:00:00,7723.52001953125,7723.52001953125,7700.5498046875,7702.22021484375,0
2025-09-05 09:00:00,7701.830078125,7709.1298828125,7690.77978515625,7707.41015625,0
2025-09-05 10:00:00,7707.2099609375,7711.06005859375,7695.27001953125,7695.27001953125,0
2025-09-05 11:00:00,7696.080078125,7722.35986328125,7696.080078125,7718.669921875,0
2025-09-05 12:00:00,7718.02001953125,7718.66015625,7685.5400390625,7713.43017578125,0
2025-09-05 13:00:00,7713.580078125,7720.43994140625,7699.240234375,7705.89013671875,0
2025-09-05 14:00:00,7706.10009765625,7706.10009765625,7649.93994140625,7652.02001953125,0
2025-09-05 15:00:00,7651.56982421875,7666.85986328125,7649.39990234375,7666.81005859375,0
2025-09-08 07:00:00,7706.7900390625,7711.31982421875,7687.7900390625,7689.919921875,0
2025-09-08 08:00:00,7689.22998046875,7698.9599609375,7682.31005859375,7690.66015625,0
2025-09-08 09:00:00,7691.35009765625,7707.22998046875,7688.93994140625,7706.759765625,0
2025-09-08 10:00:00,7706.41015625,7715.14990234375,7704.2998046875,7712.8701171875,0
2025-09-08 11:00:00,7712.93994140625,7717.22021484375,7701.2001953125,7710.39013671875,0
2025-09-08 12:00:00,7710.41015625,7726.14013671875,7700.759765625,7719.6298828125,0
2025-09-08 13:00:00,7719.66015625,7731.16015625,7710.68017578125,7717.14990234375,0
2025-09-08 14:00:00,7717.0,7720.85009765625,7710.919921875,7714.8701171875,0
2025-09-08 15:00:00,7714.41015625,7745.0498046875,7714.41015625,7744.56005859375,0
2025-09-09 07:00:00,7750.919921875,7791.64990234375,7748.1298828125,7770.669921875,0
2025-09-09 08:00:00,7770.43017578125,7771.8701171875,7731.56005859375,7736.7001953125,0
2025-09-09 09:00:00,7736.52978515625,7748.9501953125,7729.8798828125,7748.9501953125,0
2025-09-09 10:00:00,7748.93017578125,7769.27978515625,7748.93017578125,7764.97998046875,0
2025-09-09 11:00:00,7764.85986328125,7765.759765625,7749.6298828125,7755.330078125,0
2025-09-09 12:00:00,7756.27978515625,7769.77001953125,7751.64990234375,7751.72998046875,0
2025-09-09 13:00:00,7744.97998046875,7761.58984375,7738.43994140625,7752.9501953125,0
2025-09-09 14:00:00,7752.9599609375,7760.2001953125,7741.919921875,7748.2001953125,0
2025-09-09 15:00:00,7748.93017578125,7758.72021484375,7746.77001953125,7757.52978515625,0
2025-09-10 07:00:00,7774.35986328125,7823.33984375,7763.0498046875,7821.330078125,0
2025-09-10 08:00:00,7821.080078125,7821.080078125,7755.18994140625,7757.35009765625,0
2025-09-10 09:00:00,7757.2099609375,7784.39013671875,7753.9599609375,7782.77978515625,0
2025-09-10 10:00:00,7783.2001953125,7795.2998046875,7775.4501953125,7792.9599609375,0
2025-09-10 11:00:00,7794.0498046875,7796.35009765625,7781.7900390625,7784.47998046875,0
2025-09-10 12:00:00,7784.8798828125,7812.75,7777.259765625,7788.9501953125,0
2025-09-10 13:00:00,7788.39990234375,7788.8798828125,7763.0498046875,7766.3701171875,0
2025-09-10 14:00:00,7768.77978515625,7773.85986328125,7753.2998046875,7757.06982421875,0
2025-09-10 15:00:00,7756.77978515625,7761.009765625,7750.60009765625,7755.919921875,0
2025-09-11 07:00:00,7781.7998046875,7803.8701171875,7773.56982421875,7802.009765625,0
2025-09-11 08:00:00,7802.2998046875,7823.259765625,7797.14013671875,7806.89013671875,0
2025-09-11 09:00:00,7807.56982421875,7818.9501953125,7804.43994140625,7812.3701171875,0
2025-09-11 10:00:00,7812.31982421875,7831.31005859375,7812.31982421875,7827.6201171875,0
2025-09-11 11:00:00,7828.64013671875,7832.4599609375,7822.60009765625,7824.1201171875,0
2025-09-11 12:00:00,7824.22998046875,7838.7099609375,7809.47021484375,7836.1201171875,0
2025-09-11 13:00:00,7834.89013671875,7848.3798828125,7814.580078125,7845.91015625,0
2025-09-11 14:00:00,7846.9501953125,7846.9501953125,7800.64013671875,7811.52001953125,0
2025-09-11 15:00:00,7812.22998046875,7820.9501953125,7806.490234375,7820.2900390625,0
2025-09-12 07:00:00,7830.7001953125,7839.35986328125,7803.2001953125,7803.52001953125,0
2025-09-12 08:00:00,7802.990234375,7808.39990234375,7768.91015625,7787.14013671875,0
2025-09-12 09:00:00,7787.5498046875,7800.330078125,7783.47998046875,7788.4501953125,0
2025-09-12 10:00:00,7788.35986328125,7794.68017578125,7779.8701171875,7794.02978515625,0
2025-09-12 11:00:00,7792.02978515625,7797.419921875,7784.6201171875,7797.419921875,0
2025-09-12 12:00:00,7797.6201171875,7818.16015625,7793.06005859375,7814.41015625,0
2025-09-12 13:00:00,7814.35009765625,7840.08984375,7813.16015625,7838.10009765625,0
2025-09-12 14:00:00,7839.1298828125,7842.6201171875,7825.0,7825.0,0
2025-09-12 15:00:00,7824.58984375,7827.9501953125,7817.7998046875,7818.52001953125,0
2025-09-15 07:00:00,7848.2001953125,7908.0498046875,7843.4599609375,7908.0498046875,0
2025-09-15 08:00:00,7908.72998046875,7928.52978515625,7898.97021484375,7910.33984375,0
2025-09-15 09:00:00,7909.18017578125,7910.66015625,7895.4501953125,7898.97021484375,0
2025-09-15 10:00:00,7898.64013671875,7916.33984375,7898.64013671875,7915.52978515625,0
2025-09-15 11:00:00,7915.169921875,7930.7998046875,7912.009765625,7930.35986328125,0
2025-09-15 12:00:00,7930.85009765625,7935.31005859375,7918.8701171875,7919.6298828125,0
2025-09-15 13:00:00,7919.0498046875,7919.0498046875,7887.7900390625,7890.919921875,0
2025-09-15 14:00:00,7892.009765625,7912.52978515625,7883.759765625,7901.8701171875,0
2025-09-15 15:00:00,7902.06005859375,7907.759765625,7893.7900390625,7898.10986328125,0
2025-09-16 08:00:00,7890.4599609375,7903.0400390625,7890.4599609375,7896.27001953125,0
2025-09-16 09:00:00,7897.6201171875,7898.9501953125,7896.16015625,7898.25,0
2025-09-16 10:00:00,7884.93017578125,7896.10986328125,7881.919921875,7885.9501953125,0
2025-09-16 11:00:00,7885.740234375,7893.7998046875,7880.02978515625,7885.35986328125,0
2025-09-16 12:00:00,7885.0400390625,7894.85009765625,7875.509765625,7875.509765625,0
2025-09-16 13:00:00,7872.77978515625,7879.22021484375,7841.009765625,7852.64013671875,0
2025-09-16 14:00:00,7853.330078125,7853.330078125,7828.39013671875,7829.669921875,0
2025-09-16 15:00:00,7830.43994140625,7830.43994140625,7811.1201171875,7811.1201171875,0
2025-09-17 07:00:00,7841.5498046875,7846.08984375,7823.759765625,7825.93017578125,0
2025-09-17 08:00:00,7826.10009765625,7830.91015625,7810.89990234375,7823.919921875,0
2025-09-17 09:00:00,7823.7099609375,7825.419921875,7811.56982421875,7816.6201171875,0
2025-09-17 10:00:00,7816.89990234375,7820.759765625,7796.72021484375,7801.47998046875,0
2025-09-17 11:00:00,7800.8798828125,7802.0,7790.740234375,7798.39013671875,0
2025-09-17 12:00:00,7798.0,7814.8798828125,7794.81982421875,7812.759765625,0
2025-09-17 13:00:00,7812.52001953125,7814.259765625,7796.85986328125,7809.39990234375,0
2025-09-17 14:00:00,7808.2001953125,7810.60009765625,7786.39013671875,7786.8798828125,0
2025-09-17 15:00:00,7786.27978515625,7787.14013671875,7777.9599609375,7781.8798828125,0
2025-09-18 07:00:00,7822.56982421875,7860.64013671875,7818.740234375,7858.8798828125,0
2025-09-18 08:00:00,7858.2099609375,7886.8701171875,7851.990234375,7884.47021484375,0
2025-09-18 09:00:00,7883.93017578125,7887.10986328125,7866.419921875,7866.89013671875,0
2025-09-18 10:00:00,7867.7900390625,7881.8701171875,7864.7099609375,7868.919921875,0
2025-09-18 11:00:00,7869.259765625,7886.91015625,7867.5,7876.669921875,0
2025-09-18 12:00:00,7876.77978515625,7877.419921875,7860.81982421875,7864.97021484375,0
2025-09-18 13:00:00,7864.72021484375,7864.72021484375,7844.41015625,7855.72021484375,0
2025-09-18 14:00:00,7856.83984375,7875.35009765625,7847.6298828125,7851.77978515625,0
2025-09-18 15:00:00,7851.2998046875,7858.64013671875,7842.89013671875,7858.64013671875,0
2025-09-19 07:00:00,7873.3701171875,7911.16015625,7870.009765625,7908.6201171875,0
2025-09-19 08:00:00,7908.27978515625,7934.919921875,7906.83984375,7911.240234375,0
2025-09-19 09:00:00,7910.31005859375,7914.56982421875,7878.77001953125,7879.97021484375,0
2025-09-19 10:00:00,7879.06982421875,7883.06982421875,7869.35009765625,7874.10986328125,0
2025-09-19 11:00:00,7873.259765625,7877.4501953125,7863.93994140625,7870.5400390625,0
2025-09-19 12:00:00,7870.52978515625,7880.52978515625,7865.6298828125,7874.0,0
2025-09-19 13:00:00,7874.35986328125,7884.990234375,7867.1298828125,7871.8798828125,0
2025-09-19 14:00:00,7878.0498046875,7889.56005859375,7872.22021484375,7875.919921875,0
2025-09-19 15:00:00,7875.6201171875,7876.5498046875,7860.93994140625,7863.14013671875,0
2025-09-22 07:00:00,7847.759765625,7850.22021484375,7801.169921875,7833.52001953125,0
2025-09-22 08:00:00,7833.77978515625,7847.259765625,7832.64013671875,7837.89013671875,0
2025-09-22 09:00:00,7838.0498046875,7843.080078125,7810.9599609375,7812.2099609375,0
2025-09-22 10:00:00,7812.72021484375,7841.75,7808.5400390625,7831.990234375,0
2025-09-22 11:00:00,7831.66015625,7843.35009765625,7828.16015625,7837.10986328125,0
2025-09-22 12:00:00,7837.43994140625,7844.52978515625,7823.72021484375,7826.419921875,0
2025-09-22 13:00:00,7826.0400390625,7833.830078125,7815.43017578125,7822.18994140625,0
2025-09-22 14:00:00,7824.77001953125,7825.68017578125,7805.1298828125,7825.68017578125,0
2025-09-22 15:00:00,7826.490234375,7833.2001953125,7824.27001953125,7830.97021484375,0
2025-09-23 07:00:00,7867.68994140625,7887.27001953125,7857.10986328125,7884.68994140625,0
2025-09-23 08:00:00,7885.009765625,7912.06005859375,7884.1298828125,7905.919921875,0
2025-09-23 09:00:00,7905.52978515625,7906.259765625,7896.25,7901.06005859375,0
2025-09-23 10:00:00,7901.27001953125,7901.27001953125,7874.52001953125,7885.89990234375,0
2025-09-23 11:00:00,7886.52978515625,7899.2001953125,7879.35986328125,7898.89013671875,0
2025-09-23 12:00:00,7899.2900390625,7910.83984375,7897.56005859375,7910.60009765625,0
2025-09-23 13:00:00,7910.7001953125,7919.06982421875,7900.02978515625,7917.43994140625,0
2025-09-23 14:00:00,7919.06005859375,7919.06005859375,7907.39013671875,7912.02001953125,0
2025-09-23 15:00:00,7910.33984375,7910.33984375,7887.669921875,7889.58984375,0
2025-09-24 07:00:00,7871.22021484375,7872.56982421875,7832.81005859375,7862.0,0
2025-09-24 08:00:00,7862.009765625,7862.990234375,7855.009765625,7855.330078125,0
2025-09-24 09:00:00,7855.2998046875,7856.6201171875,7845.68017578125,7850.77001953125,0
2025-09-24 10:00:00,7850.89013671875,7854.66015625,7842.2900390625,7845.3701171875,0
2025-09-24 11:00:00,7844.75,7846.56005859375,7811.14013671875,7822.490234375,0
2025-09-24 12:00:00,7821.56005859375,7826.759765625,7814.47998046875,7816.33984375,0
2025-09-24 13:00:00,7815.759765625,7837.89990234375,7810.0498046875,7822.2998046875,0
2025-09-24 14:00:00,7823.509765625,7849.31982421875,7823.509765625,7845.5400390625,0
2025-09-24 15:00:00,7846.68994140625,7846.68994140625,7834.740234375,7834.740234375,0
2025-09-25 07:00:00,7797.97021484375,7819.7001953125,7769.22021484375,7802.759765625,0
2025-09-25 08:00:00,7804.0498046875,7810.43994140625,7773.35986328125,7775.1298828125,0
2025-09-25 09:00:00,7774.66015625,7792.68017578125,7768.5498046875,7779.10986328125,0
2025-09-25 10:00:00,7778.9599609375,7792.97021484375,7773.490234375,7788.31982421875,0
2025-09-25 11:00:00,7787.990234375,7788.10986328125,7760.6298828125,7771.02001953125,0
2025-09-25 12:00:00,7770.91015625,7774.009765625,7760.06982421875,7770.85986328125,0
2025-09-25 13:00:00,7770.47021484375,7789.58984375,7770.47021484375,7782.4501953125,0
2025-09-25 14:00:00,7781.7001953125,7806.47021484375,7781.7001953125,7802.06982421875,0
2025-09-25 15:00:00,7803.830078125,7803.830078125,7777.89990234375,7780.5,0
2025-09-26 07:00:00,7822.169921875,7867.08984375,7821.759765625,7855.77978515625,0
2025-09-26 08:00:00,7855.5,7861.97998046875,7826.89990234375,7826.89990234375,0
2025-09-26 09:00:00,7826.7099609375,7835.5498046875,7822.0,7828.3798828125,0
2025-09-26 10:00:00,7828.39990234375,7832.22021484375,7821.25,7825.56982421875,0
2025-09-26 11:00:00,7825.580078125,7855.75,7823.75,7853.22998046875,0
2025-09-26 12:00:00,7852.39990234375,7875.0400390625,7846.830078125,7866.47998046875,0
2025-09-26 13:00:00,7866.33984375,7869.16015625,7840.580078125,7868.35009765625,0
2025-09-26 14:00:00,7868.35009765625,7870.10986328125,7851.490234375,7859.66015625,0
2025-09-26 15:00:00,7859.68994140625,7864.669921875,7856.2998046875,7864.0498046875,0
2025-09-29 07:00:00,7899.02001953125,7901.22998046875,7870.68017578125,7879.64013671875,0
2025-09-29 08:00:00,7880.2900390625,7893.60986328125,7874.10009765625,7884.8701171875,0
2025-09-29 09:00:00,7885.31005859375,7892.27001953125,7873.02001953125,7875.60986328125,0
2025-09-29 10:00:00,7875.27978515625,7891.93994140625,7872.2900390625,7876.16015625,0
2025-09-29 11:00:00,7876.85009765625,7892.06982421875,7870.47021484375,7891.52978515625,0
2025-09-29 12:00:00,7891.47998046875,7892.64990234375,7884.2900390625,7884.2900390625,0
2025-09-29 13:00:00,7884.43017578125,7887.7900390625,7874.52001953125,7878.89990234375,0
2025-09-29 14:00:00,7877.77978515625,7896.97021484375,7877.77978515625,7893.0400390625,0
2025-09-29 15:00:00,7893.06005859375,7899.02978515625,7891.6298828125,7897.39013671875,0
2025-09-30 07:00:00,7865.43994140625,7868.22998046875,7831.31982421875,7835.330078125,0
2025-09-30 08:00:00,7838.35986328125,7861.169921875,7831.080078125,7855.02978515625,0
2025-09-30 09:00:00,7854.93994140625,7862.31982421875,7850.52978515625,7854.8798828125,0
2025-09-30 10:00:00,7854.60986328125,7859.490234375,7846.7998046875,7853.2900390625,0
2025-09-30 11:00:00,7853.3701171875,7859.64013671875,7849.68994140625,7855.919921875,0
2025-09-30 12:00:00,7855.91015625,7869.7099609375,7852.490234375,7867.330078125,0
2025-09-30 13:00:00,7867.4599609375,7876.14990234375,7860.2099609375,7867.740234375,0
2025-09-30 14:00:00,7869.9599609375,7869.9599609375,7853.06005859375,7868.3798828125,0
2025-09-30 15:00:00,7868.2900390625,7890.3701171875,7868.080078125,7890.3701171875,0
2025-10-01 07:00:00,7894.2900390625,7903.08984375,7878.08984375,7889.06982421875,0
2025-10-01 08:00:00,7888.68994140625,7905.1298828125,7865.39990234375,7892.83984375,0
2025-10-01 09:00:00,7892.7998046875,7927.33984375,7892.06982421875,7919.10009765625,0
2025-10-01 10:00:00,7919.1298828125,7933.9501953125,7918.97021484375,7929.009765625,0
2025-10-01 11:00:00,7928.93994140625,7934.4501953125,7919.0,7934.08984375,0
2025-10-01 12:00:00,7934.97998046875,7938.669921875,7920.580078125,7935.06005859375,0
2025-10-01 13:00:00,7935.85009765625,7965.6201171875,7934.47021484375,7963.93017578125,0
2025-10-01 14:00:00,7964.52001953125,7975.10986328125,7957.7900390625,7966.7998046875,0
2025-10-01 15:00:00,7967.47021484375,7984.81982421875,7964.1298828125,7983.1201171875,0
2025-10-02 07:00:00,8025.5,8046.5400390625,8023.02001953125,8028.06982421875,0
2025-10-02 08:00:00,8028.419921875,8060.14013671875,8028.419921875,8060.14013671875,0
2025-10-02 09:00:00,8059.58984375,8059.75,8043.52978515625,8055.4501953125,0
2025-10-02 10:00:00,8056.08984375,8068.68994140625,8052.22021484375,8068.68994140625,0
2025-10-02 11:00:00,8068.509765625,8081.830078125,8060.52978515625,8076.990234375,0
2025-10-02 12:00:00,8077.1201171875,8088.52978515625,8068.64013671875,8072.52001953125,0
2025-10-02 13:00:00,8072.990234375,8085.91015625,8072.990234375,8075.27001953125,0
2025-10-02 14:00:00,8074.18994140625,8074.18994140625,8051.8701171875,8053.14013671875,0
2025-10-02 15:00:00,8052.740234375,8065.6201171875,8048.6298828125,8063.33984375,0
2025-10-03 07:00:00,8093.009765625,8093.009765625,8076.35986328125,8088.22998046875,0
2025-10-03 08:00:00,8087.75,8097.240234375,8071.47021484375,8074.06005859375,0
2025-10-03 09:00:00,8074.83984375,8080.740234375,8071.0,8079.10986328125,0
2025-10-03 10:00:00,8079.490234375,8084.58984375,8073.47021484375,8079.64013671875,0
2025-10-03 11:00:00,8079.5498046875,8079.60009765625,8045.39013671875,8046.60986328125,0
2025-10-03 12:00:00,8047.33984375,8051.66015625,8040.35986328125,8042.6298828125,0
2025-10-03 13:00:00,8042.81982421875,8061.52001953125,8042.18994140625,8060.81982421875,0
2025-10-03 14:00:00,8060.64013671875,8075.22021484375,8056.10009765625,8075.22021484375,0
2025-10-03 15:00:00,8074.91015625,8078.58984375,8068.39013671875,8078.58984375,0
2025-10-06 07:00:00,8035.330078125,8035.72021484375,7913.72998046875,7914.22021484375,0
2025-10-06 08:00:00,7919.06005859375,7944.56982421875,7909.4599609375,7944.3701171875,0
2025-10-06 09:00:00,7945.080078125,7964.89013671875,7940.81982421875,7953.43994140625,0
2025-10-06 10:00:00,7953.2900390625,7971.7001953125,7951.2900390625,7971.1298828125,0
2025-10-06 11:00:00,7971.16015625,7987.9599609375,7970.52978515625,7982.740234375,0
2025-10-06 12:00:00,7983.85009765625,7987.990234375,7963.58984375,7974.22021484375,0
2025-10-06 13:00:00,7974.83984375,7990.6201171875,7968.83984375,7971.08984375,0
2025-10-06 14:00:00,7971.52978515625,7987.35009765625,7962.72998046875,7974.06005859375,0
2025-10-06 15:00:00,7973.7998046875,7978.35009765625,7969.47021484375,7977.72998046875,0
2025-10-07 07:00:00,7974.91015625,7976.06982421875,7935.56982421875,7936.41015625,0
2025-10-07 08:00:00,7935.2900390625,7969.1298828125,7934.1298828125,7969.1298828125,0
2025-10-07 09:00:00,7969.2998046875,7984.64990234375,7965.91015625,7984.64990234375,0
2025-10-07 10:00:00,7984.2998046875,8004.68017578125,7981.16015625,8000.81982421875,0
2025-10-07 11:00:00,7999.5498046875,8005.740234375,7988.7998046875,7994.509765625,0
2025-10-07 12:00:00,7994.81982421875,7996.10009765625,7979.8701171875,7985.58984375,0
2025-10-07 13:00:00,7984.2099609375,7994.330078125,7979.43017578125,7985.47998046875,0
2025-10-07 14:00:00,7985.06005859375,7985.759765625,7972.5,7976.6298828125,0
2025-10-07 15:00:00,7976.509765625,7981.6298828125,7968.16015625,7972.72998046875,0
2025-10-08 07:00:00,7983.3701171875,8026.0,7983.3701171875,8020.7998046875,0
2025-10-08 08:00:00,8020.18017578125,8040.5400390625,8013.97021484375,8023.35986328125,0
2025-10-08 09:00:00,8023.43017578125,8035.14013671875,8017.93994140625,8019.43017578125,0
2025-10-08 10:00:00,8020.419921875,8046.85009765625,8016.1201171875,8044.990234375,0
2025-10-08 11:00:00,8043.14013671875,8047.2900390625,8038.9501953125,8042.6298828125,0
2025-10-08 12:00:00,8042.990234375,8053.06982421875,8039.5498046875,8052.16015625,0
2025-10-08 13:00:00,8052.02978515625,8054.669921875,8038.35009765625,8044.490234375,0
2025-10-08 14:00:00,8044.7900390625,8062.2001953125,8041.669921875,8060.83984375,0
2025-10-08 15:00:00,8060.72998046875,8070.64013671875,8060.31005859375,8067.5400390625,0
2025-10-09 07:00:00,8074.1201171875,8088.97998046875,8063.509765625,8067.39990234375,0
2025-10-09 08:00:00,8067.60009765625,8079.06982421875,8054.919921875,8060.240234375,0
2025-10-09 09:00:00,8060.5,8086.740234375,8053.669921875,8069.02001953125,0
2025-10-09 10:00:00,8068.25,8084.169921875,8065.58984375,8082.93017578125,0
2025-10-09 11:00:00,8082.64990234375,8109.77001953125,8081.06982421875,8102.6298828125,0
2025-10-09 12:00:00,8102.8798828125,8104.9501953125,8087.77978515625,8091.4501953125,0
2025-10-09 13:00:00,8092.08984375,8092.08984375,8057.080078125,8058.490234375,0
2025-10-09 14:00:00,8057.669921875,8068.81005859375,8047.2998046875,8052.7099609375,0
2025-10-09 15:00:00,8053.0,8055.0400390625,8045.33984375,8046.68994140625,0
2025-10-10 07:00:00,8049.56982421875,8076.93994140625,8049.56982421875,8075.85986328125,0
2025-10-10 08:00:00,8076.2001953125,8082.52978515625,8058.419921875,8065.39990234375,0
2025-10-10 09:00:00,8065.080078125,8065.080078125,8038.7900390625,8038.830078125,0
2025-10-10 10:00:00,8038.75,8061.7099609375,8037.16015625,8061.580078125,0
2025-10-10 11:00:00,8059.81005859375,8062.2900390625,8040.52001953125,8046.77001953125,0
2025-10-10 12:00:00,8046.68994140625,8046.68994140625,8022.8701171875,8033.39013671875,0
2025-10-10 13:00:00,8034.18994140625,8039.4501953125,8024.4599609375,8028.22021484375,0
2025-10-10 14:00:00,8027.60986328125,8033.1201171875,7975.240234375,7979.080078125,0
2025-10-10 15:00:00,7987.759765625,7987.759765625,7905.830078125,7912.43017578125,0
2025-10-13 07:00:00,7959.27001953125,7995.490234375,7949.9501953125,7982.0498046875,0
2025-10-13 08:00:00,7981.31982421875,7981.56005859375,7953.27001953125,7968.06005859375,0
2025-10-13 09:00:00,7967.93994140625,7971.83984375,7952.68994140625,7956.64990234375,0
2025-10-13 10:00:00,7956.52978515625,7961.91015625,7946.22998046875,7949.35986328125,0
2025-10-13 11:00:00,7948.8701171875,7957.4501953125,7930.1201171875,7942.169921875,0
2025-10-13 12:00:00,7941.2900390625,7941.2900390625,7926.56982421875,7926.72998046875,0
2025-10-13 13:00:00,7925.31005859375,7934.22021484375,7903.77978515625,7921.919921875,0
2025-10-13 14:00:00,7921.72021484375,7928.2998046875,7902.1201171875,7912.10986328125,0
2025-10-13 15:00:00,7912.22998046875,7925.31982421875,7910.0498046875,7924.39013671875,0
2025-10-14 07:00:00,7862.91015625,7879.89013671875,7853.81982421875,7868.259765625,0
2025-10-14 08:00:00,7869.830078125,7883.169921875,7865.72021484375,7880.83984375,0
2025-10-14 09:00:00,7880.669921875,7890.91015625,7863.68994140625,7864.7001953125,0
2025-10-14 10:00:00,7864.2001953125,7870.5,7825.97021484375,7835.669921875,0
2025-10-14 11:00:00,7837.6298828125,7870.89990234375,7835.9501953125,7860.02978515625,0
2025-10-14 12:00:00,7860.14013671875,7860.14013671875,7842.72998046875,7854.85009765625,0
2025-10-14 13:00:00,7855.64990234375,7912.68994140625,7855.64990234375,7907.10009765625,0
2025-10-14 14:00:00,7907.93017578125,7932.8798828125,7905.43994140625,7924.72998046875,0
2025-10-14 15:00:00,7924.08984375,7929.009765625,7919.06005859375,7921.41015625,0
2025-10-15 07:00:00,8029.97021484375,8119.47998046875,8024.5400390625,8118.3701171875,0
2025-10-15 08:00:00,8118.16015625,8130.72021484375,8095.3701171875,8101.22021484375,0
2025-10-15 09:00:00,8101.97998046875,8129.83984375,8100.52978515625,8125.68017578125,0
2025-10-15 10:00:00,8124.97021484375,8127.419921875,8105.1201171875,8105.97021484375,0
2025-10-15 11:00:00,8105.0,8113.02978515625,8077.81005859375,8096.080078125,0
2025-10-15 12:00:00,8095.7001953125,8110.5498046875,8092.06982421875,8094.25,0
2025-10-15 13:00:00,8094.31982421875,8096.06982421875,8076.64990234375,8089.3798828125,0
2025-10-15 14:00:00,8088.9599609375,8102.509765625,8082.8701171875,8089.18994140625,0
2025-10-15 15:00:00,8088.990234375,8096.3798828125,8085.33984375,8096.080078125,0
2025-10-16 07:00:00,8093.4599609375,8093.4599609375,8053.06982421875,8075.93017578125,0
2025-10-16 08:00:00,8076.259765625,8091.91015625,8073.9599609375,8089.56982421875,0
2025-10-16 09:00:00,8089.91015625,8142.7900390625,8087.9501953125,8142.14013671875,0
2025-10-16 10:00:00,8139.169921875,8143.4501953125,8128.490234375,8133.669921875,0
2025-10-16 11:00:00,8133.080078125,8151.18994140625,8131.5498046875,8146.02001953125,0
2025-10-16 12:00:00,8145.93017578125,8161.18017578125,8141.31982421875,8156.47021484375,0
2025-10-16 13:00:00,8156.490234375,8162.97021484375,8135.93994140625,8143.22998046875,0
2025-10-16 14:00:00,8140.72998046875,8165.52001953125,8134.830078125,8162.81005859375,0
2025-10-16 15:00:00,8163.9501953125,8185.3701171875,8162.77001953125,8184.7099609375,0
2025-10-17 07:00:00,8092.52978515625,8125.33984375,8080.830078125,8110.2998046875,0
2025-10-17 08:00:00,8109.64990234375,8134.509765625,8092.60986328125,8112.31005859375,0
2025-10-17 09:00:00,8112.83984375,8142.68994140625,8112.83984375,8140.9599609375,0
2025-10-17 10:00:00,8136.14013671875,8142.27978515625,8117.83984375,8140.89013671875,0
2025-10-17 11:00:00,8139.89990234375,8181.25,8139.27978515625,8172.8798828125,0
2025-10-17 12:00:00,8174.64990234375,8198.2197265625,8173.68017578125,8189.990234375,0
2025-10-17 13:00:00,8190.10009765625,8214.509765625,8175.31982421875,8206.41015625,0
2025-10-17 14:00:00,8205.2998046875,8224.5595703125,8183.58984375,8185.66015625,0
2025-10-17 15:00:00,8185.8701171875,8193.91015625,8177.02978515625,8177.77978515625,0
2025-10-20 07:00:00,8213.2001953125,8239.669921875,8201.3701171875,8237.0703125,0
2025-10-20 08:00:00,8237.6904296875,8237.6904296875,8162.72021484375,8163.06005859375,0
2025-10-20 09:00:00,8162.759765625,8172.490234375,8151.35009765625,8163.02978515625,0
2025-10-20 10:00:00,8162.83984375,8177.08984375,8162.83984375,8171.419921875,0
2025-10-20 11:00:00,8171.43017578125,8173.85986328125,8159.9501953125,8167.5498046875,0
2025-10-20 12:00:00,8167.14990234375,8182.60009765625,8167.14990234375,8182.43017578125,0
2025-10-20 13:00:00,8182.85986328125,8197.0595703125,8181.7900390625,8192.0703125,0
2025-10-20 14:00:00,8192.8603515625,8212.400390625,8192.8603515625,8203.490234375,0
2025-10-20 15:00:00,8203.3603515625,8211.490234375,8201.7197265625,8210.23046875,0
2025-10-21 07:00:00,8206.349609375,8227.900390625,8198.26953125,8222.6904296875,0
2025-10-21 08:00:00,8223.0400390625,8227.400390625,8206.41015625,8208.419921875,0
2025-10-21 09:00:00,8207.6796875,8219.7998046875,8207.6796875,8216.6298828125,0
2025-10-21 10:00:00,8217.2197265625,8235.150390625,8213.7001953125,8234.740234375,0
2025-10-21 11:00:00,8235.0498046875,8252.66015625,8234.7197265625,8247.8203125,0
2025-10-21 12:00:00,8248.0,8249.9296875,8236.8095703125,8242.58984375,0
2025-10-21 13:00:00,8242.9404296875,8246.9697265625,8231.58984375,8232.8603515625,0
2025-10-21 14:00:00,8233.6396484375,8250.58984375,8223.5595703125,8247.2900390625,0
2025-10-21 15:00:00,8246.75,8271.48046875,8246.6201171875,8261.8095703125,0
2025-10-22 07:00:00,8222.73046875,8230.08984375,8194.419921875,8219.3603515625,0
2025-10-22 08:00:00,8220.330078125,8220.330078125,8193.349609375,8209.169921875,0
2025-10-22 09:00:00,8211.41015625,8225.58984375,8205.759765625,8225.0703125,0
2025-10-22 10:00:00,8224.9296875,8248.900390625,8224.9296875,8243.01953125,0
2025-10-22 11:00:00,8242.3896484375,8246.01953125,8228.6201171875,8232.0302734375,0
2025-10-22 12:00:00,8232.2099609375,8243.83984375,8230.1796875,8239.48046875,0
2025-10-22 13:00:00,8239.650390625,8241.08984375,8219.7998046875,8221.98046875,0
2025-10-22 14:00:00,8221.990234375,8226.4501953125,8203.8701171875,8217.2197265625,0
2025-10-22 15:00:00,8217.7802734375,8220.4296875,8195.150390625,8196.3798828125,0
2025-10-23 07:00:00,8225.4501953125,8250.8203125,8220.5703125,8249.7197265625,0
2025-10-23 08:00:00,8250.1201171875,8250.8896484375,8215.5302734375,8222.4697265625,0
2025-10-23 09:00:00,8223.3203125,8234.3701171875,8223.3203125,8233.1298828125,0
2025-10-23 10:00:00,8232.73046875,8247.2802734375,8228.2802734375,8246.6396484375,0
2025-10-23 11:00:00,8246.48046875,8255.0595703125,8229.330078125,8229.330078125,0
2025-10-23 12:00:00,8229.169921875,8244.580078125,8223.5,8244.580078125,0
2025-10-23 13:00:00,8244.4296875,8257.4697265625,8238.08984375,8243.8798828125,0
2025-10-23 14:00:00,8244.4697265625,8246.3603515625,8230.83984375,8236.8896484375,0
2025-10-23 15:00:00,8237.0595703125,8239.4404296875,8229.3798828125,8234.2998046875,0
2025-10-24 07:00:00,8263.91015625,8263.91015625,8199.83984375,8204.3701171875,0
2025-10-24 08:00:00,8203.740234375,8205.0595703125,8181.080078125,8184.06982421875,0
2025-10-24 09:00:00,8185.2099609375,8203.5,8177.9501953125,8201.2802734375,0
2025-10-24 10:00:00,8202.1796875,8202.1796875,8182.0498046875,8182.68994140625,0
2025-10-24 11:00:00,8183.39013671875,8187.39013671875,8169.22998046875,8171.39990234375,0
2025-10-24 12:00:00,8171.4501953125,8200.1201171875,8171.4501953125,8184.2001953125,0
2025-10-24 13:00:00,8184.60009765625,8211.2197265625,8183.0498046875,8204.1103515625,0
2025-10-24 14:00:00,8205.3798828125,8212.580078125,8194.98046875,8205.7998046875,0
2025-10-24 15:00:00,8206.01953125,8220.650390625,8201.8701171875,8218.6103515625,0
2025-10-27 08:00:00,8237.2001953125,8241.080078125,8206.2802734375,8225.0302734375,0
2025-10-27 09:00:00,8225.240234375,8227.330078125,8202.7197265625,8218.6396484375,0
2025-10-27 10:00:00,8219.3603515625,8236.240234375,8217.33984375,8233.259765625,0
2025-10-27 11:00:00,8232.6396484375,8234.0703125,8210.2802734375,8213.01953125,0
2025-10-27 12:00:00,8213.7802734375,8219.2099609375,8208.740234375,8216.9404296875,0
2025-10-27 13:00:00,8215.58984375,8232.8203125,8209.26953125,8230.01953125,0
2025-10-27 14:00:00,8229.7998046875,8252.6396484375,8229.3095703125,8252.6396484375,0
2025-10-27 15:00:00,8252.0400390625,8252.0400390625,8230.2802734375,8230.75,0
2025-10-27 16:00:00,8230.349609375,8243.2998046875,8230.2998046875,8242.0595703125,0
2025-10-28 08:00:00,8219.5302734375,8239.48046875,8213.16015625,8227.25,0
2025-10-28 09:00:00,8226.650390625,8243.6396484375,8219.7998046875,8219.7998046875,0
2025-10-28 10:00:00,8219.6201171875,8236.2802734375,8219.6201171875,8232.0400390625,0
2025-10-28 11:00:00,8231.4697265625,8236.08984375,8225.33984375,8232.080078125,0
2025-10-28 12:00:00,8233.0595703125,8239.0595703125,8220.6103515625,8223.66015625,0
2025-10-28 13:00:00,8223.0703125,8232.66015625,8207.6396484375,8210.169921875,0
2025-10-28 14:00:00,8209.599609375,8236.8603515625,8208.5,8227.1904296875,0
2025-10-28 15:00:00,8226.9296875,8229.3095703125,8204.009765625,8212.0400390625,0
2025-10-28 16:00:00,8210.7197265625,8217.400390625,8209.1103515625,8215.830078125,0
2025-10-29 08:00:00,8198.7099609375,8225.1796875,8191.740234375,8206.5595703125,0
2025-10-29 09:00:00,8206.2998046875,8221.9404296875,8204.9501953125,8212.7001953125,0
2025-10-29 10:00:00,8213.6103515625,8223.1103515625,8210.900390625,8220.759765625,0
2025-10-29 11:00:00,8219.7998046875,8226.3203125,8212.1298828125,8218.83984375,0
2025-10-29 12:00:00,8219.0400390625,8224.419921875,8210.009765625,8212.0703125,0
2025-10-29 13:00:00,8211.6103515625,8211.6103515625,8187.68994140625,8195.1201171875,0
2025-10-29 14:00:00,8194.7998046875,8203.83984375,8186.009765625,8202.3798828125,0
2025-10-29 15:00:00,8203.41015625,8212.8095703125,8198.759765625,8198.759765625,0
2025-10-29 16:00:00,8198.08984375,8201.51953125,8192.669921875,8198.5595703125,0
2025-10-30 08:00:00,8180.35009765625,8206.83984375,8149.2001953125,8194.259765625,0
2025-10-30 09:00:00,8193.48046875,8196.3203125,8141.93994140625,8153.93994140625,0
2025-10-30 10:00:00,8153.35986328125,8161.18017578125,8136.3701171875,8138.080078125,0
2025-10-30 11:00:00,8139.06005859375,8151.85009765625,8121.93017578125,8121.93017578125,0
2025-10-30 12:00:00,8122.06005859375,8133.77978515625,8114.740234375,8127.4599609375,0
2025-10-30 13:00:00,8127.22021484375,8149.97021484375,8121.47998046875,8144.14990234375,0
2025-10-30 14:00:00,8143.509765625,8153.41015625,8129.27978515625,8151.419921875,0
2025-10-30 15:00:00,8151.2001953125,8155.52978515625,8138.7001953125,8140.35009765625,0
2025-10-30 16:00:00,8140.27978515625,8151.64990234375,8137.7001953125,8151.64990234375,0
2025-10-31 08:00:00,8150.22021484375,8161.81005859375,8143.2900390625,8150.18017578125,0
2025-10-31 09:00:00,8150.16015625,8151.1201171875,8127.43017578125,8127.52978515625,0
2025-10-31 10:00:00,8128.22021484375,8149.72021484375,8118.9599609375,8137.240234375,0
2025-10-31 11:00:00,8137.759765625,8149.259765625,8125.97021484375,8143.97021484375,0
2025-10-31 12:00:00,8143.9501953125,8144.990234375,8120.740234375,8121.16015625,0
2025-10-31 13:00:00,8121.7900390625,8130.330078125,8106.9501953125,8110.4599609375,0
2025-10-31 14:00:00,8111.740234375,8131.56982421875,8111.740234375,8129.47021484375,0
2025-10-31 15:00:00,8130.06982421875,8132.759765625,8114.33984375,8115.580078125,0
2025-10-31 16:00:00,8115.97021484375,8118.93994140625,8108.6298828125,8117.93994140625,0
2025-11-03 08:00:00,8118.83984375,8141.4599609375,8097.35009765625,8133.509765625,0
2025-11-03 09:00:00,8133.5,8151.0,8127.259765625,8134.580078125,0
2025-11-03 10:00:00,8134.740234375,8145.27978515625,8134.740234375,8144.509765625,0
2025-11-03 11:00:00,8144.77001953125,8149.81005859375,8135.7900390625,8137.91015625,0
2025-11-03 12:00:00,8137.85986328125,8140.509765625,8124.2099609375,8127.4599609375,0
2025-11-03 13:00:00,8127.2099609375,8127.2099609375,8104.97998046875,8106.0498046875,0
2025-11-03 14:00:00,8106.43017578125,8111.72998046875,8099.1201171875,8105.43017578125,0
2025-11-03 15:00:00,8105.31982421875,8109.91015625,8094.41015625,8103.919921875,0
2025-11-03 16:00:00,8103.4599609375,8112.60986328125,8098.509765625,8107.009765625,0
2025-11-04 08:00:00,8014.47021484375,8017.669921875,7990.8701171875,8013.81005859375,0
2025-11-04 09:00:00,8013.669921875,8022.759765625,7968.990234375,7969.39990234375,0
2025-11-04 10:00:00,7969.009765625,8010.830078125,7963.68994140625,8005.259765625,0
2025-11-04 11:00:00,8005.60986328125,8018.14013671875,8002.4501953125,8013.7001953125,0
2025-11-04 12:00:00,8015.18017578125,8018.830078125,8004.27001953125,8012.75,0
2025-11-04 13:00:00,8012.740234375,8039.43994140625,8011.759765625,8036.7001953125,0
2025-11-04 14:00:00,8036.009765625,8057.97021484375,8028.5498046875,8056.2998046875,0
2025-11-04 15:00:00,8057.7900390625,8063.9599609375,8053.60009765625,8063.669921875,0
2025-11-04 16:00:00,8063.60986328125,8067.580078125,8053.7099609375,8060.08984375,0
2025-11-05 08:00:00,8008.06005859375,8075.31982421875,8005.81982421875,8065.43994140625,0
2025-11-05 09:00:00,8065.10009765625,8068.25,8040.7900390625,8051.259765625,0
2025-11-05 10:00:00,8050.64013671875,8053.56005859375,8036.39013671875,8041.2900390625,0
2025-11-05 11:00:00,8041.27001953125,8062.490234375,8034.58984375,8057.64013671875,0
2025-11-05 12:00:00,8056.93994140625,8065.97998046875,8053.58984375,8065.97998046875,0
2025-11-05 13:00:00,8065.330078125,8068.9599609375,8059.14990234375,8063.7099609375,0
2025-11-05 14:00:00,8063.56982421875,8077.83984375,8056.3701171875,8076.85009765625,0
2025-11-05 15:00:00,8076.97021484375,8097.83984375,8073.6201171875,8079.33984375,0
2025-11-05 16:00:00,8079.43017578125,8081.9501953125,8067.6298828125,8081.169921875,0
2025-11-06 08:00:00,8016.669921875,8031.5498046875,8005.8798828125,8027.0498046875,0
2025-11-06 09:00:00,8027.68994140625,8043.2099609375,8027.68994140625,8036.97021484375,0
2025-11-06 10:00:00,8035.77001953125,8043.60986328125,8031.72021484375,8033.91015625,0
2025-11-06 11:00:00,8033.33984375,8044.85986328125,8028.47998046875,8028.47998046875,0
2025-11-06 12:00:00,8027.85986328125,8032.22998046875,8016.6201171875,8031.2099609375,0
2025-11-06 13:00:00,8031.39013671875,8032.02001953125,8015.1298828125,8018.22998046875,0
2025-11-06 14:00:00,8018.52978515625,8020.43994140625,7979.669921875,7979.68017578125,0
2025-11-06 15:00:00,7980.31982421875,7985.259765625,7958.39990234375,7959.93994140625,0
2025-11-06 16:00:00,7959.35986328125,7966.740234375,7950.7998046875,7958.35986328125,0
2025-11-07 08:00:00,7986.06982421875,8000.990234375,7962.56005859375,7969.759765625,0
2025-11-07 09:00:00,7970.72021484375,7978.75,7949.22021484375,7956.8701171875,0
2025-11-07 10:00:00,7957.35009765625,7957.35009765625,7930.830078125,7934.259765625,0
2025-11-07 11:00:00,7934.5498046875,7938.81982421875,7908.58984375,7938.39990234375,0
2025-11-07 12:00:00,7938.72998046875,7940.06005859375,7920.41015625,7921.72998046875,0
2025-11-07 13:00:00,7922.14990234375,7937.830078125,7918.10986328125,7931.60009765625,0
2025-11-07 14:00:00,7931.240234375,7946.22021484375,7924.16015625,7946.22021484375,0
2025-11-07 15:00:00,7946.10986328125,7961.669921875,7936.669921875,7943.8701171875,0
2025-11-07 16:00:00,7944.2900390625,7952.25,7938.2099609375,7938.2099609375,0
2025-11-10 08:00:00,8044.08984375,8045.1201171875,8017.47021484375,8042.02978515625,0
2025-11-10 09:00:00,8041.43017578125,8067.25,8033.72998046875,8061.33984375,0
2025-11-10 10:00:00,8061.52001953125,8063.77978515625,8055.4599609375,8063.77978515625,0
2025-11-10 11:00:00,8063.89990234375,8069.18017578125,8044.43017578125,8068.43994140625,0
2025-11-10 12:00:00,8068.35986328125,8069.58984375,8050.919921875,8053.10986328125,0
2025-11-10 13:00:00,8052.7099609375,8068.35009765625,8052.7099609375,8067.2998046875,0
2025-11-10 14:00:00,8066.990234375,8074.35986328125,8048.02978515625,8050.9501953125,0
2025-11-10 15:00:00,8050.35986328125,8077.18017578125,8050.35986328125,8068.2001953125,0
2025-11-10 16:00:00,8067.60986328125,8075.41015625,8064.6298828125,8068.47021484375,0
2025-11-11 08:00:00,8080.60009765625,8109.6201171875,8078.22021484375,8101.240234375,0
2025-11-11 09:00:00,8100.31005859375,8121.669921875,8098.4501953125,8113.58984375,0
2025-11-11 10:00:00,8113.759765625,8117.2099609375,8102.2099609375,8107.52001953125,0
2025-11-11 11:00:00,8107.16015625,8114.43994140625,8101.5400390625,8101.68994140625,0
2025-11-11 12:00:00,8101.89990234375,8121.18017578125,8098.89990234375,8120.72021484375,0
2025-11-11 13:00:00,8120.31982421875,8127.43994140625,8112.68994140625,8124.5400390625,0
2025-11-11 14:00:00,8124.39990234375,8159.0400390625,8123.64013671875,8159.0400390625,0
2025-11-11 15:00:00,8160.14990234375,8169.7998046875,8145.1201171875,8145.169921875,0
2025-11-11 16:00:00,8145.240234375,8164.27001953125,8144.89990234375,8159.7001953125,0
2025-11-12 08:00:00,8190.68017578125,8225.1103515625,8185.02978515625,8219.2802734375,0
2025-11-12 09:00:00,8218.1298828125,8241.5595703125,8211.1298828125,8237.509765625,0
2025-11-12 10:00:00,8237.58984375,8243.7099609375,8228.75,8243.3798828125,0
2025-11-12 11:00:00,8243.099609375,8250.400390625,8234.3896484375,8246.3603515625,0
2025-11-12 12:00:00,8246.1103515625,8268.490234375,8244.1298828125,8262.0703125,0
2025-11-12 13:00:00,8262.0400390625,8269.669921875,8256.9599609375,8261.8798828125,0
2025-11-12 14:00:00,8261.3203125,8272.0595703125,8242.1396484375,8272.0595703125,0
2025-11-12 15:00:00,8273.580078125,8280.9697265625,8247.0400390625,8249.0302734375,0
2025-11-12 16:00:00,8249.5400390625,8254.169921875,8245.9599609375,8248.5595703125,0
2025-11-13 08:00:00,8270.849609375,8314.099609375,8270.849609375,8313.16015625,0
2025-11-13 09:00:00,8312.490234375,8314.23046875,8275.0302734375,8288.849609375,0
2025-11-13 10:00:00,8288.76953125,8303.5703125,8286.1298828125,8294.91015625,0
2025-11-13 11:00:00,8294.4697265625,8294.4697265625,8276.75,8278.6201171875,0
2025-11-13 12:00:00,8278.5302734375,8279.580078125,8267.4296875,8271.3603515625,0
2025-11-13 13:00:00,8271.23046875,8275.3896484375,8265.1904296875,8271.3701171875,0
2025-11-13 14:00:00,8272.08984375,8287.330078125,8263.990234375,8266.3896484375,0
2025-11-13 15:00:00,8266.16015625,8267.3701171875,8232.5400390625,8235.400390625,0
2025-11-13 16:00:00,8235.990234375,8239.1103515625,8227.8798828125,8233.7998046875,0
2025-11-14 08:00:00,8186.14013671875,8202.48046875,8177.0400390625,8192.4697265625,0
2025-11-14 09:00:00,8192.48046875,8202.23046875,8157.60986328125,8165.35009765625,0
2025-11-14 10:00:00,8165.72998046875,8168.22998046875,8146.669921875,8151.919921875,0
2025-11-14 11:00:00,8152.16015625,8152.169921875,8104.9501953125,8110.2001953125,0
2025-11-14 12:00:00,8110.27978515625,8119.0400390625,8084.22998046875,8113.72021484375,0
2025-11-14 13:00:00,8113.02001953125,8125.990234375,8093.43017578125,8124.830078125,0
2025-11-14 14:00:00,8125.64013671875,8150.759765625,8114.3798828125,8150.759765625,0
2025-11-14 15:00:00,8151.22998046875,8164.56005859375,8143.14013671875,8154.64013671875,0
2025-11-14 16:00:00,8156.18017578125,8164.81005859375,8141.3798828125,8163.31005859375,0
2025-11-17 08:00:00,8155.93017578125,8176.10009765625,8151.759765625,8159.27978515625,0
2025-11-17 09:00:00,8160.5400390625,8164.1298828125,8143.14990234375,8157.02001953125,0
2025-11-17 10:00:00,8156.2900390625,8156.2900390625,8132.93994140625,8136.9599609375,0
2025-11-17 11:00:00,8136.72021484375,8152.83984375,8131.9501953125,8137.8798828125,0
2025-11-17 12:00:00,8137.58984375,8137.58984375,8124.5,8130.66015625,0
2025-11-17 13:00:00,8131.7998046875,8136.10986328125,8111.77978515625,8123.740234375,0
2025-11-17 14:00:00,8124.669921875,8137.72998046875,8118.25,8137.72998046875,0
2025-11-17 15:00:00,8139.7001953125,8142.490234375,8120.60986328125,8121.7099609375,0
2025-11-17 16:00:00,8122.1201171875,8126.330078125,8109.81982421875,8124.919921875,0
2025-11-18 08:00:00,8017.72998046875,8021.39990234375,7983.85986328125,8011.97998046875,0
2025-11-18 09:00:00,8010.60009765625,8030.35009765625,8003.91015625,8030.35009765625,0
2025-11-18 10:00:00,8029.35009765625,8031.3701171875,8003.5,8026.85009765625,0
2025-11-18 11:00:00,8026.81982421875,8032.509765625,8009.18017578125,8010.1298828125,0
2025-11-18 12:00:00,8009.7998046875,8011.43994140625,7998.2099609375,7998.509765625,0
2025-11-18 13:00:00,7999.419921875,8005.31005859375,7984.68994140625,7984.68994140625,0
2025-11-18 14:00:00,7984.22998046875,7990.93017578125,7958.52001953125,7961.93994140625,0
2025-11-18 15:00:00,7961.52978515625,7962.7099609375,7925.06005859375,7947.080078125,0
2025-11-18 16:00:00,7946.330078125,7962.97021484375,7938.43017578125,7962.2998046875,0
2025-11-19 08:00:00,7964.77001953125,7971.1201171875,7922.75,7924.0498046875,0
2025-11-19 09:00:00,7922.93017578125,7948.259765625,7919.35986328125,7948.02978515625,0
2025-11-19 10:00:00,7948.22021484375,7957.2099609375,7940.3701171875,7956.77001953125,0
2025-11-19 11:00:00,7957.2001953125,7977.85009765625,7956.10986328125,7969.009765625,0
2025-11-19 12:00:00,7967.68017578125,7970.7900390625,7959.8701171875,7961.7998046875,0
2025-11-19 13:00:00,7961.5400390625,7979.52001953125,7959.89990234375,7979.43994140625,0
2025-11-19 14:00:00,7979.8798828125,8004.990234375,7973.27001953125,8004.990234375,0
2025-11-19 15:00:00,8004.419921875,8005.75,7977.0,7979.89013671875,0
2025-11-19 16:00:00,7980.33984375,7983.75,7969.22998046875,7971.68994140625,0
2025-11-20 08:00:00,8044.85009765625,8057.7001953125,8032.22021484375,8037.3701171875,0
2025-11-20 09:00:00,8038.10009765625,8038.10009765625,8001.4501953125,8006.47021484375,0
2025-11-20 10:00:00,8006.669921875,8029.08984375,8005.0,8025.830078125,0
2025-11-20 11:00:00,8026.330078125,8026.330078125,7986.27978515625,7993.22998046875,0
2025-11-20 12:00:00,7993.2900390625,8019.759765625,7987.52001953125,8019.0498046875,0
2025-11-20 13:00:00,8019.81982421875,8043.0400390625,8016.2001953125,8041.27978515625,0
2025-11-20 14:00:00,8041.89990234375,8044.830078125,8028.830078125,8043.5,0
2025-11-20 15:00:00,8044.83984375,8048.0,8025.5,8025.5,0
2025-11-20 16:00:00,8024.93017578125,8024.93017578125,7984.85986328125,7989.4501953125,0
2025-11-21 08:00:00,7881.10009765625,7972.64990234375,7875.8701171875,7970.93017578125,0
2025-11-21 09:00:00,7971.60009765625,7972.509765625,7926.75,7935.3798828125,0
2025-11-21 10:00:00,7935.3798828125,7952.81005859375,7909.3798828125,7951.14990234375,0
2025-11-21 11:00:00,7951.10009765625,7982.080078125,7947.6201171875,7950.8701171875,0
2025-11-21 12:00:00,7951.830078125,7983.52978515625,7935.509765625,7980.2998046875,0
2025-11-21 13:00:00,7980.169921875,7996.4599609375,7971.580078125,7992.990234375,0
2025-11-21 14:00:00,7993.41015625,7994.43994140625,7977.4501953125,7980.509765625,0
2025-11-21 15:00:00,7980.5,7982.64013671875,7955.4501953125,7970.97998046875,0
2025-11-21 16:00:00,7969.93017578125,7978.2001953125,7962.81005859375,7976.89990234375,0
2025-11-24 08:00:00,8030.4599609375,8033.3798828125,7997.35009765625,8026.9501953125,0
2025-11-24 09:00:00,8027.2099609375,8029.14013671875,7981.02978515625,8005.68994140625,0
2025-11-24 10:00:00,8004.93017578125,8007.490234375,7970.580078125,7974.85009765625,0
2025-11-24 11:00:00,7974.490234375,7983.31005859375,7958.60986328125,7979.10986328125,0
2025-11-24 12:00:00,7978.47021484375,7985.1298828125,7971.830078125,7982.89013671875,0
2025-11-24 13:00:00,7982.10009765625,7998.259765625,7966.47998046875,7966.47998046875,0
2025-11-24 14:00:00,7966.56005859375,7983.669921875,7958.89013671875,7983.669921875,0
2025-11-24 15:00:00,7988.7998046875,8011.7998046875,7988.7998046875,8000.31982421875,0
2025-11-24 16:00:00,7998.81005859375,8004.1298828125,7991.5,7992.81005859375,0
2025-11-25 08:00:00,7981.89013671875,7989.68017578125,7948.60009765625,7959.33984375,0
2025-11-25 09:00:00,7959.3798828125,7979.2001953125,7942.72021484375,7967.43994140625,0
2025-11-25 10:00:00,7968.47998046875,7968.490234375,7945.35009765625,7966.10986328125,0
2025-11-25 11:00:00,7965.990234375,7976.25,7963.3701171875,7971.1298828125,0
2025-11-25 12:00:00,7971.81005859375,8033.06005859375,7967.93017578125,7994.5,0
2025-11-25 13:00:00,7992.009765625,8017.85009765625,7991.85009765625,8015.259765625,0
2025-11-25 14:00:00,8016.52001953125,8038.669921875,7995.56005859375,8025.97021484375,0
2025-11-25 15:00:00,8025.669921875,8036.7001953125,8010.33984375,8033.009765625,0
2025-11-25 16:00:00,8032.89990234375,8036.509765625,8027.22998046875,8027.47021484375,0
2025-11-26 08:00:00,8075.47021484375,8080.22998046875,8041.52001953125,8043.5,0
2025-11-26 09:00:00,8043.490234375,8054.8798828125,8027.60986328125,8046.02978515625,0
2025-11-26 10:00:00,8045.89013671875,8063.2900390625,8045.89013671875,8062.830078125,0
2025-11-26 11:00:00,8062.58984375,8074.47021484375,8057.7998046875,8065.91015625,0
2025-11-26 12:00:00,8066.14990234375,8066.2001953125,8039.7900390625,8061.77001953125,0
2025-11-26 13:00:00,8061.3701171875,8081.72021484375,8059.81005859375,8077.5,0
2025-11-26 14:00:00,8077.7998046875,8087.009765625,8066.22021484375,8074.52978515625,0
2025-11-26 15:00:00,8074.2001953125,8092.77978515625,8070.85986328125,8092.77978515625,0
2025-11-26 16:00:00,8093.08984375,8098.669921875,8088.509765625,8093.740234375,0
2025-11-27 08:00:00,8098.68017578125,8111.0400390625,8080.83984375,8091.990234375,0
2025-11-27 09:00:00,8090.68994140625,8101.2900390625,8081.97021484375,8084.33984375,0
2025-11-27 10:00:00,8083.75,8103.0,8082.3798828125,8102.169921875,0
2025-11-27 11:00:00,8101.64990234375,8104.89013671875,8096.5400390625,8099.35986328125,0
2025-11-27 12:00:00,8099.39990234375,8111.990234375,8098.43994140625,8110.31982421875,0
2025-11-27 13:00:00,8109.419921875,8115.4599609375,8101.60009765625,8103.259765625,0
2025-11-27 14:00:00,8102.7001953125,8109.31005859375,8094.75,8104.85009765625,0
2025-11-27 15:00:00,8105.3701171875,8110.14013671875,8098.93017578125,8105.08984375,0
2025-11-27 16:00:00,8105.3798828125,8106.10986328125,8098.22021484375,8100.02978515625,0
2025-11-28 08:00:00,8105.009765625,8112.02001953125,8090.83984375,8096.7900390625,0
2025-11-28 09:00:00,8096.64990234375,8100.4599609375,8084.22998046875,8100.14990234375,0
2025-11-28 10:00:00,8100.02978515625,8114.06005859375,8099.39990234375,8107.669921875,0
2025-11-28 11:00:00,8107.5,8115.16015625,8101.7900390625,8110.58984375,0
2025-11-28 12:00:00,8110.72021484375,8123.02001953125,8110.72021484375,8112.56005859375,0
2025-11-28 13:00:00,8112.22021484375,8119.2900390625,8107.47998046875,8118.259765625,0
2025-11-28 14:00:00,8117.919921875,8124.64013671875,8113.89013671875,8124.25,0
2025-11-28 15:00:00,8125.33984375,8132.169921875,8114.009765625,8114.43017578125,0
2025-11-28 16:00:00,8114.06982421875,8127.16015625,8114.06982421875,8118.89013671875,0
2025-12-01 08:00:00,8078.39990234375,8103.06005859375,8070.31982421875,8094.7900390625,0
2025-12-01 09:00:00,8094.08984375,8112.669921875,8077.5,8081.5498046875,0
2025-12-01 10:00:00,8082.27978515625,8097.64013671875,8068.16015625,8068.93994140625,0
2025-12-01 11:00:00,8067.97998046875,8069.85986328125,8053.330078125,8058.0400390625,0
2025-12-01 12:00:00,8058.0498046875,8063.75,8043.81005859375,8058.8701171875,0
2025-12-01 13:00:00,8057.52978515625,8083.14990234375,8057.52978515625,8081.7001953125,0
2025-12-01 14:00:00,8081.240234375,8101.14013671875,8077.5400390625,8101.14013671875,0
2025-12-01 15:00:00,8101.16015625,8102.759765625,8090.6298828125,8101.89013671875,0
2025-12-01 16:00:00,8102.240234375,8114.14013671875,8102.080078125,8109.2001953125,0
2025-12-02 08:00:00,8084.77001953125,8122.93994140625,8082.740234375,8122.93994140625,0
2025-12-02 09:00:00,8123.58984375,8126.31982421875,8105.33984375,8119.93994140625,0
2025-12-02 10:00:00,8120.3701171875,8132.16015625,8101.27978515625,8131.83984375,0
2025-12-02 11:00:00,8131.7099609375,8135.7998046875,8123.3701171875,8130.5400390625,0
2025-12-02 12:00:00,8130.60009765625,8130.60009765625,8107.77001953125,8123.990234375,0
2025-12-02 13:00:00,8123.66015625,8123.66015625,8093.6298828125,8103.919921875,0
2025-12-02 14:00:00,8103.8798828125,8106.259765625,8076.33984375,8088.7900390625,0
2025-12-02 15:00:00,8087.93994140625,8094.52001953125,8072.06005859375,8094.06982421875,0
2025-12-02 16:00:00,8093.77001953125,8097.56005859375,8073.39013671875,8075.580078125,0
2025-12-03 08:00:00,8071.77978515625,8097.02001953125,8064.5498046875,8096.740234375,0
2025-12-03 09:00:00,8097.27001953125,8103.14013671875,8083.85009765625,8088.009765625,0
2025-12-03 10:00:00,8087.64990234375,8100.91015625,8070.5400390625,8070.5400390625,0
2025-12-03 11:00:00,8069.990234375,8084.22998046875,8068.02001953125,8070.669921875,0
2025-12-03 12:00:00,8070.3798828125,8088.31982421875,8066.22021484375,8082.43994140625,0
2025-12-03 13:00:00,8082.06005859375,8088.6298828125,8068.10009765625,8071.580078125,0
2025-12-03 14:00:00,8071.72998046875,8085.009765625,8051.4501953125,8078.8798828125,0
2025-12-03 15:00:00,8079.56982421875,8093.5400390625,8079.56982421875,8089.60986328125,0
2025-12-03 16:00:00,8089.39013671875,8089.81005859375,8078.830078125,8079.52978515625,0
2025-12-04 08:00:00,8115.169921875,8128.64990234375,8106.669921875,8112.43994140625,0
2025-12-04 09:00:00,8112.5,8123.31982421875,8098.08984375,8121.06005859375,0
2025-12-04 10:00:00,8120.16015625,8121.43017578125,8109.91015625,8110.009765625,0
2025-12-04 11:00:00,8110.02001953125,8125.240234375,8110.02001953125,8118.7998046875,0
2025-12-04 12:00:00,8119.1201171875,8129.259765625,8110.6201171875,8127.27001953125,0
2025-12-04 13:00:00,8127.27001953125,8133.33984375,8118.10009765625,8126.22998046875,0
2025-12-04 14:00:00,8126.18994140625,8136.0,8121.35986328125,8124.06982421875,0
2025-12-04 15:00:00,8123.89013671875,8128.0400390625,8116.31005859375,8126.8701171875,0
2025-12-04 16:00:00,8125.669921875,8137.64990234375,8125.669921875,8130.5498046875,0
2025-12-05 08:00:00,8148.06982421875,8148.06982421875,8130.830078125,8133.68994140625,0
2025-12-05 09:00:00,8135.2900390625,8150.97998046875,8132.919921875,8150.3701171875,0
2025-12-05 10:00:00,8149.89013671875,8157.1201171875,8142.85986328125,8155.2001953125,0
2025-12-05 11:00:00,8155.22998046875,8160.81005859375,8143.66015625,8149.2900390625,0
2025-12-05 12:00:00,8149.2900390625,8154.27001953125,8138.8701171875,8143.4599609375,0
2025-12-05 13:00:00,8143.60986328125,8146.2099609375,8123.0,8124.93017578125,0
2025-12-05 14:00:00,8124.740234375,8132.58984375,8122.330078125,8132.58984375,0
2025-12-05 15:00:00,8130.81005859375,8134.35009765625,8122.97998046875,8125.97998046875,0
2025-12-05 16:00:00,8125.68017578125,8125.68017578125,8116.16015625,8117.3798828125,0
2025-12-08 08:00:00,8098.9599609375,8108.93017578125,8081.27978515625,8083.02978515625,0
2025-12-08 09:00:00,8081.5400390625,8109.509765625,8080.85009765625,8107.7001953125,0
2025-12-08 10:00:00,8108.259765625,8109.56982421875,8097.39013671875,8099.080078125,0
2025-12-08 11:00:00,8099.91015625,8108.2900390625,8096.06005859375,8099.68994140625,0
2025-12-08 12:00:00,8099.85986328125,8102.68017578125,8093.740234375,8100.08984375,0
2025-12-08 13:00:00,8100.2998046875,8109.31982421875,8090.22998046875,8092.83984375,0
2025-12-08 14:00:00,8093.5400390625,8110.759765625,8090.68994140625,8110.759765625,0
2025-12-08 15:00:00,8110.009765625,8110.419921875,8094.8798828125,8096.18017578125,0
2025-12-08 16:00:00,8096.3701171875,8101.14013671875,8085.06982421875,8099.759765625,0
2025-12-09 08:00:00,8117.43017578125,8135.97998046875,8106.18994140625,8108.0498046875,0
2025-12-09 09:00:00,8107.60009765625,8107.60009765625,8076.490234375,8081.58984375,0
2025-12-09 10:00:00,8081.18017578125,8084.080078125,8070.7998046875,8081.22998046875,0
2025-12-09 11:00:00,8081.60009765625,8081.60009765625,8056.35009765625,8058.93017578125,0
2025-12-09 12:00:00,8059.259765625,8062.39990234375,8053.8798828125,8062.39990234375,0
2025-12-09 13:00:00,8062.759765625,8068.490234375,8058.240234375,8065.740234375,0
2025-12-09 14:00:00,8065.89990234375,8069.83984375,8060.35009765625,8069.02001953125,0
2025-12-09 15:00:00,8068.85986328125,8070.8798828125,8044.990234375,8047.14013671875,0
2025-12-09 16:00:00,8047.10986328125,8058.56982421875,8046.43994140625,8056.64990234375,0
2025-12-10 08:00:00,8035.08984375,8045.22021484375,8014.06982421875,8030.4599609375,0
2025-12-10 09:00:00,8030.330078125,8042.330078125,8005.10986328125,8033.3798828125,0
2025-12-10 10:00:00,8033.0400390625,8036.72998046875,8013.31005859375,8015.91015625,0
2025-12-10 11:00:00,8016.22998046875,8026.35009765625,8012.10986328125,8026.33984375,0
2025-12-10 12:00:00,8026.25,8035.22998046875,8025.85009765625,8028.75,0
2025-12-10 13:00:00,8029.06982421875,8035.169921875,8022.5400390625,8024.580078125,0
2025-12-10 14:00:00,8022.990234375,8026.7998046875,8019.60009765625,8022.25,0
2025-12-10 15:00:00,8022.06005859375,8027.0400390625,8013.2099609375,8015.3701171875,0
2025-12-10 16:00:00,8016.0400390625,8019.02001953125,8008.9599609375,8010.4501953125,0
2025-12-11 08:00:00,8046.169921875,8072.18017578125,8009.0400390625,8068.64990234375,0
2025-12-11 09:00:00,8070.0,8073.68994140625,8048.18994140625,8050.31005859375,0
2025-12-11 10:00:00,8050.85986328125,8068.240234375,8047.10009765625,8066.3798828125,0
2025-12-11 11:00:00,8066.41015625,8067.2001953125,8048.39013671875,8048.68994140625,0
2025-12-11 12:00:00,8048.68994140625,8063.81982421875,8043.91015625,8060.64013671875,0
2025-12-11 13:00:00,8059.60986328125,8072.08984375,8059.60986328125,8069.93994140625,0
2025-12-11 14:00:00,8070.81982421875,8091.43017578125,8070.64013671875,8077.740234375,0
2025-12-11 15:00:00,8077.1298828125,8103.10986328125,8077.1298828125,8100.72998046875,0
2025-12-11 16:00:00,8100.16015625,8104.759765625,8083.02001953125,8084.509765625,0
2025-12-12 08:00:00,8100.52978515625,8147.35986328125,8095.22998046875,8138.0498046875,0
2025-12-12 09:00:00,8137.56982421875,8148.47021484375,8128.47021484375,8141.56005859375,0
2025-12-12 10:00:00,8140.89013671875,8155.39013671875,8132.85009765625,8136.93017578125,0
2025-12-12 11:00:00,8136.97998046875,8137.27978515625,8127.89013671875,8131.06005859375,0
2025-12-12 12:00:00,8131.2001953125,8131.2001953125,8115.919921875,8116.02978515625,0
2025-12-12 13:00:00,8117.35009765625,8129.8798828125,8110.10009765625,8128.64990234375,0
2025-12-12 14:00:00,8128.85986328125,8145.16015625,8128.85986328125,8131.9501953125,0
2025-12-12 15:00:00,8130.14990234375,8131.10009765625,8085.3798828125,8085.47021484375,0
2025-12-12 16:00:00,8085.14990234375,8090.1201171875,8072.419921875,8078.41015625,0
2025-12-15 08:00:00,8087.06982421875,8131.06982421875,8086.06982421875,8118.97021484375,0
2025-12-15 09:00:00,8119.080078125,8143.68017578125,8117.759765625,8141.3701171875,0
2025-12-15 10:00:00,8141.33984375,8154.47998046875,8138.33984375,8153.0498046875,0
2025-12-15 11:00:00,8153.080078125,8161.02978515625,8152.60986328125,8159.83984375,0
2025-12-15 12:00:00,8159.5400390625,8159.56005859375,8140.490234375,8153.8798828125,0
2025-12-15 13:00:00,8153.64990234375,8160.22021484375,8145.0400390625,8155.14013671875,0
2025-12-15 14:00:00,8155.2099609375,8158.89013671875,8141.330078125,8141.330078125,0
2025-12-15 15:00:00,8141.06005859375,8141.60986328125,8118.31005859375,8121.10009765625,0
2025-12-15 16:00:00,8120.2998046875,8138.240234375,8119.39990234375,8137.740234375,0
2025-12-16 08:00:00,8114.39013671875,8139.08984375,8106.8701171875,8138.83984375,0
2025-12-16 09:00:00,8137.7998046875,8150.22021484375,8127.72021484375,8129.14013671875,0
2025-12-16 10:00:00,8129.080078125,8136.5,8121.85009765625,8123.7998046875,0
2025-12-16 11:00:00,8122.740234375,8122.740234375,8112.3701171875,8114.39013671875,0
2025-12-16 12:00:00,8114.2998046875,8123.47998046875,8107.83984375,8120.9501953125,0
2025-12-16 13:00:00,8121.14013671875,8135.6298828125,8117.68017578125,8118.10009765625,0
2025-12-16 14:00:00,8118.31982421875,8119.39990234375,8092.830078125,8098.93994140625,0
2025-12-16 15:00:00,8099.97998046875,8111.2099609375,8086.7001953125,8111.2099609375,0
2025-12-16 16:00:00,8111.33984375,8115.2900390625,8106.8701171875,8115.2900390625,0
2025-12-17 08:00:00,8116.259765625,8136.06982421875,8108.06005859375,8121.47998046875,0
2025-12-17 09:00:00,8124.31982421875,8124.31982421875,8099.68017578125,8112.85986328125,0
2025-12-17 10:00:00,8112.66015625,8115.6298828125,8098.56005859375,8099.68017578125,0
2025-12-17 11:00:00,8099.39013671875,8103.81982421875,8088.27001953125,8088.97998046875,0
2025-12-17 12:00:00,8089.47998046875,8094.52001953125,8079.72021484375,8086.52001953125,0
2025-12-17 13:00:00,8086.39013671875,8089.1298828125,8074.56982421875,8078.52978515625,0
2025-12-17 14:00:00,8078.25,8109.93017578125,8074.0400390625,8108.669921875,0
2025-12-17 15:00:00,8108.35986328125,8109.43994140625,8080.0,8082.39990234375,0
2025-12-17 16:00:00,8083.43017578125,8094.47021484375,8082.0,8086.33984375,0
2025-12-18 08:00:00,8087.43017578125,8105.7099609375,8086.58984375,8102.6298828125,0
2025-12-18 09:00:00,8104.169921875,8115.0498046875,8100.89013671875,8109.22998046875,0
2025-12-18 10:00:00,8109.06982421875,8116.2099609375,8105.43017578125,8109.60009765625,0
2025-12-18 11:00:00,8111.31005859375,8113.93994140625,8096.669921875,8102.10009765625,0
2025-12-18 12:00:00,8102.740234375,8106.2900390625,8093.68017578125,8097.47021484375,0
2025-12-18 13:00:00,8097.56982421875,8117.41015625,8096.14013671875,8102.5400390625,0
2025-12-18 14:00:00,8102.22021484375,8125.97021484375,8101.56005859375,8122.56005859375,0
2025-12-18 15:00:00,8123.56982421875,8156.25,8116.759765625,8156.25,0
2025-12-18 16:00:00,8157.06982421875,8166.72021484375,8149.6298828125,8162.990234375,0
2025-12-19 08:00:00,8131.240234375,8161.81982421875,8131.240234375,8149.72998046875,0
2025-12-19 09:00:00,8148.85986328125,8159.56005859375,8142.39013671875,8156.81005859375,0
2025-12-19 10:00:00,8156.89990234375,8160.72021484375,8147.56005859375,8148.259765625,0
2025-12-19 11:00:00,8148.60009765625,8151.5400390625,8131.06005859375,8142.75,0
2025-12-19 12:00:00,8144.31982421875,8146.14013671875,8134.35986328125,8141.0400390625,0
2025-12-19 13:00:00,8141.22021484375,8146.240234375,8133.8798828125,8138.919921875,0
2025-12-19 14:00:00,8138.7998046875,8159.41015625,8135.3798828125,8159.41015625,0
2025-12-19 15:00:00,8160.5,8174.0400390625,8156.490234375,8165.4501953125,0
2025-12-19 16:00:00,8164.6201171875,8177.75,8161.740234375,8172.5,0
2025-12-22 08:00:00,8135.52001953125,8143.3798828125,8123.14013671875,8123.68994140625,0
2025-12-22 09:00:00,8123.8798828125,8137.35986328125,8123.6201171875,8124.93017578125,0
2025-12-22 10:00:00,8125.43017578125,8126.75,8112.60986328125,8119.43994140625,0
2025-12-22 11:00:00,8119.83984375,8122.39990234375,8110.93017578125,8113.5400390625,0
2025-12-22 12:00:00,8113.47021484375,8126.97021484375,8113.47021484375,8121.27001953125,0
2025-12-22 13:00:00,8121.3701171875,8122.3798828125,8101.1201171875,8111.08984375,0
2025-12-22 14:00:00,8111.7998046875,8116.169921875,8101.60009765625,8101.60009765625,0
2025-12-22 15:00:00,8101.27001953125,8124.4501953125,8099.4501953125,8121.33984375,0
2025-12-22 16:00:00,8121.580078125,8126.7998046875,8115.85986328125,8125.669921875,0
2025-12-23 08:00:00,8120.080078125,8127.06982421875,8100.5498046875,8105.14990234375,0
2025-12-23 09:00:00,8104.8701171875,8108.2998046875,8099.0400390625,8105.75,0
2025-12-23 10:00:00,8105.52978515625,8112.33984375,8105.52978515625,8107.4599609375,0
2025-12-23 11:00:00,8107.39013671875,8111.75,8102.83984375,8103.509765625,0
2025-12-23 12:00:00,8103.85009765625,8105.7001953125,8099.27001953125,8102.02978515625,0
2025-12-23 13:00:00,8101.8701171875,8104.93994140625,8088.41015625,8092.02001953125,0
2025-12-23 14:00:00,8092.02978515625,8119.02001953125,8091.39990234375,8115.169921875,0
2025-12-23 15:00:00,8114.72998046875,8114.9501953125,8105.89013671875,8114.9501953125,0
2025-12-23 16:00:00,8114.7900390625,8114.7900390625,8102.7900390625,8102.81982421875,0
2025-12-24 08:00:00,8109.2998046875,8135.7099609375,8109.240234375,8120.2998046875,0
2025-12-24 09:00:00,8120.72021484375,8123.56982421875,8111.990234375,8116.2998046875,0
2025-12-24 10:00:00,8116.66015625,8123.02978515625,8112.75,8122.93994140625,0
2025-12-24 11:00:00,8123.080078125,8123.66015625,8115.9501953125,8116.5498046875,0
2025-12-24 12:00:00,8116.4501953125,8117.14013671875,8109.009765625,8117.14013671875,0
2025-12-29 08:00:00,8127.58984375,8128.10009765625,8094.02001953125,8095.919921875,0
2025-12-29 09:00:00,8095.56982421875,8108.009765625,8087.47998046875,8096.10986328125,0
2025-12-29 10:00:00,8096.02978515625,8109.89013671875,8088.39990234375,8108.14013671875,0
2025-12-29 11:00:00,8108.06982421875,8123.31982421875,8107.41015625,8116.81982421875,0
2025-12-29 12:00:00,8117.240234375,8123.56005859375,8107.830078125,8111.83984375,0
2025-12-29 13:00:00,8111.18017578125,8121.3798828125,8109.830078125,8119.7900390625,0
2025-12-29 14:00:00,8119.72998046875,8132.330078125,8111.81005859375,8111.81005859375,0
2025-12-29 15:00:00,8111.81982421875,8130.81982421875,8108.10009765625,8130.740234375,0
2025-12-29 16:00:00,8130.1201171875,8132.58984375,8119.66015625,8120.89013671875,0
2025-12-30 08:00:00,8097.43994140625,8113.77978515625,8095.02001953125,8113.77978515625,0
2025-12-30 09:00:00,8114.5400390625,8137.10009765625,8113.6298828125,8136.89990234375,0
2025-12-30 10:00:00,8136.52001953125,8140.56005859375,8133.97998046875,8137.009765625,0
2025-12-30 11:00:00,8136.93994140625,8144.64990234375,8126.0498046875,8144.27978515625,0
2025-12-30 12:00:00,8144.0498046875,8157.830078125,8143.60986328125,8153.240234375,0
2025-12-30 13:00:00,8154.169921875,8158.31005859375,8147.8798828125,8148.56982421875,0
2025-12-30 14:00:00,8148.97021484375,8160.56005859375,8148.3798828125,8158.89990234375,0
2025-12-30 15:00:00,8159.759765625,8178.72021484375,8156.39990234375,8177.509765625,0
2025-12-30 16:00:00,8176.75,8184.02978515625,8174.759765625,8181.7998046875,0
2025-12-31 08:00:00,8147.0498046875,8147.0498046875,8120.31982421875,8121.0,0
2025-12-31 09:00:00,8120.8798828125,8132.41015625,8120.009765625,8122.56005859375,0
2025-12-31 10:00:00,8123.169921875,8129.60009765625,8119.35009765625,8119.759765625,0
2025-12-31 11:00:00,8119.85009765625,8125.3798828125,8118.47998046875,8124.5498046875,0
2025-12-31 12:00:00,8124.66015625,8145.4501953125,8124.66015625,8145.4501953125,0
2026-01-02 08:00:00,8127.27001953125,8216.25,8113.33984375,8213.26953125,0
2026-01-02 09:00:00,8213.5498046875,8221.7802734375,8184.97998046875,8184.97998046875,0
2026-01-02 10:00:00,8184.60009765625,8184.60009765625,8151.56005859375,8167.4599609375,0
2026-01-02 11:00:00,8167.31005859375,8180.06005859375,8164.1201171875,8178.77978515625,0
2026-01-02 12:00:00,8179.3798828125,8180.31982421875,8166.240234375,8178.9599609375,0
2026-01-02 13:00:00,8179.27001953125,8204.3798828125,8177.240234375,8203.01953125,0
2026-01-02 14:00:00,8203.650390625,8210.3203125,8197.5400390625,8201.3701171875,0
2026-01-02 15:00:00,8199.23046875,8199.6904296875,8165.580078125,8186.6201171875,0
2026-01-02 16:00:00,8185.89013671875,8191.5400390625,8167.85986328125,8189.41015625,0
2026-01-05 08:00:00,8247.16015625,8253.8701171875,8216.099609375,8239.01953125,0
2026-01-05 09:00:00,8240.26953125,8243.2802734375,8213.0595703125,8214.650390625,0
2026-01-05 10:00:00,8215.5595703125,8216.669921875,8187.22998046875,8194.849609375,0
2026-01-05 11:00:00,8194.6796875,8204.990234375,8191.43017578125,8199.4501953125,0
2026-01-05 12:00:00,8199.669921875,8208.6904296875,8195.1904296875,8198.1796875,0
2026-01-05 13:00:00,8198.580078125,8202.0595703125,8185.259765625,8199.490234375,0
2026-01-05 14:00:00,8199.1396484375,8205.6201171875,8190.2900390625,8193.9599609375,0
2026-01-05 15:00:00,8193.5595703125,8195.009765625,8174.43994140625,8193.349609375,0
2026-01-05 16:00:00,8193.08984375,8212.2099609375,8190.08984375,8212.2099609375,0
2026-01-06 08:00:00,8216.580078125,8216.580078125,8188.08984375,8188.14990234375,0
2026-01-06 09:00:00,8189.1201171875,8193.3798828125,8158.08984375,8168.41015625,0
2026-01-06 10:00:00,8167.6298828125,8173.89990234375,8160.759765625,8162.16015625,0
2026-01-06 11:00:00,8161.830078125,8181.43994140625,8161.830078125,8177.740234375,0
2026-01-06 12:00:00,8177.5498046875,8184.759765625,8169.68017578125,8184.47998046875,0
2026-01-06 13:00:00,8184.56005859375,8213.0,8184.56005859375,8211.009765625,0
2026-01-06 14:00:00,8210.330078125,8236.080078125,8208.9296875,8234.41015625,0
2026-01-06 15:00:00,8235.41015625,8249.759765625,8233.7099609375,8241.3095703125,0
2026-01-06 16:00:00,8237.8896484375,8253.490234375,8237.8896484375,8249.1103515625,0
2026-01-07 08:00:00,8251.4404296875,8257.330078125,8213.8203125,8217.3798828125,0
2026-01-07 09:00:00,8217.75,8235.25,8211.6201171875,8224.5302734375,0
2026-01-07 10:00:00,8224.3701171875,8245.3203125,8216.8896484375,8238.4501953125,0
2026-01-07 11:00:00,8238.740234375,8245.580078125,8234.5595703125,8240.0302734375,0
2026-01-07 12:00:00,8239.2099609375,8241.490234375,8221.990234375,8235.8896484375,0
2026-01-07 13:00:00,8235.6796875,8249.08984375,8235.41015625,8248.8701171875,0
2026-01-07 14:00:00,8248.419921875,8250.6904296875,8221.2802734375,8222.4404296875,0
2026-01-07 15:00:00,8221.6796875,8232.6396484375,8212.8896484375,8230.6796875,0
2026-01-07 16:00:00,8236.259765625,8250.98046875,8235.2802734375,8241.3896484375,0
2026-01-08 08:00:00,8210.900390625,8234.5595703125,8210.900390625,8221.7900390625,0
2026-01-08 09:00:00,8221.7998046875,8230.8798828125,8216.5595703125,8216.6396484375,0
2026-01-08 10:00:00,8216.1796875,8219.490234375,8209.0400390625,8210.330078125,0
2026-01-08 11:00:00,8210.01953125,8225.1201171875,8209.8095703125,8219.3701171875,0
2026-01-08 12:00:00,8219.6396484375,8221.259765625,8203.7099609375,8211.4296875,0
2026-01-08 13:00:00,8211.150390625,8226.400390625,8207.419921875,8221.58984375,0
2026-01-08 14:00:00,8222.1796875,8235.6796875,8219.669921875,8235.099609375,0
2026-01-08 15:00:00,8235.009765625,8255.51953125,8233.349609375,8252.8798828125,0
2026-01-08 16:00:00,8253.349609375,8255.0302734375,8234.8203125,8237.5302734375,0
2026-01-09 08:00:00,8271.650390625,8308.08984375,8271.650390625,8287.0703125,0
2026-01-09 09:00:00,8287.1796875,8292.650390625,8277.0703125,8285.900390625,0
2026-01-09 10:00:00,8286.1298828125,8306.5302734375,8286.08984375,8303.6201171875,0
2026-01-09 11:00:00,8303.73046875,8317.5400390625,8302.490234375,8316.91015625,0
2026-01-09 12:00:00,8316.1201171875,8324.83984375,8310.2900390625,8324.1201171875,0
2026-01-09 13:00:00,8324.1201171875,8333.349609375,8314.0498046875,8327.6103515625,0
2026-01-09 14:00:00,8328.2802734375,8352.349609375,8324.330078125,8348.48046875,0
2026-01-09 15:00:00,8347.990234375,8353.6904296875,8310.6298828125,8350.7099609375,0
2026-01-09 16:00:00,8349.7197265625,8360.2998046875,8342.2099609375,8352.9697265625,0
2026-01-12 08:00:00,8342.3798828125,8347.23046875,8313.3095703125,8324.330078125,0
2026-01-12 09:00:00,8323.0498046875,8342.9697265625,8320.73046875,8341.490234375,0
2026-01-12 10:00:00,8341.1904296875,8343.8203125,8330.259765625,8341.4296875,0
2026-01-12 11:00:00,8342.0,8349.91015625,8337.6904296875,8349.2197265625,0
2026-01-12 12:00:00,8349.3203125,8362.5498046875,8348.33984375,8362.5498046875,0
2026-01-12 13:00:00,8362.75,8372.3896484375,8356.16015625,8372.330078125,0
2026-01-12 14:00:00,8372.0498046875,8378.08984375,8361.259765625,8365.0703125,0
2026-01-12 15:00:00,8364.8203125,8364.8203125,8331.7802734375,8346.0703125,0
2026-01-12 16:00:00,8346.83984375,8356.8095703125,8343.3203125,8352.8896484375,0
2026-01-13 08:00:00,8346.8095703125,8347.33984375,8330.669921875,8343.1201171875,0
2026-01-13 09:00:00,8343.669921875,8347.7001953125,8327.01953125,8328.5703125,0
2026-01-13 10:00:00,8328.3798828125,8328.5498046875,8308.669921875,8308.76953125,0
2026-01-13 11:00:00,8308.91015625,8317.9599609375,8308.91015625,8315.3095703125,0
2026-01-13 12:00:00,8315.3095703125,8335.4599609375,8312.740234375,8334.919921875,0
2026-01-13 13:00:00,8335.6298828125,8344.849609375,8330.75,8337.1201171875,0
2026-01-13 14:00:00,8337.5,8352.7998046875,8337.5,8343.5,0
2026-01-13 15:00:00,8345.6201171875,8352.580078125,8323.8896484375,8351.3203125,0
2026-01-13 16:00:00,8351.6103515625,8352.5498046875,8335.1904296875,8339.7900390625,0
2026-01-14 08:00:00,8368.990234375,8396.7197265625,8368.990234375,8391.6298828125,0
2026-01-14 09:00:00,8391.6103515625,8391.6103515625,8377.900390625,8386.0302734375,0
2026-01-14 10:00:00,8386.1796875,8387.849609375,8356.1396484375,8357.51953125,0
2026-01-14 11:00:00,8356.5400390625,8363.919921875,8353.419921875,8354.919921875,0
2026-01-14 12:00:00,8354.580078125,8355.080078125,8344.240234375,8353.7197265625,0
2026-01-14 13:00:00,8353.9599609375,8355.740234375,8344.4697265625,8347.4599609375,0
2026-01-14 14:00:00,8347.669921875,8356.9404296875,8346.3203125,8348.3095703125,0
2026-01-14 15:00:00,8349.099609375,8350.6904296875,8327.4501953125,8330.2001953125,0
2026-01-14 16:00:00,8330.669921875,8342.009765625,8327.2197265625,8340.58984375,0
2026-01-15 08:00:00,8366.2998046875,8366.2998046875,8300.4697265625,8301.150390625,0
2026-01-15 09:00:00,8301.6201171875,8318.990234375,8296.4501953125,8297.2197265625,0
2026-01-15 10:00:00,8296.7802734375,8313.259765625,8290.6103515625,8311.150390625,0
2026-01-15 11:00:00,8311.0595703125,8315.400390625,8299.3203125,8303.33984375,0
2026-01-15 12:00:00,8303.419921875,8317.0,8292.6201171875,8312.8896484375,0
2026-01-15 13:00:00,8313.0400390625,8323.8603515625,8311.009765625,8314.48046875,0
2026-01-15 14:00:00,8313.919921875,8325.8701171875,8307.0302734375,8311.48046875,0
2026-01-15 15:00:00,8311.73046875,8315.7998046875,8303.2998046875,8314.2900390625,0
2026-01-15 16:00:00,8315.400390625,8326.2900390625,8311.4599609375,8325.25,0
2026-01-16 08:00:00,8304.4599609375,8313.6396484375,8272.91015625,8274.5,0
2026-01-16 09:00:00,8274.51953125,8281.990234375,8265.330078125,8278.740234375,0
2026-01-16 10:00:00,8278.9599609375,8288.25,8268.8798828125,8275.349609375,0
2026-01-16 11:00:00,8272.099609375,8280.6904296875,8252.6298828125,8253.3896484375,0
2026-01-16 12:00:00,8253.4697265625,8255.9697265625,8245.490234375,8254.75,0
2026-01-16 13:00:00,8255.0498046875,8261.76953125,8250.5302734375,8251.75,0
2026-01-16 14:00:00,8250.9599609375,8254.58984375,8234.26953125,8237.01953125,0
2026-01-16 15:00:00,8237.48046875,8257.830078125,8235.849609375,8245.990234375,0
2026-01-16 16:00:00,8246.16015625,8250.2802734375,8241.669921875,8244.9296875,0
2026-01-19 08:00:00,8125.509765625,8165.4599609375,8114.77001953125,8153.2001953125,0
2026-01-19 09:00:00,8154.919921875,8155.759765625,8132.56982421875,8134.52978515625,0
2026-01-19 10:00:00,8134.18994140625,8151.669921875,8121.22998046875,8121.22998046875,0
2026-01-19 11:00:00,8120.43017578125,8132.52978515625,8120.08984375,8129.72021484375,0
2026-01-19 12:00:00,8129.66015625,8140.93017578125,8124.75,8134.64013671875,0
2026-01-19 13:00:00,8134.759765625,8149.66015625,8134.759765625,8146.490234375,0
2026-01-19 14:00:00,8146.75,8147.47998046875,8115.8798828125,8127.2998046875,0
2026-01-19 15:00:00,8128.10009765625,8128.10009765625,8092.08984375,8093.10009765625,0
2026-01-19 16:00:00,8092.0498046875,8109.68017578125,8092.0498046875,8100.89990234375,0
2026-01-20 08:00:00,8054.240234375,8058.89013671875,8026.740234375,8030.990234375,0
2026-01-20 09:00:00,8031.10009765625,8032.4501953125,8006.4501953125,8006.47021484375,0
2026-01-20 10:00:00,8007.35009765625,8018.2900390625,7996.9501953125,8006.3798828125,0
2026-01-20 11:00:00,8006.5,8015.259765625,7996.58984375,8005.47998046875,0
2026-01-20 12:00:00,8005.93017578125,8038.47998046875,8004.259765625,8035.990234375,0
2026-01-20 13:00:00,8035.52978515625,8041.990234375,8017.2900390625,8020.31005859375,0
2026-01-20 14:00:00,8020.58984375,8045.43017578125,8012.8701171875,8041.72998046875,0
2026-01-20 15:00:00,8042.740234375,8059.740234375,8032.3798828125,8049.169921875,0
2026-01-20 16:00:00,8049.77001953125,8062.509765625,8047.56005859375,8058.68017578125,0
2026-01-21 08:00:00,8050.77001953125,8076.18017578125,8050.77001953125,8058.5400390625,0
2026-01-21 09:00:00,8058.91015625,8064.58984375,8041.740234375,8042.9599609375,0
2026-01-21 10:00:00,8042.9501953125,8065.3701171875,8039.27978515625,8048.830078125,0
2026-01-21 11:00:00,8047.5400390625,8056.2998046875,8031.580078125,8031.580078125,0
2026-01-21 12:00:00,8031.08984375,8041.009765625,8025.7099609375,8034.3701171875,0
2026-01-21 13:00:00,8034.7001953125,8036.0498046875,8014.14013671875,8034.7099609375,0
2026-01-21 14:00:00,8032.68994140625,8086.56005859375,8029.31982421875,8085.7001953125,0
2026-01-21 15:00:00,8086.91015625,8090.490234375,8067.33984375,8081.60986328125,0
2026-01-21 16:00:00,8081.169921875,8081.169921875,8067.759765625,8073.7900390625,0
2026-01-22 08:00:00,8163.56005859375,8180.85009765625,8151.56982421875,8164.18017578125,0
2026-01-22 09:00:00,8163.47021484375,8186.3701171875,8163.47021484375,8179.47998046875,0
2026-01-22 10:00:00,8180.080078125,8181.8798828125,8153.2099609375,8158.31005859375,0
2026-01-22 11:00:00,8158.52978515625,8168.9501953125,8142.43994140625,8149.2998046875,0
2026-01-22 12:00:00,8149.31005859375,8170.93017578125,8146.22021484375,8160.02001953125,0
2026-01-22 13:00:00,8159.7099609375,8162.47021484375,8143.85986328125,8158.39990234375,0
2026-01-22 14:00:00,8159.919921875,8190.080078125,8156.6298828125,8162.7998046875,0
2026-01-22 15:00:00,8161.740234375,8164.240234375,8143.9599609375,8151.419921875,0
2026-01-22 16:00:00,8151.10986328125,8165.0400390625,8151.10986328125,8154.7099609375,0
2026-01-23 08:00:00,8116.81005859375,8144.85009765625,8109.6201171875,8127.72021484375,0
2026-01-23 09:00:00,8127.64990234375,8156.0498046875,8124.490234375,8125.06982421875,0
2026-01-23 10:00:00,8123.97021484375,8123.97021484375,8095.0,8108.259765625,0
2026-01-23 11:00:00,8110.58984375,8126.1201171875,8107.64990234375,8119.4501953125,0
2026-01-23 12:00:00,8119.35986328125,8127.919921875,8113.52978515625,8126.2099609375,0
2026-01-23 13:00:00,8126.2900390625,8131.91015625,8122.509765625,8125.7900390625,0
2026-01-23 14:00:00,8126.14990234375,8129.0,8113.919921875,8124.830078125,0
2026-01-23 15:00:00,8126.25,8143.990234375,8115.16015625,8141.3701171875,0
2026-01-23 16:00:00,8141.35986328125,8141.35986328125,8130.5400390625,8131.9501953125,0
2026-01-26 08:00:00,8130.5498046875,8139.33984375,8119.7099609375,8127.18017578125,0
2026-01-26 09:00:00,8127.1201171875,8133.1298828125,8106.8798828125,8110.72021484375,0
2026-01-26 10:00:00,8110.60986328125,8124.10009765625,8106.06005859375,8113.64013671875,0
2026-01-26 11:00:00,8113.18994140625,8117.3701171875,8112.10009765625,8116.93994140625,0
2026-01-26 12:00:00,8116.83984375,8130.419921875,8116.669921875,8128.27001953125,0
2026-01-26 13:00:00,8127.97021484375,8136.7900390625,8123.60009765625,8135.9599609375,0
2026-01-26 14:00:00,8135.93994140625,8159.2900390625,8135.93994140625,8143.43994140625,0
2026-01-26 15:00:00,8142.9501953125,8157.4501953125,8131.93017578125,8138.990234375,0
2026-01-26 16:00:00,8138.6201171875,8138.7001953125,8127.3798828125,8136.009765625,0
2026-01-27 08:00:00,8142.72998046875,8153.8701171875,8117.580078125,8131.35009765625,0
2026-01-27 09:00:00,8130.47021484375,8136.22998046875,8123.06005859375,8134.5,0
2026-01-27 10:00:00,8134.759765625,8145.81982421875,8128.56982421875,8140.2099609375,0
2026-01-27 11:00:00,8140.31005859375,8160.10009765625,8138.7900390625,8155.52001953125,0
2026-01-27 12:00:00,8155.25,8168.419921875,8153.2099609375,8164.580078125,0
2026-01-27 13:00:00,8165.14990234375,8173.56982421875,8159.10009765625,8163.14990234375,0
2026-01-27 14:00:00,8162.66015625,8168.52001953125,8157.169921875,8157.85986328125,0
2026-01-27 15:00:00,8157.72021484375,8161.4501953125,8140.89013671875,8156.91015625,0
2026-01-27 16:00:00,8156.56005859375,8164.16015625,8155.509765625,8155.509765625,0
2026-01-28 08:00:00,8096.43017578125,8112.5,8055.35986328125,8063.14990234375,0
2026-01-28 09:00:00,8062.419921875,8069.7900390625,8058.7998046875,8067.85009765625,0
2026-01-28 10:00:00,8067.77001953125,8083.2001953125,8060.4501953125,8077.56005859375,0
2026-01-28 11:00:00,8078.52001953125,8083.85009765625,8067.7900390625,8069.25,0
2026-01-28 12:00:00,8071.08984375,8075.75,8020.75,8021.5400390625,0
2026-01-28 13:00:00,8022.2001953125,8050.7900390625,8022.2001953125,8039.64990234375,0
2026-01-28 14:00:00,8042.31982421875,8068.60009765625,8042.31982421875,8061.18994140625,0
2026-01-28 15:00:00,8061.93994140625,8089.0,8061.93994140625,8085.240234375,0
2026-01-28 16:00:00,8085.60986328125,8087.509765625,8076.91015625,8076.91015625,0
2026-01-29 08:00:00,8127.9501953125,8145.43994140625,8113.83984375,8125.240234375,0
2026-01-29 09:00:00,8125.68994140625,8135.7001953125,8099.169921875,8099.7900390625,0
2026-01-29 10:00:00,8098.9599609375,8120.83984375,8092.759765625,8113.080078125,0
2026-01-29 11:00:00,8113.60986328125,8119.27978515625,8108.75,8116.68017578125,0
2026-01-29 12:00:00,8117.35986328125,8119.02001953125,8104.18017578125,8109.60009765625,0
2026-01-29 13:00:00,8110.14013671875,8143.91015625,8110.14013671875,8141.93994140625,0
2026-01-29 14:00:00,8142.56005859375,8144.56005859375,8089.35986328125,8089.35986328125,0
2026-01-29 15:00:00,8088.72021484375,8101.83984375,8074.52001953125,8087.31982421875,0
2026-01-29 16:00:00,8087.06005859375,8097.0498046875,8069.58984375,8069.60986328125,0
2026-01-30 08:00:00,8070.85986328125,8104.60009765625,8070.85986328125,8102.64990234375,0
2026-01-30 09:00:00,8103.31982421875,8113.58984375,8086.830078125,8090.43994140625,0
2026-01-30 10:00:00,8090.18017578125,8108.56982421875,8090.18017578125,8099.490234375,0
2026-01-30 11:00:00,8100.1298828125,8133.72998046875,8071.35986328125,8132.27001953125,0
2026-01-30 12:00:00,8132.77978515625,8140.3701171875,8127.93994140625,8130.240234375,0
2026-01-30 13:00:00,8130.25,8130.68017578125,8116.18017578125,8116.64013671875,0
2026-01-30 14:00:00,8116.64013671875,8139.3798828125,8116.64013671875,8128.6201171875,0
2026-01-30 15:00:00,8128.27001953125,8138.3798828125,8128.02978515625,8138.3798828125,0
2026-02-03 08:00:00,8219.259765625,8234.5,8203.650390625,8222.169921875,0
2026-02-03 09:00:00,8222.4697265625,8229.75,8184.60009765625,8194.2900390625,0
2026-02-03 10:00:00,8194.3203125,8208.5595703125,8181.5,8188.419921875,0
2026-02-03 11:00:00,8188.5400390625,8188.89013671875,8158.91015625,8172.77001953125,0
2026-02-03 12:00:00,8172.25,8182.2099609375,8165.97021484375,8167.64990234375,0
2026-02-03 13:00:00,8167.72998046875,8173.14990234375,8152.81005859375,8154.18994140625,0
2026-02-03 14:00:00,8154.14013671875,8160.97021484375,8129.330078125,8145.9501953125,0
2026-02-03 15:00:00,8143.75,8171.47021484375,8139.72998046875,8165.14013671875,0
2026-02-03 16:00:00,8165.02978515625,8176.240234375,8165.02978515625,8172.68017578125,0
2026-02-04 08:00:00,8219.9599609375,8238.6396484375,8208.16015625,8221.9697265625,0
2026-02-04 09:00:00,8221.580078125,8224.75,8203.26953125,8220.1396484375,0
2026-02-04 10:00:00,8220.3798828125,8256.490234375,8220.099609375,8255.7998046875,0
2026-02-04 11:00:00,8254.9501953125,8286.900390625,8247.91015625,8281.259765625,0
2026-02-04 12:00:00,8280.6396484375,8285.0595703125,8251.48046875,8256.2197265625,0
2026-02-04 13:00:00,8256.9296875,8261.66015625,8246.259765625,8256.2001953125,0
2026-02-04 14:00:00,8256.3896484375,8287.0498046875,8246.1298828125,8272.900390625,0
2026-02-04 15:00:00,8272.2802734375,8298.41015625,8270.919921875,8286.2900390625,0
2026-02-04 16:00:00,8288.3798828125,8290.4501953125,8270.75,8272.9296875,0
2026-02-05 08:00:00,8288.4697265625,8312.6796875,8267.2998046875,8271.080078125,0
2026-02-05 09:00:00,8269.2900390625,8279.740234375,8251.7197265625,8260.4599609375,0
2026-02-05 10:00:00,8261.25,8285.8896484375,8255.7802734375,8282.91015625,0
2026-02-05 11:00:00,8282.8896484375,8290.1103515625,8273.1298828125,8279.509765625,0
2026-02-05 12:00:00,8279.919921875,8289.91015625,8232.2197265625,8241.2802734375,0
2026-02-05 13:00:00,8242.2900390625,8254.9404296875,8219.9296875,8221.2900390625,0
2026-02-05 14:00:00,8220.5498046875,8235.3603515625,8204.8701171875,8211.2900390625,0
2026-02-05 15:00:00,8212.9296875,8218.5400390625,8193.2001953125,8202.2802734375,0
2026-02-05 16:00:00,8204.4296875,8229.740234375,8200.4404296875,8229.6103515625,0
2026-02-06 08:00:00,8214.849609375,8228.83984375,8175.08984375,8192.5400390625,0
2026-02-06 09:00:00,8190.4599609375,8229.7001953125,8178.66015625,8216.0703125,0
2026-02-06 10:00:00,8215.41015625,8241.26953125,8214.2001953125,8241.26953125,0
2026-02-06 11:00:00,8239.91015625,8249.26953125,8234.080078125,8242.919921875,0
2026-02-06 12:00:00,8242.5302734375,8249.509765625,8232.6298828125,8234.25,0
2026-02-06 13:00:00,8233.73046875,8248.75,8230.9697265625,8233.400390625,0
2026-02-06 14:00:00,8233.3603515625,8273.9599609375,8233.150390625,8262.5498046875,0
2026-02-06 15:00:00,8263.41015625,8277.580078125,8259.5302734375,8277.3095703125,0
2026-02-06 16:00:00,8279.419921875,8287.919921875,8275.26953125,8279.2802734375,0
2026-02-09 08:00:00,8294.830078125,8312.6396484375,8273.099609375,8277.0400390625,0
2026-02-09 09:00:00,8277.2998046875,8284.490234375,8271.3203125,8274.0595703125,0
2026-02-09 10:00:00,8274.1103515625,8274.7900390625,8258.75,8271.2197265625,0
2026-02-09 11:00:00,8270.9501953125,8280.25,8267.2802734375,8277.240234375,0
2026-02-09 12:00:00,8277.3798828125,8284.650390625,8271.4296875,8275.7998046875,0
2026-02-09 13:00:00,8276.349609375,8286.2900390625,8273.7998046875,8279.240234375,0
2026-02-09 14:00:00,8278.7802734375,8289.740234375,8269.6201171875,8282.759765625,0
2026-02-09 15:00:00,8281.669921875,8310.6298828125,8280.650390625,8310.169921875,0
2026-02-09 16:00:00,8310.0595703125,8321.599609375,8308.419921875,8319.6796875,0
2026-02-10 08:00:00,8348.8203125,8363.4599609375,8340.2998046875,8346.6396484375,0
2026-02-10 09:00:00,8346.73046875,8360.8203125,8343.76953125,8359.1796875,0
2026-02-10 10:00:00,8359.3203125,8369.7099609375,8347.5498046875,8348.759765625,0
2026-02-10 11:00:00,8349.16015625,8356.6904296875,8343.2998046875,8349.4501953125,0
2026-02-10 12:00:00,8349.16015625,8351.4599609375,8328.6396484375,8329.5703125,0
2026-02-10 13:00:00,8329.349609375,8335.9404296875,8316.6103515625,8329.83984375,0
2026-02-10 14:00:00,8329.740234375,8352.1396484375,8328.7099609375,8352.1396484375,0
2026-02-10 15:00:00,8351.66015625,8353.76953125,8331.25,8335.08984375,0
2026-02-10 16:00:00,8335.1904296875,8340.169921875,8328.349609375,8339.759765625,0
2026-02-11 08:00:00,8344.25,8344.25,8286.900390625,8291.919921875,0
2026-02-11 09:00:00,8290.1796875,8298.0595703125,8277.990234375,8282.33984375,0
2026-02-11 10:00:00,8282.1298828125,8298.509765625,8277.9599609375,8298.490234375,0
2026-02-11 11:00:00,8299.5,8322.7802734375,8299.5,8305.16015625,0
2026-02-11 12:00:00,8304.5595703125,8320.740234375,8304.5595703125,8315.5,0
2026-02-11 13:00:00,8315.3603515625,8350.9404296875,8310.9697265625,8341.009765625,0
2026-02-11 14:00:00,8340.33984375,8358.23046875,8326.9296875,8347.3095703125,0
2026-02-11 15:00:00,8348.9697265625,8350.3798828125,8304.7802734375,8320.2900390625,0
2026-02-11 16:00:00,8319.5400390625,8333.5595703125,8315.650390625,8316.330078125,0
2026-02-12 08:00:00,8432.150390625,8437.349609375,8381.33984375,8395.009765625,0
2026-02-12 09:00:00,8396.3203125,8406.75,8376.650390625,8379.4404296875,0
2026-02-12 10:00:00,8379.4296875,8379.4296875,8355.2998046875,8369.169921875,0
2026-02-12 11:00:00,8369.6103515625,8384.6796875,8359.9296875,8382.849609375,0
2026-02-12 12:00:00,8381.669921875,8399.5595703125,8380.48046875,8389.8095703125,0
2026-02-12 13:00:00,8389.1103515625,8398.26953125,8384.51953125,8389.990234375,0
2026-02-12 14:00:00,8387.5595703125,8410.91015625,8384.5,8399.349609375,0
2026-02-12 15:00:00,8400.9296875,8409.419921875,8383.2099609375,8383.51953125,0
2026-02-12 16:00:00,8383.1298828125,8383.1298828125,8332.73046875,8333.1904296875,0
2026-02-13 08:00:00,8315.5,8323.1103515625,8275.0400390625,8322.259765625,0
2026-02-13 09:00:00,8322.0703125,8331.9599609375,8305.48046875,8324.150390625,0
2026-02-13 10:00:00,8323.51953125,8328.48046875,8301.1298828125,8302.73046875,0
2026-02-13 11:00:00,8304.58984375,8317.1201171875,8297.6904296875,8317.1201171875,0
2026-02-13 12:00:00,8317.9501953125,8324.009765625,8296.2099609375,8300.33984375,0
2026-02-13 13:00:00,8300.73046875,8323.8095703125,8287.66015625,8317.9697265625,0
2026-02-13 14:00:00,8317.1201171875,8327.23046875,8283.16015625,8287.1103515625,0
2026-02-13 15:00:00,8289.6904296875,8319.830078125,8289.6904296875,8303.51953125,0
2026-02-13 16:00:00,8304.26953125,8317.3203125,8303.009765625,8310.8203125,0
2026-02-16 08:00:00,8322.849609375,8337.1201171875,8313.9404296875,8335.0400390625,0
2026-02-16 09:00:00,8335.3095703125,8347.0400390625,8331.490234375,8339.23046875,0
2026-02-16 10:00:00,8340.4501953125,8342.1904296875,8327.3203125,8335.0,0
2026-02-16 11:00:00,8335.240234375,8343.490234375,8329.080078125,8339.0,0
2026-02-16 12:00:00,8339.7099609375,8347.8896484375,8334.41015625,8344.58984375,0
2026-02-16 13:00:00,8344.650390625,8354.75,8338.8798828125,8345.240234375,0
2026-02-16 14:00:00,8344.8896484375,8345.48046875,8324.48046875,8330.26953125,0
2026-02-16 15:00:00,8330.01953125,8340.240234375,8319.4404296875,8322.599609375,0
2026-02-16 16:00:00,8322.3203125,8328.9599609375,8318.8203125,8322.5498046875,0
2026-02-17 08:00:00,8310.8896484375,8336.76953125,8310.8896484375,8321.8701171875,0
2026-02-17 09:00:00,8320.9404296875,8337.6396484375,8315.2099609375,8333.1796875,0
2026-02-17 10:00:00,8333.7802734375,8337.7001953125,8305.650390625,8308.5302734375,0
2026-02-17 11:00:00,8308.2197265625,8329.150390625,8302.8896484375,8327.419921875,0
2026-02-17 12:00:00,8326.98046875,8327.83984375,8300.9599609375,8302.4296875,0
2026-02-17 13:00:00,8302.2001953125,8326.2900390625,8292.1298828125,8311.1904296875,0
2026-02-17 14:00:00,8309.83984375,8346.51953125,8309.83984375,8323.73046875,0
2026-02-17 15:00:00,8324.75,8344.51953125,8322.5,8338.01953125,0
2026-02-17 16:00:00,8338.58984375,8368.25,8337.259765625,8363.6904296875,0
2026-02-18 08:00:00,8370.48046875,8404.25,8365.6298828125,8394.25,0
2026-02-18 09:00:00,8392.41015625,8404.2197265625,8373.83984375,8398.5302734375,0
2026-02-18 10:00:00,8398.9296875,8413.33984375,8398.3701171875,8413.08984375,0
2026-02-18 11:00:00,8413.8798828125,8416.0498046875,8402.0302734375,8405.3603515625,0
2026-02-18 12:00:00,8404.41015625,8413.740234375,8395.2998046875,8406.01953125,0
2026-02-18 13:00:00,8405.6796875,8405.75,8374.3798828125,8376.0302734375,0
2026-02-18 14:00:00,8375.6103515625,8417.7099609375,8372.1904296875,8413.51953125,0
2026-02-18 15:00:00,8413.4599609375,8430.5400390625,8411.1103515625,8428.76953125,0
2026-02-18 16:00:00,8429.3095703125,8438.51953125,8427.2197265625,8435.1396484375,0
2026-02-19 08:00:00,8412.25,8415.8798828125,8376.5498046875,8377.099609375,0
2026-02-19 09:00:00,8377.1201171875,8388.509765625,8361.7900390625,8364.2998046875,0
2026-02-19 10:00:00,8363.76953125,8364.4599609375,8350.3603515625,8360.580078125,0
2026-02-19 11:00:00,8361.25,8372.669921875,8356.6904296875,8360.1201171875,0
2026-02-19 12:00:00,8360.2900390625,8365.3203125,8354.98046875,8360.150390625,0
2026-02-19 13:00:00,8359.599609375,8370.6298828125,8352.58984375,8366.41015625,0
2026-02-19 14:00:00,8367.58984375,8377.6796875,8364.5,8374.3798828125,0
2026-02-19 15:00:00,8377.26953125,8392.83984375,8367.0302734375,8380.0302734375,0
2026-02-19 16:00:00,8381.73046875,8389.7900390625,8369.0,8382.259765625,0
2026-02-20 08:00:00,8442.1796875,8463.759765625,8421.1103515625,8463.759765625,0
2026-02-20 09:00:00,8463.73046875,8474.9501953125,8457.8896484375,8465.009765625,0
2026-02-20 10:00:00,8464.7900390625,8476.6103515625,8457.5703125,8459.0302734375,0
2026-02-20 11:00:00,8457.9501953125,8472.4501953125,8450.2197265625,8468.6796875,0
2026-02-20 12:00:00,8468.849609375,8469.75,8458.8203125,8460.3603515625,0
2026-02-20 13:00:00,8461.009765625,8469.9697265625,8451.41015625,8464.6904296875,0
2026-02-20 14:00:00,8464.740234375,8483.0498046875,8453.66015625,8479.8203125,0
2026-02-20 15:00:00,8478.58984375,8529.0,8478.58984375,8514.240234375,0
2026-02-20 16:00:00,8514.1201171875,8516.080078125,8504.7197265625,8510.1103515625,0
2026-02-23 08:00:00,8496.33984375,8508.9697265625,8485.23046875,8508.33984375,0
2026-02-23 09:00:00,8508.5703125,8518.419921875,8506.5,8514.5595703125,0
2026-02-23 10:00:00,8513.8603515625,8532.76953125,8497.3603515625,8522.0302734375,0
2026-02-23 11:00:00,8522.0400390625,8527.7998046875,8516.51953125,8519.5302734375,0
2026-02-23 12:00:00,8519.849609375,8521.76953125,8500.51953125,8506.91015625,0
2026-02-23 13:00:00,8508.8203125,8523.76953125,8507.3798828125,8520.490234375,0
2026-02-23 14:00:00,8520.7900390625,8532.9501953125,8520.5595703125,8525.01953125,0
2026-02-23 15:00:00,8525.349609375,8532.4296875,8501.7802734375,8501.7802734375,0
2026-02-23 16:00:00,8502.9404296875,8502.9404296875,8490.3203125,8497.919921875,0
2026-02-24 08:00:00,8471.4404296875,8493.91015625,8461.8798828125,8482.259765625,0
2026-02-24 09:00:00,8479.7900390625,8497.1796875,8478.2099609375,8494.919921875,0
2026-02-24 10:00:00,8495.3203125,8505.51953125,8491.7099609375,8503.48046875,0
2026-02-24 11:00:00,8503.259765625,8511.41015625,8499.01953125,8510.91015625,0
2026-02-24 12:00:00,8510.9501953125,8512.1103515625,8488.009765625,8496.0400390625,0
2026-02-24 13:00:00,8496.3701171875,8522.7900390625,8495.0,8520.73046875,0
2026-02-24 14:00:00,8520.599609375,8534.3798828125,8510.5595703125,8526.5400390625,0
2026-02-24 15:00:00,8527.0498046875,8548.2900390625,8526.2001953125,8528.259765625,0
2026-02-24 16:00:00,8527.83984375,8529.08984375,8513.6298828125,8523.3896484375,0
2026-02-25 08:00:00,8539.6201171875,8556.8896484375,8536.9404296875,8543.41015625,0
2026-02-25 09:00:00,8544.1904296875,8551.26953125,8534.9404296875,8551.26953125,0
2026-02-25 10:00:00,8551.4296875,8553.419921875,8541.4404296875,8544.3095703125,0
2026-02-25 11:00:00,8545.4404296875,8549.759765625,8535.91015625,8547.5595703125,0
2026-02-25 12:00:00,8545.9697265625,8556.7900390625,8544.830078125,8551.9599609375,0
2026-02-25 13:00:00,8552.150390625,8560.91015625,8550.0,8560.259765625,0
2026-02-25 14:00:00,8559.5,8560.7802734375,8541.2197265625,8541.6904296875,0
2026-02-25 15:00:00,8541.4404296875,8544.150390625,8528.6298828125,8542.0400390625,0
2026-02-25 16:00:00,8542.25,8557.759765625,8541.8203125,8557.169921875,0
2026-02-26 08:00:00,8568.759765625,8600.83984375,8562.8603515625,8597.3798828125,0
2026-02-26 09:00:00,8597.650390625,8622.2998046875,8583.2099609375,8614.73046875,0
2026-02-26 10:00:00,8613.919921875,8628.6396484375,8613.830078125,8622.23046875,0
2026-02-26 11:00:00,8622.08984375,8637.4599609375,8619.9404296875,8634.759765625,0
2026-02-26 12:00:00,8634.259765625,8642.23046875,8632.91015625,8637.1796875,0
2026-02-26 13:00:00,8636.3203125,8637.490234375,8620.4501953125,8622.2197265625,0
2026-02-26 14:00:00,8620.990234375,8630.2998046875,8613.5498046875,8614.4296875,0
2026-02-26 15:00:00,8613.7998046875,8627.6201171875,8599.330078125,8624.830078125,0
2026-02-26 16:00:00,8624.4599609375,8635.08984375,8617.2802734375,8629.48046875,0
2026-02-27 08:00:00,8609.4599609375,8631.5302734375,8602.33984375,8628.169921875,0
2026-02-27 09:00:00,8628.490234375,8638.9296875,8611.75,8616.01953125,0
2026-02-27 10:00:00,8616.0400390625,8619.400390625,8598.1201171875,8599.6396484375,0
2026-02-27 11:00:00,8600.5400390625,8615.0703125,8598.5302734375,8610.7802734375,0
2026-02-27 12:00:00,8610.8203125,8614.080078125,8598.1796875,8605.0703125,0
2026-02-27 13:00:00,8604.9697265625,8609.6396484375,8566.7099609375,8587.2900390625,0
2026-02-27 14:00:00,8587.240234375,8590.169921875,8553.9404296875,8557.3603515625,0
2026-02-27 15:00:00,8557.1796875,8597.669921875,8556.1904296875,8591.8203125,0
2026-02-27 16:00:00,8592.990234375,8609.6103515625,8592.990234375,8603.23046875,0
2026-03-02 08:00:00,8404.9501953125,8436.0595703125,8390.08984375,8415.01953125,0
2026-03-02 09:00:00,8415.23046875,8452.490234375,8408.1796875,8444.259765625,0
2026-03-02 10:00:00,8447.1103515625,8461.75,8430.599609375,8437.6396484375,0
2026-03-02 11:00:00,8439.5302734375,8453.4296875,8424.490234375,8433.8603515625,0
2026-03-02 12:00:00,8433.5302734375,8437.080078125,8401.650390625,8412.1796875,0
2026-03-02 13:00:00,8412.2998046875,8413.5,8386.75,8389.7802734375,0
2026-03-02 14:00:00,8389.9404296875,8407.9697265625,8379.26953125,8392.8203125,0
2026-03-02 15:00:00,8392.6796875,8411.9697265625,8378.509765625,8379.5400390625,0
2026-03-02 16:00:00,8379.009765625,8410.4404296875,8378.1796875,8392.2998046875,0
2026-03-03 08:00:00,8292.419921875,8298.3095703125,8191.18994140625,8191.18994140625,0
2026-03-03 09:00:00,8191.7001953125,8222.2998046875,8174.14990234375,8180.14990234375,0
2026-03-03 10:00:00,8178.7001953125,8186.18017578125,8119.7900390625,8154.77978515625,0
2026-03-03 11:00:00,8155.419921875,8158.169921875,8117.240234375,8151.919921875,0
2026-03-03 12:00:00,8150.77978515625,8175.06982421875,8141.830078125,8172.9599609375,0
2026-03-03 13:00:00,8172.41015625,8172.7099609375,8123.72021484375,8128.7900390625,0
2026-03-03 14:00:00,8128.2998046875,8128.9599609375,8096.25,8105.43994140625,0
2026-03-03 15:00:00,8104.5,8118.56982421875,8086.68017578125,8115.56982421875,0
2026-03-03 16:00:00,8112.14990234375,8128.27001953125,8097.9599609375,8098.81982421875,0
2026-03-04 08:00:00,8122.60009765625,8147.89990234375,8092.22021484375,8099.52978515625,0
2026-03-04 09:00:00,8098.68994140625,8159.3701171875,8089.81005859375,8158.06982421875,0
2026-03-04 10:00:00,8158.3701171875,8194.6796875,8149.43017578125,8190.31005859375,0
2026-03-04 11:00:00,8191.1298828125,8206.8203125,8180.64013671875,8185.72998046875,0
2026-03-04 12:00:00,8185.10986328125,8192.8896484375,8150.97998046875,8176.6201171875,0
2026-03-04 13:00:00,8177.4599609375,8210.41015625,8177.22998046875,8199.650390625,0
2026-03-04 14:00:00,8201.2900390625,8202.0400390625,8162.080078125,8184.43017578125,0
2026-03-04 15:00:00,8187.330078125,8206.5498046875,8183.89013671875,8200.7998046875,0
2026-03-04 16:00:00,8200.8798828125,8205.6103515625,8168.6201171875,8174.759765625,0
2026-03-05 08:00:00,8135.06982421875,8143.91015625,8106.759765625,8143.1298828125,0
2026-03-05 09:00:00,8144.85009765625,8215.01953125,8144.85009765625,8198.8095703125,0
2026-03-05 10:00:00,8197.5703125,8207.080078125,8186.080078125,8191.56005859375,0
2026-03-05 11:00:00,8191.56982421875,8207.490234375,8172.35986328125,8172.35986328125,0
2026-03-05 12:00:00,8172.2998046875,8183.759765625,8150.06005859375,8152.22021484375,0
2026-03-05 13:00:00,8152.06005859375,8152.06005859375,8113.9599609375,8117.02001953125,0
2026-03-05 14:00:00,8116.9599609375,8123.06005859375,8089.22998046875,8123.009765625,0
2026-03-05 15:00:00,8123.93994140625,8132.3701171875,8072.10009765625,8084.68017578125,0
2026-03-05 16:00:00,8086.6298828125,8089.22998046875,8028.1298828125,8028.60986328125,0
2026-03-06 08:00:00,8083.669921875,8104.77001953125,8058.39013671875,8092.3701171875,0
2026-03-06 09:00:00,8092.6201171875,8092.6201171875,8019.77978515625,8034.08984375,0
2026-03-06 10:00:00,8034.60009765625,8057.0498046875,8026.68994140625,8027.60009765625,0
2026-03-06 11:00:00,8024.81005859375,8030.990234375,7953.18994140625,7959.5498046875,0
2026-03-06 12:00:00,7959.7001953125,7980.56982421875,7949.2099609375,7975.7900390625,0
2026-03-06 13:00:00,7975.4501953125,8004.47998046875,7921.2900390625,7927.52001953125,0
2026-03-06 14:00:00,7926.39013671875,7947.509765625,7913.02001953125,7939.759765625,0
2026-03-06 15:00:00,7940.7099609375,7990.4599609375,7940.7099609375,7977.47021484375,0
2026-03-06 16:00:00,7977.5400390625,7988.14990234375,7965.2001953125,7974.33984375,0
2026-03-09 08:00:00,7809.740234375,7812.66015625,7768.10986328125,7786.31982421875,0
2026-03-09 09:00:00,7788.18994140625,7861.58984375,7774.419921875,7851.06005859375,0
2026-03-09 10:00:00,7852.080078125,7859.60986328125,7815.06005859375,7832.18994140625,0
2026-03-09 11:00:00,7832.06005859375,7844.169921875,7811.68017578125,7832.85986328125,0
2026-03-09 12:00:00,7832.58984375,7856.25,7812.93017578125,7820.08984375,0
2026-03-09 13:00:00,7821.52978515625,7871.35986328125,7821.52978515625,7848.85986328125,0
2026-03-09 14:00:00,7847.25,7887.330078125,7809.22998046875,7883.77001953125,0
2026-03-09 15:00:00,7882.72998046875,7922.3798828125,7881.22021484375,7918.27001953125,0
2026-03-09 16:00:00,7917.56005859375,7929.52978515625,7897.18994140625,7910.72021484375,0
2026-03-10 08:00:00,8064.81982421875,8082.3701171875,8030.7001953125,8052.64013671875,0
2026-03-10 09:00:00,8052.2099609375,8090.0400390625,8047.490234375,8064.2998046875,0
2026-03-10 10:00:00,8063.47021484375,8082.7900390625,8052.1298828125,8080.18994140625,0
2026-03-10 11:00:00,8079.97021484375,8098.4501953125,8027.39990234375,8030.14990234375,0
2026-03-10 12:00:00,8029.669921875,8040.18017578125,7995.81005859375,8037.14990234375,0
2026-03-10 13:00:00,8037.35009765625,8052.47998046875,8016.68017578125,8017.60986328125,0
2026-03-10 14:00:00,8018.85986328125,8101.18017578125,8005.75,8098.31005859375,0
2026-03-10 15:00:00,8098.35986328125,8107.18994140625,8062.10009765625,8063.39013671875,0
2026-03-10 16:00:00,8064.83984375,8065.2900390625,8045.89990234375,8056.56982421875,0
2026-03-11 08:00:00,7992.66015625,8015.8701171875,7973.85986328125,7983.4599609375,0
2026-03-11 09:00:00,7984.2001953125,7984.2001953125,7961.31982421875,7962.759765625,0
2026-03-11 10:00:00,7962.39990234375,8034.35009765625,7961.669921875,8033.4501953125,0
2026-03-11 11:00:00,8034.330078125,8041.02001953125,7990.1298828125,7998.490234375,0
2026-03-11 12:00:00,7998.0400390625,8009.10009765625,7966.31005859375,7982.89013671875,0
2026-03-11 13:00:00,7982.93017578125,8025.3701171875,7982.93017578125,8025.02001953125,0
2026-03-11 14:00:00,8025.08984375,8057.02001953125,8010.16015625,8055.85986328125,0
2026-03-11 15:00:00,8056.43017578125,8057.22021484375,8007.759765625,8017.93994140625,0
2026-03-11 16:00:00,8017.77978515625,8024.64013671875,8008.22998046875,8014.990234375,0
2026-03-12 08:00:00,8006.72998046875,8016.3701171875,7977.66015625,8009.93994140625,0
2026-03-12 09:00:00,8010.91015625,8020.35009765625,7976.0400390625,8018.9501953125,0
2026-03-12 10:00:00,8017.35009765625,8019.080078125,7999.72021484375,8006.66015625,0
2026-03-12 11:00:00,8006.6201171875,8037.830078125,7990.3798828125,8012.68994140625,0
2026-03-12 12:00:00,8011.85986328125,8012.85009765625,7990.60009765625,8008.0498046875,0
2026-03-12 13:00:00,8009.419921875,8022.419921875,7965.22998046875,7972.35009765625,0
2026-03-12 14:00:00,7972.419921875,7987.8798828125,7939.93017578125,7955.7099609375,0
2026-03-12 15:00:00,7957.16015625,7971.89013671875,7916.5,7971.77978515625,0
2026-03-12 16:00:00,7970.39013671875,7994.9501953125,7957.41015625,7978.97998046875,0
2026-03-13 08:00:00,7907.81982421875,7921.14013671875,7872.72998046875,7916.6201171875,0
2026-03-13 09:00:00,7916.27978515625,7927.41015625,7907.580078125,7922.18994140625,0
2026-03-13 10:00:00,7921.27978515625,7961.66015625,7918.7998046875,7961.66015625,0
2026-03-13 11:00:00,7961.27978515625,7986.1201171875,7955.18994140625,7984.9599609375,0
2026-03-13 12:00:00,7985.06005859375,8007.0400390625,7974.919921875,7988.1298828125,0
2026-03-13 13:00:00,7989.10009765625,8016.43017578125,7983.8701171875,7995.93017578125,0
2026-03-13 14:00:00,7994.83984375,8000.66015625,7940.919921875,7942.81005859375,0
2026-03-13 15:00:00,7940.43017578125,7961.97998046875,7904.60009765625,7905.93994140625,0
2026-03-13 16:00:00,7905.3798828125,7916.2998046875,7896.2998046875,7916.06982421875,0
2026-03-16 08:00:00,7921.02001953125,7932.990234375,7880.43017578125,7883.16015625,0
2026-03-16 09:00:00,7883.64990234375,7894.740234375,7856.60986328125,7857.919921875,0
2026-03-16 10:00:00,7858.7998046875,7906.8798828125,7856.72998046875,7906.85986328125,0
2026-03-16 11:00:00,7907.2099609375,7920.22998046875,7902.009765625,7919.16015625,0
2026-03-16 12:00:00,7918.8798828125,7943.5,7918.39990234375,7927.6298828125,0
2026-03-16 13:00:00,7927.8798828125,7956.81005859375,7922.5498046875,7956.7900390625,0
2026-03-16 14:00:00,7956.18017578125,7965.68994140625,7935.3701171875,7956.89013671875,0
2026-03-16 15:00:00,7957.5,7968.64990234375,7945.080078125,7945.60009765625,0
2026-03-16 16:00:00,7945.18017578125,7952.9599609375,7931.56982421875,7933.02978515625,0
2026-03-17 08:00:00,7919.8701171875,7957.330078125,7919.8701171875,7948.66015625,0
2026-03-17 09:00:00,7949.4599609375,7993.52001953125,7949.4599609375,7993.2001953125,0
2026-03-17 10:00:00,7993.02001953125,7993.02001953125,7969.75,7976.5400390625,0
2026-03-17 11:00:00,7976.97998046875,7987.4501953125,7974.0400390625,7978.9599609375,0
2026-03-17 12:00:00,7979.06982421875,8000.97998046875,7978.7900390625,7995.830078125,0
2026-03-17 13:00:00,7995.7900390625,8022.27001953125,7995.7900390625,8009.919921875,0
2026-03-17 14:00:00,8010.43017578125,8021.740234375,7997.02978515625,8017.2900390625,0
2026-03-17 15:00:00,8017.89990234375,8022.080078125,7983.669921875,7986.91015625,0
2026-03-17 16:00:00,7986.60009765625,7986.60009765625,7967.10986328125,7969.6201171875,0
2026-03-18 08:00:00,8008.93017578125,8041.66015625,8008.93017578125,8038.3798828125,0
2026-03-18 09:00:00,8037.47998046875,8058.5498046875,8036.3701171875,8053.02978515625,0
2026-03-18 10:00:00,8052.60986328125,8064.81005859375,8049.75,8052.81982421875,0
2026-03-18 11:00:00,8052.72021484375,8066.6201171875,8035.669921875,8048.52001953125,0
2026-03-18 12:00:00,8047.72998046875,8049.2001953125,7969.419921875,7971.080078125,0
2026-03-18 13:00:00,7972.240234375,7995.56005859375,7961.919921875,7974.240234375,0
2026-03-18 14:00:00,7973.85986328125,7987.89013671875,7944.33984375,7960.0498046875,0
2026-03-18 15:00:00,7960.56982421875,7979.8798828125,7955.7900390625,7959.419921875,0
2026-03-18 16:00:00,7958.7998046875,7979.77001953125,7953.35009765625,7973.8798828125,0
2026-03-19 08:00:00,7871.759765625,7887.9501953125,7824.93017578125,7834.259765625,0
2026-03-19 09:00:00,7834.27978515625,7864.60009765625,7817.81005859375,7859.10986328125,0
2026-03-19 10:00:00,7859.7099609375,7859.7099609375,7825.47021484375,7829.0400390625,0
2026-03-19 11:00:00,7831.169921875,7846.47998046875,7818.3798828125,7838.83984375,0
2026-03-19 12:00:00,7839.33984375,7840.2001953125,7789.31982421875,7802.66015625,0
2026-03-19 13:00:00,7800.41015625,7822.47998046875,7774.43994140625,7820.35009765625,0
2026-03-19 14:00:00,7822.830078125,7833.1201171875,7806.5498046875,7817.490234375,0
2026-03-19 15:00:00,7816.52001953125,7845.5,7807.919921875,7837.06982421875,0
2026-03-19 16:00:00,7834.85986328125,7849.89013671875,7810.330078125,7810.330078125,0
2026-03-20 08:00:00,7869.68017578125,7883.27001953125,7855.1201171875,7860.259765625,0
2026-03-20 09:00:00,7857.080078125,7859.33984375,7800.72021484375,7807.6298828125,0
2026-03-20 10:00:00,7808.52978515625,7818.5,7771.81982421875,7792.509765625,0
2026-03-20 11:00:00,7792.5498046875,7834.3798828125,7787.60009765625,7834.3798828125,0
2026-03-20 12:00:00,7834.10986328125,7841.5400390625,7814.10009765625,7829.5498046875,0
2026-03-20 13:00:00,7829.68017578125,7830.66015625,7775.14990234375,7775.85986328125,0
2026-03-20 14:00:00,7776.419921875,7776.419921875,7679.0498046875,7689.60986328125,0
2026-03-20 15:00:00,7688.89013671875,7711.81005859375,7672.2099609375,7686.81982421875,0
2026-03-20 16:00:00,7683.990234375,7698.43994140625,7660.47021484375,7660.47021484375,0
2026-03-23 08:00:00,7542.35986328125,7561.16015625,7533.830078125,7553.39990234375,0
2026-03-23 09:00:00,7549.7900390625,7555.7998046875,7505.27001953125,7519.990234375,0
2026-03-23 10:00:00,7519.330078125,7536.27001953125,7506.27001953125,7515.47998046875,0
2026-03-23 11:00:00,7516.33984375,7876.7001953125,7516.33984375,7725.1201171875,0
2026-03-23 12:00:00,7726.10986328125,7810.9501953125,7704.60009765625,7802.60986328125,0
2026-03-23 13:00:00,7802.85986328125,7814.669921875,7745.18017578125,7784.2998046875,0
2026-03-23 14:00:00,7788.5498046875,7835.58984375,7785.8701171875,7828.3701171875,0
2026-03-23 15:00:00,7825.43017578125,7861.990234375,7748.009765625,7750.93017578125,0
2026-03-23 16:00:00,7750.2001953125,7771.25,7727.0,7727.0,0
2026-03-24 08:00:00,7743.5498046875,7773.6298828125,7709.68994140625,7714.5400390625,0
2026-03-24 09:00:00,7714.08984375,7729.16015625,7681.7900390625,7726.10986328125,0
2026-03-24 10:00:00,7724.64013671875,7736.27001953125,7705.4501953125,7727.89013671875,0
2026-03-24 11:00:00,7728.47021484375,7746.5,7709.4599609375,7744.77978515625,0
2026-03-24 12:00:00,7744.759765625,7747.8701171875,7688.02001953125,7691.6201171875,0
2026-03-24 13:00:00,7691.6298828125,7697.66015625,7660.240234375,7686.0,0
2026-03-24 14:00:00,7688.93017578125,7757.1201171875,7688.93017578125,7746.240234375,0
2026-03-24 15:00:00,7745.9599609375,7763.2001953125,7732.41015625,7732.41015625,0
2026-03-24 16:00:00,7726.830078125,7751.5400390625,7722.3701171875,7751.5400390625,0
2026-03-25 08:00:00,7837.0400390625,7871.080078125,7828.169921875,7853.2998046875,0
2026-03-25 09:00:00,7854.990234375,7869.7900390625,7832.18017578125,7854.72021484375,0
2026-03-25 10:00:00,7854.22021484375,7871.259765625,7853.66015625,7868.10986328125,0
2026-03-25 11:00:00,7867.72021484375,7878.6201171875,7856.35986328125,7870.85009765625,0
2026-03-25 12:00:00,7871.6201171875,7884.14013671875,7821.6201171875,7856.97021484375,0
2026-03-25 13:00:00,7856.2998046875,7867.52001953125,7828.759765625,7831.330078125,0
2026-03-25 14:00:00,7831.509765625,7856.85986328125,7819.52978515625,7837.0498046875,0
2026-03-25 15:00:00,7837.6201171875,7838.02001953125,7792.3701171875,7823.83984375,0
2026-03-25 16:00:00,7823.97021484375,7828.0,7811.3798828125,7827.330078125,0
2026-03-26 08:00:00,7795.77978515625,7816.06982421875,7788.22021484375,7807.35009765625,0
2026-03-26 09:00:00,7807.18994140625,7807.18994140625,7758.759765625,7779.56982421875,0
2026-03-26 10:00:00,7778.7998046875,7796.5,7770.0498046875,7786.25,0
2026-03-26 11:00:00,7786.47998046875,7792.9501953125,7761.39013671875,7761.85009765625,0
2026-03-26 12:00:00,7761.64013671875,7786.0,7756.169921875,7778.81005859375,0
2026-03-26 13:00:00,7778.68994140625,7813.60009765625,7769.1298828125,7813.580078125,0
2026-03-26 14:00:00,7816.91015625,7843.06982421875,7799.0,7812.7001953125,0
2026-03-26 15:00:00,7813.0,7820.18017578125,7789.85009765625,7803.3798828125,0
2026-03-26 16:00:00,7803.72021484375,7811.02978515625,7766.2099609375,7770.68994140625,0
2026-03-27 08:00:00,7774.39990234375,7785.4599609375,7725.25,7725.39013671875,0
2026-03-27 09:00:00,7724.02001953125,7734.64990234375,7700.60986328125,7701.8798828125,0
2026-03-27 10:00:00,7703.259765625,7722.66015625,7687.6298828125,7687.6298828125,0
2026-03-27 11:00:00,7689.14013671875,7716.06005859375,7677.31982421875,7706.2900390625,0
2026-03-27 12:00:00,7706.64013671875,7726.60009765625,7697.5498046875,7718.52001953125,0
2026-03-27 13:00:00,7718.31982421875,7726.2001953125,7692.83984375,7696.18017578125,0
2026-03-27 14:00:00,7695.2099609375,7715.91015625,7693.14990234375,7705.97021484375,0
2026-03-27 15:00:00,7705.43994140625,7744.02001953125,7698.919921875,7705.240234375,0
2026-03-27 16:00:00,7705.669921875,7709.66015625,7686.77978515625,7700.330078125,0
2026-03-30 07:00:00,7689.0498046875,7708.77001953125,7680.2099609375,7707.35009765625,0
2026-03-30 08:00:00,7708.7998046875,7735.56982421875,7699.080078125,7734.39990234375,0
2026-03-30 09:00:00,7734.27978515625,7734.830078125,7693.2998046875,7697.77001953125,0
2026-03-30 10:00:00,7697.27978515625,7711.06005859375,7692.41015625,7710.509765625,0
2026-03-30 11:00:00,7712.169921875,7754.64990234375,7712.169921875,7723.93017578125,0
2026-03-30 12:00:00,7725.830078125,7745.10986328125,7717.8798828125,7741.06005859375,0
2026-03-30 13:00:00,7742.2998046875,7748.68994140625,7729.81982421875,7733.5,0
2026-03-30 14:00:00,7733.06005859375,7760.759765625,7730.4599609375,7760.47998046875,0
2026-03-30 15:00:00,7760.7998046875,7775.259765625,7753.22021484375,7760.1201171875,0
2026-03-31 07:00:00,7765.16015625,7825.77001953125,7751.56982421875,7825.77001953125,0
2026-03-31 08:00:00,7826.43994140625,7831.10009765625,7798.43017578125,7802.97021484375,0
2026-03-31 09:00:00,7802.93017578125,7828.669921875,7802.93017578125,7822.75,0
2026-03-31 10:00:00,7823.06005859375,7831.7099609375,7783.22021484375,7806.91015625,0
2026-03-31 11:00:00,7807.080078125,7835.7998046875,7801.18994140625,7825.990234375,0
2026-03-31 12:00:00,7826.419921875,7838.25,7805.10009765625,7824.93017578125,0
2026-03-31 13:00:00,7824.68994140625,7850.14013671875,7814.68994140625,7839.419921875,0
2026-03-31 14:00:00,7840.52978515625,7847.47998046875,7810.5498046875,7815.10986328125,0
2026-03-31 15:00:00,7815.490234375,7841.18994140625,7810.990234375,7811.14013671875,0
2026-04-01 07:00:00,8004.81005859375,8006.47021484375,7958.97998046875,7966.669921875,0
2026-04-01 08:00:00,7965.39013671875,7981.6201171875,7947.60986328125,7961.009765625,0
2026-04-01 09:00:00,7961.1201171875,7970.7001953125,7918.52001953125,7937.31005859375,0
2026-04-01 10:00:00,7936.919921875,7967.93994140625,7927.580078125,7967.72998046875,0
2026-04-01 11:00:00,7967.759765625,7983.93017578125,7966.7900390625,7980.43994140625,0
2026-04-01 12:00:00,7979.68994140625,7989.9599609375,7950.97998046875,7951.72021484375,0
2026-04-01 13:00:00,7952.7001953125,7967.27978515625,7931.759765625,7943.85986328125,0
2026-04-01 14:00:00,7947.8701171875,7984.6201171875,7936.509765625,7976.5498046875,0
2026-04-01 15:00:00,7975.81982421875,7986.89013671875,7974.080078125,7975.35009765625,0
2026-04-02 07:00:00,7877.5,7913.2900390625,7870.97998046875,7913.2900390625,0
2026-04-02 08:00:00,7914.5,7925.5498046875,7899.080078125,7924.2998046875,0
2026-04-02 09:00:00,7923.64990234375,7927.169921875,7900.64013671875,7912.2099609375,0
2026-04-02 10:00:00,7912.31982421875,7912.31982421875,7884.8701171875,7893.1298828125,0
2026-04-02 11:00:00,7892.8798828125,7899.68017578125,7871.02978515625,7871.02978515625,0
2026-04-02 12:00:00,7870.58984375,7883.18994140625,7856.89013671875,7876.25,0
2026-04-02 13:00:00,7876.259765625,7903.72021484375,7868.759765625,7901.8798828125,0
2026-04-02 14:00:00,7902.97998046875,7993.080078125,7894.0498046875,7970.490234375,0
2026-04-02 15:00:00,7969.77001953125,7969.91015625,7942.72998046875,7946.919921875,0
2026-04-07 07:00:00,7997.91015625,8006.16015625,7986.22021484375,8003.02978515625,0
2026-04-07 08:00:00,8004.7099609375,8073.7001953125,8004.7099609375,8060.509765625,0
2026-04-07 09:00:00,8060.2001953125,8075.18017578125,8056.4501953125,8066.81982421875,0
2026-04-07 10:00:00,8065.72021484375,8065.89990234375,7990.47021484375,7995.990234375,0
2026-04-07 11:00:00,7996.5,8008.77978515625,7977.7900390625,7982.7900390625,0
2026-04-07 12:00:00,7982.27978515625,7997.2900390625,7959.5,7971.2900390625,0
2026-04-07 13:00:00,7971.35009765625,7981.64990234375,7932.240234375,7933.39013671875,0
2026-04-07 14:00:00,7932.9599609375,7951.35986328125,7908.2900390625,7908.2900390625,0
2026-04-07 15:00:00,7906.41015625,7906.41015625,7881.0400390625,7901.8798828125,0
2026-04-08 07:00:00,8111.169921875,8261.26953125,8111.169921875,8215.6298828125,0
2026-04-08 08:00:00,8215.240234375,8231.5595703125,8195.3798828125,8217.98046875,0
2026-04-08 09:00:00,8219.2900390625,8247.5703125,8208.2197265625,8235.23046875,0
2026-04-08 10:00:00,8236.330078125,8274.3798828125,8233.6904296875,8267.6201171875,0
2026-04-08 11:00:00,8267.08984375,8301.8095703125,8261.1396484375,8291.509765625,0
2026-04-08 12:00:00,8292.0302734375,8303.3095703125,8262.8095703125,8297.9404296875,0
2026-04-08 13:00:00,8298.099609375,8304.9501953125,8267.849609375,8287.9697265625,0
2026-04-08 14:00:00,8288.650390625,8305.4697265625,8248.2998046875,8258.8798828125,0
2026-04-08 15:00:00,8258.7998046875,8268.8798828125,8244.3701171875,8258.1796875,0
2026-04-09 07:00:00,8251.2099609375,8254.5595703125,8201.98046875,8219.91015625,0
2026-04-09 08:00:00,8220.9296875,8222.0,8197.7802734375,8198.8603515625,0
2026-04-09 09:00:00,8197.4296875,8210.6298828125,8190.68017578125,8199.6796875,0
2026-04-09 10:00:00,8199.58984375,8204.5400390625,8187.22021484375,8188.490234375,0
2026-04-09 11:00:00,8186.08984375,8212.98046875,8183.35986328125,8212.0703125,0
2026-04-09 12:00:00,8212.08984375,8224.2099609375,8210.5595703125,8217.33984375,0
2026-04-09 13:00:00,8218.330078125,8219.4296875,8196.6298828125,8204.3798828125,0
2026-04-09 14:00:00,8205.349609375,8205.349609375,8187.35009765625,8196.990234375,0
2026-04-09 15:00:00,8197.650390625,8222.3701171875,8189.1201171875,8219.4697265625,0
2026-04-10 07:00:00,8250.990234375,8271.400390625,8242.75,8261.8203125,0
2026-04-10 08:00:00,8262.26953125,8267.3798828125,8244.6796875,8246.58984375,0
2026-04-10 09:00:00,8247.0703125,8297.91015625,8247.0703125,8297.41015625,0
2026-04-10 10:00:00,8298.8095703125,8319.8798828125,8284.0498046875,8313.83984375,0
2026-04-10 11:00:00,8313.169921875,8320.3896484375,8292.7099609375,8296.7998046875,0
2026-04-10 12:00:00,8297.009765625,8313.8203125,8293.919921875,8295.5703125,0
2026-04-10 13:00:00,8295.51953125,8298.7099609375,8264.33984375,8277.349609375,0
2026-04-10 14:00:00,8279.83984375,8291.900390625,8265.580078125,8267.6396484375,0
2026-04-10 15:00:00,8267.900390625,8281.0498046875,8263.1796875,8263.1796875,0
2026-04-13 07:00:00,8178.22021484375,8192.16015625,8173.83984375,8176.16015625,0
2026-04-13 08:00:00,8175.919921875,8182.9599609375,8168.64013671875,8179.60009765625,0
2026-04-13 09:00:00,8180.009765625,8200.33984375,8180.009765625,8188.02001953125,0
2026-04-13 10:00:00,8188.419921875,8194.900390625,8185.08984375,8190.35009765625,0
2026-04-13 11:00:00,8192.6396484375,8196.9599609375,8164.2001953125,8165.2998046875,0
2026-04-13 12:00:00,8165.580078125,8191.419921875,8163.3701171875,8191.419921875,0
2026-04-13 13:00:00,8191.18994140625,8234.080078125,8189.35986328125,8225.0302734375,0
2026-04-13 14:00:00,8228.6103515625,8234.7998046875,8215.8701171875,8228.7998046875,0
2026-04-13 15:00:00,8228.7001953125,8233.41015625,8221.0302734375,8229.9599609375,0
2026-04-14 07:00:00,8254.3798828125,8289.6396484375,8249.7900390625,8289.169921875,0
2026-04-14 08:00:00,8288.5400390625,8305.5703125,8277.58984375,8305.5,0
2026-04-14 09:00:00,8305.5400390625,8311.6904296875,8279.740234375,8287.3603515625,0
2026-04-14 10:00:00,8287.5400390625,8289.3896484375,8272.490234375,8278.7900390625,0
2026-04-14 11:00:00,8278.1904296875,8305.919921875,8274.5703125,8299.4404296875,0
2026-04-14 12:00:00,8299.5,8316.5302734375,8297.5,8301.9599609375,0
2026-04-14 13:00:00,8302.5400390625,8311.66015625,8294.0703125,8308.919921875,0
2026-04-14 14:00:00,8309.5595703125,8326.0595703125,8303.6298828125,8326.0595703125,0
2026-04-14 15:00:00,8325.4501953125,8336.0498046875,8319.5595703125,8334.5302734375,0
2026-04-15 07:00:00,8283.419921875,8287.349609375,8266.080078125,8271.2001953125,0
2026-04-15 08:00:00,8270.509765625,8293.3701171875,8258.2900390625,8293.1796875,0
2026-04-15 09:00:00,8293.0703125,8295.2802734375,8271.5302734375,8273.150390625,0
2026-04-15 10:00:00,8272.740234375,8284.73046875,8260.919921875,8276.0703125,0
2026-04-15 11:00:00,8275.9501953125,8287.58984375,8271.7197265625,8286.8203125,0
2026-04-15 12:00:00,8285.419921875,8288.490234375,8274.8095703125,8280.9697265625,0
2026-04-15 13:00:00,8279.3798828125,8287.580078125,8268.76953125,8277.6103515625,0
2026-04-15 14:00:00,8278.5400390625,8280.5400390625,8259.48046875,8269.8203125,0
2026-04-15 15:00:00,8269.3203125,8280.26953125,8268.1396484375,8280.26953125,0
2026-04-16 07:00:00,8286.5,8310.5595703125,8281.5498046875,8310.5595703125,0
2026-04-16 08:00:00,8309.8095703125,8310.5498046875,8296.2998046875,8304.990234375,0
2026-04-16 09:00:00,8306.1396484375,8309.2802734375,8299.349609375,8307.33984375,0
2026-04-16 10:00:00,8306.5703125,8317.8798828125,8305.9404296875,8312.73046875,0
2026-04-16 11:00:00,8313.1298828125,8319.73046875,8310.0498046875,8319.3896484375,0
2026-04-16 12:00:00,8318.91015625,8323.759765625,8316.0595703125,8319.8203125,0
2026-04-16 13:00:00,8320.099609375,8331.080078125,8292.349609375,8301.650390625,0
2026-04-16 14:00:00,8303.7802734375,8310.76953125,8273.75,8280.66015625,0
2026-04-16 15:00:00,8278.5498046875,8286.33984375,8271.2998046875,8273.330078125,0
2026-04-17 07:00:00,8265.26953125,8290.4697265625,8263.5703125,8287.919921875,0
2026-04-17 08:00:00,8287.740234375,8300.740234375,8284.5703125,8300.1904296875,0
2026-04-17 09:00:00,8300.5400390625,8314.9501953125,8290.080078125,8305.91015625,0
2026-04-17 10:00:00,8305.51953125,8305.51953125,8287.330078125,8292.6796875,0
2026-04-17 11:00:00,8292.5302734375,8298.1796875,8286.8095703125,8294.3896484375,0
2026-04-17 12:00:00,8294.2197265625,8405.08984375,8293.9296875,8399.3603515625,0
2026-04-17 13:00:00,8400.48046875,8437.48046875,8394.7900390625,8427.6396484375,0
2026-04-17 14:00:00,8427.16015625,8455.650390625,8420.150390625,8452.919921875,0
2026-04-17 15:00:00,8453.080078125,8453.080078125,8420.759765625,8424.759765625,0
2026-04-20 09:00:00,8425.1298828125,8425.1298828125,8330.400390625,8330.580078125,0
2026-04-20 10:00:00,8330.3603515625,8425.1298828125,8326.4599609375,8330.759765625,0
2026-04-20 11:00:00,8331.1103515625,8425.1298828125,8322.5302734375,8334.66015625,0
2026-04-20 12:00:00,8335.849609375,8337.0400390625,8325.5400390625,8326.9599609375,0
2026-04-20 13:00:00,8326.83984375,8356.8095703125,8322.5,8353.4697265625,0
2026-04-20 14:00:00,8354.1904296875,8354.1904296875,8310.73046875,8321.8798828125,0
2026-04-20 15:00:00,8322.9296875,8336.4501953125,8317.7998046875,8331.58984375,0
2026-04-21 07:00:00,8320.0703125,8339.400390625,8311.919921875,8328.1396484375,0
2026-04-21 08:00:00,8327.669921875,8347.23046875,8318.1904296875,8344.7802734375,0
2026-04-21 09:00:00,8343.5703125,8355.9501953125,8335.0302734375,8351.25,0
2026-04-21 10:00:00,8350.9599609375,8356.8896484375,8338.1796875,8355.7998046875,0
2026-04-21 11:00:00,8355.9501953125,8357.9501953125,8313.23046875,8313.8203125,0
2026-04-21 12:00:00,8313.259765625,8315.490234375,8296.7802734375,8297.419921875,0
2026-04-21 13:00:00,8298.5703125,8302.5400390625,8285.6298828125,8300.7099609375,0
2026-04-21 14:00:00,8301.1904296875,8301.1904296875,8247.2900390625,8247.2900390625,0
2026-04-21 15:00:00,8247.9697265625,8253.08984375,8230.7900390625,8247.8095703125,0
2026-04-22 07:00:00,8266.91015625,8266.91015625,8224.1103515625,8227.48046875,0
2026-04-22 08:00:00,8226.169921875,8232.4296875,8207.4501953125,8222.330078125,0
2026-04-22 09:00:00,8221.5703125,8228.349609375,8197.7001953125,8202.740234375,0
2026-04-22 10:00:00,8201.6298828125,8215.75,8190.490234375,8209.9501953125,0
2026-04-22 11:00:00,8210.48046875,8225.5400390625,8203.080078125,8221.08984375,0
2026-04-22 12:00:00,8220.83984375,8226.759765625,8198.41015625,8200.7099609375,0
2026-04-22 13:00:00,8200.7802734375,8219.26953125,8190.330078125,8194.650390625,0
2026-04-22 14:00:00,8197.01953125,8197.7900390625,8158.169921875,8169.35986328125,0
2026-04-22 15:00:00,8170.0498046875,8174.33984375,8157.16015625,8166.0498046875,0
2026-04-23 07:00:00,8186.2001953125,8205.2197265625,8172.14013671875,8203.08984375,0
2026-04-23 08:00:00,8203.650390625,8203.900390625,8170.16015625,8170.16015625,0
2026-04-23 09:00:00,8168.83984375,8174.509765625,8149.77001953125,8157.240234375,0
2026-04-23 10:00:00,8158.02001953125,8173.4599609375,8142.490234375,8171.490234375,0
2026-04-23 11:00:00,8170.419921875,8190.85986328125,8161.22021484375,8189.7998046875,0
2026-04-23 12:00:00,8190.16015625,8212.7197265625,8177.08984375,8197.9501953125,0
2026-04-23 13:00:00,8199.1298828125,8221.8896484375,8196.1298828125,8211.330078125,0
2026-04-23 14:00:00,8211.7998046875,8242.2197265625,8202.1201171875,8239.650390625,0
2026-04-23 15:00:00,8240.4404296875,8241.8603515625,8229.5,8238.4404296875,0
2026-04-24 07:00:00,8167.06005859375,8196.0703125,8160.10986328125,8166.0400390625,0
2026-04-24 08:00:00,8165.64013671875,8169.330078125,8125.0498046875,8126.39013671875,0
2026-04-24 09:00:00,8127.43994140625,8137.9599609375,8116.9501953125,8133.08984375,0
2026-04-24 10:00:00,8134.1298828125,8158.81005859375,8134.1298828125,8155.10009765625,0
2026-04-24 11:00:00,8154.68017578125,8224.2197265625,8154.68017578125,8192.0595703125,0
2026-04-24 12:00:00,8192.650390625,8198.6396484375,8151.7001953125,8158.16015625,0
2026-04-24 13:00:00,8158.0498046875,8171.080078125,8151.490234375,8166.02978515625,0
2026-04-24 14:00:00,8165.419921875,8176.0,8156.72021484375,8167.83984375,0
2026-04-24 15:00:00,8168.169921875,8168.919921875,8158.330078125,8161.5498046875,0
2026-04-27 07:00:00,8160.18017578125,8184.240234375,8158.27978515625,8159.009765625,0
2026-04-27 08:00:00,8157.08984375,8178.58984375,8144.259765625,8174.2998046875,0
2026-04-27 09:00:00,8174.18017578125,8189.89990234375,8173.5400390625,8189.22998046875,0
2026-04-27 10:00:00,8189.66015625,8207.9296875,8186.9501953125,8205.3896484375,0
2026-04-27 11:00:00,8205.3798828125,8214.6298828125,8203.1298828125,8208.8603515625,0
2026-04-27 12:00:00,8209.0703125,8210.490234375,8157.64990234375,8158.64990234375,0
2026-04-27 13:00:00,8159.4501953125,8177.7001953125,8153.919921875,8169.60986328125,0
2026-04-27 14:00:00,8169.35009765625,8170.6201171875,8136.8798828125,8136.8798828125,0
2026-04-27 15:00:00,8136.259765625,8138.18994140625,8127.830078125,8135.22998046875,0
2026-04-28 07:00:00,8129.35009765625,8154.9501953125,8112.830078125,8152.60009765625,0
2026-04-28 08:00:00,8152.1298828125,8159.60009765625,8129.0400390625,8150.33984375,0
2026-04-28 09:00:00,8150.68017578125,8165.60009765625,8146.25,8151.3798828125,0
2026-04-28 10:00:00,8151.77001953125,8171.58984375,8151.77001953125,8170.080078125,0
2026-04-28 11:00:00,8168.83984375,8172.89013671875,8105.47998046875,8113.990234375,0
2026-04-28 12:00:00,8114.2099609375,8130.10986328125,8090.7001953125,8127.43994140625,0
2026-04-28 13:00:00,8128.64013671875,8129.5498046875,8104.75,8113.68017578125,0
2026-04-28 14:00:00,8113.509765625,8115.919921875,8093.35009765625,8107.080078125,0
2026-04-28 15:00:00,8109.52978515625,8123.60986328125,8109.52978515625,8121.47021484375,0
2026-04-29 07:00:00,8088.97998046875,8110.6201171875,8066.5400390625,8067.16015625,0
2026-04-29 08:00:00,8067.35986328125,8072.8701171875,8048.2998046875,8054.759765625,0
2026-04-29 09:00:00,8053.740234375,8060.43017578125,8036.4599609375,8041.77978515625,0
2026-04-29 10:00:00,8042.43017578125,8071.3701171875,8040.81982421875,8056.3701171875,0
2026-04-29 11:00:00,8057.0400390625,8077.27978515625,8057.0400390625,8075.6201171875,0
2026-04-29 12:00:00,8075.990234375,8082.509765625,8058.240234375,8079.47998046875,0
2026-04-29 13:00:00,8079.77978515625,8092.72998046875,8047.06005859375,8059.4599609375,0
2026-04-29 14:00:00,8059.91015625,8081.6201171875,8059.91015625,8072.22998046875,0
2026-04-29 15:00:00,8072.72021484375,8076.22998046875,8055.5,8064.0,0
2026-04-30 07:00:00,7962.83984375,7993.39990234375,7957.830078125,7983.490234375,0
2026-04-30 08:00:00,7983.56982421875,7987.0400390625,7966.08984375,7966.490234375,0
2026-04-30 09:00:00,7965.9599609375,8025.0498046875,7965.60986328125,8020.64013671875,0
2026-04-30 10:00:00,8017.740234375,8035.93017578125,8015.02001953125,8034.2099609375,0
2026-04-30 11:00:00,8034.31982421875,8067.22021484375,8034.31982421875,8063.47998046875,0
2026-04-30 12:00:00,8063.35009765625,8087.52978515625,8061.5,8076.5400390625,0
2026-04-30 13:00:00,8076.22998046875,8086.6201171875,8055.22021484375,8061.169921875,0
2026-04-30 14:00:00,8060.169921875,8115.080078125,8057.72021484375,8110.60009765625,0
2026-04-30 15:00:00,8108.5,8113.10986328125,8099.0,8112.47998046875,0
2026-05-04 07:00:00,8122.10009765625,8122.10009765625,8085.580078125,8094.85009765625,0
2026-05-04 08:00:00,8093.18994140625,8093.18994140625,8053.64013671875,8053.64013671875,0
2026-05-04 09:00:00,8054.72021484375,8079.10986328125,8054.27978515625,8072.080078125,0
2026-05-04 10:00:00,8072.33984375,8074.85986328125,7988.02001953125,8032.33984375,0
2026-05-04 11:00:00,8031.7099609375,8047.85009765625,8024.02978515625,8042.77001953125,0
2026-05-04 12:00:00,8042.27001953125,8061.02001953125,8040.60986328125,8054.60009765625,0
2026-05-04 13:00:00,8049.72998046875,8049.72998046875,8024.5,8024.5,0
2026-05-04 14:00:00,8023.41015625,8036.64013671875,8005.0498046875,8015.740234375,0
2026-05-04 15:00:00,8013.08984375,8018.93994140625,7962.759765625,7980.39990234375,0
2026-05-05 07:00:00,7961.35986328125,8040.02978515625,7956.0400390625,8011.72998046875,0
2026-05-05 08:00:00,8010.7998046875,8032.830078125,8006.10009765625,8026.43994140625,0
2026-05-05 09:00:00,8026.27001953125,8033.9599609375,8020.8798828125,8031.89013671875,0
2026-05-05 10:00:00,8031.97998046875,8041.330078125,8019.81005859375,8025.7900390625,0
2026-05-05 11:00:00,8026.169921875,8030.6201171875,8008.2998046875,8018.8798828125,0
2026-05-05 12:00:00,8019.240234375,8041.08984375,8012.2001953125,8025.7900390625,0
2026-05-05 13:00:00,8025.7998046875,8037.27001953125,8007.85009765625,8021.330078125,0
2026-05-05 14:00:00,8021.52978515625,8037.27001953125,8009.93017578125,8029.0498046875,0
2026-05-05 15:00:00,8030.0,8061.75,8028.89990234375,8061.75,0
2026-05-06 07:00:00,8134.9501953125,8187.1201171875,8131.52978515625,8186.43994140625,0
2026-05-06 08:00:00,8186.5400390625,8280.7099609375,8185.240234375,8269.169921875,0
2026-05-06 09:00:00,8268.41015625,8277.25,8245.25,8258.0595703125,0
2026-05-06 10:00:00,8257.66015625,8322.759765625,8257.3798828125,8310.4599609375,0
2026-05-06 11:00:00,8309.0595703125,8344.8896484375,8304.669921875,8324.830078125,0
2026-05-06 12:00:00,8325.3603515625,8326.580078125,8282.990234375,8311.76953125,0
2026-05-06 13:00:00,8311.4599609375,8315.4599609375,8288.2900390625,8296.1201171875,0
2026-05-06 14:00:00,8295.6904296875,8318.8701171875,8292.7802734375,8308.490234375,0
2026-05-06 15:00:00,8308.26953125,8325.8798828125,8304.5595703125,8319.830078125,0
2026-05-07 07:00:00,8320.330078125,8361.0,8304.2197265625,8328.58984375,0
2026-05-07 08:00:00,8328.509765625,8335.3603515625,8298.7998046875,8301.0703125,0
2026-05-07 09:00:00,8301.6796875,8304.7001953125,8295.6396484375,8300.009765625,0
2026-05-07 10:00:00,8300.5498046875,8302.76953125,8280.5400390625,8281.51953125,0
2026-05-07 11:00:00,8281.51953125,8288.5498046875,8274.1103515625,8278.2099609375,0
2026-05-07 12:00:00,8278.5703125,8315.7001953125,8276.990234375,8310.150390625,0
2026-05-07 13:00:00,8311.259765625,8311.259765625,8266.7197265625,8272.0498046875,0
2026-05-07 14:00:00,8272.9296875,8272.9296875,8234.01953125,8244.330078125,0
2026-05-07 15:00:00,8243.7802734375,8243.7802734375,8203.2998046875,8208.1103515625,0
2026-05-08 07:00:00,8141.93994140625,8149.66015625,8122.91015625,8148.5400390625,0
2026-05-08 08:00:00,8148.93017578125,8148.93017578125,8127.9501953125,8131.83984375,0
2026-05-08 09:00:00,8132.330078125,8158.93017578125,8126.39990234375,8132.669921875,0
2026-05-08 10:00:00,8131.85986328125,8150.18994140625,8126.10986328125,8144.93017578125,0
2026-05-08 11:00:00,8145.22998046875,8150.43994140625,8124.4501953125,8133.52978515625,0
2026-05-08 12:00:00,8133.490234375,8152.39013671875,8123.5498046875,8127.35986328125,0
2026-05-08 13:00:00,8127.93017578125,8151.9599609375,8117.10009765625,8148.240234375,0
2026-05-08 14:00:00,8151.25,8151.25,8109.759765625,8109.77978515625,0
2026-05-08 15:00:00,8109.68017578125,8110.68017578125,8095.68994140625,8100.990234375,0
2026-05-11 07:00:00,8069.6298828125,8080.6298828125,8049.02001953125,8049.83984375,0
2026-05-11 08:00:00,8051.25,8057.2900390625,8035.7998046875,8037.1298828125,0
2026-05-11 09:00:00,8037.41015625,8055.31982421875,8030.2900390625,8039.2099609375,0
2026-05-11 10:00:00,8037.2998046875,8039.85009765625,8024.81005859375,8030.97021484375,0
2026-05-11 11:00:00,8030.10986328125,8035.10009765625,8013.2900390625,8018.93994140625,0
2026-05-11 12:00:00,8019.3798828125,8043.27978515625,8012.39013671875,8039.580078125,0
2026-05-11 13:00:00,8040.2998046875,8052.41015625,8040.2998046875,8048.27001953125,0
2026-05-11 14:00:00,8049.56982421875,8049.56982421875,8028.10009765625,8030.08984375,0
2026-05-11 15:00:00,8029.91015625,8053.7998046875,8028.259765625,8049.91015625,0
2026-05-12 07:00:00,7973.990234375,8022.27978515625,7962.75,8004.9599609375,0
2026-05-12 08:00:00,8005.97021484375,8019.10986328125,7997.52978515625,8007.10009765625,0
2026-05-12 09:00:00,8007.2001953125,8026.81005859375,7995.5498046875,8000.759765625,0
2026-05-12 10:00:00,8002.830078125,8015.7998046875,8002.830078125,8011.10986328125,0
2026-05-12 11:00:00,8011.93017578125,8023.5400390625,8003.8798828125,8006.02001953125,0
2026-05-12 12:00:00,8005.93017578125,8014.4501953125,7994.97998046875,8006.83984375,0
2026-05-12 13:00:00,8007.009765625,8007.009765625,7974.58984375,7979.580078125,0
2026-05-12 14:00:00,7979.9599609375,7987.330078125,7972.81982421875,7973.83984375,0
2026-05-12 15:00:00,7974.43994140625,7975.8701171875,7965.5498046875,7973.41015625,0
2026-05-13 07:00:00,8029.93994140625,8029.93994140625,7983.10009765625,7985.68994140625,0
2026-05-13 08:00:00,7986.25,7996.4599609375,7972.1201171875,7976.47998046875,0
2026-05-13 09:00:00,7976.77001953125,7980.85986328125,7950.0400390625,7955.81005859375,0
2026-05-13 10:00:00,7955.2998046875,7963.7099609375,7938.6298828125,7948.080078125,0
2026-05-13 11:00:00,7947.830078125,7960.3701171875,7942.66015625,7960.3701171875,0
2026-05-13 12:00:00,7960.6201171875,7964.52001953125,7931.77978515625,7953.759765625,0
2026-05-13 13:00:00,7952.85009765625,7988.16015625,7952.22021484375,7985.35009765625,0
2026-05-13 14:00:00,7984.83984375,8011.35986328125,7984.83984375,8005.22021484375,0
2026-05-13 15:00:00,8005.60986328125,8007.97021484375,7996.89990234375,7999.93994140625,0
2026-05-14 07:00:00,8063.169921875,8067.02978515625,8031.66015625,8031.66015625,0
2026-05-14 08:00:00,8031.52001953125,8058.5,8030.6298828125,8055.2998046875,0
2026-05-14 09:00:00,8053.4501953125,8057.97998046875,8042.72021484375,8055.52978515625,0
2026-05-14 10:00:00,8055.10009765625,8066.60986328125,8051.77978515625,8062.56005859375,0
2026-05-14 11:00:00,8062.16015625,8083.990234375,8062.16015625,8080.41015625,0
2026-05-14 12:00:00,8078.89013671875,8082.169921875,8066.2900390625,8075.52978515625,0
2026-05-14 13:00:00,8075.56982421875,8076.47021484375,8057.009765625,8060.8798828125,0
2026-05-14 14:00:00,8059.6298828125,8076.91015625,8059.27978515625,8075.64990234375,0
2026-05-14 15:00:00,8075.85009765625,8082.759765625,8071.66015625,8071.66015625,0
2026-05-15 07:00:00,8003.06005859375,8043.56982421875,8002.68994140625,8007.91015625,0
2026-05-15 08:00:00,8008.6201171875,8008.64013671875,7963.8701171875,7978.330078125,0
2026-05-15 09:00:00,7979.8798828125,7981.56005859375,7968.2998046875,7971.990234375,0
2026-05-15 10:00:00,7972.85986328125,7994.0498046875,7956.31005859375,7988.47021484375,0
2026-05-15 11:00:00,7988.68017578125,7991.18017578125,7952.89990234375,7962.9599609375,0
2026-05-15 12:00:00,7962.93994140625,7962.93994140625,7944.16015625,7956.490234375,0
2026-05-15 13:00:00,7956.3701171875,7975.39013671875,7952.89990234375,7959.39013671875,0
2026-05-15 14:00:00,7961.759765625,7975.919921875,7949.91015625,7959.39013671875,0
2026-05-15 15:00:00,7958.97021484375,7964.8798828125,7942.4501953125,7945.009765625,0
2026-05-18 07:00:00,7861.31982421875,7881.669921875,7854.27978515625,7869.0400390625,0
2026-05-18 08:00:00,7870.06005859375,7898.580078125,7867.06005859375,7897.83984375,0
2026-05-18 09:00:00,7897.83984375,7904.47998046875,7888.66015625,7899.06005859375,0
2026-05-18 10:00:00,7899.5498046875,7900.9599609375,7880.43017578125,7883.60009765625,0
2026-05-18 11:00:00,7884.10986328125,7941.7998046875,7870.83984375,7920.9501953125,0
2026-05-18 12:00:00,7920.580078125,7982.91015625,7918.97998046875,7982.10009765625,0
2026-05-18 13:00:00,7982.93994140625,8009.22998046875,7970.89013671875,8004.52978515625,0
2026-05-18 14:00:00,8002.7900390625,8009.47021484375,7981.3701171875,8001.08984375,0
2026-05-18 15:00:00,8001.4599609375,8003.990234375,7969.64013671875,7973.47021484375,0
2026-05-19 07:00:00,7995.81005859375,8073.580078125,7995.81005859375,8067.60009765625,0
2026-05-19 08:00:00,8067.60986328125,8067.81005859375,8033.83984375,8060.02001953125,0
2026-05-19 09:00:00,8058.39013671875,8063.47998046875,8034.419921875,8053.52001953125,0
2026-05-19 10:00:00,8053.0400390625,8071.43017578125,8043.580078125,8055.93017578125,0
2026-05-19 11:00:00,8054.52001953125,8058.3701171875,8027.330078125,8027.330078125,0
2026-05-19 12:00:00,8027.47021484375,8054.759765625,8024.240234375,8052.27978515625,0
2026-05-19 13:00:00,8052.7998046875,8056.66015625,7995.8798828125,8013.56005859375,0
2026-05-19 14:00:00,8011.7998046875,8025.7099609375,7969.85009765625,7981.1298828125,0
2026-05-19 15:00:00,7982.47021484375,8000.35986328125,7982.08984375,7989.31005859375,0
2026-05-20 07:00:00,7954.56982421875,7992.10986328125,7954.56982421875,7967.60009765625,0
2026-05-20 08:00:00,7966.14013671875,8010.89990234375,7962.52978515625,8004.7900390625,0
2026-05-20 09:00:00,8004.47998046875,8020.85009765625,7999.9501953125,8019.43994140625,0
2026-05-20 10:00:00,8018.830078125,8046.68017578125,8018.830078125,8025.740234375,0
2026-05-20 11:00:00,8025.64013671875,8038.7900390625,8021.77978515625,8025.60986328125,0
2026-05-20 12:00:00,8026.02978515625,8044.7998046875,8021.75,8022.0498046875,0
2026-05-20 13:00:00,8022.0400390625,8055.83984375,8020.72021484375,8054.64013671875,0
2026-05-20 14:00:00,8053.83984375,8111.93994140625,8023.0,8103.580078125,0
2026-05-20 15:00:00,8103.06982421875,8175.240234375,8103.06982421875,8130.22021484375,0
2026-05-21 07:00:00,8109.77001953125,8119.81982421875,8084.52001953125,8101.93017578125,0
2026-05-21 08:00:00,8102.1201171875,8145.990234375,8102.1201171875,8126.35009765625,0
2026-05-21 09:00:00,8126.0,8151.27978515625,8124.10986328125,8145.91015625,0
2026-05-21 10:00:00,8145.9501953125,8153.5498046875,8055.89013671875,8072.419921875,0
2026-05-21 11:00:00,8070.91015625,8087.89990234375,8064.81982421875,8071.330078125,0
2026-05-21 12:00:00,8072.0400390625,8083.4501953125,8061.7099609375,8073.509765625,0
2026-05-21 13:00:00,8073.93994140625,8119.0,8064.080078125,8117.419921875,0
2026-05-21 14:00:00,8117.7001953125,8120.8701171875,8095.669921875,8120.8701171875,0
2026-05-21 15:00:00,8120.3798828125,8125.39990234375,8106.64990234375,8108.10009765625,0
2026-05-22 07:00:00,8138.97021484375,8140.56005859375,8109.33984375,8121.93017578125,0
2026-05-22 08:00:00,8122.009765625,8126.7001953125,8103.77978515625,8107.31982421875,0
2026-05-22 09:00:00,8107.43017578125,8126.52001953125,8095.7099609375,8124.240234375,0
2026-05-22 10:00:00,8125.39990234375,8130.89013671875,8110.0400390625,8113.56005859375,0
2026-05-22 11:00:00,8113.1298828125,8130.22998046875,8106.169921875,8126.2998046875,0
2026-05-22 12:00:00,8126.31005859375,8158.72998046875,8124.7998046875,8146.66015625,0
2026-05-22 13:00:00,8153.14990234375,8158.7900390625,8128.08984375,8138.85009765625,0
2026-05-22 14:00:00,8138.7001953125,8138.7001953125,8113.31982421875,8130.72021484375,0
2026-05-22 15:00:00,8129.72021484375,8132.669921875,8123.56982421875,8129.47021484375,0
2026-05-25 07:00:00,8185.43994140625,8221.650390625,8183.7099609375,8211.6201171875,0
2026-05-25 08:00:00,8211.48046875,8220.009765625,8202.3095703125,8219.5498046875,0
2026-05-25 09:00:00,8219.98046875,8238.6201171875,8219.8798828125,8236.1103515625,0
2026-05-25 10:00:00,8235.8798828125,8246.6298828125,8233.6796875,8244.6103515625,0
2026-05-25 11:00:00,8244.419921875,8257.759765625,8238.5302734375,8255.1796875,0
2026-05-25 12:00:00,8255.0400390625,8269.3701171875,8252.4697265625,8260.83984375,0
2026-05-25 13:00:00,8260.3701171875,8266.6298828125,8257.330078125,8266.2197265625,0
2026-05-25 14:00:00,8265.6796875,8275.169921875,8260.66015625,8267.66015625,0
2026-05-25 15:00:00,8268.58984375,8280.98046875,8259.4501953125,8268.0400390625,0
2026-05-26 07:00:00,8237.83984375,8240.98046875,8202.0302734375,8208.400390625,0
2026-05-26 08:00:00,8209.1103515625,8209.8701171875,8172.47998046875,8172.490234375,0
2026-05-26 09:00:00,8172.18017578125,8187.7001953125,8170.169921875,8171.990234375,0
2026-05-26 10:00:00,8172.10009765625,8193.58984375,8168.1298828125,8188.990234375,0
2026-05-26 11:00:00,8188.18017578125,8194.599609375,8173.35986328125,8192.6201171875,0
2026-05-26 12:00:00,8192.5498046875,8202.6201171875,8189.06982421875,8199.509765625,0
2026-05-26 13:00:00,8199.58984375,8218.009765625,8195.8798828125,8204.0595703125,0
2026-05-26 14:00:00,8203.7802734375,8211.7001953125,8185.39013671875,8187.89990234375,0
2026-05-26 15:00:00,8187.9599609375,8187.9599609375,8169.02978515625,8169.02978515625,0
2026-05-27 07:00:00,8190.8798828125,8218.740234375,8190.8798828125,8207.76953125,0
2026-05-27 08:00:00,8207.4501953125,8230.8798828125,8202.0400390625,8226.900390625,0
2026-05-27 09:00:00,8226.75,8247.419921875,8226.75,8242.740234375,0
2026-05-27 10:00:00,8240.5302734375,8252.3896484375,8237.1396484375,8250.5703125,0
2026-05-27 11:00:00,8250.33984375,8251.599609375,8233.7998046875,8233.9697265625,0
2026-05-27 12:00:00,8235.490234375,8271.759765625,8225.330078125,8251.6103515625,0
2026-05-27 13:00:00,8251.6396484375,8258.900390625,8236.0400390625,8242.73046875,0
2026-05-27 14:00:00,8244.2802734375,8244.2802734375,8200.1201171875,8214.5302734375,0
2026-05-27 15:00:00,8215.2197265625,8226.01953125,8212.8095703125,8221.5302734375,0
2026-05-28 07:00:00,8172.7998046875,8192.4296875,8163.97021484375,8175.81982421875,0
2026-05-28 08:00:00,8177.10986328125,8179.6298828125,8161.990234375,8172.10009765625,0
2026-05-28 09:00:00,8171.97998046875,8185.64013671875,8171.97998046875,8181.85986328125,0
2026-05-28 10:00:00,8181.85986328125,8191.81005859375,8164.02978515625,8171.919921875,0
2026-05-28 11:00:00,8171.830078125,8173.81005859375,8159.77978515625,8160.75,0
2026-05-28 12:00:00,8160.72998046875,8170.6201171875,8150.5498046875,8168.4599609375,0
2026-05-28 13:00:00,8168.52978515625,8176.97021484375,8152.259765625,8161.25,0
2026-05-28 14:00:00,8161.64990234375,8220.3701171875,8154.72021484375,8175.10986328125,0
2026-05-28 15:00:00,8176.81005859375,8192.1396484375,8176.81005859375,8191.58984375,0
2026-05-29 07:00:00,8224.6103515625,8249.75,8216.7099609375,8248.5400390625,0
2026-05-29 08:00:00,8248.7998046875,8270.9501953125,8247.099609375,8256.099609375,0
2026-05-29 09:00:00,8255.6103515625,8286.4697265625,8254.1103515625,8269.0400390625,0
2026-05-29 10:00:00,8268.98046875,8268.98046875,8250.599609375,8259.33984375,0
2026-05-29 11:00:00,8258.5400390625,8258.91015625,8229.1201171875,8241.3798828125,0
2026-05-29 12:00:00,8241.650390625,8244.5498046875,8230.41015625,8235.7900390625,0
2026-05-29 13:00:00,8235.400390625,8240.099609375,8200.5498046875,8200.5498046875,0
2026-05-29 14:00:00,8200.5595703125,8237.580078125,8196.75,8232.9296875,0
2026-05-29 15:00:00,8232.8095703125,8238.4599609375,8215.66015625,8215.66015625,0
2026-06-01 07:00:00,8171.22998046875,8194.75,8166.02978515625,8190.8701171875,0
2026-06-01 08:00:00,8190.27978515625,8199.6201171875,8180.43994140625,8199.6201171875,0
2026-06-01 09:00:00,8199.5400390625,8205.900390625,8178.66015625,8185.1298828125,0
2026-06-01 10:00:00,8185.6201171875,8199.0,8181.43994140625,8195.009765625,0
2026-06-01 11:00:00,8195.3603515625,8214.3095703125,8184.18994140625,8214.3095703125,0
2026-06-01 12:00:00,8212.73046875,8222.240234375,8206.2802734375,8216.23046875,0
2026-06-01 13:00:00,8216.990234375,8216.990234375,8111.60009765625,8111.60009765625,0
2026-06-01 14:00:00,8113.52001953125,8134.68994140625,8101.60986328125,8104.89013671875,0
2026-06-01 15:00:00,8104.33984375,8126.330078125,8101.14990234375,8124.14990234375,0
2026-06-02 07:00:00,8191.47021484375,8236.25,8191.47021484375,8235.5302734375,0
2026-06-02 08:00:00,8235.7197265625,8244.6103515625,8212.9697265625,8219.990234375,0
2026-06-02 09:00:00,8218.900390625,8218.900390625,8192.6396484375,8204.599609375,0
2026-06-02 10:00:00,8203.8798828125,8210.5302734375,8196.73046875,8208.4501953125,0
2026-06-02 11:00:00,8207.990234375,8215.23046875,8200.9501953125,8204.51953125,0
2026-06-02 12:00:00,8204.1103515625,8206.5498046875,8184.72021484375,8186.02001953125,0
2026-06-02 13:00:00,8186.06982421875,8187.85986328125,8166.52978515625,8181.31005859375,0
2026-06-02 14:00:00,8181.97021484375,8217.2197265625,8176.7001953125,8205.1796875,0
2026-06-02 15:00:00,8204.650390625,8215.33984375,8196.919921875,8212.169921875,0
2026-06-03 07:00:00,8178.43017578125,8187.0400390625,8161.83984375,8180.240234375,0
2026-06-03 08:00:00,8180.91015625,8190.27001953125,8173.6298828125,8188.43017578125,0
2026-06-03 09:00:00,8188.7998046875,8192.9296875,8179.64990234375,8179.64990234375,0
2026-06-03 10:00:00,8179.990234375,8199.0302734375,8168.4599609375,8182.8798828125,0
2026-06-03 11:00:00,8183.25,8192.990234375,8173.33984375,8189.0400390625,0
2026-06-03 12:00:00,8188.7900390625,8192.2900390625,8170.68017578125,8175.759765625,0
2026-06-03 13:00:00,8176.14013671875,8184.60009765625,8153.9599609375,8167.06982421875,0
2026-06-03 14:00:00,8168.10009765625,8172.72998046875,8152.27001953125,8161.9501953125,0
2026-06-03 15:00:00,8163.06005859375,8170.77001953125,8153.1298828125,8163.5,0
2026-06-04 07:00:00,8151.5498046875,8213.5302734375,8150.89013671875,8211.33984375,0
2026-06-04 08:00:00,8211.7001953125,8232.8603515625,8203.919921875,8209.080078125,0
2026-06-04 09:00:00,8209.150390625,8235.5595703125,8194.01953125,8230.4501953125,0
2026-06-04 10:00:00,8230.5,8230.5,8194.16015625,8203.6201171875,0
2026-06-04 11:00:00,8203.8798828125,8242.7998046875,8203.8798828125,8238.5498046875,0
2026-06-04 12:00:00,8239.2197265625,8256.7900390625,8228.91015625,8247.0595703125,0
2026-06-04 13:00:00,8247.5,8251.2197265625,8223.8798828125,8240.509765625,0
2026-06-04 14:00:00,8239.330078125,8239.330078125,8214.099609375,8220.16015625,0
2026-06-04 15:00:00,8219.7802734375,8225.0,8211.2998046875,8220.650390625,0
2026-06-05 07:00:00,8265.1298828125,8265.66015625,8236.7900390625,8256.240234375,0
2026-06-05 08:00:00,8256.7099609375,8266.7998046875,8242.6201171875,8266.51953125,0
2026-06-05 09:00:00,8267.41015625,8288.259765625,8265.5,8278.83984375,0
2026-06-05 10:00:00,8278.3095703125,8293.0,8270.990234375,8288.4697265625,0
2026-06-05 11:00:00,8288.26953125,8296.009765625,8276.5302734375,8288.3203125,0
2026-06-05 12:00:00,8287.7998046875,8293.7900390625,8266.0,8270.400390625,0
2026-06-05 13:00:00,8270.669921875,8282.8896484375,8233.01953125,8239.98046875,0
2026-06-05 14:00:00,8238.169921875,8254.8896484375,8226.330078125,8237.75,0
2026-06-05 15:00:00,8238.1298828125,8240.830078125,8219.33984375,8221.2099609375,0
2026-06-08 07:00:00,8133.4599609375,8171.10986328125,8121.39990234375,8159.18994140625,0
2026-06-08 08:00:00,8156.91015625,8161.5400390625,8145.56982421875,8158.0,0
2026-06-08 09:00:00,8156.81005859375,8180.7998046875,8156.81005859375,8179.919921875,0
2026-06-08 10:00:00,8180.52978515625,8223.26953125,8173.4599609375,8186.8701171875,0
2026-06-08 11:00:00,8186.0400390625,8220.6103515625,8180.080078125,8204.5595703125,0
2026-06-08 12:00:00,8203.8203125,8212.4501953125,8187.66015625,8195.7802734375,0
2026-06-08 13:00:00,8195.01953125,8230.4697265625,8188.77001953125,8226.849609375,0
2026-06-08 14:00:00,8225.3603515625,8227.7998046875,8199.080078125,8217.41015625,0
2026-06-08 15:00:00,8218.0703125,8219.8896484375,8207.9599609375,8207.9599609375,0
2026-06-09 07:00:00,8179.22021484375,8245.8095703125,8175.60986328125,8242.0703125,0
2026-06-09 08:00:00,8243.4697265625,8269.98046875,8239.5400390625,8266.2001953125,0
2026-06-09 09:00:00,8265.91015625,8276.83984375,8259.16015625,8269.8203125,0
2026-06-09 10:00:00,8269.9599609375,8277.75,8259.259765625,8277.6904296875,0
2026-06-09 11:00:00,8277.8896484375,8284.009765625,8262.6201171875,8263.3701171875,0
2026-06-09 12:00:00,8263.150390625,8269.1201171875,8251.169921875,8269.1201171875,0
2026-06-09 13:00:00,8272.8603515625,8289.830078125,8266.16015625,8281.5400390625,0
2026-06-09 14:00:00,8282.330078125,8290.7001953125,8226.1904296875,8241.1103515625,0
2026-06-09 15:00:00,8243.0,8245.98046875,8198.990234375,8198.990234375,0
2026-06-10 07:00:00,8223.0498046875,8240.6298828125,8210.8603515625,8235.6201171875,0
2026-06-10 08:00:00,8235.58984375,8236.76953125,8192.1103515625,8194.9404296875,0
2026-06-10 09:00:00,8194.990234375,8194.990234375,8173.41015625,8193.3798828125,0
2026-06-10 10:00:00,8194.6201171875,8194.6201171875,8169.02001953125,8174.18017578125,0
2026-06-10 11:00:00,8174.009765625,8175.0400390625,8113.0,8164.06982421875,0
2026-06-10 12:00:00,8164.56982421875,8192.98046875,8159.509765625,8187.1201171875,0
2026-06-10 13:00:00,8186.10009765625,8206.8896484375,8174.35986328125,8202.23046875,0
2026-06-10 14:00:00,8203.2802734375,8207.7197265625,8180.7001953125,8184.72998046875,0
2026-06-10 15:00:00,8184.52001953125,8191.72021484375,8172.39990234375,8181.10009765625,0
2026-06-11 07:00:00,8154.5400390625,8220.0703125,8150.06005859375,8180.8701171875,0
2026-06-11 08:00:00,8180.25,8209.26953125,8180.25,8199.91015625,0
2026-06-11 09:00:00,8199.4599609375,8233.259765625,8196.5498046875,8230.8798828125,0
2026-06-11 10:00:00,8229.91015625,8236.7998046875,8219.91015625,8230.7099609375,0
2026-06-11 11:00:00,8230.6396484375,8245.8896484375,8227.7998046875,8243.3798828125,0
2026-06-11 12:00:00,8243.1396484375,8243.9501953125,8179.72998046875,8217.01953125,0
2026-06-11 13:00:00,8215.3701171875,8247.9599609375,8202.08984375,8242.3896484375,0
2026-06-11 14:00:00,8241.6796875,8249.7900390625,8197.1103515625,8197.1103515625,0
2026-06-11 15:00:00,8199.169921875,8221.9501953125,8194.73046875,8208.7802734375,0
2026-06-12 07:00:00,8315.3095703125,8371.6201171875,8308.740234375,8357.5595703125,0
2026-06-12 08:00:00,8358.349609375,8394.4296875,8356.3798828125,8366.3603515625,0
2026-06-12 09:00:00,8366.5703125,8397.6298828125,8366.5703125,8377.7197265625,0
2026-06-12 10:00:00,8376.240234375,8376.259765625,8332.0498046875,8347.2998046875,0
2026-06-12 11:00:00,8347.5498046875,8357.48046875,8343.330078125,8344.169921875,0
2026-06-12 12:00:00,8343.849609375,8343.849609375,8310.25,8313.91015625,0
2026-06-12 13:00:00,8313.349609375,8345.849609375,8302.6904296875,8314.8095703125,0
2026-06-12 14:00:00,8314.330078125,8353.2001953125,8311.9296875,8351.990234375,0
2026-06-12 15:00:00,8350.0595703125,8358.330078125,8340.2001953125,8342.990234375,0
2026-06-15 07:00:00,8462.0703125,8506.650390625,8456.240234375,8459.7197265625,0
2026-06-15 08:00:00,8456.3798828125,8461.919921875,8439.7197265625,8443.23046875,0
2026-06-15 09:00:00,8444.4697265625,8448.9599609375,8426.25,8435.509765625,0
2026-06-15 10:00:00,8435.259765625,8450.400390625,8432.6103515625,8447.4501953125,0
2026-06-15 11:00:00,8447.1201171875,8460.58984375,8444.0595703125,8458.9296875,0
2026-06-15 12:00:00,8458.9599609375,8461.23046875,8448.4404296875,8448.9697265625,0
2026-06-15 13:00:00,8449.5302734375,8452.580078125,8405.3603515625,8405.66015625,0
2026-06-15 14:00:00,8406.66015625,8416.849609375,8398.2001953125,8407.7001953125,0
2026-06-15 15:00:00,8409.080078125,8409.3896484375,8389.3701171875,8395.75,0
2026-06-16 07:00:00,8406.740234375,8421.01953125,8401.58984375,8420.5400390625,0
2026-06-16 08:00:00,8420.23046875,8455.5,8418.599609375,8453.8203125,0
2026-06-16 09:00:00,8454.3603515625,8457.0595703125,8446.1904296875,8451.259765625,0
2026-06-16 10:00:00,8451.2802734375,8453.1796875,8431.75,8450.1103515625,0
2026-06-16 11:00:00,8449.6103515625,8450.6796875,8436.6796875,8445.0302734375,0
2026-06-16 12:00:00,8445.5302734375,8453.900390625,8439.0595703125,8445.3896484375,0
2026-06-16 13:00:00,8445.2099609375,8453.490234375,8439.509765625,8453.3203125,0
2026-06-16 14:00:00,8454.330078125,8461.9404296875,8448.400390625,8450.0302734375,0
2026-06-16 15:00:00,8451.0400390625,8451.0400390625,8442.759765625,8446.4296875,0
2026-06-17 07:00:00,8435.1201171875,8469.8701171875,8428.3896484375,8465.98046875,0
2026-06-17 08:00:00,8465.3701171875,8468.5302734375,8440.9697265625,8451.599609375,0
2026-06-17 09:00:00,8450.580078125,8466.490234375,8450.259765625,8466.490234375,0
2026-06-17 10:00:00,8466.849609375,8472.900390625,8457.599609375,8468.7998046875,0
2026-06-17 11:00:00,8468.650390625,8476.7900390625,8452.2900390625,8453.900390625,0
2026-06-17 12:00:00,8454.3603515625,8467.580078125,8447.6904296875,8464.490234375,0
2026-06-17 13:00:00,8464.6396484375,8469.6201171875,8442.259765625,8447.8095703125,0
2026-06-17 14:00:00,8445.8798828125,8445.8798828125,8408.900390625,8420.33984375,0
2026-06-17 15:00:00,8418.8701171875,8433.0,8415.490234375,8432.419921875,0
2026-06-18 07:00:00,8433.08984375,8468.8701171875,8417.9599609375,8464.900390625,0
2026-06-18 08:00:00,8465.1796875,8471.41015625,8411.66015625,8412.3603515625,0
2026-06-18 09:00:00,8411.2001953125,8443.6396484375,8406.169921875,8440.830078125,0
2026-06-18 10:00:00,8439.2802734375,8444.75,8421.6904296875,8427.490234375,0
2026-06-18 11:00:00,8426.0703125,8430.16015625,8411.240234375,8420.330078125,0
2026-06-18 12:00:00,8419.98046875,8447.3896484375,8419.98046875,8446.419921875,0
2026-06-18 13:00:00,8446.2001953125,8451.419921875,8435.7802734375,8440.400390625,0
2026-06-18 14:00:00,8440.330078125,8470.3603515625,8438.0400390625,8469.599609375,0
2026-06-18 15:00:00,8470.080078125,8473.240234375,8454.919921875,8472.0302734375,0
2026-06-19 07:00:00,8473.6904296875,8496.8603515625,8470.169921875,8496.8603515625,0
2026-06-19 08:00:00,8495.9697265625,8501.3603515625,8486.98046875,8495.3203125,0
2026-06-19 09:00:00,8493.8095703125,8495.349609375,8472.830078125,8476.1201171875,0
2026-06-19 10:00:00,8474.3603515625,8482.6103515625,8453.330078125,8462.8603515625,0
2026-06-19 11:00:00,8462.6298828125,8462.6298828125,8439.5302734375,8445.0498046875,0
2026-06-19 12:00:00,8444.990234375,8458.3095703125,8427.5595703125,8457.75,0
2026-06-19 13:00:00,8457.7197265625,8462.490234375,8440.0595703125,8452.669921875,0
2026-06-19 14:00:00,8452.490234375,8452.490234375,8432.349609375,8433.4501953125,0
2026-06-19 15:00:00,8433.2998046875,8446.5498046875,8425.48046875,8425.48046875,0
2026-06-22 07:00:00,8434.0703125,8435.8095703125,8397.2001953125,8401.830078125,0
2026-06-22 08:00:00,8403.2197265625,8403.2197265625,8381.5400390625,8383.599609375,0
2026-06-22 09:00:00,8384.259765625,8388.26953125,8355.4697265625,8356.2001953125,0
2026-06-22 10:00:00,8356.7998046875,8368.8798828125,8353.0595703125,8366.2001953125,0
2026-06-22 11:00:00,8366.0302734375,8388.330078125,8366.0302734375,8385.58984375,0
2026-06-22 12:00:00,8385.330078125,8392.6796875,8376.919921875,8377.3896484375,0
2026-06-22 13:00:00,8377.8095703125,8408.330078125,8377.8095703125,8401.01953125,0
2026-06-22 14:00:00,8401.580078125,8402.6201171875,8387.2197265625,8401.8896484375,0
2026-06-22 15:00:00,8401.6796875,8410.7998046875,8398.0498046875,8407.099609375,0
2026-06-23 07:00:00,8332.2998046875,8345.2802734375,8310.0703125,8314.5,0
2026-06-23 08:00:00,8313.080078125,8327.3203125,8304.5703125,8319.400390625,0
2026-06-23 09:00:00,8320.330078125,8344.16015625,8320.330078125,8344.16015625,0
2026-06-23 10:00:00,8343.830078125,8357.9404296875,8333.98046875,8335.83984375,0
2026-06-23 11:00:00,8335.4697265625,8349.5498046875,8331.16015625,8343.1298828125,0
2026-06-23 12:00:00,8343.099609375,8353.76953125,8338.6796875,8344.08984375,0
2026-06-23 13:00:00,8343.4501953125,8369.2099609375,8326.2197265625,8365.1904296875,0
2026-06-23 14:00:00,8367.3203125,8379.2900390625,8357.3095703125,8366.0703125,0
2026-06-23 15:00:00,8365.4599609375,8374.73046875,8362.1103515625,8364.25,0
2026-06-24 07:00:00,8353.6796875,8369.8896484375,8334.76953125,8337.830078125,0
2026-06-24 08:00:00,8337.6396484375,8360.0703125,8337.6396484375,8355.41015625,0
2026-06-24 09:00:00,8355.9296875,8373.6796875,8349.3896484375,8357.0703125,0
2026-06-24 10:00:00,8356.51953125,8363.759765625,8349.8701171875,8353.2197265625,0
2026-06-24 11:00:00,8353.1298828125,8372.2900390625,8353.1298828125,8369.48046875,0
2026-06-24 12:00:00,8369.23046875,8380.8701171875,8366.150390625,8373.1298828125,0
2026-06-24 13:00:00,8372.76953125,8391.5400390625,8360.259765625,8390.009765625,0
2026-06-24 14:00:00,8391.3798828125,8395.8798828125,8377.16015625,8387.7197265625,0
2026-06-24 15:00:00,8387.990234375,8387.990234375,8372.75,8386.0498046875,0
2026-06-25 07:00:00,8388.8203125,8399.3896484375,8374.5,8397.7197265625,0
2026-06-25 08:00:00,8397.150390625,8421.8896484375,8394.2099609375,8404.5302734375,0
2026-06-25 09:00:00,8405.1103515625,8425.0595703125,8405.1103515625,8424.419921875,0
2026-06-25 10:00:00,8425.4404296875,8433.26953125,8423.08984375,8430.01953125,0
2026-06-25 11:00:00,8429.8203125,8436.080078125,8426.16015625,8431.25,0
2026-06-25 12:00:00,8431.3603515625,8446.1396484375,8428.5,8441.2900390625,0
2026-06-25 13:00:00,8440.990234375,8445.7197265625,8420.150390625,8424.5400390625,0
2026-06-25 14:00:00,8424.490234375,8452.3798828125,8424.490234375,8441.1103515625,0
2026-06-25 15:00:00,8442.0498046875,8445.009765625,8416.5595703125,8428.3095703125,0
2026-06-26 07:00:00,8410.3603515625,8421.099609375,8395.66015625,8404.740234375,0
2026-06-26 08:00:00,8404.33984375,8407.7197265625,8387.990234375,8393.1904296875,0
2026-06-26 09:00:00,8394.0302734375,8395.3603515625,8379.8798828125,8384.3896484375,0
2026-06-26 10:00:00,8384.33984375,8385.6796875,8369.5498046875,8371.150390625,0
2026-06-26 11:00:00,8371.2001953125,8379.7197265625,8355.3603515625,8361.599609375,0
2026-06-26 12:00:00,8361.150390625,8377.330078125,8356.3603515625,8362.6904296875,0
2026-06-26 13:00:00,8362.6904296875,8367.8603515625,8342.6201171875,8367.6904296875,0
2026-06-26 14:00:00,8367.419921875,8376.740234375,8350.9404296875,8355.669921875,0
2026-06-26 15:00:00,8355.16015625,8383.01953125,8355.16015625,8383.01953125,0
2026-06-29 07:00:00,8379.3603515625,8379.3603515625,8360.01953125,8370.3701171875,0
2026-06-29 08:00:00,8369.16015625,8376.41015625,8345.1103515625,8346.1201171875,0
2026-06-29 09:00:00,8346.08984375,8361.099609375,8345.009765625,8350.76953125,0
2026-06-29 10:00:00,8350.0498046875,8360.16015625,8341.259765625,8357.259765625,0
2026-06-29 11:00:00,8357.0400390625,8371.9404296875,8351.3896484375,8371.8701171875,0
2026-06-29 12:00:00,8372.0498046875,8379.1103515625,8366.6298828125,8376.3798828125,0
2026-06-29 13:00:00,8376.33984375,8391.5595703125,8376.33984375,8381.1396484375,0
2026-06-29 14:00:00,8381.33984375,8386.01953125,8361.759765625,8372.1298828125,0
2026-06-29 15:00:00,8373.3701171875,8380.080078125,8360.7900390625,8376.6103515625,0
2026-06-30 07:00:00,8377.8603515625,8411.240234375,8375.3896484375,8382.5,0
2026-06-30 08:00:00,8382.2001953125,8389.3798828125,8371.8701171875,8379.0400390625,0
2026-06-30 09:00:00,8379.26953125,8410.5,8378.8095703125,8409.98046875,0
2026-06-30 10:00:00,8409.169921875,8419.2197265625,8405.41015625,8415.8701171875,0
2026-06-30 11:00:00,8416.1201171875,8420.580078125,8407.6904296875,8407.6904296875,0
2026-06-30 12:00:00,8407.669921875,8407.669921875,8377.650390625,8386.25,0
2026-06-30 13:00:00,8386.3095703125,8386.3095703125,8363.23046875,8376.25,0
2026-06-30 14:00:00,8376.7099609375,8380.8798828125,8369.98046875,8378.3603515625,0
2026-06-30 15:00:00,8377.669921875,8411.400390625,8377.669921875,8410.0302734375,0
2026-07-01 07:00:00,8391.6904296875,8391.6904296875,8352.0302734375,8369.5,0
2026-07-01 08:00:00,8371.080078125,8382.48046875,8362.490234375,8376.669921875,0
2026-07-01 09:00:00,8376.990234375,8376.990234375,8359.33984375,8365.6201171875,0
2026-07-01 10:00:00,8365.6298828125,8367.58984375,8348.6904296875,8351.259765625,0
2026-07-01 11:00:00,8351.150390625,8356.2001953125,8325.2900390625,8325.8203125,0
2026-07-01 12:00:00,8326.759765625,8337.599609375,8316.5302734375,8333.0703125,0
2026-07-01 13:00:00,8333.169921875,8341.08984375,8322.3701171875,8336.8203125,0
2026-07-01 14:00:00,8337.1904296875,8339.330078125,8318.3701171875,8325.6904296875,0
2026-07-01 15:00:00,8325.7900390625,8342.0,8321.2001953125,8342.0,0
2026-07-02 07:00:00,8343.650390625,8392.7099609375,8342.259765625,8388.400390625,0
2026-07-02 08:00:00,8388.9599609375,8399.580078125,8383.3798828125,8392.25,0
2026-07-02 09:00:00,8392.3603515625,8404.5498046875,8381.2001953125,8403.9599609375,0
2026-07-02 10:00:00,8403.9599609375,8408.009765625,8393.259765625,8407.009765625,0
2026-07-02 11:00:00,8405.1396484375,8412.6904296875,8404.0302734375,8411.9501953125,0
2026-07-02 12:00:00,8412.3798828125,8452.1201171875,8411.669921875,8442.1796875,0
2026-07-02 13:00:00,8443.5400390625,8503.240234375,8443.5400390625,8499.330078125,0
2026-07-02 14:00:00,8497.9501953125,8498.3701171875,8478.0498046875,8495.5498046875,0
2026-07-02 15:00:00,8498.7197265625,8502.7998046875,8479.8203125,8479.8203125,0
2026-07-03 07:00:00,8486.8896484375,8515.25,8471.2099609375,8471.2099609375,0
2026-07-03 08:00:00,8471.16015625,8481.330078125,8457.6796875,8458.240234375,0
2026-07-03 09:00:00,8458.5400390625,8475.669921875,8457.740234375,8474.6103515625,0
2026-07-03 10:00:00,8474.7802734375,8480.4697265625,8470.3603515625,8479.08984375,0
2026-07-03 11:00:00,8479.1904296875,8479.650390625,8469.1396484375,8478.830078125,0
2026-07-03 12:00:00,8479.0302734375,8497.0498046875,8479.0302734375,8495.26953125,0
2026-07-03 13:00:00,8495.3603515625,8507.6103515625,8495.3603515625,8505.98046875,0
2026-07-03 14:00:00,8506.6796875,8517.330078125,8498.1904296875,8515.4404296875,0
2026-07-03 15:00:00,8515.3603515625,8520.849609375,8511.0400390625,8516.0400390625,0
2026-07-06 07:00:00,8519.8603515625,8560.1103515625,8510.259765625,8556.83984375,0
2026-07-06 08:00:00,8557.099609375,8561.3798828125,8541.7802734375,8542.76953125,0
2026-07-06 09:00:00,8542.7197265625,8542.7197265625,8524.41015625,8527.900390625,0
2026-07-06 10:00:00,8527.4599609375,8527.91015625,8511.900390625,8516.5703125,0
2026-07-06 11:00:00,8516.080078125,8516.080078125,8506.2998046875,8506.2998046875,0
2026-07-06 12:00:00,8505.5595703125,8507.1103515625,8493.8701171875,8494.91015625,0
2026-07-06 13:00:00,8494.849609375,8494.849609375,8467.6103515625,8476.2900390625,0
2026-07-06 14:00:00,8476.3203125,8479.73046875,8466.3095703125,8476.8603515625,0
2026-07-06 15:00:00,8476.4501953125,8478.0703125,8465.7900390625,8475.2802734375,0
2026-07-07 07:00:00,8500.080078125,8539.7001953125,8500.080078125,8529.6201171875,0
2026-07-07 08:00:00,8529.25,8545.6796875,8521.08984375,8521.1904296875,0
2026-07-07 09:00:00,8521.169921875,8523.759765625,8505.73046875,8507.4501953125,0
2026-07-07 10:00:00,8507.75,8514.0703125,8495.1298828125,8498.9501953125,0
2026-07-07 11:00:00,8500.0302734375,8503.9404296875,8482.3798828125,8483.98046875,0
2026-07-07 12:00:00,8483.8203125,8519.3095703125,8482.0400390625,8507.3896484375,0
2026-07-07 13:00:00,8506.8896484375,8506.8896484375,8470.08984375,8472.98046875,0
2026-07-07 14:00:00,8473.349609375,8474.099609375,8456.3798828125,8458.830078125,0
2026-07-07 15:00:00,8459.1103515625,8459.259765625,8447.7099609375,8449.4501953125,0
2026-07-08 07:00:00,8389.2900390625,8389.2900390625,8357.900390625,8362.2099609375,0
2026-07-08 08:00:00,8361.66015625,8361.66015625,8255.2099609375,8255.9296875,0
2026-07-08 09:00:00,8257.240234375,8267.830078125,8245.5400390625,8248.6904296875,0
2026-07-08 10:00:00,8248.9599609375,8273.080078125,8241.3603515625,8270.83984375,0
2026-07-08 11:00:00,8270.2802734375,8304.669921875,8258.2001953125,8282.0400390625,0
2026-07-08 12:00:00,8282.0,8303.1796875,8273.3095703125,8289.73046875,0
2026-07-08 13:00:00,8289.5703125,8310.580078125,8277.76953125,8290.9404296875,0
2026-07-08 14:00:00,8291.5498046875,8296.1396484375,8256.2900390625,8261.3798828125,0
2026-07-08 15:00:00,8261.73046875,8261.73046875,8235.349609375,8235.7001953125,0
2026-07-09 07:00:00,8307.509765625,8319.650390625,8287.1298828125,8292.580078125,0
2026-07-09 08:00:00,8293.0703125,8304.490234375,8278.849609375,8284.26953125,0
2026-07-09 09:00:00,8284.8095703125,8285.8896484375,8262.8603515625,8272.400390625,0
2026-07-09 10:00:00,8273.599609375,8284.7001953125,8264.919921875,8271.3203125,0
2026-07-09 11:00:00,8273.7099609375,8292.16015625,8270.830078125,8292.16015625,0
2026-07-09 12:00:00,8291.6796875,8309.9599609375,8288.1201171875,8299.1796875,0
2026-07-09 13:00:00,8299.9404296875,8313.25,8292.740234375,8305.740234375,0
2026-07-09 14:00:00,8306.25,8315.6201171875,8301.6904296875,8313.1103515625,0
2026-07-09 15:00:00,8313.759765625,8329.0,8313.7099609375,8328.4599609375,0
2026-07-10 07:00:00,8324.0703125,8350.830078125,8319.900390625,8332.2001953125,0
2026-07-10 08:00:00,8332.0,8345.23046875,8316.7900390625,8322.5498046875,0
2026-07-10 09:00:00,8322.23046875,8339.5595703125,8319.7900390625,8332.5703125,0
2026-07-10 10:00:00,8332.150390625,8343.1103515625,8324.080078125,8326.6904296875,0
2026-07-10 11:00:00,8326.83984375,8332.7900390625,8317.25,8321.0,0
2026-07-10 12:00:00,8321.33984375,8348.3603515625,8315.8896484375,8323.669921875,0
2026-07-10 13:00:00,8323.580078125,8332.419921875,8315.6298828125,8320.580078125,0
2026-07-10 14:00:00,8319.900390625,8335.5498046875,8284.240234375,8322.509765625,0
2026-07-10 15:00:00,8322.98046875,8324.990234375,8311.7900390625,8323.2802734375,0
2026-07-13 07:00:00,8306.6396484375,8335.25,8306.6396484375,8324.76953125,0
2026-07-13 08:00:00,8324.5302734375,8352.4404296875,8321.5703125,8351.0595703125,0
2026-07-13 09:00:00,8351.3896484375,8352.1904296875,8341.1904296875,8348.58984375,0
2026-07-13 10:00:00,8348.3798828125,8350.0498046875,8330.98046875,8339.9296875,0
2026-07-13 11:00:00,8340.330078125,8358.900390625,8340.330078125,8344.01953125,0
2026-07-13 12:00:00,8344.5,8356.01953125,8332.5302734375,8355.8701171875,0
2026-07-13 13:00:00,8355.41015625,8375.3701171875,8340.6298828125,8374.66015625,0
2026-07-13 14:00:00,8373.6396484375,8373.6396484375,8329.8203125,8358.7802734375,0
2026-07-13 15:00:00,8359.5498046875,8360.2900390625,8344.099609375,8350.4296875,0
2026-07-14 07:00:00,8288.5,8317.3896484375,8274.8896484375,8290.919921875,0
2026-07-14 08:00:00,8291.25,8301.349609375,8278.75,8284.1396484375,0
2026-07-14 09:00:00,8283.6103515625,8309.8798828125,8280.080078125,8305.8603515625,0
2026-07-14 10:00:00,8305.5703125,8312.3203125,8286.669921875,8293.0498046875,0
2026-07-14 11:00:00,8293.2998046875,8314.0400390625,8286.4404296875,8307.419921875,0
2026-07-14 12:00:00,8307.4501953125,8354.75,8294.669921875,8322.2001953125,0
2026-07-14 13:00:00,8321.5,8372.6103515625,8319.9697265625,8368.66015625,0
2026-07-14 14:00:00,8368.5302734375,8375.759765625,8347.91015625,8357.7001953125,0
2026-07-14 15:00:00,8356.76953125,8375.7900390625,8351.1103515625,8366.6298828125,0
2026-07-15 07:00:00,8367.0498046875,8371.6904296875,8320.1298828125,8355.330078125,0
2026-07-15 08:00:00,8355.7001953125,8374.33984375,8348.75,8362.98046875,0
2026-07-15 09:00:00,8363.0302734375,8377.1201171875,8350.080078125,8350.419921875,0
2026-07-15 10:00:00,8351.3798828125,8362.0400390625,8345.7900390625,8348.4296875,0
2026-07-15 11:00:00,8349.0302734375,8356.5400390625,8338.66015625,8356.5400390625,0
2026-07-15 12:00:00,8355.73046875,8376.990234375,8354.580078125,8374.23046875,0
2026-07-15 13:00:00,8373.8203125,8394.7802734375,8371.8095703125,8391.150390625,0
2026-07-15 14:00:00,8390.150390625,8396.76953125,8378.26953125,8396.4501953125,0
2026-07-15 15:00:00,8396.41015625,8398.4296875,8376.9697265625,8379.669921875,0
2026-07-16 07:00:00,8380.83984375,8380.83984375,8327.990234375,8332.5,0
2026-07-16 08:00:00,8332.2900390625,8351.8896484375,8326.3798828125,8343.7099609375,0
2026-07-16 09:00:00,8343.6201171875,8352.33984375,8326.66015625,8330.4599609375,0
2026-07-16 10:00:00,8330.080078125,8331.349609375,8315.009765625,8324.4501953125,0
2026-07-16 11:00:00,8324.759765625,8324.759765625,8281.26953125,8306.669921875,0
2026-07-16 12:00:00,8306.41015625,8313.5302734375,8286.2900390625,8298.91015625,0
2026-07-16 13:00:00,8299.2998046875,8329.5498046875,8299.2998046875,8328.3701171875,0
2026-07-16 14:00:00,8329.76953125,8344.5703125,8326.08984375,8343.4404296875,0
2026-07-16 15:00:00,8344.01953125,8364.58984375,8342.2900390625,8363.2099609375,0
2026-07-17 07:00:00,8326.740234375,8350.1904296875,8317.6904296875,8337.0595703125,0
2026-07-17 08:00:00,8338.080078125,8349.2802734375,8301.1904296875,8308.7099609375,0
2026-07-17 09:00:00,8309.58984375,8309.58984375,8282.169921875,8287.4404296875,0
2026-07-17 10:00:00,8288.91015625,8326.169921875,8286.4697265625,8315.0498046875,0
2026-07-17 11:00:00,8315.490234375,8327.6904296875,8302.990234375,8325.8798828125,0
2026-07-17 12:00:00,8325.8203125,8332.98046875,8309.1796875,8326.7802734375,0
2026-07-17 13:00:00,8327.16015625,8342.509765625,8302.3095703125,8338.7802734375,0
2026-07-17 14:00:00,8339.91015625,8339.91015625,8315.5400390625,8324.400390625,0
2026-07-17 15:00:00,8326.3896484375,8340.2802734375,8320.3203125,8340.2802734375,0
2026-07-20 07:00:00,8316.3798828125,8364.25,8316.3798828125,8352.740234375,0
2026-07-20 08:00:00,8352.4501953125,8365.9697265625,8342.919921875,8359.900390625,0
2026-07-20 09:00:00,8360.01953125,8372.58984375,8347.9599609375,8362.9296875,0
2026-07-20 10:00:00,8362.7099609375,8363.8701171875,8340.419921875,8351.6904296875,0
2026-07-20 11:00:00,8352.5595703125,8391.0400390625,8352.5595703125,8383.8603515625,0
2026-07-20 12:00:00,8384.2099609375,8384.419921875,8342.349609375,8343.259765625,0
2026-07-20 13:00:00,8345.1201171875,8346.1796875,8319.0,8333.419921875,0
2026-07-20 14:00:00,8333.4296875,8352.849609375,8330.2197265625,8341.9697265625,0
2026-07-20 15:00:00,8343.5703125,8355.400390625,8337.919921875,8352.5302734375,0
2026-07-21 07:00:00,8348.75,8361.9296875,8335.4697265625,8345.4296875,0
2026-07-21 08:00:00,8345.349609375,8353.3701171875,8334.33984375,8346.9697265625,0
2026-07-21 09:00:00,8346.759765625,8375.3095703125,8345.6904296875,8364.5498046875,0
2026-07-21 10:00:00,8364.8603515625,8374.2197265625,8361.3798828125,8361.4404296875,0
2026-07-21 11:00:00,8361.66015625,8364.509765625,8341.75,8344.080078125,0
2026-07-21 12:00:00,8344.7802734375,8348.009765625,8325.8603515625,8343.740234375,0
2026-07-21 13:00:00,8343.8896484375,8343.8896484375,8299.8701171875,8307.900390625,0
2026-07-21 14:00:00,8307.66015625,8350.0703125,8306.740234375,8345.3603515625,0
2026-07-21 15:00:00,8345.259765625,8357.419921875,8341.3798828125,8356.23046875,0
2026-07-22 07:00:00,8355.1298828125,8394.6796875,8350.83984375,8389.5302734375,0
2026-07-22 08:00:00,8390.48046875,8439.2001953125,8390.48046875,8439.2001953125,0
2026-07-22 09:00:00,8439.2998046875,8454.9404296875,8411.1201171875,8418.3701171875,0
2026-07-22 10:00:00,8419.2900390625,8449.009765625,8419.2900390625,8443.900390625,0
2026-07-22 11:00:00,8442.2998046875,8443.3095703125,8420.419921875,8431.9404296875,0
2026-07-22 12:00:00,8431.8701171875,8457.7001953125,8431.8701171875,8447.0595703125,0
2026-07-22 13:00:00,8446.5400390625,8468.0,8437.599609375,8457.7998046875,0
2026-07-22 14:00:00,8457.98046875,8463.9404296875,8447.259765625,8453.009765625,0
2026-07-22 15:00:00,8452.48046875,8453.5703125,8440.349609375,8443.4697265625,0
2026-07-23 07:00:00,8370.330078125,8373.3701171875,8339.5703125,8363.650390625,0
2026-07-23 08:00:00,8362.9697265625,8376.5400390625,8348.919921875,8363.4697265625,0
2026-07-23 09:00:00,8363.41015625,8374.740234375,8343.8798828125,8345.76953125,0
2026-07-23 10:00:00,8346.240234375,8360.5595703125,8337.419921875,8356.990234375,0
2026-07-23 11:00:00,8356.3896484375,8356.3896484375,8323.099609375,8344.7900390625,0
2026-07-23 12:00:00,8344.599609375,8345.3603515625,8299.419921875,8300.48046875,0
2026-07-23 13:00:00,8299.740234375,8315.919921875,8282.849609375,8298.1103515625,0
2026-07-23 14:00:00,8297.6396484375,8309.2197265625,8292.4404296875,8306.759765625,0
2026-07-23 15:00:00,8306.4599609375,8306.580078125,8279.580078125,8280.759765625,0
2026-07-24 07:00:00,8284.6796875,8321.150390625,8278.6396484375,8301.990234375,0
2026-07-24 08:00:00,8301.9404296875,8334.1904296875,8297.0302734375,8322.1103515625,0
2026-07-24 09:00:00,8322.9697265625,8337.9296875,8320.919921875,8335.6796875,0
2026-07-24 10:00:00,8334.8095703125,8337.4501953125,8323.3603515625,8332.759765625,0
2026-07-24 11:00:00,8332.66015625,8339.16015625,8316.5400390625,8337.83984375,0
2026-07-24 12:00:00,8336.7802734375,8341.2197265625,8317.7900390625,8319.4404296875,0
2026-07-24 13:00:00,8319.349609375,8346.1103515625,8319.349609375,8333.400390625,0
2026-07-24 14:00:00,8332.3896484375,8341.6904296875,8327.6396484375,8338.7099609375,0
2026-07-24 15:00:00,8338.240234375,8372.41015625,8334.0302734375,8372.1298828125,0
2026-07-27 07:00:00,8442.75,8463.7099609375,8416.580078125,8416.580078125,0
2026-07-27 08:00:00,8415.2001953125,8433.900390625,8402.8095703125,8432.400390625,0
2026-07-27 09:00:00,8433.259765625,8437.0595703125,8425.1396484375,8431.7900390625,0
2026-07-27 10:00:00,8431.23046875,8450.6298828125,8426.01953125,8445.5,0
2026-07-27 11:00:00,8445.16015625,8458.7802734375,8445.16015625,8452.7998046875,0
2026-07-27 12:00:00,8452.0595703125,8452.0595703125,8435.6201171875,8447.740234375,0
2026-07-27 13:00:00,8448.7099609375,8455.259765625,8432.990234375,8437.76953125,0
2026-07-27 14:00:00,8436.76953125,8447.0595703125,8417.1201171875,8443.9501953125,0
2026-07-27 15:00:00,8444.16015625,8444.16015625,8431.9501953125,8435.6904296875,0
2026-07-28 07:00:00,8447.08984375,8472.8095703125,8406.4404296875,8417.8701171875,0
2026-07-28 08:00:00,8418.4599609375,8446.759765625,8412.9296875,8430.7900390625,0
2026-07-28 09:00:00,8432.830078125,8461.1396484375,8430.9296875,8458.6201171875,0
2026-07-28 10:00:00,8458.0400390625,8458.490234375,8425.8203125,8431.259765625,0
2026-07-28 11:00:00,8430.98046875,8433.2802734375,8409.6396484375,8417.3701171875,0
2026-07-28 12:00:00,8417.98046875,8428.3896484375,8408.76953125,8411.4599609375,0
2026-07-28 13:00:00,8412.0302734375,8435.0595703125,8400.330078125,8435.0595703125,0
2026-07-28 14:00:00,8437.1103515625,8464.66015625,8433.58984375,8444.0,0
2026-07-28 15:00:00,8445.4599609375,8469.759765625,8433.1904296875,8459.41015625,0
2026-07-29 07:00:00,8492.9697265625,8502.48046875,8458.259765625,8458.259765625,0
2026-07-29 08:00:00,8458.2802734375,8458.5498046875,8400.7197265625,8426.76953125,0
2026-07-29 09:00:00,8427.9697265625,8429.259765625,8389.5703125,8400.2001953125,0
2026-07-29 10:00:00,8399.150390625,8418.26953125,8391.4599609375,8403.0595703125,0
2026-07-29 11:00:00,8404.2998046875,8422.3603515625,8402.330078125,8417.16015625,0
2026-07-29 12:00:00,8417.419921875,8422.580078125,8379.7802734375,8400.66015625,0
2026-07-29 13:00:00,8401.169921875,8414.5498046875,8395.41015625,8413.2802734375,0
2026-07-29 14:00:00,8415.080078125,8417.4501953125,8382.1904296875,8386.0400390625,0
2026-07-29 15:00:00,8386.9501953125,8406.5595703125,8383.1904296875,8396.490234375,0
2026-07-30 07:00:00,8410.330078125,8470.6396484375,8409.8896484375,8450.2001953125,0
2026-07-30 08:00:00,8449.0400390625,8481.1298828125,8444.51953125,8468.7099609375,0
2026-07-30 09:00:00,8469.0400390625,8495.6904296875,8468.8603515625,8472.4296875,0
2026-07-30 10:00:00,8471.509765625,8488.8603515625,8459.9296875,8475.169921875,0
2026-07-30 11:00:00,8475.7001953125,8499.7197265625,8475.650390625,8492.7802734375,0
2026-07-30 12:00:00,8493.099609375,8505.849609375,8479.330078125,8493.5498046875,0
2026-07-30 13:00:00,8493.33984375,8515.3603515625,8479.7900390625,8497.91015625,0
2026-07-30 14:00:00,8497.4501953125,8511.6904296875,8487.76953125,8499.330078125,0
2026-07-30 15:00:00,8498.5,8498.5,8475.4697265625,8476.16015625,0
2026-07-31 07:00:00,8489.4404296875,8575.75,8483.2099609375,8569.6396484375,0
2026-07-31 08:00:00,8567.919921875,8576.5498046875,8554.2001953125,8564.009765625,0
2026-07-31 09:00:00,8564.099609375,8573.830078125,8550.7197265625,8559.3095703125,0
2026-07-31 10:00:00,8559.1298828125,8572.080078125,8553.7802734375,8566.08984375,0
2026-07-31 11:00:00,8566.330078125,8570.849609375,8542.7802734375,8557.5302734375,0
2026-07-31 12:00:00,8556.23046875,8559.669921875,8534.8203125,8536.2197265625,0
2026-07-31 13:00:00,8535.900390625,8547.16015625,8511.0400390625,8514.650390625,0
2026-07-31 14:00:00,8514.419921875,8538.0,8495.7998046875,8537.009765625,0
2026-07-31 15:00:00,8536.6103515625,8541.16015625,8516.2998046875,8516.900390625,0
2026-08-03 07:00:00,8566.740234375,8597.8896484375,8559.580078125,8592.5703125,0
2026-08-03 08:00:00,8593.240234375,8614.8603515625,8590.6904296875,8611.419921875,0
2026-08-03 09:00:00,8611.6298828125,8623.5,8608.669921875,8619.5302734375,0
2026-08-03 10:00:00,8619.3896484375,8630.669921875,8615.2998046875,8621.8603515625,0
2026-08-03 11:00:00,8621.669921875,8626.8095703125,8612.5400390625,8624.3701171875,0
2026-08-03 12:00:00,8624.3095703125,8624.3095703125,8599.259765625,8607.8095703125,0
2026-08-03 13:00:00,8608.48046875,8623.349609375,8596.330078125,8621.98046875,0
2026-08-03 14:00:00,8622.990234375,8642.3203125,8619.8798828125,8629.759765625,0
2026-08-03 15:00:00,8629.6201171875,8632.7099609375,8622.5400390625,8626.25,0
2026-08-04 07:00:00,8642.33984375,8669.6904296875,8634.349609375,8646.0595703125,0
2026-08-04 08:00:00,8645.919921875,8645.919921875,8605.8896484375,8610.0498046875,0
2026-08-04 09:00:00,8611.3095703125,8621.3603515625,8606.5302734375,8611.6298828125,0
2026-08-04 10:00:00,8612.3798828125,8628.2900390625,8601.919921875,8621.23046875,0
2026-08-04 11:00:00,8621.419921875,8649.330078125,8619.4296875,8648.8896484375,0
2026-08-04 12:00:00,8649.169921875,8652.0400390625,8629.2001953125,8629.349609375,0
2026-08-04 13:00:00,8629.01953125,8652.1103515625,8629.01953125,8649.4599609375,0
2026-08-04 14:00:00,8648.849609375,8652.9296875,8634.8095703125,8644.990234375,0
2026-08-04 15:00:00,8645.5498046875,8660.2802734375,8641.3603515625,8659.349609375,0
2026-08-05 07:00:00,8684.26953125,8693.8896484375,8666.9404296875,8675.26953125,0
2026-08-05 08:00:00,8675.080078125,8676.48046875,8667.240234375,8671.08984375,0
2026-08-05 09:00:00,8671.4501953125,8674.8798828125,8661.0595703125,8661.2900390625,0
2026-08-05 10:00:00,8661.6298828125,8667.259765625,8656.73046875,8666.7197265625,0
2026-08-05 11:00:00,8666.1904296875,8674.25,8663.25,8673.1201171875,0
2026-08-05 12:00:00,8673.58984375,8678.240234375,8665.1904296875,8677.23046875,0
2026-08-05 13:00:00,8676.6201171875,8681.7802734375,8662.349609375,8671.1904296875,0
2026-08-05 14:00:00,8671.080078125,8674.740234375,8664.0595703125,8669.8798828125,0
2026-08-05 15:00:00,8670.0595703125,8679.6103515625,8664.3203125,8665.3603515625,0
2026-08-06 07:00:00,8721.1396484375,8740.1298828125,8715.83984375,8737.080078125,0
2026-08-06 08:00:00,8736.240234375,8742.2099609375,8721.4501953125,8736.01953125,0
2026-08-06 09:00:00,8735.5703125,8736.73046875,8721.169921875,8725.2001953125,0
2026-08-06 10:00:00,8725.1396484375,8735.669921875,8723.0,8733.5703125,0
2026-08-06 11:00:00,8732.9697265625,8733.490234375,8715.8896484375,8724.3701171875,0
2026-08-06 12:00:00,8723.9501953125,8730.0400390625,8722.349609375,8727.9296875,0
2026-08-06 13:00:00,8727.91015625,8739.240234375,8724.490234375,8736.6904296875,0
2026-08-06 14:00:00,8736.9697265625,8742.5302734375,8730.1298828125,8730.1298828125,0
2026-08-06 15:00:00,8729.9404296875,8731.6103515625,8710.7001953125,8715.3603515625,0
2026-08-07 07:00:00,8712.2900390625,8731.6298828125,8697.1904296875,8723.2802734375,0
2026-08-07 08:00:00,8721.91015625,8724.419921875,8708.6103515625,8716.259765625,0
2026-08-07 09:00:00,8716.26953125,8729.3798828125,8709.1796875,8727.48046875,0
2026-08-07 10:00:00,8728.26953125,8745.8203125,8726.1103515625,8745.3203125,0
2026-08-07 11:00:00,8744.2998046875,8746.3603515625,8730.509765625,8732.66015625,0
2026-08-07 12:00:00,8733.2099609375,8755.0302734375,8733.0400390625,8743.7900390625,0
2026-08-07 13:00:00,8743.419921875,8745.990234375,8723.8701171875,8725.7802734375,0
2026-08-07 14:00:00,8726.5595703125,8740.330078125,8717.4501953125,8737.2001953125,0
2026-08-07 15:00:00,8736.6103515625,8736.6103515625,8724.9404296875,8724.9697265625,0
2026-08-10 07:00:00,8710.490234375,8721.48046875,8700.98046875,8703.9501953125,0
2026-08-10 08:00:00,8704.41015625,8705.599609375,8694.240234375,8697.580078125,0
2026-08-10 09:00:00,8697.259765625,8706.9296875,8692.349609375,8706.4599609375,0
2026-08-10 10:00:00,8706.830078125,8720.759765625,8704.740234375,8715.7900390625,0
2026-08-10 11:00:00,8715.9697265625,8729.75,8711.83984375,8729.48046875,0
2026-08-10 12:00:00,8729.580078125,8730.0302734375,8717.4501953125,8718.5400390625,0
2026-08-10 13:00:00,8719.4296875,8720.900390625,8699.23046875,8699.23046875,0
2026-08-10 14:00:00,8699.3701171875,8725.150390625,8699.3701171875,8722.7099609375,0
2026-08-10 15:00:00,8722.6298828125,8728.0703125,8722.0595703125,8724.8798828125,0
2026-08-11 07:00:00,8726.3896484375,8732.2900390625,8709.9404296875,8712.1298828125,0
2026-08-11 08:00:00,8712.66015625,8712.66015625,8700.330078125,8704.099609375,0
2026-08-11 09:00:00,8704.009765625,8706.6201171875,8698.8603515625,8705.3798828125,0
2026-08-11 10:00:00,8705.1298828125,8716.73046875,8704.01953125,8710.4404296875,0
2026-08-11 11:00:00,8710.66015625,8733.48046875,8708.7802734375,8728.150390625,0
2026-08-11 12:00:00,8728.1103515625,8731.759765625,8720.08984375,8729.6298828125,0
2026-08-11 13:00:00,8729.9404296875,8749.4697265625,8729.9404296875,8744.0,0
2026-08-11 14:00:00,8743.759765625,8747.9296875,8735.0703125,8736.0302734375,0
2026-08-11 15:00:00,8736.1103515625,8736.41015625,8714.8203125,8717.4697265625,0
2026-08-12 07:00:00,8714.26953125,8721.6904296875,8685.849609375,8686.2001953125,0
2026-08-12 08:00:00,8687.009765625,8697.73046875,8684.919921875,8697.25,0
2026-08-12 09:00:00,8696.6904296875,8711.650390625,8694.98046875,8702.1796875,0
2026-08-12 10:00:00,8702.0595703125,8711.9501953125,8698.330078125,8706.51953125,0
2026-08-12 11:00:00,8706.6298828125,8709.7197265625,8698.2900390625,8698.2900390625,0
2026-08-12 12:00:00,8698.6298828125,8716.6396484375,8688.1796875,8688.1796875,0
2026-08-12 13:00:00,8688.0400390625,8691.0,8678.2001953125,8682.650390625,0
2026-08-12 14:00:00,8681.990234375,8688.1796875,8661.6201171875,8667.33984375,0
2026-08-12 15:00:00,8667.5703125,8667.5703125,8658.919921875,8665.150390625,0
2026-08-13 07:00:00,8702.5400390625,8703.5400390625,8679.599609375,8679.83984375,0
2026-08-13 08:00:00,8678.91015625,8703.919921875,8676.7998046875,8701.919921875,0
2026-08-13 09:00:00,8701.849609375,8707.3896484375,8695.3095703125,8702.150390625,0
2026-08-13 10:00:00,8702.259765625,8702.259765625,8689.8896484375,8692.150390625,0
2026-08-13 11:00:00,8692.5703125,8693.2900390625,8683.509765625,8686.330078125,0
2026-08-13 12:00:00,8686.1904296875,8689.23046875,8671.009765625,8671.75,0
2026-08-13 13:00:00,8672.0703125,8676.73046875,8657.8203125,8659.4697265625,0
2026-08-13 14:00:00,8660.26953125,8669.2998046875,8657.16015625,8664.2900390625,0
2026-08-13 15:00:00,8664.1201171875,8664.1201171875,8649.4599609375,8649.4599609375,0
2026-08-14 07:00:00,8657.58984375,8658.9404296875,8643.58984375,8644.58984375,0
2026-08-14 08:00:00,8644.830078125,8645.83984375,8630.240234375,8644.1796875,0
2026-08-14 09:00:00,8643.6904296875,8659.08984375,8641.3798828125,8655.6904296875,0
2026-08-14 10:00:00,8656.3798828125,8662.099609375,8651.9599609375,8654.3896484375,0
2026-08-14 11:00:00,8654.6298828125,8658.91015625,8645.26953125,8655.650390625,0
2026-08-14 12:00:00,8655.6796875,8658.900390625,8651.830078125,8654.3896484375,0
2026-08-14 13:00:00,8653.9501953125,8655.080078125,8646.6201171875,8653.0400390625,0
2026-08-14 14:00:00,8652.419921875,8654.0703125,8640.9296875,8650.73046875,0
2026-08-14 15:00:00,8650.6201171875,8654.150390625,8633.8203125,8640.1103515625,0
2026-08-17 07:00:00,8628.6201171875,8643.900390625,8627.1103515625,8639.6904296875,0
2026-08-17 08:00:00,8639.51953125,8640.400390625,8620.669921875,8626.2001953125,0
2026-08-17 09:00:00,8625.3095703125,8629.580078125,8620.419921875,8623.349609375,0
2026-08-17 10:00:00,8623.5400390625,8638.16015625,8621.0595703125,8628.6201171875,0
2026-08-17 11:00:00,8628.2099609375,8628.2099609375,8619.1796875,8620.1396484375,0
2026-08-17 12:00:00,8620.669921875,8620.669921875,8594.98046875,8600.2001953125,0
2026-08-17 13:00:00,8600.4296875,8601.2197265625,8591.4404296875,8601.150390625,0
2026-08-17 14:00:00,8601.3701171875,8601.3701171875,8582.23046875,8586.6904296875,0
2026-08-17 15:00:00,8586.009765625,8591.150390625,8577.490234375,8585.6201171875,0
2026-08-18 07:00:00,8563.0595703125,8578.099609375,8528.580078125,8529.3095703125,0
2026-08-18 08:00:00,8529.8701171875,8539.099609375,8519.51953125,8533.4501953125,0
2026-08-18 09:00:00,8534.419921875,8543.6298828125,8527.0595703125,8542.51953125,0
2026-08-18 10:00:00,8542.169921875,8549.75,8538.990234375,8542.099609375,0
2026-08-18 11:00:00,8542.4599609375,8543.4501953125,8534.16015625,8538.91015625,0
2026-08-18 12:00:00,8538.4296875,8550.4296875,8536.8798828125,8547.080078125,0
2026-08-18 13:00:00,8547.5703125,8548.0,8529.7998046875,8533.5,0
2026-08-18 14:00:00,8533.849609375,8536.2001953125,8514.6201171875,8515.01953125,0
2026-08-18 15:00:00,8516.580078125,8522.4501953125,8513.33984375,8518.0302734375,0
2026-08-19 07:00:00,8523.25,8540.58984375,8518.6298828125,8537.8603515625,0
2026-08-19 08:00:00,8537.23046875,8540.990234375,8530.6396484375,8535.83984375,0
2026-08-19 09:00:00,8535.7001953125,8538.98046875,8530.2001953125,8538.98046875,0
2026-08-19 10:00:00,8539.400390625,8547.419921875,8533.76953125,8540.6103515625,0
2026-08-19 11:00:00,8540.6904296875,8548.76953125,8536.669921875,8539.7197265625,0
2026-08-19 12:00:00,8539.669921875,8558.2197265625,8533.259765625,8535.580078125,0
2026-08-19 13:00:00,8535.900390625,8537.51953125,8518.240234375,8521.23046875,0
2026-08-19 14:00:00,8520.4501953125,8524.1904296875,8512.490234375,8519.080078125,0
2026-08-19 15:00:00,8518.1201171875,8518.1201171875,8507.23046875,8512.490234375,0
2026-08-20 07:00:00,8504.0703125,8514.669921875,8488.2802734375,8496.919921875,0
2026-08-20 08:00:00,8497.349609375,8504.7900390625,8484.8095703125,8488.650390625,0
2026-08-20 09:00:00,8487.9296875,8494.419921875,8479.4501953125,8479.4501953125,0
2026-08-20 10:00:00,8479.7998046875,8484.2001953125,8466.01953125,8474.4697265625,0
2026-08-20 11:00:00,8474.7998046875,8481.009765625,8469.349609375,8469.349609375,0
2026-08-20 12:00:00,8469.0302734375,8469.0302734375,8449.650390625,8465.48046875,0
2026-08-20 13:00:00,8465.900390625,8466.5400390625,8453.6298828125,8455.900390625,0
2026-08-20 14:00:00,8456.2900390625,8467.509765625,8444.759765625,8467.509765625,0
2026-08-20 15:00:00,8468.3603515625,8476.400390625,8462.650390625,8468.080078125,0
2026-08-21 07:00:00,8445.650390625,8469.7802734375,8441.1103515625,8466.5498046875,0
2026-08-21 08:00:00,8467.75,8473.740234375,8461.9599609375,8467.23046875,0
2026-08-21 09:00:00,8467.2802734375,8471.330078125,8450.8896484375,8454.33984375,0
2026-08-21 10:00:00,8453.9599609375,8461.0595703125,8452.5595703125,8458.3701171875,0
2026-08-21 11:00:00,8458.75,8466.9599609375,8457.650390625,8461.259765625,0
2026-08-21 12:00:00,8461.1103515625,8476.5302734375,8458.25,8469.8095703125,0
2026-08-21 13:00:00,8470.01953125,8490.66015625,8468.5400390625,8488.580078125,0
2026-08-21 14:00:00,8488.2099609375,8493.5498046875,8480.0703125,8486.1298828125,0
2026-08-21 15:00:00,8486.0302734375,8487.1904296875,8475.9296875,8479.5400390625,0
2026-08-24 07:00:00,8481.7900390625,8481.7900390625,8458.6904296875,8460.1904296875,0
2026-08-24 08:00:00,8459.2001953125,8487.7998046875,8458.3095703125,8480.9501953125,0
2026-08-24 09:00:00,8480.0595703125,8488.41015625,8474.9296875,8482.2001953125,0
2026-08-24 10:00:00,8482.51953125,8490.240234375,8479.599609375,8480.6904296875,0
2026-08-24 11:00:00,8480.5,8485.740234375,8473.01953125,8473.01953125,0
2026-08-24 12:00:00,8473.0498046875,8473.0498046875,8455.6201171875,8460.2998046875,0
2026-08-24 13:00:00,8460.7802734375,8460.7802734375,8444.7998046875,8457.66015625,0
2026-08-24 14:00:00,8456.8896484375,8463.8798828125,8446.83984375,8461.9697265625,0
2026-08-24 15:00:00,8461.2998046875,8464.349609375,8452.419921875,8464.349609375,0
2026-08-25 07:00:00,8499.2001953125,8501.509765625,8465.75,8470.1396484375,0
2026-08-25 08:00:00,8470.2900390625,8495.5703125,8461.1796875,8481.5,0
2026-08-25 09:00:00,8481.23046875,8498.7900390625,8479.8095703125,8487.5,0
2026-08-25 10:00:00,8487.1103515625,8495.33984375,8484.740234375,8488.7998046875,0
2026-08-25 11:00:00,8488.9599609375,8489.5595703125,8477.990234375,8479.83984375,0
2026-08-25 12:00:00,8479.7998046875,8485.2998046875,8468.3203125,8468.3203125,0
2026-08-25 13:00:00,8467.58984375,8468.7001953125,8450.759765625,8452.1396484375,0
2026-08-25 14:00:00,8452.6796875,8462.33984375,8444.509765625,8446.0595703125,0
2026-08-25 15:00:00,8446.25,8453.16015625,8440.419921875,8445.6298828125,0
2026-08-26 07:00:00,8468.7900390625,8485.1904296875,8467.580078125,8484.5595703125,0
2026-08-26 08:00:00,8484.580078125,8484.580078125,8470.3603515625,8474.080078125,0
2026-08-26 09:00:00,8474.08984375,8481.98046875,8471.759765625,8476.4599609375,0
2026-08-26 10:00:00,8476.0,8480.4501953125,8470.669921875,8471.900390625,0
2026-08-26 11:00:00,8471.8603515625,8489.099609375,8468.509765625,8487.5302734375,0
2026-08-26 12:00:00,8487.41015625,8503.650390625,8487.41015625,8493.58984375,0
2026-08-26 13:00:00,8493.0302734375,8501.7197265625,8487.2099609375,8494.0302734375,0
2026-08-26 14:00:00,8493.9501953125,8497.349609375,8481.849609375,8482.76953125,0
2026-08-26 15:00:00,8482.150390625,8487.830078125,8467.6103515625,8469.2998046875,0
2026-08-27 07:00:00,8460.91015625,8460.91015625,8424.919921875,8434.8896484375,0
2026-08-27 08:00:00,8433.98046875,8439.3603515625,8378.33984375,8380.4501953125,0
2026-08-27 09:00:00,8380.830078125,8398.849609375,8375.76953125,8380.1103515625,0
2026-08-27 10:00:00,8379.740234375,8379.740234375,8360.4697265625,8370.2197265625,0
2026-08-27 11:00:00,8370.2802734375,8387.1103515625,8364.41015625,8384.41015625,0
2026-08-27 12:00:00,8384.3603515625,8384.3603515625,8350.9599609375,8350.9599609375,0
2026-08-27 13:00:00,8350.7001953125,8353.4697265625,8322.4296875,8324.8095703125,0
2026-08-27 14:00:00,8324.66015625,8328.8203125,8312.490234375,8322.5498046875,0
2026-08-27 15:00:00,8322.4599609375,8322.4599609375,8308.099609375,8314.919921875,0
2026-08-28 07:00:00,8388.76953125,8413.669921875,8388.76953125,8397.7001953125,0
2026-08-28 08:00:00,8396.3603515625,8413.1796875,8394.8203125,8405.9296875,0
2026-08-28 09:00:00,8406.8798828125,8412.900390625,8399.349609375,8404.8203125,0
2026-08-28 10:00:00,8405.259765625,8405.83984375,8390.73046875,8390.8798828125,0
2026-08-28 11:00:00,8391.7099609375,8404.1103515625,8391.4501953125,8398.5703125,0
2026-08-28 12:00:00,8399.23046875,8408.7099609375,8398.3603515625,8406.419921875,0
2026-08-28 13:00:00,8405.7802734375,8414.240234375,8397.6298828125,8401.5703125,0
2026-08-28 14:00:00,8396.2001953125,8421.51953125,8394.9501953125,8418.5,0
2026-08-28 15:00:00,8418.0595703125,8420.8603515625,8405.9501953125,8412.5703125,0
2026-08-31 07:00:00,8404.73046875,8427.099609375,8403.849609375,8409.900390625,0
2026-08-31 08:00:00,8410.3203125,8415.7001953125,8402.83984375,8410.9599609375,0
2026-08-31 09:00:00,8410.9599609375,8410.9599609375,8398.9501953125,8399.9296875,0
2026-08-31 10:00:00,8400.4404296875,8402.5703125,8388.9501953125,8399.2802734375,0
2026-08-31 11:00:00,8399.75,8416.919921875,8399.75,8416.0595703125,0
2026-08-31 12:00:00,8415.8095703125,8420.349609375,8401.8203125,8404.2197265625,0
2026-08-31 13:00:00,8404.1904296875,8417.6396484375,8378.91015625,8390.4697265625,0
2026-08-31 14:00:00,8392.7998046875,8395.7001953125,8356.6298828125,8359.3095703125,0
2026-08-31 15:00:00,8359.0,8364.25,8345.0703125,8351.169921875,0
2026-09-01 07:00:00,8348.349609375,8372.5498046875,8340.1298828125,8365.740234375,0
2026-09-01 08:00:00,8366.3095703125,8368.9296875,8299.7900390625,8303.490234375,0
2026-09-01 09:00:00,8302.599609375,8308.4501953125,8290.349609375,8293.9697265625,0
2026-09-01 10:00:00,8294.9501953125,8319.5703125,8294.599609375,8301.419921875,0
2026-09-01 11:00:00,8301.6201171875,8319.990234375,8296.2802734375,8310.919921875,0
2026-09-01 12:00:00,8311.6796875,8326.6201171875,8309.330078125,8322.8701171875,0
2026-09-01 13:00:00,8323.4404296875,8323.9501953125,8299.5595703125,8305.25,0
2026-09-01 14:00:00,8306.26953125,8309.2802734375,8278.5400390625,8280.5703125,0
2026-09-01 15:00:00,8281.2197265625,8291.7900390625,8281.2197265625,8291.73046875,0
2026-09-02 07:00:00,8292.9501953125,8306.6298828125,8271.51953125,8273.599609375,0
2026-09-02 08:00:00,8274.01953125,8284.08984375,8254.58984375,8254.759765625,0
2026-09-02 09:00:00,8254.490234375,8263.990234375,8246.8603515625,8253.1201171875,0
2026-09-02 10:00:00,8253.6904296875,8254.830078125,8237.919921875,8246.08984375,0
2026-09-02 11:00:00,8247.1396484375,8293.0,8243.7900390625,8292.0703125,0
2026-09-02 12:00:00,8292.7998046875,8301.7802734375,8286.240234375,8287.4404296875,0
2026-09-02 13:00:00,8287.83984375,8304.6298828125,8279.9501953125,8295.3896484375,0
2026-09-02 14:00:00,8295.6103515625,8307.66015625,8283.2900390625,8284.51953125,0
2026-09-02 15:00:00,8284.8701171875,8288.349609375,8274.6103515625,8282.509765625,0
2026-09-03 07:00:00,8275.3701171875,8282.8798828125,8248.66015625,8257.8701171875,0
2026-09-03 08:00:00,8257.650390625,8285.3203125,8257.650390625,8271.669921875,0
2026-09-03 09:00:00,8271.08984375,8277.3603515625,8248.91015625,8250.0,0
2026-09-03 10:00:00,8249.2001953125,8261.0498046875,8246.8095703125,8255.1201171875,0
2026-09-03 11:00:00,8255.4697265625,8267.740234375,8243.2001953125,8247.0,0
2026-09-03 12:00:00,8247.0302734375,8279.7197265625,8240.5,8277.4404296875,0
2026-09-03 13:00:00,8277.4296875,8285.669921875,8268.8203125,8279.419921875,0
2026-09-03 14:00:00,8280.7998046875,8280.7998046875,8250.419921875,8270.2001953125,0
2026-09-03 15:00:00,8270.3203125,8284.900390625,8268.6796875,8283.669921875,0
2026-09-04 07:00:00,8266.650390625,8297.0703125,8257.26953125,8286.7197265625,0
2026-09-04 08:00:00,8286.330078125,8289.25,8266.990234375,8280.33984375,0
2026-09-04 09:00:00,8280.9697265625,8288.580078125,8271.5302734375,8277.16015625,0
2026-09-04 10:00:00,8276.9501953125,8284.1396484375,8267.240234375,8272.4404296875,0
2026-09-04 11:00:00,8273.330078125,8281.169921875,8269.48046875,8277.7001953125,0
2026-09-04 12:00:00,8277.8203125,8289.3701171875,8257.0302734375,8266.3603515625,0
2026-09-04 13:00:00,8266.66015625,8291.1396484375,8254.6796875,8282.0703125,0
2026-09-04 14:00:00,8282.400390625,8291.2900390625,8270.080078125,8274.2900390625,0
2026-09-04 15:00:00,8275.2099609375,8284.8603515625,8271.009765625,8283.16015625,0
2026-09-07 07:00:00,8272.759765625,8280.6796875,8255.7197265625,8278.48046875,0
2026-09-07 08:00:00,8279.5595703125,8287.6103515625,8274.7900390625,8282.23046875,0
2026-09-07 09:00:00,8282.6396484375,8291.16015625,8279.3203125,8290.830078125,0
2026-09-07 10:00:00,8291.01953125,8291.330078125,8275.4501953125,8278.08984375,0
2026-09-07 11:00:00,8278.1396484375,8284.6796875,8271.419921875,8282.01953125,0
2026-09-07 12:00:00,8281.75,8301.51953125,8281.75,8296.4697265625,0
2026-09-07 13:00:00,8296.33984375,8316.6796875,8293.6396484375,8316.2197265625,0
2026-09-07 14:00:00,8316.5595703125,8317.3701171875,8305.099609375,8306.7099609375,0
2026-09-07 15:00:00,8305.5302734375,8308.8701171875,8300.3896484375,8300.509765625,0
2026-09-08 07:00:00,8268.1201171875,8292.8701171875,8264.48046875,8267.4599609375,0
2026-09-08 08:00:00,8268.8603515625,8276.830078125,8257.599609375,8267.900390625,0
2026-09-08 09:00:00,8268.419921875,8294.419921875,8266.490234375,8291.6904296875,0
2026-09-08 10:00:00,8291.490234375,8303.4501953125,8286.58984375,8295.4697265625,0
2026-09-08 11:00:00,8295.6201171875,8312.5302734375,8292.7099609375,8309.0595703125,0
2026-09-08 12:00:00,8309.3896484375,8312.3603515625,8296.76953125,8301.990234375,0
2026-09-08 13:00:00,8302.0400390625,8314.740234375,8298.5400390625,8306.25,0
2026-09-08 14:00:00,8305.900390625,8306.759765625,8283.76953125,8306.41015625,0
2026-09-08 15:00:00,8305.76953125,8320.0498046875,8305.5302734375,8307.900390625,0
2026-09-09 07:00:00,8258.240234375,8277.240234375,8245.5400390625,8249.2900390625,0
2026-09-09 08:00:00,8249.0,8253.8701171875,8231.7099609375,8233.98046875,0
2026-09-09 09:00:00,8233.990234375,8236.5595703125,8200.0703125,8201.7802734375,0
2026-09-09 10:00:00,8201.7998046875,8201.8203125,8159.740234375,8160.7998046875,0
2026-09-09 11:00:00,8161.7099609375,8170.5498046875,8148.7900390625,8151.6298828125,0
2026-09-09 12:00:00,8151.22998046875,8151.22998046875,8145.89990234375,8148.2998046875,0
2026-09-09 13:00:00,8191.93994140625,8201.2197265625,8178.89013671875,8188.27978515625,0
2026-09-09 14:00:00,8188.14990234375,8190.2900390625,8148.81982421875,8157.2900390625,0
2026-09-09 15:00:00,8158.0498046875,8160.919921875,8145.9599609375,8159.02001953125,0
