timestamp,open,high,low,close,volume
2023-09-18 01:30:00,18069.0390625,18114.8203125,17894.810546875,18073.48046875,0
2023-09-18 02:30:00,18073.2890625,18079.419921875,17998.470703125,18002.310546875,0
2023-09-18 03:30:00,18002.890625,18009.369140625,17990.310546875,18001.51953125,0
2023-09-18 04:30:00,18002.390625,18021.8203125,17964.939453125,17979.669921875,0
2023-09-18 05:30:00,17977.259765625,18035.640625,17976.779296875,18016.0703125,0
2023-09-18 06:30:00,18015.05078125,18021.69921875,17977.830078125,17982.5390625,0
2023-09-18 07:30:00,17982.779296875,17993.400390625,17930.55078125,17930.55078125,0
2023-09-19 01:30:00,17942.0703125,17942.0703125,17832.30078125,17918.919921875,0
2023-09-19 02:30:00,17919.080078125,17981.400390625,17905.810546875,17960.029296875,0
2023-09-19 03:30:00,17960.919921875,17961.419921875,17930.130859375,17933.66015625,0
2023-09-19 04:30:00,17932.939453125,17934.470703125,17879.720703125,17886.169921875,0
2023-09-19 05:30:00,17886.109375,17950.349609375,17881.5,17928.890625,0
2023-09-19 06:30:00,17926.669921875,18004.740234375,17925.76953125,17981.279296875,0
2023-09-19 07:30:00,17979.08984375,17997.169921875,17959.140625,17997.169921875,0
2023-09-20 01:30:00,17939.25,17995.380859375,17881.19921875,17957.75,0
2023-09-20 02:30:00,17957.220703125,17958.1796875,17879.5,17893.5,0
2023-09-20 03:30:00,17893.619140625,17897.9609375,17854.9296875,17862.359375,0
2023-09-20 04:30:00,17864.05078125,17883.029296875,17833.19921875,17875.01953125,0
2023-09-20 05:30:00,17876.630859375,17986.580078125,17875.23046875,17939.470703125,0
2023-09-20 06:30:00,17937.830078125,17941.66015625,17878.48046875,17911.029296875,0
2023-09-20 07:30:00,17911.25,17928.4296875,17885.599609375,17885.599609375,0
2023-09-21 01:30:00,17795.80078125,17823.8203125,17666.490234375,17677.310546875,0
2023-09-21 02:30:00,17677.359375,17690.640625,17648.6796875,17666.310546875,0
2023-09-21 03:30:00,17665.9296875,17669.740234375,17638.19921875,17651.439453125,0
2023-09-21 04:30:00,17650.529296875,17675.279296875,17623.869140625,17657.6796875,0
2023-09-21 05:30:00,17657.609375,17699.900390625,17645.779296875,17684.44921875,0
2023-09-21 06:30:00,17685.279296875,17687.669921875,17627.099609375,17634.98046875,0
2023-09-21 07:30:00,17633.900390625,17665.7890625,17630.439453125,17655.41015625,0
2023-09-22 01:30:00,17578.259765625,17797.810546875,17573.810546875,17757.83984375,0
2023-09-22 02:30:00,17768.419921875,17872.380859375,17737.0,17843.109375,0
2023-09-22 03:30:00,17852.390625,17889.060546875,17845.05078125,17868.6796875,0
2023-09-22 04:30:00,17856.369140625,17868.94921875,17806.5,17822.380859375,0
2023-09-22 05:30:00,17826.279296875,17951.0390625,17810.0703125,17938.5703125,0
2023-09-22 06:30:00,17947.5390625,17977.740234375,17921.640625,17945.3203125,0
2023-09-22 07:30:00,17953.91015625,18078.689453125,17951.630859375,18057.44921875,0
2023-09-25 01:30:00,18046.890625,18046.890625,17817.5,17828.880859375,0
2023-09-25 02:30:00,17827.73046875,17832.439453125,17769.44921875,17823.150390625,0
2023-09-25 03:30:00,17823.9609375,17842.220703125,17816.720703125,17833.189453125,0
2023-09-25 04:30:00,17829.130859375,17847.91015625,17818.669921875,17842.560546875,0
2023-09-25 05:30:00,17841.630859375,17846.48046875,17734.169921875,17735.220703125,0
2023-09-25 06:30:00,17734.349609375,17783.94921875,17728.939453125,17780.73046875,0
2023-09-25 07:30:00,17777.189453125,17784.98046875,17722.490234375,17729.2890625,0
2023-09-26 01:30:00,17661.849609375,17718.1796875,17571.94921875,17638.98046875,0
2023-09-26 02:30:00,17640.16015625,17642.25,17556.30078125,17569.619140625,0
2023-09-26 03:30:00,17568.91015625,17593.009765625,17568.060546875,17580.029296875,0
2023-09-26 04:30:00,17576.130859375,17581.0390625,17525.119140625,17564.05078125,0
2023-09-26 05:30:00,17565.4609375,17604.869140625,17539.189453125,17551.060546875,0
2023-09-26 06:30:00,17548.83984375,17551.119140625,17379.439453125,17450.400390625,0
2023-09-26 07:30:00,17449.8203125,17484.390625,17438.94921875,17466.900390625,0
2023-09-27 01:30:00,17472.109375,17655.310546875,17472.109375,17599.5703125,0
2023-09-27 02:30:00,17599.7109375,17631.630859375,17517.83984375,17629.009765625,0
2023-09-27 03:30:00,17627.869140625,17647.330078125,17576.0,17577.9296875,0
2023-09-27 04:30:00,17580.759765625,17587.91015625,17534.220703125,17560.08984375,0
2023-09-27 05:30:00,17560.16015625,17603.5390625,17544.26953125,17603.0390625,0
2023-09-27 06:30:00,17600.580078125,17621.619140625,17566.810546875,17599.91015625,0
2023-09-27 07:30:00,17602.0703125,17611.869140625,17563.0,17611.869140625,0
2023-09-28 01:30:00,17587.080078125,17627.73046875,17421.779296875,17424.640625,0
2023-09-28 02:30:00,17433.23046875,17464.640625,17380.990234375,17398.380859375,0
2023-09-28 03:30:00,17404.0390625,17429.4609375,17388.220703125,17429.4609375,0
2023-09-28 04:30:00,17420.30078125,17467.310546875,17406.189453125,17454.30078125,0
2023-09-28 05:30:00,17464.939453125,17468.490234375,17353.970703125,17368.900390625,0
2023-09-28 06:30:00,17373.4296875,17390.779296875,17354.470703125,17368.400390625,0
2023-09-28 07:30:00,17373.9609375,17379.4609375,17352.830078125,17373.029296875,0
2023-09-29 01:30:00,17484.94921875,17750.6796875,17482.390625,17726.990234375,0
2023-09-29 02:30:00,17725.900390625,17816.4609375,17725.490234375,17769.619140625,0
2023-09-29 03:30:00,17770.099609375,17859.259765625,17767.900390625,17843.130859375,0
2023-09-29 04:30:00,17822.830078125,17863.390625,17817.19921875,17846.109375,0
2023-09-29 05:30:00,17846.720703125,17859.9296875,17804.25,17858.240234375,0
2023-09-29 06:30:00,17858.099609375,17935.150390625,17844.4609375,17857.060546875,0
2023-09-29 07:30:00,17857.619140625,17867.560546875,17800.369140625,17809.66015625,0
2023-10-03 01:30:00,17546.390625,17546.390625,17272.9609375,17293.69921875,0
2023-10-03 02:30:00,17293.099609375,17306.470703125,17212.869140625,17234.66015625,0
2023-10-03 03:30:00,17233.009765625,17284.44921875,17230.390625,17278.369140625,0
2023-10-03 04:30:00,17267.349609375,17268.9296875,17213.94921875,17259.310546875,0
2023-10-03 05:30:00,17261.720703125,17311.44921875,17248.9609375,17294.189453125,0
2023-10-03 06:30:00,17291.279296875,17322.6796875,17275.7109375,17303.0,0
2023-10-03 07:30:00,17305.240234375,17331.220703125,17284.310546875,17331.220703125,0
2023-10-04 01:30:00,17266.8203125,17266.8203125,17107.779296875,17206.5703125,0
2023-10-04 02:30:00,17206.05078125,17231.76953125,17163.390625,17212.55078125,0
2023-10-04 03:30:00,17212.810546875,17220.419921875,17138.509765625,17151.609375,0
2023-10-04 04:30:00,17160.970703125,17189.5,17155.1796875,17158.75,0
2023-10-04 05:30:00,17158.900390625,17163.150390625,17094.0,17103.01953125,0
2023-10-04 06:30:00,17104.2109375,17178.810546875,17104.0,17174.419921875,0
2023-10-04 07:30:00,17172.919921875,17195.83984375,17153.619140625,17195.83984375,0
2023-10-05 01:30:00,17249.970703125,17322.529296875,17197.609375,17312.759765625,0
2023-10-05 02:30:00,17312.529296875,17319.0,17249.25,17306.009765625,0
2023-10-05 03:30:00,17306.119140625,17336.4296875,17304.490234375,17326.189453125,0
2023-10-05 04:30:00,17324.189453125,17324.189453125,17261.91015625,17300.650390625,0
2023-10-05 05:30:00,17300.650390625,17307.30078125,17253.41015625,17269.080078125,0
2023-10-05 06:30:00,17269.859375,17272.150390625,17206.099609375,17214.859375,0
2023-10-05 07:30:00,17217.099609375,17224.119140625,17199.51953125,17213.869140625,0
2023-10-06 01:30:00,17370.029296875,17540.7109375,17370.029296875,17521.01953125,0
2023-10-06 02:30:00,17519.240234375,17603.80078125,17516.189453125,17567.5,0
2023-10-06 03:30:00,17559.4609375,17564.919921875,17518.76953125,17526.080078125,0
2023-10-06 04:30:00,17531.169921875,17531.169921875,17466.1796875,17487.19921875,0
2023-10-06 05:30:00,17479.05078125,17489.119140625,17432.150390625,17470.369140625,0
2023-10-06 06:30:00,17462.759765625,17482.279296875,17442.0390625,17447.060546875,0
2023-10-06 07:30:00,17441.5390625,17506.810546875,17441.490234375,17485.98046875,0
2023-10-09 05:30:00,17500.369140625,17633.189453125,17496.33984375,17600.0390625,0
2023-10-09 06:30:00,17593.830078125,17626.849609375,17447.759765625,17481.73046875,0
2023-10-09 07:30:00,17482.029296875,17526.349609375,17464.91015625,17517.400390625,0
2023-10-10 01:30:00,17726.630859375,17916.619140625,17726.630859375,17835.98046875,0
2023-10-10 02:30:00,17837.6796875,17844.08984375,17697.08984375,17737.2109375,0
2023-10-10 03:30:00,17735.58984375,17764.94921875,17735.259765625,17743.990234375,0
2023-10-10 04:30:00,17740.849609375,17754.30078125,17697.560546875,17701.390625,0
2023-10-10 05:30:00,17700.359375,17759.44921875,17652.8203125,17667.0703125,0
2023-10-10 06:30:00,17666.279296875,17679.470703125,17638.009765625,17671.130859375,0
2023-10-10 07:30:00,17672.890625,17690.220703125,17656.560546875,17664.73046875,0
2023-10-11 01:30:00,17956.830078125,18012.060546875,17895.25,17932.859375,0
2023-10-11 02:30:00,17929.7890625,17955.30078125,17889.7109375,17911.609375,0
2023-10-11 03:30:00,17910.4296875,17940.26953125,17907.630859375,17919.55078125,0
2023-10-11 04:30:00,17914.83984375,17994.740234375,17907.7109375,17989.9609375,0
2023-10-11 05:30:00,17989.1796875,18022.44921875,17906.740234375,17923.05078125,0
2023-10-11 06:30:00,17923.220703125,17959.75,17907.990234375,17914.01953125,0
2023-10-11 07:30:00,17913.830078125,17954.919921875,17893.099609375,17893.099609375,0
2023-10-12 01:30:00,18258.259765625,18259.240234375,18175.349609375,18200.880859375,0
2023-10-12 02:30:00,18199.30078125,18288.6796875,18197.009765625,18268.689453125,0
2023-10-12 03:30:00,18268.310546875,18271.5390625,18218.869140625,18231.279296875,0
2023-10-12 04:30:00,18225.630859375,18269.390625,18207.609375,18262.7109375,0
2023-10-12 05:30:00,18265.439453125,18288.580078125,18235.58984375,18262.939453125,0
2023-10-12 06:30:00,18263.390625,18290.91015625,18221.119140625,18227.05078125,0
2023-10-12 07:30:00,18226.9609375,18238.2109375,18209.94921875,18238.2109375,0
2023-10-13 01:30:00,17946.76953125,18013.669921875,17917.109375,17944.509765625,0
2023-10-13 02:30:00,17931.05078125,17952.880859375,17865.939453125,17869.279296875,0
2023-10-13 03:30:00,17860.0390625,17870.150390625,17842.140625,17852.849609375,0
2023-10-13 04:30:00,17859.7109375,17877.400390625,17849.470703125,17858.19921875,0
2023-10-13 05:30:00,17849.23046875,17856.5390625,17776.94921875,17816.369140625,0
2023-10-13 06:30:00,17806.140625,17875.140625,17806.140625,17858.08984375,0
2023-10-13 07:30:00,17848.5703125,17856.400390625,17790.6796875,17813.44921875,0
2023-10-16 01:30:00,17804.08984375,17858.1796875,17708.400390625,17752.73046875,0
2023-10-16 02:30:00,17753.23046875,17761.240234375,17710.630859375,17720.349609375,0
2023-10-16 03:30:00,17719.330078125,17755.390625,17717.130859375,17737.6796875,0
2023-10-16 04:30:00,17745.73046875,17745.73046875,17696.080078125,17699.490234375,0
2023-10-16 05:30:00,17698.990234375,17704.330078125,17611.099609375,17614.529296875,0
2023-10-16 06:30:00,17613.75,17658.25,17601.5,17621.640625,0
2023-10-16 07:30:00,17622.75,17658.939453125,17622.75,17640.359375,0
2023-10-17 01:30:00,17806.23046875,17806.23046875,17671.990234375,17688.099609375,0
2023-10-17 02:30:00,17687.2890625,17815.7109375,17674.509765625,17794.330078125,0
2023-10-17 03:30:00,17794.890625,17796.91015625,17747.640625,17763.41015625,0
2023-10-17 04:30:00,17756.4296875,17776.4296875,17733.560546875,17734.259765625,0
2023-10-17 05:30:00,17734.5390625,17790.98046875,17723.1796875,17741.529296875,0
2023-10-17 06:30:00,17742.16015625,17793.080078125,17739.08984375,17768.94921875,0
2023-10-17 07:30:00,17771.19921875,17791.150390625,17753.830078125,17773.33984375,0
2023-10-18 01:30:00,17728.25,17831.1796875,17625.890625,17798.8203125,0
2023-10-18 02:30:00,17799.9296875,17829.900390625,17735.380859375,17751.830078125,0
2023-10-18 03:30:00,17751.220703125,17771.759765625,17745.01953125,17755.25,0
2023-10-18 04:30:00,17748.75,17760.1796875,17713.759765625,17741.44921875,0
2023-10-18 05:30:00,17742.060546875,17789.94921875,17719.55078125,17743.009765625,0
2023-10-18 06:30:00,17741.869140625,17765.619140625,17711.890625,17737.359375,0
2023-10-18 07:30:00,17737.689453125,17768.23046875,17732.51953125,17732.51953125,0
2023-10-19 01:30:00,17540.4609375,17540.4609375,17383.48046875,17477.470703125,0
2023-10-19 02:30:00,17476.150390625,17478.619140625,17369.58984375,17376.119140625,0
2023-10-19 03:30:00,17373.7890625,17388.76953125,17370.5,17386.75,0
2023-10-19 04:30:00,17389.75,17403.33984375,17369.609375,17372.83984375,0
2023-10-19 05:30:00,17373.099609375,17398.109375,17345.369140625,17381.69921875,0
2023-10-19 06:30:00,17382.390625,17382.390625,17330.580078125,17351.8203125,0
2023-10-19 07:30:00,17351.0390625,17364.33984375,17292.359375,17295.890625,0
2023-10-20 01:30:00,17127.259765625,17242.650390625,17127.259765625,17176.9296875,0
2023-10-20 02:30:00,17167.490234375,17309.740234375,17167.490234375,17231.26953125,0
2023-10-20 03:30:00,17221.55078125,17239.509765625,17212.73046875,17225.8203125,0
2023-10-20 04:30:00,17237.380859375,17244.1796875,17191.5703125,17236.859375,0
2023-10-20 05:30:00,17226.7890625,17241.560546875,17163.359375,17168.05078125,0
2023-10-20 06:30:00,17158.25,17182.310546875,17118.0703125,17138.439453125,0
2023-10-20 07:30:00,17127.41015625,17176.33984375,17127.41015625,17172.130859375,0
2023-10-24 01:30:00,17053.150390625,17089.560546875,16881.5703125,17070.58984375,0
2023-10-24 02:30:00,17072.369140625,17139.529296875,17014.599609375,17017.33984375,0
2023-10-24 03:30:00,17018.19921875,17072.76953125,17017.16015625,17059.330078125,0
2023-10-24 04:30:00,17063.23046875,17101.69921875,17011.919921875,17012.55078125,0
2023-10-24 05:30:00,17014.830078125,17075.55078125,17006.369140625,17030.2890625,0
2023-10-24 06:30:00,17030.529296875,17056.640625,17006.55078125,17022.599609375,0
2023-10-24 07:30:00,17021.279296875,17028.83984375,16991.529296875,16991.529296875,0
2023-10-25 01:30:00,17465.4296875,17465.8203125,17329.419921875,17409.55078125,0
2023-10-25 02:30:00,17410.349609375,17448.169921875,17245.94921875,17248.099609375,0
2023-10-25 03:30:00,17250.05078125,17282.23046875,17177.080078125,17191.58984375,0
2023-10-25 04:30:00,17248.169921875,17296.400390625,17163.009765625,17187.259765625,0
2023-10-25 05:30:00,17187.83984375,17195.91015625,17114.630859375,17183.9609375,0
2023-10-25 06:30:00,17182.08984375,17185.26953125,17001.4296875,17025.6796875,0
2023-10-25 07:30:00,17023.890625,17091.849609375,17023.890625,17085.330078125,0
2023-10-26 01:30:00,17085.119140625,17174.080078125,16944.80078125,16961.099609375,0
2023-10-26 02:30:00,16961.0390625,16984.330078125,16917.220703125,16947.439453125,0
2023-10-26 03:30:00,16948.76953125,16996.599609375,16939.560546875,16990.859375,0
2023-10-26 04:30:00,16983.869140625,16985.470703125,16927.58984375,16927.58984375,0
2023-10-26 05:30:00,16926.900390625,17072.099609375,16924.400390625,17056.939453125,0
2023-10-26 06:30:00,17057.330078125,17090.859375,17008.130859375,17024.220703125,0
2023-10-26 07:30:00,17023.16015625,17084.599609375,17021.669921875,17044.609375,0
2023-10-27 01:30:00,17160.23046875,17319.939453125,17078.240234375,17305.189453125,0
2023-10-27 02:30:00,17308.849609375,17342.7109375,17172.849609375,17205.91015625,0
2023-10-27 03:30:00,17204.029296875,17222.560546875,17202.3203125,17213.390625,0
2023-10-27 04:30:00,17215.2890625,17306.060546875,17206.3203125,17305.76953125,0
2023-10-27 05:30:00,17304.560546875,17497.720703125,17300.740234375,17439.630859375,0
2023-10-27 06:30:00,17440.619140625,17440.80078125,17350.119140625,17365.619140625,0
2023-10-27 07:30:00,17362.349609375,17413.640625,17356.080078125,17398.73046875,0
2023-10-30 01:30:00,17225.650390625,17401.330078125,17225.650390625,17260.109375,0
2023-10-30 02:30:00,17255.7109375,17394.6796875,17246.2109375,17384.80078125,0
2023-10-30 03:30:00,17377.0,17385.0390625,17340.8203125,17349.359375,0
2023-10-30 04:30:00,17353.330078125,17365.029296875,17299.900390625,17323.48046875,0
2023-10-30 05:30:00,17317.580078125,17370.150390625,17313.98046875,17365.08984375,0
2023-10-30 06:30:00,17359.859375,17399.2890625,17342.119140625,17374.470703125,0
2023-10-30 07:30:00,17367.990234375,17406.359375,17363.08984375,17406.359375,0
2023-10-31 01:30:00,17337.69921875,17337.69921875,17201.890625,17230.310546875,0
2023-10-31 02:30:00,17229.220703125,17259.369140625,17091.98046875,17125.580078125,0
2023-10-31 03:30:00,17125.7109375,17133.349609375,17069.26953125,17097.509765625,0
2023-10-31 04:30:00,17096.720703125,17096.720703125,17042.099609375,17082.859375,0
2023-10-31 05:30:00,17082.44921875,17139.470703125,17078.400390625,17123.140625,0
2023-10-31 06:30:00,17121.220703125,17166.75,17118.4609375,17118.4609375,0
2023-10-31 07:30:00,17115.30078125,17146.41015625,17094.880859375,17112.48046875,0
2023-11-01 01:30:00,17139.400390625,17188.849609375,16979.259765625,17016.9609375,0
2023-11-01 02:30:00,17012.94921875,17126.330078125,17012.94921875,17119.51953125,0
2023-11-01 03:30:00,17120.08984375,17140.890625,17116.66015625,17119.119140625,0
2023-11-01 04:30:00,17103.69921875,17130.580078125,17072.5,17099.369140625,0
2023-11-01 05:30:00,17097.330078125,17131.91015625,17050.2109375,17090.55078125,0
2023-11-01 06:30:00,17089.76953125,17141.75,17073.599609375,17093.560546875,0
2023-11-01 07:30:00,17092.849609375,17118.890625,17089.01953125,17101.779296875,0
2023-11-02 01:30:00,17282.390625,17459.4296875,17255.529296875,17299.630859375,0
2023-11-02 02:30:00,17299.69921875,17332.0390625,17257.619140625,17298.41015625,0
2023-11-02 03:30:00,17299.23046875,17310.720703125,17269.83984375,17307.880859375,0
2023-11-02 04:30:00,17301.970703125,17301.970703125,17240.51953125,17245.619140625,0
2023-11-02 05:30:00,17247.810546875,17275.5703125,17214.890625,17240.51953125,0
2023-11-02 06:30:00,17241.419921875,17242.169921875,17176.009765625,17188.509765625,0
2023-11-02 07:30:00,17188.259765625,17245.0,17184.859375,17230.58984375,0
2023-11-03 01:30:00,17405.91015625,17556.640625,17352.599609375,17550.55078125,0
2023-11-03 02:30:00,17554.98046875,17651.48046875,17551.619140625,17596.9609375,0
2023-11-03 03:30:00,17605.400390625,17605.400390625,17555.30078125,17586.779296875,0
2023-11-03 04:30:00,17581.240234375,17634.94921875,17575.630859375,17615.44921875,0
2023-11-03 05:30:00,17623.6796875,17695.9609375,17614.169921875,17669.509765625,0
2023-11-03 06:30:00,17677.83984375,17729.4296875,17635.330078125,17649.919921875,0
2023-11-03 07:30:00,17657.869140625,17694.279296875,17647.9609375,17664.119140625,0
2023-11-06 01:30:00,17913.5390625,17995.75,17900.529296875,17987.2890625,0
2023-11-06 02:30:00,17984.439453125,18037.939453125,17971.5703125,17994.01953125,0
2023-11-06 03:30:00,17996.669921875,17998.490234375,17949.25,17962.640625,0
2023-11-06 04:30:00,17960.9296875,17986.48046875,17899.349609375,17912.9296875,0
2023-11-06 05:30:00,17914.94921875,17950.029296875,17900.98046875,17947.08984375,0
2023-11-06 06:30:00,17948.6796875,17994.400390625,17938.060546875,17968.2109375,0
2023-11-06 07:30:00,17968.119140625,17978.759765625,17942.75,17966.58984375,0
2023-11-07 01:30:00,17850.58984375,17890.630859375,17733.560546875,17772.2109375,0
2023-11-07 02:30:00,17772.25,17775.0,17674.0,17685.80078125,0
2023-11-07 03:30:00,17685.5,17708.9296875,17676.73046875,17696.5703125,0
2023-11-07 04:30:00,17693.099609375,17717.970703125,17669.810546875,17686.33984375,0
2023-11-07 05:30:00,17684.4609375,17768.5390625,17682.560546875,17750.669921875,0
2023-11-07 06:30:00,17750.80078125,17753.5703125,17675.189453125,17710.6796875,0
2023-11-07 07:30:00,17710.509765625,17710.509765625,17658.91015625,17670.16015625,0
2023-11-08 01:30:00,17650.509765625,17753.58984375,17588.130859375,17712.740234375,0
2023-11-08 02:30:00,17711.640625,17732.869140625,17651.51953125,17730.2890625,0
2023-11-08 03:30:00,17730.529296875,17736.740234375,17677.349609375,17678.359375,0
2023-11-08 04:30:00,17686.140625,17693.849609375,17618.009765625,17621.9609375,0
2023-11-08 05:30:00,17621.69921875,17630.75,17537.19921875,17572.69921875,0
2023-11-08 06:30:00,17571.23046875,17606.099609375,17564.099609375,17586.66015625,0
2023-11-08 07:30:00,17589.220703125,17616.51953125,17568.4609375,17568.4609375,0
2023-11-09 01:30:00,17553.259765625,17617.26953125,17470.189453125,17493.119140625,0
2023-11-09 02:30:00,17492.779296875,17556.33984375,17457.0,17522.599609375,0
2023-11-09 03:30:00,17522.869140625,17525.9296875,17502.009765625,17513.810546875,0
2023-11-09 04:30:00,17513.759765625,17561.759765625,17512.439453125,17529.080078125,0
2023-11-09 05:30:00,17529.91015625,17543.83984375,17491.51953125,17542.509765625,0
2023-11-09 06:30:00,17540.919921875,17550.740234375,17510.130859375,17533.490234375,0
2023-11-09 07:30:00,17531.689453125,17536.060546875,17508.5,17511.2890625,0
2023-11-10 01:30:00,17350.869140625,17350.869140625,17201.880859375,17232.580078125,0
2023-11-10 02:30:00,17222.919921875,17298.759765625,17198.380859375,17252.330078125,0
2023-11-10 03:30:00,17243.2890625,17258.380859375,17230.939453125,17232.55078125,0
2023-11-10 04:30:00,17241.939453125,17259.359375,17211.76953125,17226.490234375,0
2023-11-10 05:30:00,17219.380859375,17263.01953125,17202.44921875,17263.0,0
2023-11-10 06:30:00,17256.2890625,17280.779296875,17214.7109375,17221.94921875,0
2023-11-10 07:30:00,17210.08984375,17237.380859375,17177.529296875,17203.259765625,0
2023-11-13 01:30:00,17263.0,17339.630859375,17209.7890625,17224.869140625,0
2023-11-13 02:30:00,17223.490234375,17250.75,17126.609375,17162.3203125,0
2023-11-13 03:30:00,17164.830078125,17186.5703125,17156.80078125,17178.80078125,0
2023-11-13 04:30:00,17178.900390625,17249.94921875,17148.849609375,17224.919921875,0
2023-11-13 05:30:00,17223.880859375,17255.279296875,17200.529296875,17242.0390625,0
2023-11-13 06:30:00,17240.140625,17322.169921875,17236.859375,17282.4296875,0
2023-11-13 07:30:00,17282.41015625,17456.080078125,17279.48046875,17426.2109375,0
2023-11-14 01:30:00,17495.099609375,17565.220703125,17420.009765625,17436.44921875,0
2023-11-14 02:30:00,17439.2109375,17485.919921875,17358.890625,17373.26953125,0
2023-11-14 03:30:00,17374.2109375,17412.48046875,17364.9609375,17408.630859375,0
2023-11-14 04:30:00,17402.830078125,17423.4296875,17378.529296875,17419.83984375,0
2023-11-14 05:30:00,17418.990234375,17426.609375,17382.779296875,17412.810546875,0
2023-11-14 06:30:00,17411.240234375,17473.529296875,17408.80078125,17432.890625,0
2023-11-14 07:30:00,17433.9609375,17447.060546875,17396.849609375,17396.859375,0
2023-11-15 01:30:00,17836.650390625,17871.2890625,17766.220703125,17838.529296875,0
2023-11-15 02:30:00,17838.720703125,17904.349609375,17815.169921875,17870.330078125,0
2023-11-15 03:30:00,17869.380859375,17899.16015625,17853.470703125,17888.41015625,0
2023-11-15 04:30:00,17880.9609375,17923.44921875,17865.26953125,17918.619140625,0
2023-11-15 05:30:00,17916.359375,17975.009765625,17908.490234375,17971.529296875,0
2023-11-15 06:30:00,17970.990234375,18102.279296875,17961.580078125,18029.380859375,0
2023-11-15 07:30:00,18034.849609375,18079.0,18022.3203125,18079.0,0
2023-11-16 01:30:00,18174.689453125,18174.689453125,17777.470703125,17789.4609375,0
2023-11-16 02:30:00,17790.0703125,17807.939453125,17722.859375,17771.19921875,0
2023-11-16 03:30:00,17772.25,17799.259765625,17767.8203125,17781.359375,0
2023-11-16 04:30:00,17781.380859375,17867.970703125,17781.380859375,17860.890625,0
2023-11-16 05:30:00,17860.890625,17931.51953125,17859.150390625,17871.060546875,0
2023-11-16 06:30:00,17870.4609375,17885.23046875,17816.80078125,17836.599609375,0
2023-11-16 07:30:00,17834.9296875,17836.970703125,17804.48046875,17832.8203125,0
2023-11-17 01:30:00,17584.3203125,17631.0390625,17493.099609375,17504.76953125,0
2023-11-17 02:30:00,17497.66015625,17540.509765625,17464.23046875,17484.859375,0
2023-11-17 03:30:00,17476.490234375,17484.44921875,17442.130859375,17445.560546875,0
2023-11-17 04:30:00,17457.2890625,17469.060546875,17435.1796875,17465.0,0
2023-11-17 05:30:00,17461.650390625,17488.25,17413.4609375,17444.509765625,0
2023-11-17 06:30:00,17438.2109375,17478.8203125,17438.2109375,17450.080078125,0
2023-11-17 07:30:00,17444.619140625,17473.98046875,17438.310546875,17454.189453125,0
2023-11-20 01:30:00,17625.83984375,17652.0703125,17532.73046875,17628.890625,0
2023-11-20 02:30:00,17629.869140625,17774.189453125,17604.630859375,17728.859375,0
2023-11-20 03:30:00,17728.490234375,17746.55078125,17717.599609375,17717.599609375,0
2023-11-20 04:30:00,17709.029296875,17768.599609375,17695.029296875,17766.58984375,0
2023-11-20 05:30:00,17767.0,17788.900390625,17710.779296875,17710.8203125,0
2023-11-20 06:30:00,17710.51953125,17757.8203125,17668.609375,17750.259765625,0
2023-11-20 07:30:00,17748.470703125,17778.0703125,17717.05078125,17778.0703125,0
2023-11-21 01:30:00,17932.5390625,18057.619140625,17926.740234375,17929.69921875,0
2023-11-21 02:30:00,17930.33984375,17987.5,17921.779296875,17947.98046875,0
2023-11-21 03:30:00,17951.779296875,17974.380859375,17944.51953125,17955.990234375,0
2023-11-21 04:30:00,17953.58984375,17985.869140625,17944.419921875,17947.98046875,0
2023-11-21 05:30:00,17949.58984375,17953.779296875,17793.25,17809.48046875,0
2023-11-21 06:30:00,17810.169921875,17822.259765625,17761.41015625,17790.580078125,0
2023-11-21 07:30:00,17790.58984375,17795.640625,17689.009765625,17733.890625,0
2023-11-22 01:30:00,17736.400390625,17780.4609375,17683.5703125,17730.05078125,0
2023-11-22 02:30:00,17730.3203125,17796.859375,17719.55078125,17724.189453125,0
2023-11-22 03:30:00,17724.2890625,17732.720703125,17710.30078125,17720.1796875,0
2023-11-22 04:30:00,17720.3203125,17758.419921875,17714.5390625,17736.5390625,0
2023-11-22 05:30:00,17736.2109375,17754.2109375,17650.490234375,17662.80078125,0
2023-11-22 06:30:00,17661.83984375,17721.359375,17652.16015625,17713.7109375,0
2023-11-22 07:30:00,17713.880859375,17734.599609375,17697.0703125,17734.599609375,0
2023-11-23 01:30:00,17680.05078125,17710.26953125,17577.310546875,17672.939453125,0
2023-11-23 02:30:00,17672.419921875,17723.19921875,17667.9609375,17669.720703125,0
2023-11-23 03:30:00,17669.609375,17680.0,17648.869140625,17669.83984375,0
2023-11-23 04:30:00,17669.4296875,17669.4296875,17633.640625,17634.880859375,0
2023-11-23 05:30:00,17633.599609375,17812.779296875,17633.599609375,17787.69921875,0
2023-11-23 06:30:00,17787.419921875,17894.369140625,17779.900390625,17893.2890625,0
2023-11-23 07:30:00,17894.6796875,17927.359375,17855.619140625,17910.83984375,0
2023-11-24 01:30:00,17771.75,17771.75,17623.23046875,17628.009765625,0
2023-11-24 02:30:00,17618.41015625,17656.58984375,17605.599609375,17646.349609375,0
2023-11-24 03:30:00,17638.25,17677.279296875,17636.689453125,17663.080078125,0
2023-11-24 04:30:00,17667.73046875,17682.83984375,17642.80078125,17655.55078125,0
2023-11-24 05:30:00,17654.220703125,17681.720703125,17586.810546875,17586.810546875,0
2023-11-24 06:30:00,17579.529296875,17612.470703125,17545.609375,17576.5,0
2023-11-24 07:30:00,17568.01953125,17582.689453125,17550.7109375,17559.419921875,0
2023-11-27 01:30:00,17677.51953125,17677.51953125,17387.220703125,17424.400390625,0
2023-11-27 02:30:00,17422.3203125,17427.9609375,17358.869140625,17363.7890625,0
2023-11-27 03:30:00,17363.419921875,17391.779296875,17358.240234375,17385.080078125,0
2023-11-27 04:30:00,17389.669921875,17460.390625,17389.669921875,17445.400390625,0
2023-11-27 05:30:00,17444.720703125,17514.109375,17438.26953125,17510.41015625,0
2023-11-27 06:30:00,17508.75,17554.9296875,17498.640625,17532.6796875,0
2023-11-27 07:30:00,17531.30078125,17542.939453125,17518.630859375,17525.060546875,0
2023-11-28 01:30:00,17541.48046875,17541.48046875,17402.560546875,17467.9296875,0
2023-11-28 02:30:00,17469.759765625,17489.419921875,17403.349609375,17438.2109375,0
2023-11-28 03:30:00,17437.759765625,17437.759765625,17409.44921875,17419.419921875,0
2023-11-28 04:30:00,17420.380859375,17423.1796875,17361.099609375,17379.630859375,0
2023-11-28 05:30:00,17378.419921875,17390.060546875,17303.8203125,17356.4296875,0
2023-11-28 06:30:00,17356.560546875,17401.4296875,17351.08984375,17355.169921875,0
2023-11-28 07:30:00,17357.650390625,17368.720703125,17336.349609375,17354.140625,0
2023-11-29 01:30:00,17359.080078125,17359.080078125,17132.859375,17144.80078125,0
2023-11-29 02:30:00,17128.98046875,17160.66015625,17027.76953125,17062.609375,0
2023-11-29 03:30:00,17047.08984375,17062.439453125,17010.009765625,17010.009765625,0
2023-11-29 04:30:00,17031.939453125,17051.189453125,16964.9296875,16978.41015625,0
2023-11-29 05:30:00,16965.98046875,16983.94921875,16881.98046875,16925.890625,0
2023-11-29 06:30:00,16911.439453125,16969.01953125,16905.609375,16935.630859375,0
2023-11-29 07:30:00,16924.44921875,16993.439453125,16912.029296875,16993.439453125,0
2023-11-30 01:30:00,16985.1796875,17010.44921875,16863.05078125,16956.98046875,0
2023-11-30 02:30:00,16958.599609375,17065.1796875,16934.439453125,17005.099609375,0
2023-11-30 03:30:00,17012.970703125,17038.0703125,16982.4609375,17024.4296875,0
2023-11-30 04:30:00,17026.390625,17026.390625,16963.560546875,16964.83984375,0
2023-11-30 05:30:00,16965.1796875,17029.060546875,16953.529296875,17028.5,0
2023-11-30 06:30:00,17027.669921875,17068.259765625,17025.3203125,17036.51953125,0
2023-11-30 07:30:00,17036.380859375,17042.990234375,17012.26953125,17042.880859375,0
2023-12-01 01:30:00,17019.169921875,17027.26953125,16911.849609375,16926.66015625,0
2023-12-01 02:30:00,16927.25,17006.029296875,16927.029296875,16975.400390625,0
2023-12-01 03:30:00,16975.73046875,16977.349609375,16904.580078125,16925.849609375,0
2023-12-01 04:30:00,16924.849609375,16940.830078125,16867.099609375,16923.25,0
2023-12-01 05:30:00,16924.16015625,17038.98046875,16894.080078125,16927.060546875,0
2023-12-01 06:30:00,16926.80078125,16965.099609375,16855.869140625,16857.51953125,0
2023-12-01 07:30:00,16856.58984375,16871.619140625,16830.30078125,16830.30078125,0
2023-12-04 01:30:00,16919.080078125,16941.91015625,16775.33984375,16828.470703125,0
2023-12-04 02:30:00,16830.619140625,16841.529296875,16740.19921875,16759.859375,0
2023-12-04 03:30:00,16760.689453125,16761.099609375,16713.7890625,16729.009765625,0
2023-12-04 04:30:00,16732.0703125,16758.390625,16710.779296875,16756.599609375,0
2023-12-04 05:30:00,16756.859375,16812.439453125,16738.529296875,16744.849609375,0
2023-12-04 06:30:00,16745.509765625,16766.490234375,16617.029296875,16657.3203125,0
2023-12-04 07:30:00,16655.419921875,16681.419921875,16636.19921875,16646.05078125,0
2023-12-05 01:30:00,16606.5390625,16606.5390625,16416.390625,16417.0,0
2023-12-05 02:30:00,16416.849609375,16435.939453125,16336.3095703125,16352.240234375,0
2023-12-05 03:30:00,16351.830078125,16358.7197265625,16332.83984375,16353.8701171875,0
2023-12-05 04:30:00,16357.0302734375,16402.83984375,16336.58984375,16385.44921875,0
2023-12-05 05:30:00,16384.4296875,16407.599609375,16324.33984375,16324.8701171875,0
2023-12-05 06:30:00,16324.8095703125,16329.16015625,16228.51953125,16286.76953125,0
2023-12-05 07:30:00,16285.8896484375,16327.8603515625,16263.2900390625,16327.8603515625,0
2023-12-06 01:30:00,16254.91015625,16452.66015625,16236.7802734375,16428.650390625,0
2023-12-06 02:30:00,16425.720703125,16468.05078125,16374.98046875,16414.880859375,0
2023-12-06 03:30:00,16412.939453125,16449.1796875,16409.16015625,16447.759765625,0
2023-12-06 04:30:00,16440.720703125,16558.990234375,16422.98046875,16554.5390625,0
2023-12-06 05:30:00,16554.470703125,16600.359375,16484.140625,16496.5,0
2023-12-06 06:30:00,16497.919921875,16498.259765625,16421.140625,16425.30078125,0
2023-12-06 07:30:00,16424.3203125,16484.66015625,16424.3203125,16463.259765625,0
2023-12-07 01:30:00,16376.4404296875,16376.4404296875,16157.98046875,16195.580078125,0
2023-12-07 02:30:00,16193.16015625,16238.6796875,16165.48046875,16233.3095703125,0
2023-12-07 03:30:00,16236.240234375,16240.58984375,16213.919921875,16222.1904296875,0
2023-12-07 04:30:00,16228.3798828125,16320.1298828125,16228.3203125,16270.41015625,0
2023-12-07 05:30:00,16270.91015625,16317.0498046875,16263.41015625,16310.009765625,0
2023-12-07 06:30:00,16306.6298828125,16317.51953125,16266.9599609375,16313.150390625,0
2023-12-07 07:30:00,16313.990234375,16372.900390625,16313.990234375,16345.8896484375,0
2023-12-08 01:30:00,16373.4404296875,16464.140625,16253.099609375,16289.6103515625,0
2023-12-08 02:30:00,16281.5302734375,16328.1904296875,16249.150390625,16312.759765625,0
2023-12-08 03:30:00,16303.2197265625,16395.919921875,16303.2197265625,16379.599609375,0
2023-12-08 04:30:00,16400.48046875,16427.7890625,16367.490234375,16384.650390625,0
2023-12-08 05:30:00,16375.4296875,16388.25,16336.9501953125,16339.8603515625,0
2023-12-08 06:30:00,16333.1396484375,16346.3701171875,16304.759765625,16326.990234375,0
2023-12-08 07:30:00,16316.0498046875,16347.48046875,16308.080078125,16334.3701171875,0
2023-12-11 01:30:00,16149.0595703125,16202.33984375,16059.75,16059.8095703125,0
2023-12-11 02:30:00,16060.349609375,16069.9296875,15972.3095703125,16017.900390625,0
2023-12-11 03:30:00,16016.099609375,16022.5498046875,15989.6904296875,16000.83984375,0
2023-12-11 04:30:00,16000.2900390625,16067.9697265625,15992.25,16043.3701171875,0
2023-12-11 05:30:00,16043.2900390625,16276.8798828125,16038.240234375,16244.580078125,0
2023-12-11 06:30:00,16245.5302734375,16256.8203125,16140.3603515625,16164.7001953125,0
2023-12-11 07:30:00,16162.330078125,16201.490234375,16138.3701171875,16201.490234375,0
2023-12-12 01:30:00,16236.0595703125,16327.0595703125,16157.6796875,16310.2197265625,0
2023-12-12 02:30:00,16309.3798828125,16354.7197265625,16271.0703125,16338.4404296875,0
2023-12-12 03:30:00,16329.6298828125,16364.8603515625,16329.6298828125,16338.509765625,0
2023-12-12 04:30:00,16335.4404296875,16351.5595703125,16295.0703125,16315.76953125,0
2023-12-12 05:30:00,16315.83984375,16403.140625,16286.9501953125,16393.859375,0
2023-12-12 06:30:00,16393.009765625,16414.140625,16364.490234375,16399.939453125,0
2023-12-12 07:30:00,16402.279296875,16420.970703125,16374.5,16374.5,0
2023-12-13 01:30:00,16311.7099609375,16326.9501953125,16244.0498046875,16272.3095703125,0
2023-12-13 02:30:00,16273.4404296875,16273.4501953125,16219.66015625,16257.0302734375,0
2023-12-13 03:30:00,16257.330078125,16258.009765625,16230.740234375,16252.669921875,0
2023-12-13 04:30:00,16249.759765625,16262.9599609375,16201.3896484375,16202.849609375,0
2023-12-13 05:30:00,16203.259765625,16235.7001953125,16177.26953125,16215.240234375,0
2023-12-13 06:30:00,16213.8798828125,16220.2802734375,16145.25,16200.0703125,0
2023-12-13 07:30:00,16204.3603515625,16243.3095703125,16202.0498046875,16228.75,0
2023-12-14 01:30:00,16419.740234375,16577.75,16419.740234375,16426.869140625,0
2023-12-14 02:30:00,16425.23046875,16468.619140625,16352.5302734375,16443.140625,0
2023-12-14 03:30:00,16442.3203125,16447.419921875,16398.25,16408.259765625,0
2023-12-14 04:30:00,16415.359375,16435.91015625,16394.8203125,16415.310546875,0
2023-12-14 05:30:00,16415.509765625,16420.330078125,16357.669921875,16402.91015625,0
2023-12-14 06:30:00,16403.44921875,16412.900390625,16319.4697265625,16319.509765625,0
2023-12-14 07:30:00,16319.5400390625,16402.189453125,16319.2197265625,16402.189453125,0
2023-12-15 01:30:00,16610.69921875,16917.66015625,16610.69921875,16917.369140625,0
2023-12-15 02:30:00,16929.9296875,16964.330078125,16878.939453125,16917.580078125,0
2023-12-15 03:30:00,16925.80078125,16940.900390625,16874.380859375,16893.619140625,0
2023-12-15 04:30:00,16887.140625,16887.140625,16739.279296875,16756.1796875,0
2023-12-15 05:30:00,16765.0390625,16810.380859375,16719.470703125,16719.529296875,0
2023-12-15 06:30:00,16728.759765625,16785.1796875,16714.560546875,16783.099609375,0
2023-12-15 07:30:00,16793.150390625,16815.9609375,16777.75,16792.189453125,0
2023-12-18 01:30:00,16669.8203125,16713.41015625,16605.109375,16645.2890625,0
2023-12-18 02:30:00,16647.01953125,16675.75,16617.48046875,16631.4296875,0
2023-12-18 03:30:00,16631.69921875,16640.150390625,16623.560546875,16633.98046875,0
2023-12-18 04:30:00,16635.939453125,16685.919921875,16611.83984375,16639.849609375,0
2023-12-18 05:30:00,16638.349609375,16654.669921875,16588.8203125,16619.1796875,0
2023-12-18 06:30:00,16619.48046875,16633.279296875,16572.880859375,16613.76953125,0
2023-12-18 07:30:00,16613.849609375,16648.890625,16613.849609375,16629.23046875,0
2023-12-19 01:30:00,16551.439453125,16551.439453125,16408.01953125,16519.650390625,0
2023-12-19 02:30:00,16521.080078125,16579.55078125,16496.80078125,16529.080078125,0
2023-12-19 03:30:00,16528.349609375,16535.220703125,16513.2890625,16527.75,0
2023-12-19 04:30:00,16526.390625,16566.119140625,16494.16015625,16551.5390625,0
2023-12-19 05:30:00,16551.169921875,16551.66015625,16450.080078125,16456.779296875,0
2023-12-19 06:30:00,16456.640625,16484.66015625,16442.69921875,16479.4296875,0
2023-12-19 07:30:00,16480.669921875,16535.7890625,16479.48046875,16505.0,0
2023-12-20 01:30:00,16647.94921875,16741.05078125,16623.33984375,16681.5390625,0
2023-12-20 02:30:00,16680.51953125,16715.630859375,16668.560546875,16673.16015625,0
2023-12-20 03:30:00,16672.98046875,16681.66015625,16662.76953125,16672.69921875,0
2023-12-20 04:30:00,16661.189453125,16694.689453125,16658.41015625,16692.66015625,0
2023-12-20 05:30:00,16694.380859375,16694.380859375,16628.1796875,16635.150390625,0
2023-12-20 06:30:00,16634.810546875,16637.94921875,16549.490234375,16579.650390625,0
2023-12-20 07:30:00,16581.16015625,16613.810546875,16573.8203125,16613.810546875,0
2023-12-21 01:30:00,16455.140625,16520.75,16444.73046875,16478.6796875,0
2023-12-21 02:30:00,16481.55078125,16592.0,16479.060546875,16584.060546875,0
2023-12-21 03:30:00,16584.220703125,16591.16015625,16572.470703125,16573.119140625,0
2023-12-21 04:30:00,16570.970703125,16649.5703125,16549.650390625,16627.0703125,0
2023-12-21 05:30:00,16626.140625,16640.900390625,16583.009765625,16601.609375,0
2023-12-21 06:30:00,16600.08984375,16644.900390625,16597.669921875,16641.490234375,0
2023-12-21 07:30:00,16641.759765625,16641.759765625,16605.099609375,16621.130859375,0
2023-12-22 01:30:00,16743.060546875,16743.060546875,16647.5390625,16690.6796875,0
2023-12-22 02:30:00,16690.890625,16857.83984375,16676.98046875,16840.759765625,0
2023-12-22 03:30:00,16842.98046875,16844.609375,16547.970703125,16548.98046875,0
2023-12-22 04:30:00,16512.55078125,16512.55078125,16336.4404296875,16444.369140625,0
2023-12-22 05:30:00,16444.69921875,16457.80078125,16340.66015625,16347.16015625,0
2023-12-22 06:30:00,16346.6904296875,16396.630859375,16324.8095703125,16356.5400390625,0
2023-12-22 07:30:00,16356.759765625,16359.5400390625,16271.5,16340.41015625,0
2023-12-27 01:30:00,16561.779296875,16561.779296875,16439.259765625,16516.4296875,0
2023-12-27 02:30:00,16518.869140625,16612.23046875,16501.4296875,16607.01953125,0
2023-12-27 03:30:00,16606.900390625,16625.490234375,16588.369140625,16590.23046875,0
2023-12-27 04:30:00,16587.9609375,16631.240234375,16565.05078125,16607.859375,0
2023-12-27 05:30:00,16608.8203125,16663.1796875,16564.580078125,16640.4609375,0
2023-12-27 06:30:00,16640.900390625,16673.5703125,16616.060546875,16655.9296875,0
2023-12-27 07:30:00,16653.91015625,16667.369140625,16623.919921875,16624.83984375,0
2023-12-28 01:30:00,16678.23046875,16847.619140625,16644.4296875,16808.640625,0
2023-12-28 02:30:00,16797.150390625,16914.220703125,16797.150390625,16899.01953125,0
2023-12-28 03:30:00,16883.0390625,16908.5703125,16870.939453125,16876.689453125,0
2023-12-28 04:30:00,16879.5,17015.220703125,16879.5,17006.640625,0
2023-12-28 05:30:00,16992.080078125,17086.099609375,16992.080078125,17040.859375,0
2023-12-28 06:30:00,17031.7890625,17084.259765625,17031.7890625,17045.9609375,0
2023-12-28 07:30:00,17033.689453125,17057.5703125,17011.419921875,17043.529296875,0
2023-12-29 01:30:00,17066.51953125,17095.119140625,16966.3203125,17003.119140625,0
2023-12-29 02:30:00,17002.16015625,17009.9609375,16959.470703125,16975.33984375,0
2023-12-29 03:30:00,16972.890625,16987.0390625,16965.33984375,16966.76953125,0
2023-12-29 04:30:00,16956.6796875,16991.75,16950.900390625,16988.48046875,0
2023-12-29 05:30:00,16986.9296875,17054.150390625,16984.900390625,17021.109375,0
2023-12-29 06:30:00,17021.029296875,17032.0703125,16997.33984375,17031.109375,0
2023-12-29 07:30:00,17030.830078125,17054.470703125,17017.859375,17047.390625,0
2024-01-02 01:30:00,17135.119140625,17135.119140625,16796.369140625,16810.16015625,0
2024-01-02 02:30:00,16810.5390625,16825.3203125,16754.2109375,16763.400390625,0
2024-01-02 03:30:00,16763.490234375,16805.470703125,16760.779296875,16800.73046875,0
2024-01-02 04:30:00,16799.240234375,16828.619140625,16788.869140625,16810.140625,0
2024-01-02 05:30:00,16810.759765625,16820.609375,16725.390625,16751.58984375,0
2024-01-02 06:30:00,16750.990234375,16783.5,16725.279296875,16782.26953125,0
2024-01-02 07:30:00,16781.5,16793.009765625,16760.9296875,16788.55078125,0
2024-01-03 01:30:00,16624.919921875,16638.349609375,16564.80078125,16591.3203125,0
2024-01-03 02:30:00,16600.30078125,16642.060546875,16569.080078125,16575.23046875,0
2024-01-03 03:30:00,16577.25,16590.26953125,16569.98046875,16583.55078125,0
2024-01-03 04:30:00,16583.369140625,16630.009765625,16577.560546875,16602.51953125,0
2024-01-03 05:30:00,16602.169921875,16657.509765625,16579.05078125,16655.109375,0
2024-01-03 06:30:00,16654.5390625,16654.5390625,16617.5,16637.0703125,0
2024-01-03 07:30:00,16635.0,16651.240234375,16614.130859375,16646.41015625,0
2024-01-04 01:30:00,16673.400390625,16673.400390625,16554.98046875,16583.140625,0
2024-01-04 02:30:00,16582.8203125,16586.099609375,16523.890625,16559.609375,0
2024-01-04 03:30:00,16560.310546875,16573.890625,16554.970703125,16564.7890625,0
2024-01-04 04:30:00,16561.279296875,16562.19921875,16516.330078125,16527.080078125,0
2024-01-04 05:30:00,16526.66015625,16594.490234375,16524.369140625,16582.3203125,0
2024-01-04 06:30:00,16582.3203125,16672.23046875,16580.859375,16672.23046875,0
2024-01-04 07:30:00,16673.130859375,16673.130859375,16623.91015625,16645.98046875,0
2024-01-05 01:30:00,16573.119140625,16745.73046875,16455.5703125,16721.41015625,0
2024-01-05 02:30:00,16729.650390625,16741.740234375,16626.609375,16629.5703125,0
2024-01-05 03:30:00,16638.939453125,16644.3203125,16606.669921875,16622.44921875,0
2024-01-05 04:30:00,16618.640625,16628.3203125,16574.869140625,16582.119140625,0
2024-01-05 05:30:00,16586.349609375,16593.810546875,16505.2109375,16505.759765625,0
2024-01-05 06:30:00,16514.509765625,16541.51953125,16479.44921875,16529.08984375,0
2024-01-05 07:30:00,16536.94921875,16540.4296875,16513.939453125,16535.330078125,0
2024-01-08 01:30:00,16581.859375,16592.060546875,16247.1201171875,16247.5703125,0
2024-01-08 02:30:00,16246.6298828125,16270.7001953125,16188.3701171875,16204.599609375,0
2024-01-08 03:30:00,16203.4501953125,16218.1904296875,16190.169921875,16197.33984375,0
2024-01-08 04:30:00,16198.25,16216.259765625,16176.6201171875,16179.2197265625,0
2024-01-08 05:30:00,16177.3603515625,16213.3896484375,16144.5595703125,16208.8798828125,0
2024-01-08 06:30:00,16208.9296875,16221.6103515625,16165.919921875,16202.6298828125,0
2024-01-08 07:30:00,16199.8798828125,16224.4501953125,16185.8603515625,16224.4501953125,0
2024-01-09 01:30:00,16256.099609375,16414.7890625,16232.900390625,16378.7802734375,0
2024-01-09 02:30:00,16376.099609375,16399.109375,16287.5302734375,16314.7001953125,0
2024-01-09 03:30:00,16313.8798828125,16320.240234375,16260.26953125,16275.83984375,0
2024-01-09 04:30:00,16279.9697265625,16287.830078125,16224.8095703125,16236.6396484375,0
2024-01-09 05:30:00,16238.7802734375,16286.0703125,16222.7998046875,16266.16015625,0
2024-01-09 06:30:00,16265.8603515625,16281.2998046875,16211.0,16214.6796875,0
2024-01-09 07:30:00,16215.16015625,16248.5302734375,16190.01953125,16190.01953125,0
2024-01-10 01:30:00,16143.9697265625,16247.2998046875,16038.2099609375,16176.849609375,0
2024-01-10 02:30:00,16177.41015625,16191.4599609375,16113.4697265625,16119.5,0
2024-01-10 03:30:00,16119.51953125,16123.23046875,16093.240234375,16122.669921875,0
2024-01-10 04:30:00,16120.900390625,16144.6103515625,16087.849609375,16088.0595703125,0
2024-01-10 05:30:00,16090.08984375,16110.1396484375,16054.150390625,16056.169921875,0
2024-01-10 06:30:00,16057.1201171875,16077.01953125,16036.419921875,16072.33984375,0
2024-01-10 07:30:00,16071.990234375,16113.759765625,16066.73046875,16097.2802734375,0
2024-01-11 01:30:00,16154.169921875,16389.80078125,16106.830078125,16350.4697265625,0
2024-01-11 02:30:00,16353.6904296875,16368.419921875,16285.4404296875,16319.08984375,0
2024-01-11 03:30:00,16319.73046875,16342.650390625,16314.0703125,16339.830078125,0
2024-01-11 04:30:00,16330.7001953125,16434.779296875,16316.1201171875,16433.9609375,0
2024-01-11 05:30:00,16435.44921875,16459.919921875,16344.150390625,16381.4697265625,0
2024-01-11 06:30:00,16384.25,16390.80078125,16321.3095703125,16341.16015625,0
2024-01-11 07:30:00,16341.2001953125,16341.2001953125,16301.25,16302.0400390625,0
2024-01-12 01:30:00,16216.9697265625,16393.740234375,16185.91015625,16330.0498046875,0
2024-01-12 02:30:00,16337.169921875,16358.7001953125,16273.099609375,16277.080078125,0
2024-01-12 03:30:00,16286.099609375,16307.8095703125,16273.0,16307.099609375,0
2024-01-12 04:30:00,16295.6298828125,16332.259765625,16283.5400390625,16294.0595703125,0
2024-01-12 05:30:00,16301.8798828125,16301.8798828125,16254.41015625,16271.0595703125,0
2024-01-12 06:30:00,16276.1201171875,16276.1201171875,16194.75,16200.1201171875,0
2024-01-12 07:30:00,16210.91015625,16244.580078125,16198.9599609375,16244.580078125,0
2024-01-15 01:30:00,16258.2802734375,16320.8896484375,16104.5,16296.240234375,0
2024-01-15 02:30:00,16295.849609375,16334.7099609375,16226.8203125,16230.509765625,0
2024-01-15 03:30:00,16229.240234375,16245.1396484375,16215.0400390625,16219.5498046875,0
2024-01-15 04:30:00,16218.01953125,16224.41015625,16190.3095703125,16217.740234375,0
2024-01-15 05:30:00,16217.7802734375,16233.5400390625,16170.8896484375,16191.669921875,0
2024-01-15 06:30:00,16192.5400390625,16216.330078125,16175.5703125,16202.8701171875,0
2024-01-15 07:30:00,16204.900390625,16218.6396484375,16187.650390625,16216.330078125,0
2024-01-16 01:30:00,16030.25,16197.0400390625,16030.25,16153.990234375,0
2024-01-16 02:30:00,16153.8203125,16158.8095703125,15954.6201171875,15954.6201171875,0
2024-01-16 03:30:00,15953.9404296875,15953.9404296875,15898.2001953125,15904.26953125,0
2024-01-16 04:30:00,15902.48046875,15933.6103515625,15873.8798828125,15904.6904296875,0
2024-01-16 05:30:00,15904.6904296875,15923.759765625,15834.41015625,15870.990234375,0
2024-01-16 06:30:00,15870.8896484375,15921.9404296875,15852.2998046875,15901.2197265625,0
2024-01-16 07:30:00,15901.669921875,15912.2998046875,15865.919921875,15865.919921875,0
2024-01-17 01:30:00,15764.3798828125,15764.3798828125,15411.2998046875,15472.23046875,0
2024-01-17 02:30:00,15472.33984375,15478.41015625,15401.259765625,15447.5498046875,0
2024-01-17 03:30:00,15447.2197265625,15447.9296875,15410.4404296875,15419.6796875,0
2024-01-17 04:30:00,15426.330078125,15426.330078125,15362.0595703125,15371.4599609375,0
2024-01-17 05:30:00,15373.5498046875,15385.1396484375,15245.740234375,15303.8896484375,0
2024-01-17 06:30:00,15305.580078125,15310.009765625,15194.9404296875,15235.01953125,0
2024-01-17 07:30:00,15236.7001953125,15288.3896484375,15226.58984375,15276.900390625,0
2024-01-18 01:30:00,15301.1904296875,15411.8701171875,15183.9599609375,15293.3896484375,0
2024-01-18 02:30:00,15291.73046875,15368.2001953125,15227.2900390625,15333.8095703125,0
2024-01-18 03:30:00,15333.83984375,15389.919921875,15332.6201171875,15374.33984375,0
2024-01-18 04:30:00,15365.169921875,15379.25,15302.419921875,15314.150390625,0
2024-01-18 05:30:00,15314.400390625,15416.41015625,15270.4697265625,15369.26953125,0
2024-01-18 06:30:00,15369.0703125,15463.6904296875,15334.7802734375,15382.7099609375,0
2024-01-18 07:30:00,15383.33984375,15434.9501953125,15373.9296875,15391.7900390625,0
2024-01-19 01:30:00,15404.6904296875,15540.75,15388.7802734375,15479.099609375,0
2024-01-19 02:30:00,15466.9599609375,15497.0302734375,15351.0498046875,15356.9599609375,0
2024-01-19 03:30:00,15350.3701171875,15382.2099609375,15346.2900390625,15361.3896484375,0
2024-01-19 04:30:00,15371.91015625,15434.25,15344.669921875,15356.900390625,0
2024-01-19 05:30:00,15349.2802734375,15369.7998046875,15207.990234375,15260.1103515625,0
2024-01-19 06:30:00,15249.0498046875,15305.9404296875,15220.1298828125,15276.4697265625,0
2024-01-19 07:30:00,15263.48046875,15327.6298828125,15263.48046875,15308.6904296875,0
2024-01-22 01:30:00,15349.0498046875,15362.91015625,15088.150390625,15116.6904296875,0
2024-01-22 02:30:00,15117.3603515625,15131.990234375,14975.9501953125,14977.830078125,0
2024-01-22 03:30:00,14981.0400390625,15007.8603515625,14974.1201171875,15004.76953125,0
2024-01-22 04:30:00,15002.58984375,15016.509765625,14940.599609375,14977.3896484375,0
2024-01-22 05:30:00,14976.7998046875,14988.1103515625,14891.1298828125,14904.8798828125,0
2024-01-22 06:30:00,14902.41015625,14938.66015625,14794.16015625,14934.1201171875,0
2024-01-22 07:30:00,14935.080078125,14961.1796875,14915.0400390625,14961.1796875,0
2024-01-23 01:30:00,15038.330078125,15472.5498046875,14994.3701171875,15409.23046875,0
2024-01-23 02:30:00,15408.5400390625,15467.8701171875,15218.5,15294.25,0
2024-01-23 03:30:00,15295.9697265625,15344.919921875,15294.5,15329.900390625,0
2024-01-23 04:30:00,15332.259765625,15411.6396484375,15313.4404296875,15389.1904296875,0
2024-01-23 05:30:00,15389.6796875,15516.7998046875,15342.3896484375,15490.6796875,0
2024-01-23 06:30:00,15489.0400390625,15489.0400390625,15338.099609375,15347.4404296875,0
2024-01-23 07:30:00,15349.740234375,15389.01953125,15309.740234375,15353.98046875,0
2024-01-24 01:30:00,15602.4501953125,15721.759765625,15545.0703125,15579.150390625,0
2024-01-24 02:30:00,15579.7998046875,15623.1201171875,15493.490234375,15564.4404296875,0
2024-01-24 03:30:00,15564.7197265625,15567.2998046875,15470.6298828125,15476.849609375,0
2024-01-24 04:30:00,15475.490234375,15491.7197265625,15412.099609375,15491.6904296875,0
2024-01-24 05:30:00,15489.9697265625,15635.240234375,15484.9501953125,15623.3798828125,0
2024-01-24 06:30:00,15623.509765625,15707.23046875,15620.8095703125,15676.33984375,0
2024-01-24 07:30:00,15676.5498046875,15975.1103515625,15676.5498046875,15899.8701171875,0
2024-01-25 01:30:00,15989.9404296875,16056.259765625,15828.9296875,16050.16015625,0
2024-01-25 02:30:00,16050.349609375,16128.73046875,15978.83984375,16109.259765625,0
2024-01-25 03:30:00,16107.8896484375,16146.58984375,16105.6298828125,16122.900390625,0
2024-01-25 04:30:00,16121.4697265625,16222.8203125,16096.9296875,16207.5,0
2024-01-25 05:30:00,16210.4404296875,16246.8203125,16137.349609375,16239.150390625,0
2024-01-25 06:30:00,16240.33984375,16254.9296875,16168.099609375,16184.830078125,0
2024-01-25 07:30:00,16184.2900390625,16213.41015625,16173.8798828125,16211.9599609375,0
2024-01-26 01:30:00,16158.7197265625,16240.9599609375,16119.990234375,16214.8095703125,0
2024-01-26 02:30:00,16208.419921875,16231.990234375,16090.7001953125,16096.91015625,0
2024-01-26 03:30:00,16090.1904296875,16096.1904296875,16035.3798828125,16059.990234375,0
2024-01-26 04:30:00,16055.3701171875,16130.8896484375,16045.58984375,16100.1103515625,0
2024-01-26 05:30:00,16093.7802734375,16189.26953125,15904.3095703125,15924.58984375,0
2024-01-26 06:30:00,15917.400390625,16025.509765625,15888.0400390625,15988.4501953125,0
2024-01-26 07:30:00,15980.3896484375,15981.73046875,15912.3203125,15952.23046875,0
2024-01-29 01:30:00,16046.25,16258.4501953125,16046.25,16112.0400390625,0
2024-01-29 02:30:00,16113.0498046875,16195.91015625,16091.509765625,16150.8896484375,0
2024-01-29 03:30:00,16150.509765625,16172.3896484375,16083.6103515625,16102.01953125,0
2024-01-29 04:30:00,16101.08984375,16123.2099609375,16012.58984375,16050.1904296875,0
2024-01-29 05:30:00,16049.26953125,16117.0595703125,16017.3701171875,16081.98046875,0
2024-01-29 06:30:00,16082.2099609375,16101.240234375,16031.7900390625,16054.4296875,0
2024-01-29 07:30:00,16055.7001953125,16097.48046875,16035.16015625,16077.240234375,0
2024-01-30 01:30:00,15896.66015625,15896.66015625,15727.91015625,15731.0400390625,0
2024-01-30 02:30:00,15743.75,15792.76953125,15674.9404296875,15754.400390625,0
2024-01-30 03:30:00,15770.4296875,15790.2001953125,15737.26953125,15764.1298828125,0
2024-01-30 04:30:00,15752.7001953125,15766.7197265625,15712.419921875,15738.5595703125,0
2024-01-30 05:30:00,15753.7001953125,15840.4501953125,15743.4501953125,15762.6298828125,0
2024-01-30 06:30:00,15775.080078125,15795.98046875,15677.7197265625,15699.23046875,0
2024-01-30 07:30:00,15710.6796875,15723.2998046875,15654.9697265625,15703.4501953125,0
2024-01-31 01:30:00,15652.0498046875,15744.0400390625,15488.080078125,15489.1201171875,0
2024-01-31 02:30:00,15486.419921875,15635.41015625,15465.2998046875,15569.75,0
2024-01-31 03:30:00,15568.01953125,15568.01953125,15523.7998046875,15544.1298828125,0
2024-01-31 04:30:00,15548.7099609375,15583.7099609375,15477.6298828125,15508.9404296875,0
2024-01-31 05:30:00,15509.0703125,15537.580078125,15425.490234375,15452.259765625,0
2024-01-31 06:30:00,15451.9404296875,15511.2900390625,15441.73046875,15458.9697265625,0
2024-01-31 07:30:00,15458.98046875,15485.0703125,15411.66015625,15485.0703125,0
2024-02-01 01:30:00,15522.8603515625,15735.58984375,15434.8203125,15700.83984375,0
2024-02-01 02:30:00,15699.830078125,15805.0595703125,15651.51953125,15739.73046875,0
2024-02-01 03:30:00,15737.3798828125,15738.349609375,15688.8095703125,15694.5595703125,0
2024-02-01 04:30:00,15693.1904296875,15703.3798828125,15617.08984375,15642.349609375,0
2024-02-01 05:30:00,15644.990234375,15693.7099609375,15527.650390625,15542.009765625,0
2024-02-01 06:30:00,15541.6298828125,15594.51953125,15530.169921875,15569.099609375,0
2024-02-01 07:30:00,15568.1904296875,15570.8896484375,15513.1201171875,15566.2099609375,0
2024-02-02 01:30:00,15756.1201171875,15912.6103515625,15756.1201171875,15806.330078125,0
2024-02-02 02:30:00,15799.75,15829.8095703125,15680.1396484375,15688.3203125,0
2024-02-02 03:30:00,15681.7099609375,15696.4296875,15656.25,15657.259765625,0
2024-02-02 04:30:00,15657.7802734375,15657.7802734375,15564.349609375,15610.7197265625,0
2024-02-02 05:30:00,15599.7900390625,15609.3798828125,15435.849609375,15588.349609375,0
2024-02-02 06:30:00,15575.1396484375,15636.740234375,15548.099609375,15591.16015625,0
2024-02-02 07:30:00,15584.76953125,15587.5,15499.169921875,15533.5595703125,0
2024-02-05 01:30:00,15336.8603515625,15520.849609375,15336.8603515625,15461.8798828125,0
2024-02-05 02:30:00,15462.419921875,15577.4404296875,15365.240234375,15520.0302734375,0
2024-02-05 03:30:00,15520.26953125,15540.1201171875,15482.6396484375,15510.419921875,0
2024-02-05 04:30:00,15500.419921875,15669.76953125,15467.5,15627.9296875,0
2024-02-05 05:30:00,15626.349609375,15658.51953125,15543.41015625,15566.490234375,0
2024-02-05 06:30:00,15565.740234375,15568.5703125,15495.9599609375,15524.2001953125,0
2024-02-05 07:30:00,15523.1904296875,15556.7099609375,15510.009765625,15510.009765625,0
2024-02-06 01:30:00,15541.23046875,15807.2802734375,15541.23046875,15754.7099609375,0
2024-02-06 02:30:00,15757.3603515625,15851.3603515625,15757.3603515625,15830.2197265625,0
2024-02-06 03:30:00,15830.0400390625,15897.3603515625,15819.330078125,15890.8896484375,0
2024-02-06 04:30:00,15941.7197265625,16081.330078125,15941.7197265625,16080.1396484375,0
2024-02-06 05:30:00,16080.0703125,16116.3203125,16032.3095703125,16076.3203125,0
2024-02-06 06:30:00,16077.650390625,16149.1904296875,16047.1103515625,16147.580078125,0
2024-02-06 07:30:00,16147.900390625,16154.0498046875,16103.3095703125,16136.8701171875,0
2024-02-07 01:30:00,16282.3896484375,16408.150390625,16248.41015625,16282.2001953125,0
2024-02-07 02:30:00,16284.8701171875,16289.3896484375,16170.650390625,16189.919921875,0
2024-02-07 03:30:00,16189.990234375,16200.669921875,16117.1904296875,16124.919921875,0
2024-02-07 04:30:00,16130.7197265625,16159.169921875,16062.5595703125,16084.23046875,0
2024-02-07 05:30:00,16084.23046875,16133.3896484375,16041.6103515625,16053.48046875,0
2024-02-07 06:30:00,16054.4697265625,16123.7099609375,16052.3701171875,16108.830078125,0
2024-02-07 07:30:00,16108.490234375,16113.5595703125,16035.4296875,16081.8896484375,0
2024-02-08 01:30:00,15988.6201171875,16093.51953125,15940.7001953125,16020.900390625,0
2024-02-08 02:30:00,16019.4599609375,16019.4599609375,15898.08984375,15932.6298828125,0
2024-02-08 03:30:00,15933.83984375,15966.51953125,15924.330078125,15941.66015625,0
2024-02-08 04:30:00,15947.4599609375,15948.1201171875,15890.1396484375,15890.1396484375,0
2024-02-08 05:30:00,15888.1103515625,15901.5302734375,15841.349609375,15842.6103515625,0
2024-02-08 06:30:00,15842.01953125,15922.9404296875,15821.8603515625,15896.7900390625,0
2024-02-08 07:30:00,15897.990234375,15898.099609375,15855.23046875,15878.0703125,0
2024-02-09 01:30:00,15709.2998046875,15709.2998046875,15531.0302734375,15660.740234375,0
2024-02-09 02:30:00,15649.33984375,15731.83984375,15633.3798828125,15690.900390625,0
2024-02-14 01:30:00,15579.41015625,15621.7802734375,15456.3203125,15547.23046875,0
2024-02-14 02:30:00,15546.2099609375,15738.7001953125,15546.2099609375,15736.2998046875,0
2024-02-14 03:30:00,15736.8896484375,15773.0,15732.5595703125,15769.9501953125,0
2024-02-14 04:30:00,15765.2197265625,15826.5498046875,15757.5,15802.91015625,0
2024-02-14 05:30:00,15803.33984375,15903.7001953125,15779.8798828125,15890.6298828125,0
2024-02-14 06:30:00,15890.8603515625,15911.0498046875,15869.51953125,15897.8203125,0
2024-02-14 07:30:00,15898.0498046875,15898.66015625,15871.9404296875,15879.3798828125,0
2024-02-15 01:30:00,15824.2099609375,15932.330078125,15752.0498046875,15817.08984375,0
2024-02-15 02:30:00,15817.650390625,16029.01953125,15811.91015625,16004.669921875,0
2024-02-15 03:30:00,16003.580078125,16005.3701171875,15947.3603515625,15947.6298828125,0
2024-02-15 04:30:00,15932.3603515625,15935.91015625,15894.0703125,15912.650390625,0
2024-02-15 05:30:00,15913.3603515625,15955.8896484375,15903.9501953125,15930.330078125,0
2024-02-15 06:30:00,15930.349609375,15982.0595703125,15925.580078125,15970.08984375,0
2024-02-15 07:30:00,15971.3701171875,15975.3095703125,15939.8203125,15944.6298828125,0
2024-02-16 01:30:00,16007.5400390625,16092.849609375,15937.2802734375,16087.23046875,0
2024-02-16 02:30:00,16087.509765625,16200.91015625,16086.2197265625,16184.919921875,0
2024-02-16 03:30:00,16185.3095703125,16248.169921875,16179.5595703125,16242.330078125,0
2024-02-16 04:30:00,16242.900390625,16353.400390625,16242.900390625,16352.400390625,0
2024-02-16 05:30:00,16354.1396484375,16394.16015625,16319.41015625,16329.330078125,0
2024-02-16 06:30:00,16328.650390625,16365.5,16293.650390625,16338.6298828125,0
2024-02-16 07:30:00,16339.6201171875,16375.4697265625,16323.8095703125,16339.9599609375,0
2024-02-19 01:30:00,16334.4697265625,16334.4697265625,16147.0,16194.8896484375,0
2024-02-19 02:30:00,16194.2001953125,16241.3603515625,16163.2001953125,16225.0595703125,0
2024-02-19 03:30:00,16225.23046875,16225.9599609375,16161.3701171875,16176.150390625,0
2024-02-19 04:30:00,16180.1796875,16198.98046875,16138.48046875,16168.3798828125,0
2024-02-19 05:30:00,16167.23046875,16208.73046875,16137.98046875,16181.76953125,0
2024-02-19 06:30:00,16183.4404296875,16225.740234375,16179.0302734375,16191.76953125,0
2024-02-19 07:30:00,16193.23046875,16199.0703125,16155.6103515625,16155.6103515625,0
2024-02-20 01:30:00,16222.08984375,16274.5595703125,16055.080078125,16150.5,0
2024-02-20 02:30:00,16150.5595703125,16159.41015625,16083.580078125,16131.75,0
2024-02-20 03:30:00,16134.91015625,16137.0595703125,16099.5400390625,16111.26953125,0
2024-02-20 04:30:00,16110.6904296875,16118.650390625,16066.6396484375,16098.0595703125,0
2024-02-20 05:30:00,16097.7197265625,16197.2900390625,16091.8896484375,16169.23046875,0
2024-02-20 06:30:00,16172.4501953125,16217.3701171875,16169.33984375,16194.9404296875,0
2024-02-20 07:30:00,16192.3095703125,16247.509765625,16189.83984375,16247.509765625,0
2024-02-21 01:30:00,16182.9296875,16556.939453125,16138.8095703125,16549.05078125,0
2024-02-21 02:30:00,16552.599609375,16694.560546875,16546.859375,16683.5,0
2024-02-21 03:30:00,16682.720703125,16756.009765625,16681.060546875,16735.919921875,0
2024-02-21 04:30:00,16721.330078125,16744.73046875,16647.029296875,16664.130859375,0
2024-02-21 05:30:00,16663.94921875,16680.8203125,16531.140625,16556.650390625,0
2024-02-21 06:30:00,16559.380859375,16611.66015625,16541.94921875,16558.51953125,0
2024-02-21 07:30:00,16560.48046875,16565.439453125,16498.759765625,16503.099609375,0
2024-02-22 01:30:00,16489.83984375,16561.490234375,16424.7890625,16478.310546875,0
2024-02-22 02:30:00,16477.740234375,16551.0390625,16458.69921875,16534.9296875,0
2024-02-22 03:30:00,16535.16015625,16543.30078125,16507.390625,16528.009765625,0
2024-02-22 04:30:00,16526.099609375,16629.76953125,16513.369140625,16629.76953125,0
2024-02-22 05:30:00,16631.279296875,16678.76953125,16579.94921875,16631.380859375,0
2024-02-22 06:30:00,16632.099609375,16691.609375,16619.189453125,16687.490234375,0
2024-02-22 07:30:00,16688.58984375,16742.94921875,16674.150390625,16742.94921875,0
2024-02-23 01:30:00,16654.6796875,16895.8203125,16654.6796875,16707.55078125,0
2024-02-23 02:30:00,16716.380859375,16729.51953125,16674.69921875,16708.5,0
2024-02-23 03:30:00,16713.119140625,16718.94921875,16691.330078125,16702.3203125,0
2024-02-23 04:30:00,16693.849609375,16723.7109375,16679.6796875,16713.08984375,0
2024-02-23 05:30:00,16719.0390625,16762.529296875,16693.109375,16743.9609375,0
2024-02-23 06:30:00,16749.5390625,16778.759765625,16717.859375,16732.400390625,0
2024-02-23 07:30:00,16739.130859375,16758.259765625,16725.859375,16725.859375,0
2024-02-26 01:30:00,16684.9609375,16777.41015625,16590.7109375,16608.990234375,0
2024-02-26 02:30:00,16610.970703125,16677.01953125,16598.73046875,16623.220703125,0
2024-02-26 03:30:00,16623.44921875,16626.880859375,16598.80078125,16609.109375,0
2024-02-26 04:30:00,16607.66015625,16685.109375,16598.130859375,16665.580078125,0
2024-02-26 05:30:00,16665.58984375,16693.9609375,16610.599609375,16635.7109375,0
2024-02-26 06:30:00,16636.75,16648.970703125,16609.33984375,16629.669921875,0
2024-02-26 07:30:00,16631.0703125,16640.349609375,16613.169921875,16634.740234375,0
2024-02-27 01:30:00,16645.630859375,16671.150390625,16481.91015625,16486.599609375,0
2024-02-27 02:30:00,16488.810546875,16532.66015625,16453.5,16529.509765625,0
2024-02-27 03:30:00,16529.19921875,16575.51953125,16528.119140625,16574.2109375,0
2024-02-27 04:30:00,16572.48046875,16674.44921875,16545.2890625,16615.55078125,0
2024-02-27 05:30:00,16615.23046875,16641.740234375,16542.669921875,16627.390625,0
2024-02-27 06:30:00,16625.01953125,16775.240234375,16622.060546875,16768.23046875,0
2024-02-27 07:30:00,16770.060546875,16828.669921875,16746.580078125,16790.80078125,0
2024-02-28 01:30:00,16833.609375,16844.330078125,16708.759765625,16783.05078125,0
2024-02-28 02:30:00,16771.970703125,16776.94921875,16615.6796875,16691.25,0
2024-02-28 03:30:00,16682.4609375,16838.890625,16682.4609375,16745.7109375,0
2024-02-28 04:30:00,16748.76953125,16799.51953125,16704.099609375,16708.419921875,0
2024-02-28 05:30:00,16696.490234375,16704.75,16552.48046875,16585.650390625,0
2024-02-28 06:30:00,16574.779296875,16607.990234375,16517.83984375,16540.419921875,0
2024-02-28 07:30:00,16532.5,16568.470703125,16531.330078125,16536.849609375,0
2024-02-29 01:30:00,16429.5703125,16626.310546875,16429.5703125,16614.23046875,0
2024-02-29 02:30:00,16612.140625,16695.359375,16494.720703125,16514.1796875,0
2024-02-29 03:30:00,16514.5703125,16567.76953125,16505.7109375,16561.529296875,0
2024-02-29 04:30:00,16569.029296875,16589.740234375,16523.689453125,16541.419921875,0
2024-02-29 05:30:00,16539.189453125,16581.23046875,16511.7890625,16577.109375,0
2024-02-29 06:30:00,16576.240234375,16642.01953125,16570.609375,16592.560546875,0
2024-02-29 07:30:00,16594.16015625,16595.669921875,16511.439453125,16511.439453125,0
2024-03-01 01:30:00,16390.890625,16514.05078125,16321.1201171875,16504.029296875,0
2024-03-01 02:30:00,16514.7890625,16651.669921875,16465.48046875,16593.08984375,0
2024-03-01 03:30:00,16598.48046875,16644.16015625,16578.400390625,16636.060546875,0
2024-03-01 04:30:00,16620.720703125,16641.3203125,16538.1796875,16547.779296875,0
2024-03-01 05:30:00,16554.900390625,16634.890625,16524.279296875,16617.310546875,0
2024-03-01 06:30:00,16624.6796875,16630.609375,16560.779296875,16560.779296875,0
2024-03-01 07:30:00,16570.720703125,16593.669921875,16559.080078125,16589.439453125,0
2024-03-04 01:30:00,16629.55078125,16643.919921875,16473.650390625,16565.1796875,0
2024-03-04 02:30:00,16564.140625,16645.9609375,16550.919921875,16599.189453125,0
2024-03-04 03:30:00,16599.060546875,16601.44921875,16563.2109375,16578.94921875,0
2024-03-04 04:30:00,16578.9296875,16579.220703125,16533.220703125,16534.400390625,0
2024-03-04 05:30:00,16533.990234375,16570.970703125,16506.51953125,16506.9296875,0
2024-03-04 06:30:00,16506.91015625,16555.529296875,16494.83984375,16539.279296875,0
2024-03-04 07:30:00,16540.740234375,16595.970703125,16535.580078125,16595.970703125,0
2024-03-05 01:30:00,16343.9501953125,16450.369140625,16213.1201171875,16220.4599609375,0
2024-03-05 02:30:00,16221.1103515625,16245.4501953125,16183.08984375,16240.8896484375,0
2024-03-05 03:30:00,16242.330078125,16295.259765625,16229.3203125,16272.76953125,0
2024-03-05 04:30:00,16270.009765625,16270.009765625,16195.1201171875,16196.5302734375,0
2024-03-05 05:30:00,16194.76953125,16198.73046875,16095.6796875,16177.5400390625,0
2024-03-05 06:30:00,16178.0703125,16208.4697265625,16127.8603515625,16152.900390625,0
2024-03-05 07:30:00,16153.4599609375,16166.1796875,16129.9599609375,16162.6396484375,0
2024-03-06 01:30:00,16167.4501953125,16295.25,16145.2197265625,16275.01953125,0
2024-03-06 02:30:00,16273.3203125,16500.619140625,16273.3203125,16493.98046875,0
2024-03-06 03:30:00,16493.609375,16545.05078125,16487.51953125,16539.009765625,0
2024-03-06 04:30:00,16531.830078125,16539.05078125,16427.470703125,16430.259765625,0
2024-03-06 05:30:00,16430.009765625,16499.939453125,16429.2890625,16449.05078125,0
2024-03-06 06:30:00,16449.470703125,16479.75,16361.7001953125,16451.720703125,0
2024-03-06 07:30:00,16451.8203125,16471.16015625,16412.76953125,16438.08984375,0
2024-03-07 01:30:00,16417.76953125,16512.41015625,16361.75,16371.0400390625,0
2024-03-07 02:30:00,16371.990234375,16473.69921875,16353.3095703125,16355.7802734375,0
2024-03-07 03:30:00,16354.25,16371.6103515625,16326.849609375,16361.08984375,0
2024-03-07 04:30:00,16352.6201171875,16361.2197265625,16321.6396484375,16346.6201171875,0
2024-03-07 05:30:00,16345.0400390625,16348.83984375,16264.8203125,16266.6396484375,0
2024-03-07 06:30:00,16266.7900390625,16272.900390625,16136.1201171875,16203.9697265625,0
2024-03-07 07:30:00,16203.8701171875,16229.7802734375,16200.490234375,16229.7802734375,0
2024-03-08 01:30:00,16275.3896484375,16489.73046875,16275.3896484375,16388.009765625,0
2024-03-08 02:30:00,16391.720703125,16422.91015625,16307.240234375,16421.849609375,0
2024-03-08 03:30:00,16429.80078125,16443.9609375,16411.5390625,16420.55078125,0
2024-03-08 04:30:00,16417.51953125,16450.9296875,16399.98046875,16435.689453125,0
2024-03-08 05:30:00,16443.9609375,16480.80078125,16428.4296875,16437.2890625,0
2024-03-08 06:30:00,16441.630859375,16475.740234375,16408.759765625,16418.880859375,0
2024-03-08 07:30:00,16425.6796875,16438.23046875,16353.3896484375,16353.3896484375,0
2024-03-11 01:30:00,16416.169921875,16625.640625,16416.169921875,16494.30078125,0
2024-03-11 02:30:00,16492.150390625,16589.80078125,16478.869140625,16581.580078125,0
2024-03-11 03:30:00,16582.240234375,16591.509765625,16552.80078125,16562.98046875,0
2024-03-11 04:30:00,16561.91015625,16583.8203125,16540.9609375,16573.5,0
2024-03-11 05:30:00,16573.509765625,16591.080078125,16534.30078125,16580.130859375,0
2024-03-11 06:30:00,16578.01953125,16581.6796875,16555.26953125,16563.490234375,0
2024-03-11 07:30:00,16563.9296875,16587.5703125,16559.189453125,16587.5703125,0
2024-03-12 01:30:00,16701.94921875,16809.849609375,16613.44921875,16752.650390625,0
2024-03-12 02:30:00,16751.98046875,16837.859375,16727.169921875,16805.439453125,0
2024-03-12 03:30:00,16804.580078125,16880.810546875,16802.80078125,16870.2109375,0
2024-03-12 04:30:00,16867.41015625,16969.25,16863.0703125,16961.080078125,0
2024-03-12 05:30:00,16961.69921875,17047.259765625,16960.19921875,17022.029296875,0
2024-03-12 06:30:00,17021.880859375,17154.869140625,17007.810546875,17135.060546875,0
2024-03-12 07:30:00,17133.630859375,17146.599609375,17071.919921875,17093.5,0
2024-03-13 01:30:00,17059.109375,17173.240234375,17056.98046875,17071.80078125,0
2024-03-13 02:30:00,17070.1796875,17162.30078125,17050.869140625,17148.529296875,0
2024-03-13 03:30:00,17148.4296875,17163.189453125,17123.380859375,17138.75,0
2024-03-13 04:30:00,17134.16015625,17175.970703125,17122.509765625,17171.41015625,0
2024-03-13 05:30:00,17171.76953125,17214.669921875,17089.3203125,17096.66015625,0
2024-03-13 06:30:00,17096.580078125,17109.330078125,17067.380859375,17082.990234375,0
2024-03-13 07:30:00,17084.009765625,17097.529296875,17058.380859375,17082.109375,0
2024-03-14 01:30:00,17120.5390625,17209.8203125,17027.2890625,17029.0390625,0
2024-03-14 02:30:00,17030.400390625,17086.859375,17003.26953125,17016.330078125,0
2024-03-14 03:30:00,17016.970703125,17018.0,16947.91015625,16984.439453125,0
2024-03-14 04:30:00,16987.4296875,16998.390625,16915.2890625,16929.580078125,0
2024-03-14 05:30:00,16930.279296875,16958.650390625,16878.109375,16916.560546875,0
2024-03-14 06:30:00,16915.990234375,16952.310546875,16908.810546875,16929.439453125,0
2024-03-14 07:30:00,16929.169921875,16961.66015625,16918.259765625,16961.66015625,0
2024-03-15 01:30:00,16758.359375,16821.130859375,16647.619140625,16662.369140625,0
2024-03-15 02:30:00,16652.76953125,16670.69921875,16603.33984375,16643.849609375,0
2024-03-15 03:30:00,16633.55078125,16645.1796875,16591.0390625,16607.259765625,0
2024-03-15 04:30:00,16616.029296875,16632.439453125,16565.599609375,16576.970703125,0
2024-03-15 05:30:00,16567.91015625,16674.759765625,16550.419921875,16627.8203125,0
2024-03-15 06:30:00,16619.869140625,16716.189453125,16619.869140625,16705.310546875,0
2024-03-15 07:30:00,16694.939453125,16720.890625,16686.5390625,16720.890625,0
2024-03-18 01:30:00,16690.259765625,16774.640625,16641.580078125,16712.529296875,0
2024-03-18 02:30:00,16715.23046875,16801.640625,16680.66015625,16743.0390625,0
2024-03-18 03:30:00,16743.23046875,16767.41015625,16713.919921875,16720.400390625,0
2024-03-18 04:30:00,16723.009765625,16761.400390625,16713.580078125,16748.060546875,0
2024-03-18 05:30:00,16747.779296875,16794.580078125,16747.5,16762.970703125,0
2024-03-18 06:30:00,16760.55078125,16779.26953125,16736.759765625,16737.419921875,0
2024-03-18 07:30:00,16737.970703125,16756.240234375,16733.19921875,16737.119140625,0
2024-03-19 01:30:00,16628.0703125,16682.5390625,16492.08984375,16660.4609375,0
2024-03-19 02:30:00,16660.119140625,16663.5,16583.880859375,16594.869140625,0
2024-03-19 03:30:00,16595.220703125,16600.83984375,16529.6796875,16550.900390625,0
2024-03-19 04:30:00,16545.150390625,16566.880859375,16534.349609375,16560.23046875,0
2024-03-19 05:30:00,16558.9296875,16580.849609375,16514.740234375,16543.30078125,0
2024-03-19 06:30:00,16543.369140625,16563.109375,16526.720703125,16555.0,0
2024-03-19 07:30:00,16555.509765625,16563.48046875,16529.48046875,16529.48046875,0
2024-03-20 01:30:00,16559.009765625,16588.94921875,16430.119140625,16538.580078125,0
2024-03-20 02:30:00,16538.779296875,16627.869140625,16516.109375,16625.2109375,0
2024-03-20 03:30:00,16623.990234375,16654.080078125,16551.470703125,16559.76953125,0
2024-03-20 04:30:00,16563.490234375,16578.009765625,16524.73046875,16562.650390625,0
2024-03-20 05:30:00,16560.759765625,16609.6796875,16551.48046875,16571.01953125,0
2024-03-20 06:30:00,16571.349609375,16598.2890625,16565.880859375,16582.23046875,0
2024-03-20 07:30:00,16582.599609375,16585.5390625,16543.0703125,16543.0703125,0
2024-03-21 01:30:00,16762.830078125,16973.51953125,16762.830078125,16906.359375,0
2024-03-21 02:30:00,16908.880859375,16945.5703125,16805.19921875,16828.30078125,0
2024-03-21 03:30:00,16828.189453125,16847.509765625,16820.44921875,16832.490234375,0
2024-03-21 04:30:00,16834.5390625,16863.140625,16813.6796875,16860.16015625,0
2024-03-21 05:30:00,16861.41015625,16939.4296875,16855.169921875,16904.810546875,0
2024-03-21 06:30:00,16903.48046875,16931.060546875,16867.609375,16877.919921875,0
2024-03-21 07:30:00,16878.720703125,16883.419921875,16840.140625,16863.099609375,0
2024-03-22 01:30:00,16745.26953125,16747.19921875,16512.009765625,16531.609375,0
2024-03-22 02:30:00,16523.150390625,16535.599609375,16387.369140625,16410.849609375,0
2024-03-22 03:30:00,16402.470703125,16411.849609375,16341.6103515625,16350.5595703125,0
2024-03-22 04:30:00,16366.759765625,16440.98046875,16344.4697265625,16438.890625,0
2024-03-22 05:30:00,16427.330078125,16526.759765625,16384.189453125,16492.2890625,0
2024-03-22 06:30:00,16484.970703125,16554.0703125,16463.94921875,16542.83984375,0
2024-03-22 07:30:00,16534.69921875,16548.2109375,16499.470703125,16499.470703125,0
2024-03-25 01:30:00,16531.94921875,16603.599609375,16474.310546875,16576.0,0
2024-03-25 02:30:00,16573.970703125,16612.640625,16537.58984375,16590.529296875,0
2024-03-25 03:30:00,16590.220703125,16593.16015625,16544.029296875,16578.990234375,0
2024-03-25 04:30:00,16581.310546875,16588.099609375,16521.4609375,16533.73046875,0
2024-03-25 05:30:00,16533.669921875,16554.609375,16461.080078125,16480.580078125,0
2024-03-25 06:30:00,16478.66015625,16487.990234375,16441.30078125,16484.130859375,0
2024-03-25 07:30:00,16484.2109375,16509.2109375,16450.380859375,16473.640625,0
2024-03-26 01:30:00,16548.5,16653.2890625,16481.310546875,16561.48046875,0
2024-03-26 02:30:00,16560.880859375,16597.279296875,16474.01953125,16498.25,0
2024-03-26 03:30:00,16498.01953125,16502.73046875,16452.609375,16461.109375,0
2024-03-26 04:30:00,16462.189453125,16531.2109375,16452.55078125,16529.33984375,0
2024-03-26 05:30:00,16529.3203125,16630.2890625,16501.01953125,16624.5,0
2024-03-26 06:30:00,16626.75,16728.900390625,16626.75,16661.83984375,0
2024-03-26 07:30:00,16661.05078125,16664.810546875,16599.8203125,16618.3203125,0
2024-03-27 01:30:00,16530.439453125,16593.720703125,16396.640625,16593.720703125,0
2024-03-27 02:30:00,16603.05078125,16612.0,16490.0,16519.05078125,0
2024-03-27 03:30:00,16533.5390625,16533.5390625,16483.0703125,16512.919921875,0
2024-03-27 04:30:00,16504.220703125,16504.900390625,16434.849609375,16449.25,0
2024-03-27 05:30:00,16461.720703125,16539.830078125,16441.359375,16487.310546875,0
2024-03-27 06:30:00,16502.5,16502.5,16354.8095703125,16386.2890625,0
2024-03-27 07:30:00,16397.189453125,16416.3203125,16370.259765625,16392.83984375,0
2024-03-28 01:30:00,16378.400390625,16500.400390625,16345.900390625,16496.8203125,0
2024-03-28 02:30:00,16490.19921875,16618.58984375,16476.099609375,16614.48046875,0
2024-03-28 03:30:00,16603.98046875,16687.19921875,16603.98046875,16660.759765625,0
2024-03-28 04:30:00,16665.41015625,16725.609375,16639.359375,16680.359375,0
2024-03-28 05:30:00,16671.98046875,16695.83984375,16566.310546875,16566.689453125,0
2024-03-28 06:30:00,16560.58984375,16595.609375,16528.619140625,16553.130859375,0
2024-03-28 07:30:00,16546.380859375,16575.759765625,16538.01953125,16541.419921875,0
2024-04-02 01:30:00,16811.740234375,16991.55078125,16811.740234375,16938.060546875,0
2024-04-02 02:30:00,16935.439453125,17007.33984375,16912.279296875,16982.759765625,0
2024-04-02 03:30:00,16981.83984375,16984.419921875,16911.30078125,16931.529296875,0
2024-04-02 04:30:00,16926.509765625,16935.830078125,16889.16015625,16907.259765625,0
2024-04-02 05:30:00,16910.330078125,16935.369140625,16868.69921875,16874.630859375,0
2024-04-02 06:30:00,16874.279296875,16916.7109375,16857.220703125,16897.810546875,0
2024-04-02 07:30:00,16896.810546875,16931.51953125,16893.05078125,16931.51953125,0
2024-04-03 01:30:00,16926.849609375,16926.849609375,16796.3203125,16799.869140625,0
2024-04-03 02:30:00,16800.720703125,16833.669921875,16726.720703125,16766.310546875,0
2024-04-03 03:30:00,16766.330078125,16814.76953125,16758.83984375,16806.2890625,0
2024-04-03 04:30:00,16810.400390625,16810.400390625,16755.0390625,16774.099609375,0
2024-04-03 05:30:00,16774.830078125,16793.439453125,16715.599609375,16725.560546875,0
2024-04-03 06:30:00,16724.26953125,16733.0390625,16695.26953125,16704.2109375,0
2024-04-03 07:30:00,16703.689453125,16731.9609375,16689.189453125,16725.099609375,0
2024-04-05 01:30:00,16787.9296875,16839.55078125,16528.630859375,16577.349609375,0
2024-04-05 02:30:00,16569.580078125,16620.25,16480.359375,16562.619140625,0
2024-04-05 03:30:00,16557.029296875,16618.779296875,16557.029296875,16606.259765625,0
2024-04-05 04:30:00,16614.939453125,16692.48046875,16613.009765625,16665.30078125,0
2024-04-05 05:30:00,16662.80078125,16783.150390625,16657.439453125,16710.810546875,0
2024-04-05 06:30:00,16706.380859375,16769.4296875,16706.380859375,16756.8203125,0
2024-04-05 07:30:00,16750.560546875,16760.439453125,16716.16015625,16723.919921875,0
2024-04-08 01:30:00,16650.830078125,16844.259765625,16580.529296875,16842.05078125,0
2024-04-08 02:30:00,16843.91015625,16895.060546875,16725.630859375,16727.4609375,0
2024-04-08 03:30:00,16723.58984375,16723.58984375,16665.759765625,16709.6796875,0
2024-04-08 04:30:00,16701.779296875,16767.919921875,16701.779296875,16737.1796875,0
2024-04-08 05:30:00,16737.0,16792.890625,16712.16015625,16790.2890625,0
2024-04-08 06:30:00,16789.740234375,16793.890625,16681.94921875,16710.189453125,0
2024-04-08 07:30:00,16712.0390625,16750.44921875,16708.359375,16732.849609375,0
2024-04-09 01:30:00,16819.1796875,17006.849609375,16819.1796875,16888.119140625,0
2024-04-09 02:30:00,16889.080078125,16889.080078125,16805.990234375,16845.140625,0
2024-04-09 03:30:00,16842.5,16846.470703125,16812.939453125,16824.359375,0
2024-04-09 04:30:00,16820.189453125,16875.880859375,16815.91015625,16833.609375,0
2024-04-09 05:30:00,16835.380859375,16886.009765625,16821.669921875,16881.580078125,0
2024-04-09 06:30:00,16880.19921875,16885.310546875,16835.98046875,16846.580078125,0
2024-04-09 07:30:00,16846.650390625,16854.8203125,16827.509765625,16828.0703125,0
2024-04-10 01:30:00,16926.01953125,17084.490234375,16918.359375,17016.939453125,0
2024-04-10 02:30:00,17015.66015625,17184.08984375,17013.009765625,17154.119140625,0
2024-04-10 03:30:00,17154.759765625,17165.44921875,17114.259765625,17144.5390625,0
2024-04-10 04:30:00,17136.16015625,17190.5,17127.669921875,17145.560546875,0
2024-04-10 05:30:00,17145.9609375,17182.939453125,17054.869140625,17130.5703125,0
2024-04-10 06:30:00,17133.91015625,17147.119140625,17100.189453125,17130.8203125,0
2024-04-10 07:30:00,17133.869140625,17148.91015625,17121.380859375,17139.169921875,0
2024-04-11 01:30:00,16856.189453125,17003.609375,16856.189453125,16972.91015625,0
2024-04-11 02:30:00,16974.859375,16993.080078125,16925.48046875,16978.83984375,0
2024-04-11 03:30:00,16979.7890625,17013.30078125,16973.6796875,17009.490234375,0
2024-04-11 04:30:00,17006.55078125,17105.150390625,17004.130859375,17103.8203125,0
2024-04-11 05:30:00,17104.859375,17130.060546875,17045.1796875,17101.73046875,0
2024-04-11 06:30:00,17103.55078125,17141.359375,17089.830078125,17108.259765625,0
2024-04-11 07:30:00,17107.080078125,17118.419921875,17092.029296875,17095.029296875,0
2024-04-12 01:30:00,16978.69921875,17031.310546875,16784.720703125,16832.939453125,0
2024-04-12 02:30:00,16838.08984375,16858.169921875,16793.130859375,16807.080078125,0
2024-04-12 03:30:00,16811.8203125,16811.8203125,16777.69921875,16799.669921875,0
2024-04-12 04:30:00,16804.619140625,16856.009765625,16800.6796875,16822.890625,0
2024-04-12 05:30:00,16828.73046875,16843.669921875,16726.349609375,16764.509765625,0
2024-04-12 06:30:00,16770.279296875,16799.580078125,16740.349609375,16763.98046875,0
2024-04-12 07:30:00,16776.80078125,16776.80078125,16721.689453125,16721.689453125,0
2024-04-15 01:30:00,16487.359375,16622.16015625,16465.400390625,16614.51953125,0
2024-04-15 02:30:00,16614.279296875,16636.150390625,16570.73046875,16590.310546875,0
2024-04-15 03:30:00,16588.640625,16609.869140625,16584.029296875,16599.33984375,0
2024-04-15 04:30:00,16600.419921875,16634.099609375,16580.19921875,16592.109375,0
2024-04-15 05:30:00,16592.630859375,16647.08984375,16580.099609375,16590.900390625,0
2024-04-15 06:30:00,16588.849609375,16631.169921875,16581.169921875,16621.2890625,0
2024-04-15 07:30:00,16620.990234375,16626.5,16596.900390625,16600.4609375,0
2024-04-16 01:30:00,16367.6904296875,16449.240234375,16346.73046875,16346.73046875,0
2024-04-16 02:30:00,16347.830078125,16378.099609375,16271.8798828125,16292.66015625,0
2024-04-16 03:30:00,16292.75,16296.150390625,16270.51953125,16279.5595703125,0
2024-04-16 04:30:00,16282.330078125,16343.91015625,16276.33984375,16341.9599609375,0
2024-04-16 05:30:00,16341.1796875,16353.5400390625,16240.919921875,16246.8798828125,0
2024-04-16 06:30:00,16247.6298828125,16258.48046875,16208.6396484375,16252.9296875,0
2024-04-16 07:30:00,16252.4404296875,16276.650390625,16228.7998046875,16248.9697265625,0
2024-04-17 01:30:00,16225.5400390625,16316.6904296875,16167.830078125,16232.3701171875,0
2024-04-17 02:30:00,16232.0,16285.5,16226.25,16234.349609375,0
2024-04-17 03:30:00,16234.76953125,16247.3896484375,16216.080078125,16238.08984375,0
2024-04-17 04:30:00,16237.0703125,16243.0,16173.830078125,16198.8603515625,0
2024-04-17 05:30:00,16198.0595703125,16199.2998046875,16155.830078125,16184.599609375,0
2024-04-17 06:30:00,16186.48046875,16256.009765625,16171.5498046875,16253.9404296875,0
2024-04-17 07:30:00,16254.7099609375,16261.419921875,16224.33984375,16251.83984375,0
2024-04-18 01:30:00,16253.240234375,16413.9296875,16206.5498046875,16413.9296875,0
2024-04-18 02:30:00,16411.75,16507.599609375,16406.2109375,16451.990234375,0
2024-04-18 03:30:00,16452.609375,16476.19921875,16431.279296875,16469.2890625,0
2024-04-18 04:30:00,16463.900390625,16463.900390625,16379.8203125,16388.16015625,0
2024-04-18 05:30:00,16390.19921875,16472.390625,16390.01953125,16467.5,0
2024-04-18 06:30:00,16465.419921875,16470.029296875,16392.359375,16415.05078125,0
2024-04-18 07:30:00,16414.720703125,16427.0390625,16385.869140625,16385.869140625,0
2024-04-19 01:30:00,16246.33984375,16254.900390625,16088.1796875,16164.16015625,0
2024-04-19 02:30:00,16174.2001953125,16174.2001953125,16044.4501953125,16144.4501953125,0
2024-04-19 03:30:00,16152.91015625,16188.1796875,16146.759765625,16184.01953125,0
2024-04-19 04:30:00,16180.26953125,16230.2900390625,16170.98046875,16199.349609375,0
2024-04-19 05:30:00,16206.919921875,16214.6201171875,16116.75,16190.9599609375,0
2024-04-19 06:30:00,16197.0703125,16251.150390625,16185.0400390625,16245.7099609375,0
2024-04-19 07:30:00,16250.900390625,16250.900390625,16217.7197265625,16224.1396484375,0
2024-04-22 01:30:00,16410.830078125,16637.8203125,16410.830078125,16618.2890625,0
2024-04-22 02:30:00,16618.83984375,16618.83984375,16472.470703125,16476.26953125,0
2024-04-22 03:30:00,16476.83984375,16507.51953125,16462.900390625,16506.66015625,0
2024-04-22 04:30:00,16505.640625,16557.310546875,16502.220703125,16546.640625,0
2024-04-22 05:30:00,16545.6796875,16575.140625,16503.05078125,16503.44921875,0
2024-04-22 06:30:00,16503.560546875,16558.400390625,16494.740234375,16534.890625,0
2024-04-22 07:30:00,16534.83984375,16537.44921875,16495.30078125,16511.689453125,0
2024-04-23 01:30:00,16679.390625,16761.740234375,16599.2109375,16728.900390625,0
2024-04-23 02:30:00,16727.369140625,16790.4609375,16657.349609375,16786.8203125,0
2024-04-23 03:30:00,16788.73046875,16790.259765625,16768.990234375,16782.7109375,0
2024-04-23 04:30:00,16779.099609375,16802.919921875,16746.9296875,16790.1796875,0
2024-04-23 05:30:00,16792.140625,16836.259765625,16766.669921875,16774.009765625,0
2024-04-23 06:30:00,16773.890625,16825.150390625,16770.330078125,16822.7109375,0
2024-04-23 07:30:00,16825.689453125,16846.130859375,16807.51953125,16828.9296875,0
2024-04-24 01:30:00,16993.169921875,17087.51953125,16934.650390625,17069.26953125,0
2024-04-24 02:30:00,17069.220703125,17147.009765625,17068.26953125,17107.51953125,0
2024-04-24 03:30:00,17107.669921875,17113.669921875,17073.9296875,17110.2109375,0
2024-04-24 04:30:00,17100.2890625,17175.30078125,17094.25,17163.599609375,0
2024-04-24 05:30:00,17166.369140625,17198.740234375,17150.189453125,17171.759765625,0
2024-04-24 06:30:00,17169.51953125,17217.859375,17145.69921875,17169.130859375,0
2024-04-24 07:30:00,17171.810546875,17201.26953125,17148.099609375,17201.26953125,0
2024-04-25 01:30:00,17144.119140625,17342.609375,17109.5703125,17341.66015625,0
2024-04-25 02:30:00,17339.1796875,17438.830078125,17305.240234375,17320.490234375,0
2024-04-25 03:30:00,17317.509765625,17318.830078125,17248.73046875,17295.9296875,0
2024-04-25 04:30:00,17288.51953125,17290.640625,17231.5703125,17256.380859375,0
2024-04-25 05:30:00,17254.859375,17283.240234375,17196.25,17219.119140625,0
2024-04-25 06:30:00,17219.2890625,17307.330078125,17219.2890625,17264.66015625,0
2024-04-25 07:30:00,17262.470703125,17284.5390625,17256.16015625,17284.5390625,0
2024-04-26 01:30:00,17336.19921875,17597.359375,17336.19921875,17549.5703125,0
2024-04-26 02:30:00,17561.2109375,17638.130859375,17514.2890625,17607.439453125,0
2024-04-26 03:30:00,17620.0390625,17631.8203125,17576.83984375,17626.75,0
2024-04-26 04:30:00,17617.91015625,17707.009765625,17598.490234375,17707.009765625,0
2024-04-26 05:30:00,17716.33984375,17758.240234375,17657.9609375,17713.580078125,0
2024-04-26 06:30:00,17724.529296875,17728.830078125,17635.419921875,17642.279296875,0
2024-04-26 07:30:00,17646.640625,17680.779296875,17626.76953125,17651.150390625,0
2024-04-29 01:30:00,17737.9296875,17896.30078125,17679.189453125,17896.30078125,0
2024-04-29 02:30:00,17907.16015625,18031.16015625,17873.380859375,17873.380859375,0
2024-04-29 03:30:00,17884.349609375,17925.470703125,17856.609375,17878.130859375,0
2024-04-29 04:30:00,17864.7109375,17887.630859375,17777.9296875,17815.4609375,0
2024-04-29 05:30:00,17827.58984375,17851.529296875,17772.720703125,17819.970703125,0
2024-04-29 06:30:00,17829.25,17842.490234375,17720.4609375,17741.7109375,0
2024-04-29 07:30:00,17754.2109375,17767.150390625,17716.859375,17746.91015625,0
2024-04-30 01:30:00,17843.439453125,17902.01953125,17767.310546875,17821.919921875,0
2024-04-30 02:30:00,17820.810546875,17877.94921875,17771.869140625,17793.580078125,0
2024-04-30 03:30:00,17793.4609375,17796.529296875,17765.9609375,17782.30078125,0
2024-04-30 04:30:00,17776.759765625,17778.7109375,17713.220703125,17735.029296875,0
2024-04-30 05:30:00,17733.919921875,17785.7890625,17686.939453125,17759.359375,0
2024-04-30 06:30:00,17760.689453125,17795.8203125,17738.470703125,17790.3203125,0
2024-04-30 07:30:00,17789.25,17811.140625,17763.029296875,17763.029296875,0
2024-05-02 01:30:00,17760.6796875,18018.76953125,17740.619140625,18013.759765625,0
2024-05-02 02:30:00,18015.560546875,18201.4296875,18005.359375,18156.01953125,0
2024-05-02 03:30:00,18154.869140625,18166.099609375,18081.939453125,18155.279296875,0
2024-05-02 04:30:00,18156.580078125,18210.0,18142.810546875,18206.939453125,0
2024-05-02 05:30:00,18207.529296875,18217.8203125,18161.4296875,18185.240234375,0
2024-05-02 06:30:00,18184.859375,18205.3203125,18175.4609375,18191.779296875,0
2024-05-02 07:30:00,18193.779296875,18209.4609375,18180.94921875,18207.130859375,0
2024-05-03 01:30:00,18543.30078125,18604.169921875,18395.640625,18425.580078125,0
2024-05-03 02:30:00,18436.279296875,18481.580078125,18362.220703125,18401.099609375,0
2024-05-03 03:30:00,18408.580078125,18416.919921875,18371.869140625,18413.7890625,0
2024-05-03 04:30:00,18403.76953125,18463.359375,18394.30078125,18450.55078125,0
2024-05-03 05:30:00,18457.55078125,18481.23046875,18444.5703125,18478.01953125,0
2024-05-03 06:30:00,18483.41015625,18529.259765625,18467.990234375,18467.990234375,0
2024-05-03 07:30:00,18479.759765625,18479.759765625,18445.51953125,18475.919921875,0
2024-05-06 01:30:00,18488.55078125,18532.3203125,18389.5390625,18462.060546875,0
2024-05-06 02:30:00,18457.7109375,18517.16015625,18421.169921875,18456.369140625,0
2024-05-06 03:30:00,18459.4296875,18488.91015625,18448.9296875,18466.91015625,0
2024-05-06 04:30:00,18459.0390625,18486.08984375,18437.939453125,18440.98046875,0
2024-05-06 05:30:00,18441.119140625,18567.009765625,18429.009765625,18559.419921875,0
2024-05-06 06:30:00,18557.810546875,18590.169921875,18539.0390625,18567.0703125,0
2024-05-06 07:30:00,18566.2890625,18578.30078125,18523.2109375,18578.30078125,0
2024-05-07 01:30:00,18577.55078125,18638.810546875,18469.69921875,18514.859375,0
2024-05-07 02:30:00,18512.080078125,18535.4609375,18425.169921875,18439.830078125,0
2024-05-07 03:30:00,18439.630859375,18445.560546875,18415.779296875,18420.380859375,0
2024-05-07 04:30:00,18417.109375,18486.5,18411.01953125,18486.2109375,0
2024-05-07 05:30:00,18484.810546875,18515.009765625,18436.69921875,18440.0703125,0
2024-05-07 06:30:00,18440.080078125,18497.2890625,18425.0703125,18485.6796875,0
2024-05-07 07:30:00,18487.55078125,18487.76953125,18445.720703125,18479.369140625,0
2024-05-08 01:30:00,18510.5390625,18606.560546875,18438.9296875,18557.849609375,0
2024-05-08 02:30:00,18562.109375,18586.689453125,18442.150390625,18444.119140625,0
2024-05-08 03:30:00,18444.23046875,18474.099609375,18389.830078125,18410.19921875,0
2024-05-08 04:30:00,18412.669921875,18442.9609375,18372.740234375,18383.640625,0
2024-05-08 05:30:00,18383.970703125,18410.25,18298.359375,18334.390625,0
2024-05-08 06:30:00,18334.2890625,18369.26953125,18307.44921875,18316.810546875,0
2024-05-08 07:30:00,18319.19921875,18338.619140625,18310.4296875,18313.859375,0
2024-05-09 01:30:00,18306.25,18478.41015625,18278.109375,18385.19921875,0
2024-05-09 02:30:00,18383.470703125,18540.5,18375.16015625,18536.30078125,0
2024-05-09 03:30:00,18535.609375,18555.390625,18517.900390625,18538.5703125,0
2024-05-09 04:30:00,18535.1796875,18544.640625,18485.66015625,18514.26953125,0
2024-05-09 05:30:00,18516.150390625,18560.759765625,18480.0703125,18516.779296875,0
2024-05-09 06:30:00,18515.5390625,18533.109375,18502.369140625,18521.169921875,0
2024-05-09 07:30:00,18518.640625,18541.990234375,18507.0,18537.810546875,0
2024-05-10 01:30:00,18669.4296875,18856.970703125,18657.509765625,18768.05078125,0
2024-05-10 02:30:00,18775.890625,18837.1796875,18712.19921875,18819.4296875,0
2024-05-10 03:30:00,18827.7109375,18873.279296875,18820.029296875,18859.599609375,0
2024-05-10 04:30:00,18850.2109375,18993.279296875,18847.48046875,18977.419921875,0
2024-05-10 05:30:00,18983.259765625,18983.259765625,18892.16015625,18928.560546875,0
2024-05-10 06:30:00,18938.69921875,18980.720703125,18916.240234375,18965.73046875,0
2024-05-10 07:30:00,18971.779296875,18984.16015625,18959.990234375,18963.6796875,0
2024-05-13 01:30:00,18904.580078125,18996.16015625,18827.599609375,18955.759765625,0
2024-05-13 02:30:00,18954.880859375,19097.83984375,18951.509765625,19083.44921875,0
2024-05-13 03:30:00,19083.970703125,19089.580078125,19031.0703125,19052.140625,0
2024-05-13 04:30:00,19050.029296875,19121.509765625,19038.580078125,19117.580078125,0
2024-05-13 05:30:00,19116.58984375,19121.509765625,19036.810546875,19054.279296875,0
2024-05-13 06:30:00,19053.30078125,19122.6796875,19039.419921875,19110.619140625,0
2024-05-13 07:30:00,19110.599609375,19123.48046875,19095.529296875,19115.060546875,0
2024-05-14 01:30:00,19203.8203125,19301.130859375,19104.669921875,19171.05078125,0
2024-05-14 02:30:00,19171.990234375,19171.990234375,19078.939453125,19108.7890625,0
2024-05-14 03:30:00,19110.099609375,19111.990234375,19084.169921875,19089.830078125,0
2024-05-14 04:30:00,19088.23046875,19129.609375,19072.640625,19111.16015625,0
2024-05-14 05:30:00,19108.73046875,19128.7890625,19083.740234375,19111.119140625,0
2024-05-14 06:30:00,19110.150390625,19128.939453125,19094.810546875,19105.740234375,0
2024-05-14 07:30:00,19103.259765625,19116.5,19073.7109375,19073.7109375,0
2024-05-16 01:30:00,19262.7890625,19262.7890625,19114.380859375,19231.490234375,0
2024-05-16 02:30:00,19232.130859375,19347.599609375,19227.7109375,19324.01953125,0
2024-05-16 03:30:00,19322.73046875,19397.140625,19322.73046875,19376.7890625,0
2024-05-16 04:30:00,19372.529296875,19438.75,19366.98046875,19431.689453125,0
2024-05-16 05:30:00,19431.990234375,19442.900390625,19395.630859375,19415.240234375,0
2024-05-16 06:30:00,19413.310546875,19413.609375,19313.779296875,19351.76953125,0
2024-05-16 07:30:00,19353.560546875,19376.529296875,19327.3203125,19376.529296875,0
2024-05-17 01:30:00,19525.119140625,19597.51953125,19418.0,19419.25,0
2024-05-17 02:30:00,19426.4296875,19426.4296875,19342.9609375,19407.859375,0
2024-05-17 03:30:00,19415.16015625,19433.140625,19405.580078125,19433.140625,0
2024-05-17 04:30:00,19418.75,19476.33984375,19398.919921875,19400.76953125,0
2024-05-17 05:30:00,19411.529296875,19510.26953125,19397.609375,19475.630859375,0
2024-05-17 06:30:00,19486.689453125,19575.259765625,19480.48046875,19569.30078125,0
2024-05-17 07:30:00,19577.240234375,19602.240234375,19553.609375,19553.609375,0
2024-05-20 01:30:00,19621.4296875,19687.83984375,19574.560546875,19614.0,0
2024-05-20 02:30:00,19614.490234375,19677.4609375,19601.880859375,19622.099609375,0
2024-05-20 03:30:00,19624.279296875,19663.060546875,19619.7890625,19650.1796875,0
2024-05-20 04:30:00,19649.48046875,19706.119140625,19641.900390625,19651.279296875,0
2024-05-20 05:30:00,19652.3203125,19687.380859375,19630.240234375,19652.970703125,0
2024-05-20 06:30:00,19652.779296875,19665.3203125,19579.23046875,19593.369140625,0
2024-05-20 07:30:00,19592.2890625,19636.220703125,19589.220703125,19636.220703125,0
2024-05-21 01:30:00,19473.669921875,19487.359375,19241.669921875,19276.349609375,0
2024-05-21 02:30:00,19278.23046875,19278.23046875,19187.740234375,19227.189453125,0
2024-05-21 03:30:00,19227.189453125,19248.029296875,19216.169921875,19234.330078125,0
2024-05-21 04:30:00,19231.7109375,19301.330078125,19223.380859375,19296.91015625,0
2024-05-21 05:30:00,19297.25,19303.599609375,19175.80078125,19180.33984375,0
2024-05-21 06:30:00,19181.390625,19275.599609375,19178.189453125,19271.130859375,0
2024-05-21 07:30:00,19269.169921875,19275.01953125,19207.359375,19220.619140625,0
2024-05-22 01:30:00,19225.259765625,19359.6796875,19149.41015625,19302.169921875,0
2024-05-22 02:30:00,19301.060546875,19333.55078125,19225.23046875,19225.240234375,0
2024-05-22 03:30:00,19225.33984375,19262.6796875,19221.55078125,19254.80078125,0
2024-05-22 04:30:00,19250.310546875,19300.560546875,19247.859375,19253.76953125,0
2024-05-22 05:30:00,19253.189453125,19295.30078125,19234.169921875,19235.4296875,0
2024-05-22 06:30:00,19235.830078125,19237.689453125,19173.099609375,19186.30078125,0
2024-05-22 07:30:00,19186.41015625,19197.6796875,19173.119140625,19195.599609375,0
2024-05-23 01:30:00,19024.41015625,19024.41015625,18776.2109375,18876.669921875,0
2024-05-23 02:30:00,18877.33984375,18970.240234375,18870.640625,18947.630859375,0
2024-05-23 03:30:00,18947.990234375,18948.099609375,18911.080078125,18930.01953125,0
2024-05-23 04:30:00,18923.80078125,18925.619140625,18849.44921875,18867.2109375,0
2024-05-23 05:30:00,18864.41015625,18919.689453125,18833.439453125,18892.48046875,0
2024-05-23 06:30:00,18891.9609375,18935.880859375,18872.189453125,18876.69921875,0
2024-05-23 07:30:00,18876.439453125,18882.98046875,18831.9609375,18868.7109375,0
2024-05-24 01:30:00,18742.279296875,18867.91015625,18608.189453125,18638.25,0
2024-05-24 02:30:00,18630.66015625,18702.369140625,18572.26953125,18642.05078125,0
2024-05-24 03:30:00,18632.189453125,18648.26953125,18626.490234375,18629.099609375,0
2024-05-24 04:30:00,18628.830078125,18667.009765625,18614.740234375,18617.73046875,0
2024-05-24 05:30:00,18609.58984375,18626.419921875,18571.009765625,18576.859375,0
2024-05-24 06:30:00,18572.240234375,18588.560546875,18532.41015625,18578.669921875,0
2024-05-24 07:30:00,18572.330078125,18608.939453125,18572.330078125,18608.939453125,0
2024-05-27 01:30:00,18606.01953125,18742.609375,18528.25,18528.25,0
2024-05-27 02:30:00,18528.359375,18720.169921875,18504.529296875,18705.599609375,0
2024-05-27 03:30:00,18706.099609375,18708.380859375,18651.189453125,18665.7890625,0
2024-05-27 04:30:00,18670.890625,18776.310546875,18670.890625,18737.51953125,0
2024-05-27 05:30:00,18738.26953125,18842.80078125,18716.08984375,18838.880859375,0
2024-05-27 06:30:00,18838.91015625,18867.58984375,18815.009765625,18851.7890625,0
2024-05-27 07:30:00,18852.740234375,18856.1796875,18824.369140625,18827.349609375,0
2024-05-28 01:30:00,18814.009765625,19000.51953125,18788.189453125,18972.4609375,0
2024-05-28 02:30:00,18970.7109375,18974.91015625,18858.490234375,18904.310546875,0
2024-05-28 03:30:00,18904.390625,18957.099609375,18899.470703125,18934.740234375,0
2024-05-28 04:30:00,18938.109375,18938.109375,18836.279296875,18848.359375,0
2024-05-28 05:30:00,18847.380859375,18851.279296875,18776.099609375,18791.19921875,0
2024-05-28 06:30:00,18781.080078125,18850.630859375,18781.080078125,18821.119140625,0
2024-05-28 07:30:00,18822.529296875,18854.98046875,18814.6796875,18821.16015625,0
2024-05-29 01:30:00,18659.41015625,18694.55078125,18560.080078125,18623.689453125,0
2024-05-29 02:30:00,18622.580078125,18632.83984375,18500.330078125,18518.8203125,0
2024-05-29 03:30:00,18520.05078125,18538.900390625,18514.33984375,18531.2890625,0
2024-05-29 04:30:00,18529.44921875,18554.130859375,18516.880859375,18531.83984375,0
2024-05-29 05:30:00,18532.94921875,18538.720703125,18425.08984375,18505.80078125,0
2024-05-29 06:30:00,18508.580078125,18569.380859375,18501.75,18505.220703125,0
2024-05-29 07:30:00,18505.08984375,18514.48046875,18477.009765625,18477.009765625,0
2024-05-30 01:30:00,18423.779296875,18537.919921875,18341.9296875,18354.66015625,0
2024-05-30 02:30:00,18340.970703125,18381.919921875,18248.279296875,18305.76953125,0
2024-05-30 03:30:00,18295.30078125,18310.2109375,18252.3203125,18252.3203125,0
2024-05-30 04:30:00,18252.990234375,18264.720703125,18194.080078125,18219.1796875,0
2024-05-30 05:30:00,18206.880859375,18259.990234375,18172.0390625,18203.109375,0
2024-05-30 06:30:00,18185.169921875,18245.859375,18163.2109375,18239.990234375,0
2024-05-30 07:30:00,18224.91015625,18253.390625,18195.439453125,18230.189453125,0
2024-05-31 01:30:00,18409.619140625,18551.1796875,18409.619140625,18455.939453125,0
2024-05-31 02:30:00,18456.189453125,18471.599609375,18386.609375,18419.0703125,0
2024-05-31 03:30:00,18418.599609375,18423.529296875,18391.779296875,18402.189453125,0
2024-05-31 04:30:00,18400.810546875,18430.380859375,18346.490234375,18348.009765625,0
2024-05-31 05:30:00,18337.25,18396.58984375,18212.94921875,18254.259765625,0
2024-05-31 06:30:00,18256.3203125,18274.66015625,18189.44921875,18197.33984375,0
2024-05-31 07:30:00,18195.830078125,18198.310546875,18077.390625,18079.609375,0
2024-06-03 01:30:00,18283.560546875,18569.400390625,18283.560546875,18537.6796875,0
2024-06-03 02:30:00,18537.060546875,18573.810546875,18458.490234375,18459.48046875,0
2024-06-03 03:30:00,18459.029296875,18511.099609375,18454.1796875,18498.330078125,0
2024-06-03 04:30:00,18493.76953125,18530.55078125,18466.400390625,18526.880859375,0
2024-06-03 05:30:00,18526.240234375,18556.26953125,18423.689453125,18442.140625,0
2024-06-03 06:30:00,18443.740234375,18482.4296875,18392.55078125,18401.08984375,0
2024-06-03 07:30:00,18400.560546875,18414.150390625,18386.7109375,18403.0390625,0
2024-06-04 01:30:00,18335.44921875,18536.060546875,18335.44921875,18444.2890625,0
2024-06-04 02:30:00,18443.41015625,18505.119140625,18405.1796875,18439.0703125,0
2024-06-04 03:30:00,18438.830078125,18480.630859375,18429.580078125,18441.58984375,0
2024-06-04 04:30:00,18421.33984375,18492.6796875,18421.26953125,18461.990234375,0
2024-06-04 05:30:00,18464.099609375,18531.9296875,18453.0703125,18509.080078125,0
2024-06-04 06:30:00,18510.66015625,18541.029296875,18419.6796875,18427.830078125,0
2024-06-04 07:30:00,18428.7890625,18470.240234375,18415.720703125,18444.109375,0
2024-06-05 01:30:00,18489.779296875,18724.619140625,18447.9296875,18612.55078125,0
2024-06-05 02:30:00,18611.98046875,18667.830078125,18475.619140625,18502.919921875,0
2024-06-05 03:30:00,18504.509765625,18529.9296875,18482.58984375,18505.560546875,0
2024-06-05 04:30:00,18510.05078125,18533.44921875,18497.990234375,18519.380859375,0
2024-06-05 05:30:00,18520.05078125,18530.349609375,18453.76953125,18474.33984375,0
2024-06-05 06:30:00,18474.7109375,18475.189453125,18410.869140625,18444.419921875,0
2024-06-05 07:30:00,18445.6796875,18453.880859375,18375.26953125,18424.9609375,0
2024-06-06 01:30:00,18577.580078125,18700.6796875,18480.169921875,18519.400390625,0
2024-06-06 02:30:00,18517.55078125,18619.0390625,18511.880859375,18548.01953125,0
2024-06-06 03:30:00,18548.140625,18557.810546875,18528.310546875,18533.220703125,0
2024-06-06 04:30:00,18532.55078125,18556.44921875,18447.529296875,18474.0703125,0
2024-06-06 05:30:00,18473.080078125,18473.080078125,18383.80078125,18409.970703125,0
2024-06-06 06:30:00,18411.7109375,18476.830078125,18395.140625,18447.91015625,0
2024-06-06 07:30:00,18445.69921875,18481.439453125,18439.80078125,18476.80078125,0
2024-06-07 01:30:00,18562.48046875,18575.689453125,18404.330078125,18468.939453125,0
2024-06-07 02:30:00,18474.970703125,18474.970703125,18353.580078125,18377.30078125,0
2024-06-07 03:30:00,18386.25,18405.560546875,18377.08984375,18399.0390625,0
2024-06-07 04:30:00,18394.26953125,18431.240234375,18375.5390625,18382.900390625,0
2024-06-07 05:30:00,18384.759765625,18384.880859375,18302.330078125,18366.619140625,0
2024-06-07 06:30:00,18372.51953125,18390.009765625,18328.380859375,18357.259765625,0
2024-06-07 07:30:00,18361.689453125,18366.94921875,18331.220703125,18366.94921875,0
2024-06-11 01:30:00,18163.119140625,18203.25,18019.94921875,18020.119140625,0
2024-06-11 02:30:00,18014.55078125,18098.130859375,17994.099609375,18068.580078125,0
2024-06-11 03:30:00,18071.6796875,18091.8203125,18051.220703125,18059.9609375,0
2024-06-11 04:30:00,18058.41015625,18111.869140625,18051.189453125,18066.400390625,0
2024-06-11 05:30:00,18064.470703125,18267.689453125,18064.470703125,18241.669921875,0
2024-06-11 06:30:00,18241.1796875,18242.5390625,18151.240234375,18160.76953125,0
2024-06-11 07:30:00,18161.529296875,18204.869140625,18155.119140625,18176.33984375,0
2024-06-12 01:30:00,18032.400390625,18063.720703125,17848.759765625,17918.259765625,0
2024-06-12 02:30:00,17917.599609375,18003.599609375,17893.19921875,17942.189453125,0
2024-06-12 03:30:00,17941.900390625,17941.900390625,17898.890625,17913.099609375,0
2024-06-12 04:30:00,17921.189453125,17971.650390625,17905.7109375,17971.650390625,0
2024-06-12 05:30:00,17969.490234375,17993.2890625,17943.990234375,17979.109375,0
2024-06-12 06:30:00,17978.169921875,17993.509765625,17907.0703125,17908.849609375,0
2024-06-12 07:30:00,17908.529296875,17954.9296875,17908.529296875,17937.83984375,0
2024-06-13 01:30:00,18104.130859375,18173.529296875,17994.720703125,17996.509765625,0
2024-06-13 02:30:00,17999.830078125,18050.349609375,17971.5703125,18002.19921875,0
2024-06-13 03:30:00,18008.490234375,18046.01953125,18005.380859375,18034.419921875,0
2024-06-13 04:30:00,18032.25,18033.26953125,17991.7890625,18015.94921875,0
2024-06-13 05:30:00,18018.51953125,18034.689453125,17989.099609375,18029.83984375,0
2024-06-13 06:30:00,18031.779296875,18103.4609375,18028.33984375,18087.5,0
2024-06-13 07:30:00,18086.029296875,18125.2109375,18078.220703125,18112.630859375,0
2024-06-14 01:30:00,18028.0703125,18109.890625,17927.16015625,17971.900390625,0
2024-06-14 02:30:00,17971.33984375,18079.140625,17955.009765625,18030.330078125,0
2024-06-14 03:30:00,18028.4609375,18033.05078125,17984.740234375,17991.0390625,0
2024-06-14 04:30:00,17994.830078125,18028.470703125,17941.75,18014.44921875,0
2024-06-14 05:30:00,18014.5390625,18033.51953125,17980.189453125,18005.060546875,0
2024-06-14 06:30:00,18006.900390625,18048.0390625,17972.849609375,17990.650390625,0
2024-06-14 07:30:00,17992.2109375,17995.189453125,17941.779296875,17941.779296875,0
2024-06-17 01:30:00,17848.869140625,18075.8203125,17752.9609375,18053.26953125,0
2024-06-17 02:30:00,18052.720703125,18122.80078125,17983.439453125,18026.169921875,0
2024-06-17 03:30:00,18026.169921875,18039.55078125,17963.3203125,17978.30078125,0
2024-06-17 04:30:00,17979.919921875,17994.099609375,17939.609375,17992.240234375,0
2024-06-17 05:30:00,17993.33984375,18013.08984375,17931.1796875,17939.4296875,0
2024-06-17 06:30:00,17939.51953125,17964.5390625,17932.9296875,17945.490234375,0
2024-06-17 07:30:00,17943.779296875,17958.41015625,17935.939453125,17936.119140625,0
2024-06-18 01:30:00,17961.890625,18026.25,17887.599609375,17979.939453125,0
2024-06-18 02:30:00,17979.76953125,18043.48046875,17933.30078125,17953.08984375,0
2024-06-18 03:30:00,17953.44921875,17958.0,17870.759765625,17903.060546875,0
2024-06-18 04:30:00,17906.150390625,17942.470703125,17883.189453125,17933.369140625,0
2024-06-18 05:30:00,17933.66015625,17941.560546875,17854.7890625,17896.970703125,0
2024-06-18 06:30:00,17896.849609375,17939.859375,17881.4296875,17926.48046875,0
2024-06-18 07:30:00,17924.609375,17955.630859375,17915.55078125,17915.55078125,0
2024-06-19 01:30:00,18056.220703125,18224.75,18039.009765625,18192.609375,0
2024-06-19 02:30:00,18195.990234375,18320.419921875,18194.44921875,18256.51953125,0
2024-06-19 03:30:00,18257.599609375,18276.4609375,18257.599609375,18264.509765625,0
2024-06-19 04:30:00,18260.91015625,18314.359375,18243.359375,18314.359375,0
2024-06-19 05:30:00,18314.94921875,18414.279296875,18309.80078125,18364.26953125,0
2024-06-19 06:30:00,18362.44921875,18415.0703125,18355.44921875,18411.369140625,0
2024-06-19 07:30:00,18412.80078125,18448.66015625,18408.349609375,18430.390625,0
2024-06-20 01:30:00,18453.630859375,18520.369140625,18372.48046875,18456.05078125,0
2024-06-20 02:30:00,18454.94921875,18454.94921875,18341.830078125,18347.41015625,0
2024-06-20 03:30:00,18346.73046875,18355.810546875,18328.19921875,18341.529296875,0
2024-06-20 04:30:00,18349.330078125,18364.30078125,18313.66015625,18322.2109375,0
2024-06-20 05:30:00,18322.130859375,18360.400390625,18294.939453125,18314.76953125,0
2024-06-20 06:30:00,18313.310546875,18340.939453125,18274.19921875,18320.23046875,0
2024-06-20 07:30:00,18319.939453125,18335.3203125,18307.5703125,18335.3203125,0
2024-06-21 01:30:00,18199.140625,18240.130859375,18050.94921875,18102.8203125,0
2024-06-21 02:30:00,18103.2890625,18103.2890625,17968.369140625,18005.41015625,0
2024-06-21 03:30:00,18006.19921875,18043.5703125,18004.689453125,18021.560546875,0
2024-06-21 04:30:00,18014.310546875,18056.349609375,17985.279296875,18050.470703125,0
2024-06-21 05:30:00,18050.509765625,18106.310546875,18035.939453125,18087.150390625,0
2024-06-21 06:30:00,18087.390625,18089.529296875,18032.029296875,18056.0,0
2024-06-21 07:30:00,18056.099609375,18061.83984375,18018.849609375,18028.51953125,0
2024-06-24 01:30:00,17906.359375,17937.9296875,17842.130859375,17913.25,0
2024-06-24 02:30:00,17912.390625,17918.419921875,17789.5703125,17856.5390625,0
2024-06-24 03:30:00,17856.189453125,17863.359375,17837.08984375,17844.890625,0
2024-06-24 04:30:00,17843.0,17905.419921875,17835.970703125,17897.669921875,0
2024-06-24 05:30:00,17896.8203125,17908.630859375,17864.509765625,17895.4296875,0
2024-06-24 06:30:00,17896.609375,17900.58984375,17855.7890625,17899.119140625,0
2024-06-24 07:30:00,17899.8203125,18032.669921875,17894.900390625,18027.7109375,0
2024-06-25 01:30:00,18088.01953125,18231.4609375,18052.099609375,18182.359375,0
2024-06-25 02:30:00,18182.83984375,18182.83984375,18064.849609375,18081.41015625,0
2024-06-25 03:30:00,18082.400390625,18117.330078125,18078.900390625,18109.19921875,0
2024-06-25 04:30:00,18104.48046875,18152.859375,18083.400390625,18152.759765625,0
2024-06-25 05:30:00,18154.169921875,18155.9609375,17959.0703125,18005.619140625,0
2024-06-25 06:30:00,18006.080078125,18036.7109375,17987.869140625,18021.099609375,0
2024-06-25 07:30:00,18021.119140625,18072.900390625,18014.240234375,18072.900390625,0
2024-06-26 01:30:00,17934.630859375,18122.169921875,17934.630859375,18096.2109375,0
2024-06-26 02:30:00,18096.189453125,18097.6796875,18011.189453125,18048.310546875,0
2024-06-26 03:30:00,18043.470703125,18076.9296875,18043.359375,18069.75,0
2024-06-26 04:30:00,18063.16015625,18149.560546875,18063.16015625,18091.3203125,0
2024-06-26 05:30:00,18089.130859375,18138.060546875,18061.919921875,18131.859375,0
2024-06-26 06:30:00,18133.51953125,18156.349609375,18044.640625,18093.41015625,0
2024-06-26 07:30:00,18093.4296875,18098.529296875,18073.259765625,18089.9296875,0
2024-06-27 01:30:00,17946.0,17961.919921875,17771.73046875,17787.109375,0
2024-06-27 02:30:00,17777.73046875,17786.599609375,17726.98046875,17765.98046875,0
2024-06-27 03:30:00,17752.650390625,17766.830078125,17721.009765625,17721.009765625,0
2024-06-27 04:30:00,17734.029296875,17749.990234375,17677.330078125,17698.029296875,0
2024-06-27 05:30:00,17687.380859375,17754.810546875,17687.380859375,17744.25,0
2024-06-27 06:30:00,17732.0,17746.220703125,17681.19921875,17710.9296875,0
2024-06-27 07:30:00,17700.98046875,17726.94921875,17691.830078125,17716.470703125,0
2024-06-28 01:30:00,17583.189453125,17856.419921875,17583.189453125,17845.359375,0
2024-06-28 02:30:00,17844.4296875,17865.470703125,17732.08984375,17767.810546875,0
2024-06-28 03:30:00,17770.919921875,17822.1796875,17770.2890625,17815.0703125,0
2024-06-28 04:30:00,17811.19921875,17811.19921875,17767.720703125,17806.80078125,0
2024-06-28 05:30:00,17803.94921875,17835.740234375,17728.130859375,17737.150390625,0
2024-06-28 06:30:00,17736.330078125,17783.76953125,17724.109375,17776.890625,0
2024-06-28 07:30:00,17775.7890625,17784.5,17718.609375,17718.609375,0
2024-07-02 01:30:00,17669.419921875,17986.140625,17669.419921875,17929.16015625,0
2024-07-02 02:30:00,17928.44921875,17928.44921875,17756.390625,17786.98046875,0
2024-07-02 03:30:00,17786.939453125,17830.279296875,17782.759765625,17819.5,0
2024-07-02 04:30:00,17821.689453125,17821.689453125,17773.240234375,17789.41015625,0
2024-07-02 05:30:00,17787.1796875,17832.830078125,17736.560546875,17752.330078125,0
2024-07-02 06:30:00,17752.109375,17799.48046875,17719.060546875,17771.51953125,0
2024-07-02 07:30:00,17771.66015625,17775.259765625,17739.099609375,17769.140625,0
2024-07-03 01:30:00,17841.76953125,17952.80078125,17812.720703125,17893.990234375,0
2024-07-03 02:30:00,17894.48046875,17939.890625,17808.26953125,17934.75,0
2024-07-03 03:30:00,17936.490234375,18017.759765625,17917.669921875,17978.51953125,0
2024-07-03 04:30:00,17971.580078125,17988.619140625,17916.330078125,17922.359375,0
2024-07-03 05:30:00,17923.560546875,17987.6796875,17916.330078125,17936.689453125,0
2024-07-03 06:30:00,17934.9609375,17985.1796875,17929.0,17966.4296875,0
2024-07-03 07:30:00,17966.19921875,18009.359375,17963.44921875,17978.5703125,0
2024-07-04 01:30:00,18079.720703125,18133.30078125,17981.4296875,18041.30078125,0
2024-07-04 02:30:00,18041.98046875,18079.859375,18000.48046875,18022.41015625,0
2024-07-04 03:30:00,18021.609375,18023.30078125,17969.619140625,17988.25,0
2024-07-04 04:30:00,17989.98046875,18014.08984375,17942.080078125,17956.140625,0
2024-07-04 05:30:00,17955.970703125,18017.349609375,17950.060546875,17988.099609375,0
2024-07-04 06:30:00,17987.19921875,18033.26953125,17982.830078125,18019.240234375,0
2024-07-04 07:30:00,18020.810546875,18038.41015625,18010.609375,18028.279296875,0
2024-07-05 01:30:00,18035.76953125,18105.009765625,17921.169921875,17940.5,0
2024-07-05 02:30:00,17938.349609375,17948.150390625,17804.4296875,17860.599609375,0
2024-07-05 03:30:00,17858.140625,17859.1796875,17814.349609375,17832.640625,0
2024-07-05 04:30:00,17842.05078125,17865.880859375,17823.98046875,17841.810546875,0
2024-07-05 05:30:00,17842.130859375,17900.490234375,17837.150390625,17845.4296875,0
2024-07-05 06:30:00,17846.94921875,17879.359375,17843.26953125,17851.509765625,0
2024-07-05 07:30:00,17850.19921875,17858.1796875,17799.609375,17799.609375,0
2024-07-08 01:30:00,17667.970703125,17735.580078125,17530.900390625,17557.0,0
2024-07-08 02:30:00,17557.849609375,17596.869140625,17530.380859375,17583.490234375,0
2024-07-08 03:30:00,17581.900390625,17598.4296875,17561.390625,17561.390625,0
2024-07-08 04:30:00,17561.83984375,17561.83984375,17509.490234375,17536.880859375,0
2024-07-08 05:30:00,17535.830078125,17545.439453125,17464.16015625,17469.330078125,0
2024-07-08 06:30:00,17470.8203125,17499.650390625,17453.560546875,17499.0,0
2024-07-08 07:30:00,17502.650390625,17524.060546875,17489.3203125,17524.060546875,0
2024-07-09 01:30:00,17481.0,17531.599609375,17392.140625,17445.119140625,0
2024-07-09 02:30:00,17446.16015625,17487.779296875,17376.48046875,17454.23046875,0
2024-07-09 03:30:00,17454.900390625,17455.55078125,17435.580078125,17443.150390625,0
2024-07-09 04:30:00,17445.30078125,17511.150390625,17441.25,17511.150390625,0
2024-07-09 05:30:00,17512.859375,17617.640625,17501.150390625,17583.779296875,0
2024-07-09 06:30:00,17584.9609375,17587.859375,17524.650390625,17529.599609375,0
2024-07-09 07:30:00,17529.48046875,17542.16015625,17498.119140625,17523.23046875,0
2024-07-10 01:30:00,17613.5,17765.880859375,17609.08984375,17671.9296875,0
2024-07-10 02:30:00,17671.4296875,17695.919921875,17556.640625,17605.33984375,0
2024-07-10 03:30:00,17607.939453125,17609.859375,17559.7890625,17570.69921875,0
2024-07-10 04:30:00,17567.939453125,17567.939453125,17513.220703125,17516.94921875,0
2024-07-10 05:30:00,17512.310546875,17521.650390625,17455.080078125,17486.26953125,0
2024-07-10 06:30:00,17485.140625,17522.9609375,17480.98046875,17484.529296875,0
2024-07-10 07:30:00,17484.16015625,17492.689453125,17460.119140625,17471.669921875,0
2024-07-11 01:30:00,17629.130859375,17796.1796875,17621.05078125,17731.7109375,0
2024-07-11 02:30:00,17731.0390625,17735.689453125,17662.0703125,17725.720703125,0
2024-07-11 03:30:00,17725.7890625,17742.7890625,17712.279296875,17740.439453125,0
2024-07-11 04:30:00,17735.66015625,17783.23046875,17726.330078125,17746.580078125,0
2024-07-11 05:30:00,17745.4296875,17825.919921875,17742.5,17797.0390625,0
2024-07-11 06:30:00,17796.44921875,17844.599609375,17788.880859375,17828.609375,0
2024-07-11 07:30:00,17830.9296875,17864.08984375,17826.779296875,17832.330078125,0
2024-07-12 01:30:00,18020.169921875,18226.400390625,18020.169921875,18162.23046875,0
2024-07-12 02:30:00,18161.01953125,18186.259765625,18123.400390625,18160.640625,0
2024-07-12 03:30:00,18159.51953125,18201.759765625,18154.919921875,18185.529296875,0
2024-07-12 04:30:00,18183.119140625,18253.859375,18172.30078125,18245.91015625,0
2024-07-12 05:30:00,18246.16015625,18287.189453125,18215.490234375,18259.400390625,0
2024-07-12 06:30:00,18259.5703125,18317.310546875,18259.310546875,18307.140625,0
2024-07-12 07:30:00,18306.48046875,18310.94921875,18255.140625,18293.380859375,0
2024-07-15 01:30:00,18201.48046875,18243.390625,18107.7890625,18134.849609375,0
2024-07-15 02:30:00,18133.7890625,18133.7890625,18033.369140625,18034.58984375,0
2024-07-15 03:30:00,18033.9609375,18040.029296875,18014.650390625,18038.560546875,0
2024-07-15 04:30:00,18041.19921875,18083.490234375,18040.369140625,18075.5703125,0
2024-07-15 05:30:00,18077.080078125,18081.080078125,18019.599609375,18023.939453125,0
2024-07-15 06:30:00,18023.98046875,18024.05078125,17946.490234375,17976.630859375,0
2024-07-15 07:30:00,17973.109375,18015.939453125,17957.849609375,18015.939453125,0
2024-07-16 01:30:00,17845.060546875,17899.55078125,17730.08984375,17798.76953125,0
2024-07-16 02:30:00,17798.439453125,17811.2109375,17741.75,17775.880859375,0
2024-07-16 03:30:00,17776.720703125,17786.5703125,17762.66015625,17769.9609375,0
2024-07-16 04:30:00,17772.66015625,17780.51953125,17742.130859375,17756.689453125,0
2024-07-16 05:30:00,17756.0390625,17805.599609375,17735.2109375,17757.73046875,0
2024-07-16 06:30:00,17756.30078125,17785.9296875,17734.26953125,17754.4296875,0
2024-07-16 07:30:00,17754.91015625,17765.0703125,17727.98046875,17727.98046875,0
2024-07-17 01:30:00,17741.76953125,17807.6796875,17658.6796875,17772.490234375,0
2024-07-17 02:30:00,17773.490234375,17794.94921875,17696.900390625,17734.8203125,0
2024-07-17 03:30:00,17735.0390625,17752.5703125,17714.91015625,17739.419921875,0
2024-07-17 04:30:00,17740.5,17740.5,17686.4296875,17706.6796875,0
2024-07-17 05:30:00,17705.119140625,17806.76953125,17699.609375,17731.2109375,0
2024-07-17 06:30:00,17730.98046875,17766.3203125,17723.669921875,17754.439453125,0
2024-07-17 07:30:00,17751.83984375,17780.470703125,17739.41015625,17739.41015625,0
2024-07-18 01:30:00,17653.23046875,17810.080078125,17623.740234375,17655.0390625,0
2024-07-18 02:30:00,17655.2109375,17790.80078125,17649.640625,17788.66015625,0
2024-07-18 03:30:00,17790.259765625,17794.419921875,17772.099609375,17776.73046875,0
2024-07-18 04:30:00,17770.58984375,17845.419921875,17760.169921875,17810.720703125,0
2024-07-18 05:30:00,17809.099609375,17849.119140625,17801.08984375,17842.16015625,0
2024-07-18 06:30:00,17842.759765625,17864.119140625,17816.0703125,17822.599609375,0
2024-07-18 07:30:00,17820.2890625,17820.2890625,17778.41015625,17778.41015625,0
2024-07-19 01:30:00,17603.80078125,17629.970703125,17423.470703125,17438.01953125,0
2024-07-19 02:30:00,17436.669921875,17489.759765625,17398.08984375,17402.98046875,0
2024-07-19 03:30:00,17406.66015625,17406.66015625,17376.23046875,17401.859375,0
2024-07-19 04:30:00,17402.259765625,17442.349609375,17395.0,17407.330078125,0
2024-07-19 05:30:00,17407.2109375,17458.08984375,17400.880859375,17442.580078125,0
2024-07-19 06:30:00,17442.48046875,17463.259765625,17407.75,17408.26953125,0
2024-07-19 07:30:00,17410.4296875,17424.919921875,17386.939453125,17417.6796875,0
2024-07-22 01:30:00,17465.130859375,17511.330078125,17313.880859375,17401.41015625,0
2024-07-22 02:30:00,17404.76953125,17579.869140625,17404.6796875,17541.69921875,0
2024-07-22 03:30:00,17540.859375,17575.0703125,17537.0703125,17560.470703125,0
2024-07-22 04:30:00,17559.4609375,17599.349609375,17524.609375,17530.23046875,0
2024-07-22 05:30:00,17527.44921875,17594.69921875,17520.2109375,17567.0390625,0
2024-07-22 06:30:00,17567.7109375,17667.55078125,17566.619140625,17638.029296875,0
2024-07-22 07:30:00,17634.939453125,17693.349609375,17626.76953125,17635.880859375,0
2024-07-23 01:30:00,17679.55078125,17707.6796875,17548.83984375,17567.109375,0
2024-07-23 02:30:00,17565.439453125,17640.259765625,17565.169921875,17616.869140625,0
2024-07-23 03:30:00,17614.880859375,17638.66015625,17606.33984375,17620.16015625,0
2024-07-23 04:30:00,17622.779296875,17632.30078125,17583.4296875,17583.4296875,0
2024-07-23 05:30:00,17581.779296875,17583.5390625,17483.380859375,17487.169921875,0
2024-07-23 06:30:00,17486.759765625,17498.23046875,17451.859375,17474.76953125,0
2024-07-23 07:30:00,17474.51953125,17504.83984375,17469.359375,17469.359375,0
2024-07-24 01:30:00,17454.4296875,17516.94921875,17369.9296875,17403.439453125,0
2024-07-24 02:30:00,17404.5703125,17435.0,17322.4296875,17385.080078125,0
2024-07-24 03:30:00,17385.33984375,17386.76953125,17355.810546875,17361.119140625,0
2024-07-24 04:30:00,17354.880859375,17375.33984375,17326.720703125,17374.6796875,0
2024-07-24 05:30:00,17374.359375,17385.8203125,17294.029296875,17299.0,0
2024-07-24 06:30:00,17297.369140625,17300.630859375,17251.259765625,17285.169921875,0
2024-07-24 07:30:00,17280.220703125,17311.259765625,17272.830078125,17311.05078125,0
2024-07-25 01:30:00,17260.830078125,17288.4609375,17075.109375,17075.109375,0
2024-07-25 02:30:00,17072.009765625,17082.7890625,17009.189453125,17075.849609375,0
2024-07-25 03:30:00,17074.349609375,17093.23046875,17057.6796875,17064.970703125,0
2024-07-25 04:30:00,17064.650390625,17074.08984375,17019.130859375,17019.2109375,0
2024-07-25 05:30:00,17018.48046875,17037.33984375,16975.91015625,17035.720703125,0
2024-07-25 06:30:00,17034.640625,17037.640625,16964.51953125,16992.98046875,0
2024-07-25 07:30:00,16991.0390625,17028.609375,16981.30078125,17004.970703125,0
2024-07-26 01:30:00,17079.669921875,17229.189453125,17069.189453125,17070.58984375,0
2024-07-26 02:30:00,17064.26953125,17071.830078125,16924.580078125,17012.669921875,0
2024-07-26 03:30:00,17002.470703125,17033.91015625,16982.51953125,17033.91015625,0
2024-07-26 04:30:00,17025.58984375,17049.919921875,16994.330078125,17049.919921875,0
2024-07-26 05:30:00,17039.310546875,17070.060546875,17003.470703125,17018.75,0
2024-07-26 06:30:00,17009.2109375,17070.869140625,17005.009765625,17063.9609375,0
2024-07-26 07:30:00,17053.900390625,17064.23046875,17001.630859375,17021.310546875,0
2024-07-29 01:30:00,17196.44921875,17273.580078125,17154.119140625,17215.060546875,0
2024-07-29 02:30:00,17215.890625,17316.0390625,17183.759765625,17310.2109375,0
2024-07-29 03:30:00,17310.259765625,17340.76953125,17303.880859375,17331.240234375,0
2024-07-29 04:30:00,17322.029296875,17358.5,17311.369140625,17333.490234375,0
2024-07-29 05:30:00,17333.630859375,17358.66015625,17282.48046875,17317.509765625,0
2024-07-29 06:30:00,17317.23046875,17321.1796875,17263.529296875,17299.369140625,0
2024-07-29 07:30:00,17300.05078125,17310.05078125,17238.33984375,17238.33984375,0
2024-07-30 01:30:00,17194.369140625,17194.369140625,16985.220703125,17021.970703125,0
2024-07-30 02:30:00,17035.400390625,17055.76953125,16992.1796875,17031.830078125,0
2024-07-30 03:30:00,17041.0703125,17041.0703125,16993.75,17038.349609375,0
2024-07-30 04:30:00,17030.5390625,17056.169921875,17010.6796875,17014.869140625,0
2024-07-30 05:30:00,17024.900390625,17043.23046875,16971.599609375,17004.419921875,0
2024-07-30 06:30:00,17012.650390625,17023.69921875,16974.9609375,16978.83984375,0
2024-07-30 07:30:00,16990.4296875,17003.890625,16976.380859375,17002.91015625,0
2024-07-31 01:30:00,17070.859375,17271.419921875,17015.830078125,17271.419921875,0
2024-07-31 02:30:00,17270.990234375,17366.69921875,17214.66015625,17343.640625,0
2024-07-31 03:30:00,17339.08984375,17355.01953125,17306.7890625,17326.580078125,0
2024-07-31 04:30:00,17350.23046875,17375.5,17319.419921875,17367.880859375,0
2024-07-31 05:30:00,17367.830078125,17371.69921875,17313.109375,17333.98046875,0
2024-07-31 06:30:00,17332.44921875,17385.990234375,17330.5390625,17378.33984375,0
2024-07-31 07:30:00,17377.8203125,17400.240234375,17344.599609375,17344.599609375,0
2024-08-01 01:30:00,17327.849609375,17408.7890625,17248.119140625,17358.080078125,0
2024-08-01 02:30:00,17357.9296875,17357.9296875,17272.6796875,17295.30078125,0
2024-08-01 03:30:00,17295.73046875,17317.3203125,17277.640625,17311.490234375,0
2024-08-01 04:30:00,17306.05078125,17352.0,17291.83984375,17349.2109375,0
2024-08-01 05:30:00,17350.7109375,17408.94921875,17344.830078125,17356.30078125,0
2024-08-01 06:30:00,17355.470703125,17371.080078125,17305.369140625,17315.759765625,0
2024-08-01 07:30:00,17317.150390625,17327.740234375,17300.720703125,17304.9609375,0
2024-08-02 01:30:00,17025.259765625,17075.51953125,16892.900390625,16918.5,0
2024-08-02 02:30:00,16912.720703125,16986.720703125,16912.720703125,16951.470703125,0
2024-08-02 03:30:00,16952.990234375,16969.30078125,16943.73046875,16950.58984375,0
2024-08-02 04:30:00,16947.189453125,16961.6796875,16892.560546875,16897.23046875,0
2024-08-02 05:30:00,16895.900390625,16926.5703125,16865.9296875,16914.330078125,0
2024-08-02 06:30:00,16909.140625,16934.060546875,16889.990234375,16931.279296875,0
2024-08-02 07:30:00,16927.9609375,16960.130859375,16906.7890625,16945.509765625,0
2024-08-05 01:30:00,16676.8203125,16944.58984375,16614.44921875,16823.630859375,0
2024-08-05 02:30:00,16824.4296875,16909.4296875,16770.400390625,16858.310546875,0
2024-08-05 03:30:00,16859.2890625,16924.310546875,16856.560546875,16908.9609375,0
2024-08-05 04:30:00,16899.5703125,16899.5703125,16660.560546875,16682.599609375,0
2024-08-05 05:30:00,16682.990234375,16689.0703125,16441.439453125,16528.01953125,0
2024-08-05 06:30:00,16528.140625,16641.919921875,16524.349609375,16599.91015625,0
2024-08-05 07:30:00,16601.419921875,16698.359375,16595.75,16698.359375,0
2024-08-06 01:30:00,16861.30078125,16908.970703125,16682.150390625,16731.900390625,0
2024-08-06 02:30:00,16733.08984375,16761.6796875,16680.400390625,16714.0,0
2024-08-06 03:30:00,16713.900390625,16788.25,16699.970703125,16775.650390625,0
2024-08-06 04:30:00,16761.6796875,16767.580078125,16640.94921875,16649.099609375,0
2024-08-06 05:30:00,16648.23046875,16714.2890625,16611.140625,16659.900390625,0
2024-08-06 06:30:00,16660.76953125,16710.94921875,16657.80078125,16691.48046875,0
2024-08-06 07:30:00,16692.419921875,16697.279296875,16647.33984375,16647.33984375,0
2024-08-07 01:30:00,16684.779296875,16903.779296875,16684.779296875,16877.3203125,0
2024-08-07 02:30:00,16876.25,16897.109375,16812.08984375,16836.580078125,0
2024-08-07 03:30:00,16835.140625,16874.55078125,16828.720703125,16864.919921875,0
2024-08-07 04:30:00,16870.490234375,16983.80078125,16864.51953125,16976.0390625,0
2024-08-07 05:30:00,16974.890625,16988.259765625,16828.419921875,16858.2109375,0
2024-08-07 06:30:00,16858.810546875,16882.099609375,16811.310546875,16825.080078125,0
2024-08-07 07:30:00,16820.990234375,16877.859375,16805.5703125,16877.859375,0
2024-08-08 01:30:00,16773.0390625,16843.94921875,16665.060546875,16821.359375,0
2024-08-08 02:30:00,16821.509765625,17022.849609375,16818.150390625,16999.380859375,0
2024-08-08 03:30:00,16998.91015625,17023.099609375,16975.7890625,16998.44921875,0
2024-08-08 04:30:00,16988.310546875,17018.619140625,16964.009765625,16981.220703125,0
2024-08-08 05:30:00,16980.279296875,16983.58984375,16871.349609375,16952.080078125,0
2024-08-08 06:30:00,16951.9609375,16974.619140625,16855.26953125,16860.330078125,0
2024-08-08 07:30:00,16859.119140625,16891.830078125,16842.919921875,16891.830078125,0
2024-08-09 01:30:00,17097.359375,17228.220703125,17082.599609375,17205.359375,0
2024-08-09 02:30:00,17202.8203125,17252.220703125,17179.939453125,17181.380859375,0
2024-08-09 03:30:00,17176.580078125,17211.5703125,17176.580078125,17191.4296875,0
2024-08-09 04:30:00,17181.7890625,17181.7890625,17079.349609375,17135.939453125,0
2024-08-09 05:30:00,17131.1796875,17164.73046875,17093.029296875,17112.880859375,0
2024-08-09 06:30:00,17108.830078125,17134.810546875,17100.619140625,17125.259765625,0
2024-08-09 07:30:00,17117.060546875,17127.44921875,17090.23046875,17090.23046875,0
2024-08-12 01:30:00,17102.98046875,17162.759765625,17002.9296875,17108.9609375,0
2024-08-12 02:30:00,17109.3203125,17155.279296875,17027.490234375,17048.4609375,0
2024-08-12 03:30:00,17049.240234375,17100.490234375,17045.689453125,17098.69921875,0
2024-08-12 04:30:00,17092.869140625,17138.080078125,17092.869140625,17109.130859375,0
2024-08-12 05:30:00,17108.939453125,17116.08984375,17062.740234375,17079.01953125,0
2024-08-12 06:30:00,17077.560546875,17133.5390625,17075.109375,17129.08984375,0
2024-08-12 07:30:00,17128.109375,17128.109375,17097.94921875,17111.650390625,0
2024-08-13 01:30:00,17160.2109375,17252.880859375,17091.44921875,17106.189453125,0
2024-08-13 02:30:00,17105.44921875,17117.849609375,17074.689453125,17092.30078125,0
2024-08-13 03:30:00,17091.01953125,17153.490234375,17087.44921875,17128.779296875,0
2024-08-13 04:30:00,17127.720703125,17166.890625,17126.939453125,17130.48046875,0
2024-08-13 05:30:00,17131.720703125,17147.5390625,17097.859375,17122.16015625,0
2024-08-13 06:30:00,17120.259765625,17183.0390625,17118.279296875,17172.8203125,0
2024-08-13 07:30:00,17170.740234375,17174.060546875,17145.009765625,17174.060546875,0
2024-08-14 01:30:00,17233.6796875,17254.23046875,17083.439453125,17107.5703125,0
2024-08-14 02:30:00,17107.0390625,17159.390625,17105.75,17114.890625,0
2024-08-14 03:30:00,17114.58984375,17133.880859375,17111.23046875,17111.4296875,0
2024-08-14 04:30:00,17116.23046875,17120.23046875,17055.69921875,17079.66015625,0
2024-08-14 05:30:00,17080.310546875,17113.44921875,17065.05078125,17085.3203125,0
2024-08-14 06:30:00,17083.98046875,17106.26953125,17063.599609375,17098.560546875,0
2024-08-14 07:30:00,17099.099609375,17118.0703125,17084.69921875,17113.359375,0
2024-08-15 01:30:00,17008.2109375,17216.26953125,16926.470703125,17211.029296875,0
2024-08-15 02:30:00,17209.05078125,17283.650390625,17151.0,17179.560546875,0
2024-08-15 03:30:00,17178.1796875,17204.44921875,17166.51953125,17171.009765625,0
2024-08-15 04:30:00,17167.029296875,17185.16015625,17108.25,17111.169921875,0
2024-08-15 05:30:00,17112.400390625,17112.400390625,17039.91015625,17057.609375,0
2024-08-15 06:30:00,17053.849609375,17129.44921875,17032.169921875,17105.220703125,0
2024-08-15 07:30:00,17105.560546875,17111.4609375,17082.1796875,17109.140625,0
2024-08-16 01:30:00,17286.0390625,17425.669921875,17255.859375,17424.720703125,0
2024-08-16 02:30:00,17415.44921875,17437.30078125,17366.58984375,17395.099609375,0
2024-08-16 03:30:00,17387.83984375,17419.83984375,17387.58984375,17397.609375,0
2024-08-16 04:30:00,17400.349609375,17449.359375,17378.880859375,17424.689453125,0
2024-08-16 05:30:00,17420.0703125,17473.890625,17404.44921875,17407.509765625,0
2024-08-16 06:30:00,17404.669921875,17441.55078125,17396.26953125,17427.140625,0
2024-08-16 07:30:00,17418.26953125,17432.259765625,17403.880859375,17430.16015625,0
2024-08-19 01:30:00,17569.66015625,17685.859375,17555.029296875,17631.6796875,0
2024-08-19 02:30:00,17635.919921875,17640.1796875,17586.9296875,17608.890625,0
2024-08-19 03:30:00,17612.05078125,17640.25,17608.939453125,17614.619140625,0
2024-08-19 04:30:00,17606.2109375,17619.01953125,17572.6796875,17572.6796875,0
2024-08-19 05:30:00,17572.05078125,17599.609375,17562.5390625,17568.509765625,0
2024-08-19 06:30:00,17570.0390625,17607.849609375,17569.76953125,17574.939453125,0
2024-08-19 07:30:00,17576.630859375,17581.30078125,17547.650390625,17569.5703125,0
2024-08-20 01:30:00,17661.689453125,17661.689453125,17482.310546875,17508.720703125,0
2024-08-20 02:30:00,17510.640625,17528.939453125,17486.4609375,17525.5703125,0
2024-08-20 03:30:00,17524.970703125,17535.009765625,17500.369140625,17506.33984375,0
2024-08-20 04:30:00,17499.55078125,17522.369140625,17495.109375,17503.470703125,0
2024-08-20 05:30:00,17504.169921875,17507.189453125,17449.990234375,17483.330078125,0
2024-08-20 06:30:00,17483.349609375,17497.91015625,17475.58984375,17486.19921875,0
2024-08-20 07:30:00,17486.359375,17511.080078125,17475.41015625,17511.080078125,0
2024-08-21 01:30:00,17313.859375,17399.439453125,17232.130859375,17373.8203125,0
2024-08-21 02:30:00,17374.900390625,17415.48046875,17339.44921875,17353.400390625,0
2024-08-21 03:30:00,17355.830078125,17363.380859375,17343.9609375,17345.529296875,0
2024-08-21 04:30:00,17335.0703125,17357.16015625,17320.73046875,17348.099609375,0
2024-08-21 05:30:00,17349.91015625,17353.4296875,17319.099609375,17334.279296875,0
2024-08-21 06:30:00,17333.580078125,17381.990234375,17325.970703125,17372.4296875,0
2024-08-21 07:30:00,17370.19921875,17391.009765625,17360.390625,17391.009765625,0
2024-08-22 01:30:00,17497.630859375,17537.740234375,17417.4296875,17426.2109375,0
2024-08-22 02:30:00,17425.0390625,17449.41015625,17389.939453125,17444.169921875,0
2024-08-22 03:30:00,17444.330078125,17465.630859375,17442.51953125,17460.5390625,0
2024-08-22 04:30:00,17459.01953125,17493.990234375,17445.689453125,17483.609375,0
2024-08-22 05:30:00,17480.900390625,17521.98046875,17479.939453125,17515.009765625,0
2024-08-22 06:30:00,17516.310546875,17634.119140625,17506.75,17633.060546875,0
2024-08-22 07:30:00,17630.509765625,17652.80078125,17599.720703125,17641.0,0
2024-08-23 01:30:00,17521.1796875,17588.19921875,17496.439453125,17504.7890625,0
2024-08-23 02:30:00,17495.66015625,17600.5,17493.080078125,17576.58984375,0
2024-08-23 03:30:00,17565.1796875,17585.560546875,17564.1796875,17569.380859375,0
2024-08-23 04:30:00,17574.33984375,17610.25,17564.779296875,17578.419921875,0
2024-08-23 05:30:00,17567.16015625,17594.76953125,17546.580078125,17563.4296875,0
2024-08-23 06:30:00,17553.25,17635.69921875,17553.25,17619.919921875,0
2024-08-23 07:30:00,17608.919921875,17622.80078125,17596.080078125,17612.099609375,0
2024-08-26 01:30:00,17709.26953125,17826.05078125,17709.26953125,17748.849609375,0
2024-08-26 02:30:00,17748.4296875,17792.349609375,17716.330078125,17783.970703125,0
2024-08-26 03:30:00,17784.779296875,17791.580078125,17746.66015625,17756.08984375,0
2024-08-26 04:30:00,17752.91015625,17754.26953125,17720.55078125,17747.30078125,0
2024-08-26 05:30:00,17748.189453125,17780.919921875,17741.970703125,17778.83984375,0
2024-08-26 06:30:00,17780.490234375,17820.41015625,17774.939453125,17800.2890625,0
2024-08-26 07:30:00,17798.51953125,17806.94921875,17770.859375,17798.73046875,0
2024-08-27 01:30:00,17663.80078125,17746.859375,17624.419921875,17726.259765625,0
2024-08-27 02:30:00,17725.91015625,17789.4296875,17725.83984375,17755.5,0
2024-08-27 03:30:00,17758.640625,17758.640625,17728.23046875,17750.3203125,0
2024-08-27 04:30:00,17743.169921875,17813.130859375,17743.169921875,17781.330078125,0
2024-08-27 05:30:00,17779.9609375,17862.19921875,17778.5390625,17826.4296875,0
2024-08-27 06:30:00,17826.8203125,17853.439453125,17818.970703125,17845.109375,0
2024-08-27 07:30:00,17838.25,17879.26953125,17833.0390625,17874.669921875,0
2024-08-28 01:30:00,17847.990234375,17879.009765625,17686.689453125,17691.16015625,0
2024-08-28 02:30:00,17692.26953125,17738.630859375,17686.98046875,17727.240234375,0
2024-08-28 03:30:00,17726.75,17729.0,17692.359375,17700.9296875,0
2024-08-28 04:30:00,17697.880859375,17713.490234375,17659.2890625,17687.830078125,0
2024-08-28 05:30:00,17686.830078125,17718.359375,17664.0703125,17708.08984375,0
2024-08-28 06:30:00,17706.9609375,17723.75,17679.470703125,17688.94921875,0
2024-08-28 07:30:00,17689.4609375,17692.44921875,17666.220703125,17692.44921875,0
2024-08-29 01:30:00,17614.41015625,17664.849609375,17529.890625,17547.470703125,0
2024-08-29 02:30:00,17536.5390625,17600.779296875,17502.529296875,17560.369140625,0
2024-08-29 03:30:00,17552.0390625,17637.2109375,17552.0390625,17576.830078125,0
2024-08-29 04:30:00,17584.720703125,17687.509765625,17584.720703125,17661.119140625,0
2024-08-29 05:30:00,17646.33984375,17749.98046875,17646.33984375,17748.83984375,0
2024-08-29 06:30:00,17733.390625,17797.169921875,17725.359375,17780.44921875,0
2024-08-29 07:30:00,17770.330078125,17794.05078125,17752.240234375,17786.3203125,0
2024-08-30 01:30:00,17794.41015625,18013.560546875,17778.099609375,17958.189453125,0
2024-08-30 02:30:00,17951.490234375,18077.7109375,17949.130859375,18077.369140625,0
2024-08-30 03:30:00,18069.279296875,18153.0390625,18063.119140625,18100.0,0
2024-08-30 04:30:00,18110.640625,18149.849609375,18068.75,18133.939453125,0
2024-08-30 05:30:00,18129.4609375,18202.599609375,18101.01953125,18102.990234375,0
2024-08-30 06:30:00,18099.970703125,18120.349609375,18009.310546875,18042.060546875,0
2024-08-30 07:30:00,18035.640625,18065.380859375,17989.0703125,17989.0703125,0
2024-09-02 01:30:00,17862.58984375,17862.58984375,17676.849609375,17677.810546875,0
2024-09-02 02:30:00,17675.98046875,17723.25,17658.369140625,17670.5390625,0
2024-09-02 03:30:00,17670.58984375,17678.009765625,17654.3203125,17670.720703125,0
2024-09-02 04:30:00,17674.919921875,17708.5390625,17652.75,17708.310546875,0
2024-09-02 05:30:00,17709.58984375,17730.060546875,17679.5703125,17685.419921875,0
2024-09-02 06:30:00,17687.990234375,17693.369140625,17647.44921875,17653.16015625,0
2024-09-02 07:30:00,17653.779296875,17691.970703125,17645.919921875,17691.970703125,0
2024-09-03 01:30:00,17665.9296875,17725.509765625,17583.69921875,17683.619140625,0
2024-09-03 02:30:00,17684.55078125,17712.3203125,17614.3203125,17630.05078125,0
2024-09-03 03:30:00,17630.150390625,17636.6796875,17617.529296875,17627.05078125,0
2024-09-03 04:30:00,17620.830078125,17631.130859375,17592.490234375,17621.0703125,0
2024-09-03 05:30:00,17622.029296875,17644.080078125,17602.30078125,17622.609375,0
2024-09-03 06:30:00,17623.779296875,17670.580078125,17616.33984375,17646.259765625,0
2024-09-03 07:30:00,17648.5,17661.130859375,17636.669921875,17651.490234375,0
2024-09-04 01:30:00,17474.740234375,17529.41015625,17333.30078125,17389.990234375,0
2024-09-04 02:30:00,17392.609375,17531.05078125,17380.470703125,17444.740234375,0
2024-09-04 03:30:00,17443.880859375,17465.640625,17440.310546875,17462.25,0
2024-09-04 04:30:00,17458.8203125,17458.8203125,17399.73046875,17428.16015625,0
2024-09-04 05:30:00,17430.130859375,17463.419921875,17415.419921875,17435.41015625,0
2024-09-04 06:30:00,17435.080078125,17453.759765625,17390.6796875,17442.310546875,0
2024-09-04 07:30:00,17439.58984375,17464.900390625,17427.330078125,17457.33984375,0
2024-09-05 01:30:00,17469.9609375,17555.609375,17421.8203125,17477.560546875,0
2024-09-05 02:30:00,17478.16015625,17511.669921875,17388.130859375,17397.73046875,0
2024-09-05 03:30:00,17394.5703125,17403.7890625,17362.0,17376.859375,0
2024-09-05 04:30:00,17375.669921875,17381.1796875,17344.83984375,17373.55078125,0
2024-09-05 05:30:00,17374.0703125,17385.359375,17332.490234375,17356.7109375,0
2024-09-05 06:30:00,17357.490234375,17419.44921875,17352.7109375,17399.83984375,0
2024-09-05 07:30:00,17399.69921875,17444.30078125,17397.310546875,17444.30078125,0
2024-09-09 01:30:00,17261.890625,17305.91015625,17109.98046875,17133.880859375,0
2024-09-09 02:30:00,17122.599609375,17139.080078125,17088.279296875,17120.490234375,0
2024-09-09 03:30:00,17111.94921875,17135.73046875,17094.380859375,17094.380859375,0
2024-09-09 04:30:00,17110.990234375,17150.099609375,17093.830078125,17129.2109375,0
2024-09-09 05:30:00,17122.060546875,17134.859375,17067.44921875,17085.5,0
2024-09-09 06:30:00,17076.689453125,17139.380859375,17076.689453125,17133.029296875,0
2024-09-09 07:30:00,17125.779296875,17196.9609375,17125.779296875,17196.9609375,0
2024-09-10 01:30:00,17205.419921875,17270.25,17133.5,17182.109375,0
2024-09-10 02:30:00,17182.80078125,17264.98046875,17176.01953125,17230.740234375,0
2024-09-10 03:30:00,17231.619140625,17253.640625,17217.869140625,17244.669921875,0
2024-09-10 04:30:00,17227.08984375,17295.529296875,17227.08984375,17261.900390625,0
2024-09-10 05:30:00,17262.349609375,17297.94921875,17234.23046875,17269.009765625,0
2024-09-10 06:30:00,17270.140625,17283.349609375,17248.369140625,17272.75,0
2024-09-10 07:30:00,17267.01953125,17283.029296875,17234.08984375,17234.08984375,0
2024-09-11 01:30:00,17051.83984375,17080.990234375,16972.810546875,17022.66015625,0
2024-09-11 02:30:00,17022.630859375,17055.439453125,16971.3203125,16979.3203125,0
2024-09-11 03:30:00,16978.779296875,16997.23046875,16964.279296875,16992.419921875,0
2024-09-11 04:30:00,16991.029296875,17020.849609375,16973.5703125,16978.6796875,0
2024-09-11 05:30:00,16975.619140625,17094.4609375,16973.900390625,17094.4609375,0
2024-09-11 06:30:00,17092.669921875,17124.9609375,17074.830078125,17106.2109375,0
2024-09-11 07:30:00,17106.16015625,17119.98046875,17089.94921875,17108.7109375,0
2024-09-12 01:30:00,17177.30078125,17266.220703125,17127.25,17266.220703125,0
2024-09-12 02:30:00,17265.19921875,17302.970703125,17222.41015625,17290.830078125,0
2024-09-12 03:30:00,17290.869140625,17291.900390625,17271.30078125,17274.720703125,0
2024-09-12 04:30:00,17273.19921875,17334.189453125,17271.130859375,17312.869140625,0
2024-09-12 05:30:00,17310.919921875,17322.390625,17265.060546875,17275.76953125,0
2024-09-12 06:30:00,17275.73046875,17303.4296875,17252.310546875,17277.44921875,0
2024-09-12 07:30:00,17276.990234375,17287.310546875,17233.58984375,17240.390625,0
2024-09-13 01:30:00,17298.349609375,17540.810546875,17298.349609375,17494.529296875,0
2024-09-13 02:30:00,17488.169921875,17506.66015625,17413.279296875,17444.419921875,0
2024-09-13 03:30:00,17438.759765625,17447.849609375,17395.9609375,17408.380859375,0
2024-09-13 04:30:00,17405.150390625,17421.439453125,17377.0,17419.349609375,0
2024-09-13 05:30:00,17409.80078125,17436.66015625,17364.220703125,17375.41015625,0
2024-09-13 06:30:00,17368.05078125,17393.939453125,17357.990234375,17381.470703125,0
2024-09-13 07:30:00,17380.060546875,17388.69921875,17357.890625,17369.08984375,0
2024-09-16 01:30:00,17252.76953125,17329.73046875,17177.080078125,17297.599609375,0
2024-09-16 02:30:00,17297.650390625,17349.2890625,17242.630859375,17346.279296875,0
2024-09-16 03:30:00,17346.509765625,17347.58984375,17313.9296875,17318.16015625,0
2024-09-16 04:30:00,17317.919921875,17379.05078125,17314.470703125,17367.220703125,0
2024-09-16 05:30:00,17366.810546875,17381.41015625,17352.119140625,17375.009765625,0
2024-09-16 06:30:00,17374.9296875,17401.390625,17362.810546875,17387.48046875,0
2024-09-16 07:30:00,17388.16015625,17422.119140625,17384.240234375,17422.119140625,0
2024-09-17 01:30:00,17386.75,17618.30078125,17368.140625,17575.2109375,0
2024-09-17 02:30:00,17575.2109375,17689.44921875,17575.2109375,17688.490234375,0
2024-09-17 03:30:00,17687.3203125,17692.029296875,17661.369140625,17672.91015625,0
2024-09-17 04:30:00,17668.080078125,17715.76953125,17655.279296875,17704.369140625,0
2024-09-17 05:30:00,17704.44921875,17707.2890625,17620.890625,17651.099609375,0
2024-09-17 06:30:00,17650.869140625,17662.150390625,17634.259765625,17654.9296875,0
2024-09-17 07:30:00,17656.890625,17660.01953125,17633.76953125,17660.01953125,0
2024-09-19 01:30:00,17633.9296875,17807.369140625,17602.44921875,17782.76953125,0
2024-09-19 02:30:00,17785.080078125,17935.650390625,17785.080078125,17931.099609375,0
2024-09-19 03:30:00,17930.259765625,17982.859375,17917.330078125,17978.830078125,0
2024-09-19 04:30:00,17976.7109375,18037.16015625,17960.509765625,17962.41015625,0
2024-09-19 05:30:00,17964.509765625,18038.119140625,17962.369140625,18030.5390625,0
2024-09-19 06:30:00,18031.330078125,18071.099609375,18003.26953125,18014.4609375,0
2024-09-19 07:30:00,18015.7109375,18021.400390625,17995.83984375,18013.16015625,0
2024-09-20 01:30:00,18069.330078125,18347.26953125,18047.130859375,18346.060546875,0
2024-09-20 02:30:00,18355.150390625,18355.150390625,18209.650390625,18211.05078125,0
2024-09-20 03:30:00,18221.169921875,18275.140625,18188.5703125,18275.140625,0
2024-09-20 04:30:00,18257.130859375,18262.599609375,18183.30078125,18215.599609375,0
2024-09-20 05:30:00,18224.23046875,18224.23046875,18156.55078125,18208.580078125,0
2024-09-20 06:30:00,18214.189453125,18251.689453125,18191.759765625,18235.890625,0
2024-09-20 07:30:00,18244.099609375,18258.5703125,18218.490234375,18258.5703125,0
2024-09-23 01:30:00,18237.41015625,18410.560546875,18227.919921875,18354.23046875,0
2024-09-23 02:30:00,18344.0703125,18426.919921875,18316.919921875,18390.69921875,0
2024-09-23 03:30:00,18379.73046875,18401.7890625,18351.130859375,18359.380859375,0
2024-09-23 04:30:00,18353.0390625,18358.240234375,18309.779296875,18316.30078125,0
2024-09-23 05:30:00,18317.130859375,18325.05078125,18237.140625,18282.16015625,0
2024-09-23 06:30:00,18283.2890625,18295.26953125,18212.580078125,18237.419921875,0
2024-09-23 07:30:00,18242.5703125,18247.109375,18218.19921875,18247.109375,0
2024-09-24 01:30:00,18573.919921875,18713.759765625,18532.279296875,18536.779296875,0
2024-09-24 02:30:00,18536.919921875,18827.44921875,18533.75,18819.7109375,0
2024-09-24 03:30:00,18829.810546875,18859.390625,18797.900390625,18845.369140625,0
2024-09-24 04:30:00,18860.640625,18972.880859375,18854.83984375,18893.189453125,0
2024-09-24 05:30:00,18895.2109375,18948.91015625,18876.2890625,18903.470703125,0
2024-09-24 06:30:00,18910.05078125,19002.05078125,18900.7890625,18984.0703125,0
2024-09-24 07:30:00,18977.880859375,19000.560546875,18950.5703125,19000.560546875,0
2024-09-25 01:30:00,19592.4296875,19592.4296875,19321.130859375,19421.310546875,0
2024-09-25 02:30:00,19418.029296875,19422.25,19289.2109375,19371.310546875,0
2024-09-25 03:30:00,19377.720703125,19391.220703125,19351.0390625,19382.5390625,0
2024-09-25 04:30:00,19369.859375,19389.0390625,19284.900390625,19301.98046875,0
2024-09-25 05:30:00,19305.400390625,19328.8203125,19092.130859375,19110.05078125,0
2024-09-25 06:30:00,19106.76953125,19180.169921875,19086.400390625,19120.9609375,0
2024-09-25 07:30:00,19132.3203125,19132.3203125,19072.720703125,19129.099609375,0
2024-09-26 01:30:00,19302.5703125,19495.23046875,19176.580078125,19476.26953125,0
2024-09-26 02:30:00,19486.5703125,19509.890625,19413.2890625,19499.630859375,0
2024-09-26 03:30:00,19506.990234375,19577.640625,19499.2109375,19572.44921875,0
2024-09-26 04:30:00,19560.16015625,19716.380859375,19538.9296875,19712.9609375,0
2024-09-26 05:30:00,19719.970703125,19827.080078125,19636.94921875,19757.169921875,0
2024-09-26 06:30:00,19760.810546875,19954.060546875,19700.779296875,19873.51953125,0
2024-09-26 07:30:00,19880.4609375,19925.029296875,19807.05078125,19924.580078125,0
2024-09-27 01:30:00,20446.740234375,20561.169921875,20268.630859375,20287.669921875,0
2024-09-27 02:30:00,20271.44921875,20652.25,20271.44921875,20652.25,0
2024-09-27 03:30:00,20636.849609375,20708.310546875,20589.33984375,20621.900390625,0
2024-09-27 04:30:00,20643.1796875,20743.19921875,20395.359375,20395.359375,0
2024-09-27 05:30:00,20389.51953125,20498.4296875,20285.5390625,20429.359375,0
2024-09-27 06:30:00,20415.5390625,20579.58984375,20404.619140625,20528.73046875,0
2024-09-27 07:30:00,20519.509765625,20632.30078125,20499.8203125,20632.30078125,0
2024-09-30 01:30:00,21175.41015625,21293.279296875,20789.9296875,20965.83984375,0
2024-09-30 02:30:00,20962.369140625,21234.369140625,20854.419921875,21234.369140625,0
2024-09-30 03:30:00,21233.880859375,21331.439453125,21180.779296875,21321.970703125,0
2024-09-30 04:30:00,21331.6796875,21393.26953125,21178.689453125,21355.529296875,0
2024-09-30 05:30:00,21354.33984375,21488.75,21160.259765625,21207.390625,0
2024-09-30 06:30:00,21201.150390625,21362.509765625,21167.640625,21174.5390625,0
2024-09-30 07:30:00,21174.689453125,21179.310546875,21022.810546875,21133.6796875,0
2024-10-02 01:30:00,21289.599609375,22075.890625,21289.599609375,22071.23046875,0
2024-10-02 02:30:00,22074.779296875,22446.58984375,22002.4609375,22390.75,0
2024-10-02 03:30:00,22394.240234375,22640.509765625,22328.0703125,22401.740234375,0
2024-10-02 04:30:00,22373.4609375,22667.740234375,22373.4609375,22490.259765625,0
2024-10-02 05:30:00,22493.44921875,22541.080078125,21957.98046875,22369.66015625,0
2024-10-02 06:30:00,22397.16015625,22482.169921875,22256.9609375,22309.109375,0
2024-10-02 07:30:00,22302.939453125,22475.650390625,22238.359375,22443.73046875,0
2024-10-03 01:30:00,22484.0390625,22484.0390625,21681.76953125,21769.919921875,0
2024-10-03 02:30:00,21774.26953125,21806.439453125,21442.25,21541.029296875,0
2024-10-03 03:30:00,21549.44921875,21796.349609375,21546.23046875,21743.1796875,0
2024-10-03 04:30:00,21751.01953125,22057.810546875,21737.0703125,22057.810546875,0
2024-10-03 05:30:00,22061.48046875,22266.630859375,22015.5,22186.5,0
2024-10-03 06:30:00,22194.640625,22442.919921875,22140.169921875,22140.169921875,0
2024-10-03 07:30:00,22148.6796875,22194.859375,22081.310546875,22113.509765625,0
2024-10-04 01:30:00,22015.080078125,22524.44921875,21824.6796875,22524.44921875,0
2024-10-04 02:30:00,22530.26953125,22650.599609375,22441.7109375,22546.91015625,0
2024-10-04 03:30:00,22555.4609375,22566.830078125,22344.080078125,22500.1796875,0
2024-10-04 04:30:00,22537.859375,22654.9296875,22519.650390625,22608.150390625,0
2024-10-04 05:30:00,22618.259765625,22625.119140625,22421.439453125,22527.779296875,0
2024-10-04 06:30:00,22521.16015625,22665.630859375,22489.0703125,22650.51953125,0
2024-10-04 07:30:00,22658.390625,22742.359375,22605.23046875,22736.869140625,0
2024-10-07 01:30:00,22948.349609375,23241.740234375,22719.91015625,22865.01953125,0
2024-10-07 02:30:00,22870.640625,23072.400390625,22785.58984375,22996.01953125,0
2024-10-07 03:30:00,23002.69921875,23019.140625,22941.380859375,22997.259765625,0
2024-10-07 04:30:00,22995.970703125,23090.9296875,22995.970703125,23013.16015625,0
2024-10-07 05:30:00,23020.859375,23033.279296875,22950.759765625,22965.41015625,0
2024-10-07 06:30:00,22981.41015625,23135.419921875,22966.890625,23028.009765625,0
2024-10-07 07:30:00,23041.240234375,23106.470703125,23011.330078125,23099.779296875,0
2024-10-08 01:30:00,22849.23046875,22902.359375,21508.240234375,21508.240234375,0
2024-10-08 02:30:00,21506.630859375,21905.439453125,20762.8203125,21751.23046875,0
2024-10-08 03:30:00,21757.69921875,21814.029296875,21665.150390625,21810.0,0
2024-10-08 04:30:00,21784.599609375,21958.939453125,21426.880859375,21525.26953125,0
2024-10-08 05:30:00,21513.83984375,21584.380859375,21205.83984375,21422.740234375,0
2024-10-08 06:30:00,21427.109375,21560.400390625,21088.509765625,21147.73046875,0
2024-10-08 07:30:00,21144.5703125,21232.0390625,20891.98046875,20926.7890625,0
2024-10-09 01:30:00,21290.0390625,21417.75,20670.380859375,20832.099609375,0
2024-10-09 02:30:00,20841.76953125,20904.6796875,20190.529296875,20566.73046875,0
2024-10-09 03:30:00,20570.76953125,20720.609375,20482.189453125,20635.109375,0
2024-10-09 04:30:00,20682.1796875,21226.69921875,20682.1796875,21083.880859375,0
2024-10-09 05:30:00,21079.470703125,21347.490234375,20703.970703125,20815.599609375,0
2024-10-09 06:30:00,20817.869140625,20879.970703125,20510.509765625,20579.310546875,0
2024-10-09 07:30:00,20569.740234375,20689.01953125,20547.130859375,20637.240234375,0
2024-10-10 01:30:00,21046.0,21362.650390625,20983.939453125,21249.66015625,0
2024-10-10 02:30:00,21229.73046875,21516.130859375,21196.9296875,21449.58984375,0
2024-10-10 03:30:00,21445.009765625,21524.849609375,21379.599609375,21508.369140625,0
2024-10-10 04:30:00,21521.359375,21622.650390625,21387.5390625,21476.470703125,0
2024-10-10 05:30:00,21468.1796875,21497.880859375,21235.7890625,21256.599609375,0
2024-10-10 06:30:00,21247.490234375,21318.189453125,21147.080078125,21234.029296875,0
2024-10-10 07:30:00,21224.51953125,21290.560546875,21224.51953125,21251.98046875,0
2024-10-14 01:30:00,21228.650390625,21300.26953125,20693.75,20739.369140625,0
2024-10-14 02:30:00,20734.55078125,21159.099609375,20711.2890625,21151.4609375,0
2024-10-14 03:30:00,21140.6796875,21258.26953125,21094.30078125,21164.9296875,0
2024-10-14 04:30:00,21148.490234375,21347.279296875,21102.859375,21331.58984375,0
2024-10-14 05:30:00,21329.419921875,21348.859375,21097.060546875,21151.9609375,0
2024-10-14 06:30:00,21140.0390625,21178.08984375,21039.16015625,21074.3203125,0
2024-10-14 07:30:00,21069.109375,21095.0,21033.380859375,21092.869140625,0
2024-10-15 01:30:00,21046.189453125,21095.009765625,20893.009765625,20945.029296875,0
2024-10-15 02:30:00,20931.76953125,20996.9296875,20732.41015625,20820.580078125,0
2024-10-15 03:30:00,20809.3203125,20834.4296875,20791.05078125,20810.109375,0
2024-10-15 04:30:00,20787.7890625,20807.759765625,20587.099609375,20587.099609375,0
2024-10-15 05:30:00,20585.310546875,20636.609375,20306.259765625,20339.0703125,0
2024-10-15 06:30:00,20334.509765625,20400.75,20154.7109375,20166.859375,0
2024-10-15 07:30:00,20159.890625,20318.7890625,20158.55078125,20318.7890625,0
2024-10-16 01:30:00,20144.75,20469.76953125,20131.33984375,20190.44921875,0
2024-10-16 02:30:00,20187.990234375,20526.279296875,20181.619140625,20368.990234375,0
2024-10-16 03:30:00,20378.720703125,20504.880859375,20371.380859375,20501.76953125,0
2024-10-16 04:30:00,20502.3203125,20548.1796875,20383.029296875,20444.7890625,0
2024-10-16 05:30:00,20445.83984375,20466.220703125,20244.359375,20348.05078125,0
2024-10-16 06:30:00,20350.189453125,20422.900390625,20317.5390625,20387.1796875,0
2024-10-16 07:30:00,20389.619140625,20390.0703125,20286.849609375,20286.849609375,0
2024-10-17 01:30:00,20471.990234375,20783.349609375,20435.630859375,20461.94921875,0
2024-10-17 02:30:00,20467.859375,20536.560546875,20374.380859375,20423.060546875,0
2024-10-17 03:30:00,20430.5,20460.859375,20352.490234375,20460.859375,0
2024-10-17 04:30:00,20445.689453125,20476.359375,20410.26953125,20413.5703125,0
2024-10-17 05:30:00,20414.2890625,20430.48046875,20164.529296875,20175.0,0
2024-10-17 06:30:00,20184.05078125,20218.029296875,19977.349609375,20032.9296875,0
2024-10-17 07:30:00,20039.029296875,20105.640625,20026.98046875,20079.099609375,0
2024-10-18 01:30:00,20106.650390625,20307.7890625,20058.669921875,20183.33984375,0
2024-10-18 02:30:00,20174.9609375,20438.099609375,20174.9609375,20285.76953125,0
2024-10-18 03:30:00,20273.69921875,20299.01953125,20215.869140625,20229.939453125,0
2024-10-18 04:30:00,20259.94921875,20568.8203125,20259.94921875,20469.75,0
2024-10-18 05:30:00,20456.810546875,20788.599609375,20443.169921875,20770.779296875,0
2024-10-18 06:30:00,20756.619140625,20952.990234375,20635.349609375,20746.91015625,0
2024-10-18 07:30:00,20741.5,20836.7109375,20726.5390625,20804.109375,0
2024-10-21 01:30:00,20730.94921875,20845.5703125,20564.75,20772.810546875,0
2024-10-21 02:30:00,20769.740234375,20790.869140625,20639.2109375,20742.419921875,0
2024-10-21 03:30:00,20724.19921875,20755.48046875,20684.73046875,20689.390625,0
2024-10-21 04:30:00,20664.98046875,20743.23046875,20535.58984375,20549.349609375,0
2024-10-21 05:30:00,20543.80078125,20561.220703125,20423.08984375,20512.41015625,0
2024-10-21 06:30:00,20511.630859375,20539.740234375,20461.08984375,20475.55078125,0
2024-10-21 07:30:00,20476.740234375,20499.76953125,20449.76953125,20478.4609375,0
2024-10-22 01:30:00,20433.490234375,20629.48046875,20433.490234375,20564.640625,0
2024-10-22 02:30:00,20564.1796875,20590.619140625,20441.0,20560.9609375,0
2024-10-22 03:30:00,20552.240234375,20599.810546875,20552.240234375,20585.509765625,0
2024-10-22 04:30:00,20601.869140625,20614.0,20476.55078125,20509.130859375,0
2024-10-22 05:30:00,20510.9296875,20543.580078125,20380.0390625,20494.560546875,0
2024-10-22 06:30:00,20487.240234375,20518.80078125,20448.099609375,20505.41015625,0
2024-10-22 07:30:00,20506.51953125,20507.30078125,20466.51953125,20498.94921875,0
2024-10-23 01:30:00,20525.439453125,20857.310546875,20448.83984375,20784.16015625,0
2024-10-23 02:30:00,20775.23046875,20844.919921875,20704.740234375,20800.310546875,0
2024-10-23 03:30:00,20788.16015625,20843.66015625,20785.98046875,20841.73046875,0
2024-10-23 04:30:00,20847.359375,20942.259765625,20839.759765625,20844.880859375,0
2024-10-23 05:30:00,20842.41015625,20891.380859375,20726.619140625,20776.41015625,0
2024-10-23 06:30:00,20764.439453125,20787.939453125,20672.640625,20785.689453125,0
2024-10-23 07:30:00,20771.01953125,20794.619140625,20758.76953125,20760.150390625,0
2024-10-24 01:30:00,20576.05078125,20653.419921875,20472.91015625,20624.33984375,0
2024-10-24 02:30:00,20624.009765625,20685.4609375,20591.990234375,20608.130859375,0
2024-10-24 03:30:00,20608.69921875,20608.69921875,20539.919921875,20555.0390625,0
2024-10-24 04:30:00,20563.94921875,20563.94921875,20452.7109375,20471.25,0
2024-10-24 05:30:00,20473.150390625,20537.2890625,20448.4609375,20511.5390625,0
2024-10-24 06:30:00,20511.19921875,20549.9296875,20453.609375,20476.41015625,0
2024-10-24 07:30:00,20479.109375,20525.66015625,20472.529296875,20489.619140625,0
2024-10-25 01:30:00,20521.94921875,20698.349609375,20521.94921875,20661.5390625,0
2024-10-25 02:30:00,20662.19921875,20746.7109375,20624.9296875,20743.919921875,0
2024-10-25 03:30:00,20740.75,20748.01953125,20668.259765625,20720.599609375,0
2024-10-25 04:30:00,20740.349609375,20784.470703125,20697.880859375,20729.2109375,0
2024-10-25 05:30:00,20726.720703125,20736.080078125,20572.16015625,20589.900390625,0
2024-10-25 06:30:00,20588.7109375,20627.23046875,20570.2890625,20606.310546875,0
2024-10-25 07:30:00,20605.05078125,20624.529296875,20584.419921875,20590.150390625,0
2024-10-28 01:30:00,20592.740234375,20657.48046875,20428.939453125,20580.01953125,0
2024-10-28 02:30:00,20579.970703125,20587.130859375,20527.609375,20564.9296875,0
2024-10-28 03:30:00,20577.41015625,20583.119140625,20529.7109375,20546.240234375,0
2024-10-28 04:30:00,20559.83984375,20623.44921875,20537.990234375,20618.609375,0
2024-10-28 05:30:00,20618.55078125,20669.41015625,20591.359375,20640.33984375,0
2024-10-28 06:30:00,20635.19921875,20660.55078125,20618.2890625,20651.23046875,0
2024-10-28 07:30:00,20652.109375,20652.830078125,20599.359375,20599.359375,0
2024-10-29 01:30:00,20729.98046875,20890.080078125,20677.7109375,20828.2109375,0
2024-10-29 02:30:00,20830.669921875,20869.33984375,20676.2109375,20691.4609375,0
2024-10-29 03:30:00,20690.5390625,20696.419921875,20570.259765625,20593.33984375,0
2024-10-29 04:30:00,20598.849609375,20694.330078125,20563.740234375,20660.720703125,0
2024-10-29 05:30:00,20661.80078125,20740.6796875,20660.740234375,20699.26953125,0
2024-10-29 06:30:00,20700.01953125,20710.759765625,20637.890625,20681.51953125,0
2024-10-29 07:30:00,20679.98046875,20701.140625,20649.0390625,20701.140625,0
2024-10-30 01:30:00,20586.55078125,20681.51953125,20500.640625,20527.80078125,0
2024-10-30 02:30:00,20514.3203125,20575.05078125,20365.529296875,20373.119140625,0
2024-10-30 03:30:00,20363.869140625,20381.80078125,20311.2890625,20316.23046875,0
2024-10-30 04:30:00,20349.01953125,20349.01953125,20270.0703125,20340.4296875,0
2024-10-30 05:30:00,20322.69921875,20387.240234375,20291.58984375,20375.279296875,0
2024-10-30 06:30:00,20363.220703125,20423.880859375,20339.650390625,20355.7890625,0
2024-10-30 07:30:00,20344.509765625,20387.650390625,20340.16015625,20380.640625,0
2024-10-31 01:30:00,20414.19921875,20552.26953125,20410.380859375,20463.5703125,0
2024-10-31 02:30:00,20463.060546875,20553.30078125,20450.9609375,20485.240234375,0
2024-10-31 03:30:00,20485.900390625,20501.73046875,20468.2109375,20476.419921875,0
2024-10-31 04:30:00,20465.58984375,20465.58984375,20325.5,20386.69921875,0
2024-10-31 05:30:00,20386.55078125,20466.4609375,20329.83984375,20451.16015625,0
2024-10-31 06:30:00,20449.400390625,20449.75,20372.73046875,20386.919921875,0
2024-10-31 07:30:00,20386.01953125,20419.16015625,20317.330078125,20317.330078125,0
2024-11-01 01:30:00,20427.880859375,20535.73046875,20353.33984375,20457.26953125,0
2024-11-01 02:30:00,20460.359375,20544.890625,20411.83984375,20514.619140625,0
2024-11-01 03:30:00,20515.279296875,20649.099609375,20514.869140625,20635.73046875,0
2024-11-01 04:30:00,20646.849609375,20667.220703125,20501.98046875,20525.48046875,0
2024-11-01 05:30:00,20527.1796875,20538.990234375,20457.4296875,20496.669921875,0
2024-11-01 06:30:00,20497.560546875,20513.0390625,20463.890625,20483.98046875,0
2024-11-01 07:30:00,20485.2109375,20513.279296875,20479.05078125,20506.4296875,0
2024-11-04 01:30:00,20584.44921875,20633.580078125,20446.259765625,20532.359375,0
2024-11-04 02:30:00,20531.849609375,20552.470703125,20477.4609375,20550.830078125,0
2024-11-04 03:30:00,20552.109375,20553.9296875,20521.69921875,20528.119140625,0
2024-11-04 04:30:00,20527.41015625,20541.9296875,20477.5,20487.55078125,0
2024-11-04 05:30:00,20486.779296875,20568.669921875,20482.529296875,20526.109375,0
2024-11-04 06:30:00,20525.689453125,20584.849609375,20520.599609375,20566.599609375,0
2024-11-04 07:30:00,20568.05078125,20582.890625,20542.33984375,20567.51953125,0
2024-11-05 01:30:00,20409.939453125,20790.7109375,20409.939453125,20694.1796875,0
2024-11-05 02:30:00,20695.439453125,20805.91015625,20605.8203125,20800.970703125,0
2024-11-05 03:30:00,20802.099609375,20836.94921875,20781.810546875,20823.359375,0
2024-11-05 04:30:00,20853.529296875,20894.599609375,20816.919921875,20835.919921875,0
2024-11-05 05:30:00,20835.169921875,20882.810546875,20787.8203125,20866.720703125,0
2024-11-05 06:30:00,20866.359375,20986.5390625,20848.75,20946.0,0
2024-11-05 07:30:00,20946.580078125,21006.970703125,20945.83984375,21006.970703125,0
2024-11-06 01:30:00,20791.80078125,20859.66015625,20709.98046875,20767.08984375,0
2024-11-06 02:30:00,20767.4296875,20770.26953125,20370.529296875,20469.4296875,0
2024-11-06 03:30:00,20471.009765625,20540.390625,20443.66015625,20459.259765625,0
2024-11-06 04:30:00,20430.83984375,20470.990234375,20361.919921875,20408.08984375,0
2024-11-06 05:30:00,20408.58984375,20637.8203125,20406.619140625,20530.30078125,0
2024-11-06 06:30:00,20533.009765625,20534.349609375,20413.880859375,20453.439453125,0
2024-11-06 07:30:00,20455.720703125,20538.380859375,20443.560546875,20538.380859375,0
2024-11-07 01:30:00,20386.359375,20822.830078125,20370.439453125,20638.9296875,0
2024-11-07 02:30:00,20638.490234375,20739.5,20615.33984375,20725.990234375,0
2024-11-07 03:30:00,20726.099609375,20778.419921875,20724.759765625,20776.0,0
2024-11-07 04:30:00,20783.98046875,20828.970703125,20700.890625,20701.740234375,0
2024-11-07 05:30:00,20703.01953125,20903.19921875,20702.33984375,20849.599609375,0
2024-11-07 06:30:00,20848.779296875,20986.310546875,20826.970703125,20922.9609375,0
2024-11-07 07:30:00,20924.359375,20973.4296875,20921.529296875,20953.33984375,0
2024-11-08 01:30:00,21199.9609375,21355.439453125,21048.060546875,21088.0,0
2024-11-08 02:30:00,21076.640625,21100.060546875,20827.009765625,20827.009765625,0
2024-11-08 03:30:00,20820.08984375,20837.80078125,20705.119140625,20767.640625,0
2024-11-08 04:30:00,20780.439453125,20911.779296875,20771.619140625,20886.73046875,0
2024-11-08 05:30:00,20874.240234375,20914.83984375,20762.0,20803.0703125,0
2024-11-08 06:30:00,20799.330078125,20843.0,20735.009765625,20779.41015625,0
2024-11-08 07:30:00,20771.5,20805.099609375,20728.189453125,20728.189453125,0
2024-11-11 01:30:00,20258.140625,20384.880859375,20162.509765625,20177.650390625,0
2024-11-11 02:30:00,20177.55078125,20321.150390625,20151.380859375,20319.689453125,0
2024-11-11 03:30:00,20322.779296875,20328.509765625,20270.279296875,20288.990234375,0
2024-11-11 04:30:00,20301.109375,20410.98046875,20297.380859375,20397.830078125,0
2024-11-11 05:30:00,20396.7890625,20446.490234375,20302.919921875,20445.970703125,0
2024-11-11 06:30:00,20446.80078125,20505.009765625,20343.23046875,20388.369140625,0
2024-11-11 07:30:00,20390.19921875,20426.9296875,20361.580078125,20426.9296875,0
2024-11-12 01:30:00,20334.08984375,20517.240234375,20270.830078125,20279.66015625,0
2024-11-12 02:30:00,20277.650390625,20293.5390625,20095.5703125,20146.869140625,0
2024-11-12 03:30:00,20145.900390625,20151.759765625,20057.330078125,20073.8203125,0
2024-11-12 04:30:00,20080.359375,20080.359375,19882.400390625,19884.619140625,0
2024-11-12 05:30:00,19886.55078125,19915.720703125,19777.630859375,19814.900390625,0
2024-11-12 06:30:00,19814.5703125,19860.099609375,19761.310546875,19798.2890625,0
2024-11-12 07:30:00,19802.98046875,19846.880859375,19785.650390625,19846.880859375,0
2024-11-13 01:30:00,19671.919921875,19762.69921875,19608.3203125,19648.330078125,0
2024-11-13 02:30:00,19650.890625,19763.400390625,19608.580078125,19720.220703125,0
2024-11-13 03:30:00,19720.259765625,19743.169921875,19698.08984375,19721.580078125,0
2024-11-13 04:30:00,19715.529296875,19723.140625,19635.0703125,19645.640625,0
2024-11-13 05:30:00,19643.939453125,19768.25,19636.099609375,19712.419921875,0
2024-11-13 06:30:00,19712.359375,19802.560546875,19686.23046875,19793.19921875,0
2024-11-13 07:30:00,19788.740234375,19840.279296875,19756.75,19823.44921875,0
2024-11-14 01:30:00,19626.259765625,19859.169921875,19626.259765625,19685.759765625,0
2024-11-14 02:30:00,19684.560546875,19741.119140625,19611.130859375,19686.0703125,0
2024-11-14 03:30:00,19686.630859375,19686.630859375,19621.69921875,19649.91015625,0
2024-11-14 04:30:00,19654.7109375,19665.380859375,19514.509765625,19553.1796875,0
2024-11-14 05:30:00,19556.310546875,19584.869140625,19441.01953125,19468.779296875,0
2024-11-14 06:30:00,19469.44921875,19482.060546875,19392.58984375,19444.619140625,0
2024-11-14 07:30:00,19439.869140625,19465.44921875,19427.640625,19435.810546875,0
2024-11-15 01:30:00,19503.029296875,19607.810546875,19332.33984375,19512.650390625,0
2024-11-15 02:30:00,19498.76953125,19608.240234375,19452.970703125,19543.830078125,0
2024-11-15 03:30:00,19534.390625,19543.109375,19484.5,19486.970703125,0
2024-11-15 04:30:00,19500.400390625,19600.150390625,19473.16015625,19575.109375,0
2024-11-15 05:30:00,19566.029296875,19569.869140625,19486.779296875,19490.380859375,0
2024-11-15 06:30:00,19477.4296875,19501.55078125,19430.640625,19448.419921875,0
2024-11-15 07:30:00,19437.69921875,19460.5703125,19426.33984375,19426.33984375,0
2024-11-18 01:30:00,19595.5,19757.25,19470.4296875,19744.900390625,0
2024-11-18 02:30:00,19748.25,19781.080078125,19665.900390625,19722.279296875,0
2024-11-18 03:30:00,19718.41015625,19726.939453125,19644.9609375,19655.580078125,0
2024-11-18 04:30:00,19663.76953125,19663.76953125,19585.619140625,19603.5390625,0
2024-11-18 05:30:00,19603.4296875,19605.759765625,19508.099609375,19548.6796875,0
2024-11-18 06:30:00,19550.259765625,19597.330078125,19523.369140625,19564.009765625,0
2024-11-18 07:30:00,19563.51953125,19587.05078125,19552.609375,19576.609375,0
2024-11-19 01:30:00,19699.810546875,19758.5703125,19605.94921875,19632.55078125,0
2024-11-19 02:30:00,19633.4609375,19656.029296875,19565.8203125,19634.5703125,0
2024-11-19 03:30:00,19636.580078125,19648.23046875,19623.330078125,19640.740234375,0
2024-11-19 04:30:00,19638.0,19638.0,19589.880859375,19596.779296875,0
2024-11-19 05:30:00,19596.2890625,19693.189453125,19522.58984375,19680.740234375,0
2024-11-19 06:30:00,19679.349609375,19704.41015625,19626.0703125,19647.76953125,0
2024-11-19 07:30:00,19646.080078125,19663.669921875,19638.470703125,19663.669921875,0
2024-11-20 01:30:00,19623.390625,19742.740234375,19575.91015625,19643.69921875,0
2024-11-20 02:30:00,19643.490234375,19678.98046875,19592.619140625,19668.740234375,0
2024-11-20 03:30:00,19671.05078125,19684.150390625,19633.8203125,19641.05078125,0
2024-11-20 04:30:00,19647.4296875,19752.9296875,19623.25,19693.310546875,0
2024-11-20 05:30:00,19692.41015625,19692.41015625,19612.119140625,19672.669921875,0
2024-11-20 06:30:00,19672.2109375,19717.900390625,19668.669921875,19710.619140625,0
2024-11-20 07:30:00,19711.25,19718.0703125,19692.3203125,19705.009765625,0
2024-11-21 01:30:00,19646.0390625,19764.619140625,19607.130859375,19737.7890625,0
2024-11-21 02:30:00,19738.9296875,19764.349609375,19643.310546875,19670.009765625,0
2024-11-21 03:30:00,19670.2890625,19688.25,19659.6796875,19680.23046875,0
2024-11-21 04:30:00,19673.5,19685.509765625,19638.98046875,19668.830078125,0
2024-11-21 05:30:00,19667.310546875,19671.859375,19605.08984375,19644.5,0
2024-11-21 06:30:00,19647.900390625,19662.98046875,19552.5,19576.490234375,0
2024-11-21 07:30:00,19576.779296875,19632.05078125,19576.779296875,19601.109375,0
2024-11-22 01:30:00,19613.55078125,19711.400390625,19545.8203125,19549.5390625,0
2024-11-22 02:30:00,19543.109375,19612.810546875,19463.419921875,19463.419921875,0
2024-11-22 03:30:00,19454.470703125,19466.619140625,19317.849609375,19343.91015625,0
2024-11-22 04:30:00,19346.9609375,19381.76953125,19256.490234375,19315.220703125,0
2024-11-22 05:30:00,19303.44921875,19327.759765625,19245.9296875,19300.810546875,0
2024-11-22 06:30:00,19285.970703125,19300.779296875,19134.58984375,19189.119140625,0
2024-11-22 07:30:00,19178.689453125,19253.3203125,19178.689453125,19229.970703125,0
2024-11-25 01:30:00,19307.33984375,19351.060546875,19217.5,19290.01953125,0
2024-11-25 02:30:00,19288.970703125,19317.55078125,19154.919921875,19160.1796875,0
2024-11-25 03:30:00,19160.69921875,19168.140625,19102.69921875,19131.8203125,0
2024-11-25 04:30:00,19125.51953125,19196.3203125,19102.060546875,19170.279296875,0
2024-11-25 05:30:00,19170.5,19202.560546875,19119.3203125,19176.009765625,0
2024-11-25 06:30:00,19173.0,19210.830078125,19146.109375,19167.94921875,0
2024-11-25 07:30:00,19169.55078125,19169.55078125,19141.630859375,19150.990234375,0
2024-11-26 01:30:00,19054.400390625,19295.75,19054.400390625,19245.689453125,0
2024-11-26 02:30:00,19243.83984375,19283.740234375,19189.630859375,19271.779296875,0
2024-11-26 03:30:00,19270.44921875,19272.419921875,19232.0703125,19244.630859375,0
2024-11-26 04:30:00,19240.779296875,19257.359375,19196.529296875,19201.9609375,0
2024-11-26 05:30:00,19198.7890625,19232.44921875,19136.1796875,19172.689453125,0
2024-11-26 06:30:00,19184.1796875,19189.259765625,19144.259765625,19147.8203125,0
2024-11-26 07:30:00,19149.470703125,19159.19921875,19122.400390625,19159.19921875,0
2024-11-27 01:30:00,19187.05078125,19227.8203125,19061.599609375,19197.470703125,0
2024-11-27 02:30:00,19198.029296875,19284.51953125,19145.720703125,19240.80078125,0
2024-11-27 03:30:00,19239.759765625,19260.619140625,19216.900390625,19239.849609375,0
2024-11-27 04:30:00,19242.44921875,19269.119140625,19218.7890625,19237.55078125,0
2024-11-27 05:30:00,19236.740234375,19404.58984375,19229.30078125,19402.2109375,0
2024-11-27 06:30:00,19404.380859375,19660.990234375,19403.029296875,19621.099609375,0
2024-11-27 07:30:00,19621.310546875,19621.310546875,19583.380859375,19603.130859375,0
2024-11-28 01:30:00,19558.1796875,19558.1796875,19373.0703125,19400.859375,0
2024-11-28 02:30:00,19409.970703125,19443.130859375,19312.259765625,19333.330078125,0
2024-11-28 03:30:00,19343.439453125,19358.619140625,19322.19921875,19344.0703125,0
2024-11-28 04:30:00,19334.279296875,19383.529296875,19323.529296875,19383.150390625,0
2024-11-28 05:30:00,19394.720703125,19409.220703125,19357.669921875,19361.44921875,0
2024-11-28 06:30:00,19373.630859375,19376.08984375,19334.720703125,19349.509765625,0
2024-11-28 07:30:00,19358.73046875,19374.529296875,19345.0703125,19366.9609375,0
2024-11-29 01:30:00,19346.619140625,19467.779296875,19321.1796875,19352.26953125,0
2024-11-29 02:30:00,19340.05078125,19579.880859375,19312.41015625,19571.369140625,0
2024-11-29 03:30:00,19558.240234375,19638.380859375,19552.419921875,19616.439453125,0
2024-11-29 04:30:00,19621.619140625,19658.19921875,19474.470703125,19494.91015625,0
2024-11-29 05:30:00,19483.240234375,19492.619140625,19313.4609375,19359.689453125,0
2024-11-29 06:30:00,19361.810546875,19417.939453125,19361.2890625,19416.30078125,0
2024-11-29 07:30:00,19403.740234375,19428.400390625,19397.30078125,19423.609375,0
2024-12-02 01:30:00,19442.310546875,19690.220703125,19387.19921875,19552.83984375,0
2024-12-02 02:30:00,19553.720703125,19586.390625,19437.58984375,19475.869140625,0
2024-12-02 03:30:00,19477.3203125,19482.51953125,19451.4609375,19468.26953125,0
2024-12-02 04:30:00,19472.609375,19475.689453125,19404.140625,19454.26953125,0
2024-12-02 05:30:00,19453.720703125,19540.330078125,19442.0,19445.98046875,0
2024-12-02 06:30:00,19446.880859375,19605.0,19446.5390625,19563.830078125,0
2024-12-02 07:30:00,19564.98046875,19577.439453125,19525.220703125,19550.2890625,0
2024-12-03 01:30:00,19585.349609375,19611.599609375,19427.890625,19453.150390625,0
2024-12-03 02:30:00,19451.810546875,19558.529296875,19386.8203125,19551.1796875,0
2024-12-03 03:30:00,19553.0703125,19645.7890625,19551.0,19619.91015625,0
2024-12-03 04:30:00,19618.830078125,19618.830078125,19552.140625,19565.900390625,0
2024-12-03 05:30:00,19566.349609375,19768.3203125,19522.4609375,19700.919921875,0
2024-12-03 06:30:00,19698.919921875,19715.330078125,19630.5703125,19712.150390625,0
2024-12-03 07:30:00,19709.990234375,19746.3203125,19687.98046875,19746.3203125,0
2024-12-04 01:30:00,19722.150390625,19733.0,19615.609375,19713.439453125,0
2024-12-04 02:30:00,19714.41015625,19823.08984375,19713.830078125,19765.7109375,0
2024-12-04 03:30:00,19766.140625,19783.6796875,19751.4609375,19762.80078125,0
2024-12-04 04:30:00,19775.150390625,19819.279296875,19752.490234375,19791.330078125,0
2024-12-04 05:30:00,19793.359375,19818.08984375,19699.080078125,19709.890625,0
2024-12-04 06:30:00,19710.9609375,19774.25,19704.720703125,19735.689453125,0
2024-12-04 07:30:00,19733.109375,19774.2109375,19725.630859375,19742.4609375,0
2024-12-05 01:30:00,19578.66015625,19642.73046875,19466.689453125,19514.9296875,0
2024-12-05 02:30:00,19515.650390625,19591.349609375,19505.3203125,19554.0390625,0
2024-12-05 03:30:00,19551.169921875,19561.4609375,19536.150390625,19547.009765625,0
2024-12-05 04:30:00,19540.029296875,19560.890625,19507.439453125,19518.25,0
2024-12-05 05:30:00,19519.130859375,19545.109375,19491.970703125,19498.75,0
2024-12-05 06:30:00,19500.009765625,19554.0703125,19496.390625,19542.849609375,0
2024-12-05 07:30:00,19542.640625,19565.669921875,19533.7109375,19560.439453125,0
2024-12-06 01:30:00,19611.619140625,19693.01953125,19566.2890625,19678.720703125,0
2024-12-06 02:30:00,19670.05078125,19921.69921875,19646.919921875,19895.419921875,0
2024-12-06 03:30:00,19886.08984375,19911.58984375,19818.330078125,19831.369140625,0
2024-12-06 04:30:00,19846.83984375,19846.83984375,19777.2890625,19818.51953125,0
2024-12-06 05:30:00,19811.970703125,19934.720703125,19805.1796875,19900.880859375,0
2024-12-06 06:30:00,19896.73046875,19918.7890625,19814.66015625,19862.16015625,0
2024-12-06 07:30:00,19851.810546875,19874.76953125,19848.330078125,19865.849609375,0
2024-12-09 01:30:00,19732.279296875,19937.919921875,19706.830078125,19934.83984375,0
2024-12-09 02:30:00,19938.1796875,19946.609375,19728.55078125,19738.970703125,0
2024-12-09 03:30:00,19740.349609375,19762.419921875,19712.30078125,19753.259765625,0
2024-12-09 04:30:00,19745.69921875,19788.689453125,19734.5390625,19753.48046875,0
2024-12-09 05:30:00,19750.8203125,19778.25,19695.509765625,19777.140625,0
2024-12-09 06:30:00,19780.08984375,20125.150390625,19778.30078125,20125.150390625,0
2024-12-09 07:30:00,20122.060546875,20433.73046875,20100.05078125,20414.08984375,0
2024-12-10 01:30:00,21070.05078125,21070.05078125,20580.26953125,20702.3203125,0
2024-12-10 02:30:00,20705.5390625,20720.640625,20520.9296875,20641.9296875,0
2024-12-10 03:30:00,20642.4296875,20648.51953125,20593.890625,20618.1796875,0
2024-12-10 04:30:00,20624.51953125,20680.5703125,20549.330078125,20553.619140625,0
2024-12-10 05:30:00,20554.369140625,20596.2109375,20397.330078125,20485.310546875,0
2024-12-10 06:30:00,20484.30078125,20490.220703125,20311.349609375,20408.3203125,0
2024-12-10 07:30:00,20409.439453125,20410.26953125,20308.859375,20311.279296875,0
2024-12-11 01:30:00,20404.5,20481.369140625,20396.509765625,20445.150390625,0
2024-12-11 02:30:00,20442.2890625,20451.580078125,20241.30078125,20282.25,0
2024-12-11 03:30:00,20285.9609375,20310.33984375,20259.169921875,20310.33984375,0
2024-12-11 04:30:00,20297.189453125,20297.189453125,20236.609375,20262.849609375,0
2024-12-11 05:30:00,20262.890625,20264.849609375,20176.080078125,20211.33984375,0
2024-12-11 06:30:00,20209.80078125,20214.619140625,20100.0703125,20117.25,0
2024-12-11 07:30:00,20118.0,20186.130859375,20108.5,20155.05078125,0
2024-12-12 01:30:00,20213.240234375,20247.23046875,20121.470703125,20213.869140625,0
2024-12-12 02:30:00,20213.599609375,20454.970703125,20168.16015625,20427.599609375,0
2024-12-12 03:30:00,20426.359375,20516.75,20413.150390625,20501.140625,0
2024-12-12 04:30:00,20505.919921875,20546.439453125,20387.30078125,20415.359375,0
2024-12-12 05:30:00,20415.330078125,20535.029296875,20391.4296875,20484.900390625,0
2024-12-12 06:30:00,20486.55078125,20506.509765625,20411.5703125,20420.08984375,0
2024-12-12 07:30:00,20424.869140625,20442.76953125,20351.810546875,20397.05078125,0
2024-12-13 01:30:00,20238.2109375,20238.2109375,20003.69921875,20062.009765625,0
2024-12-13 02:30:00,20046.66015625,20131.380859375,20035.240234375,20084.599609375,0
2024-12-13 03:30:00,20073.279296875,20091.349609375,20057.689453125,20057.689453125,0
2024-12-13 04:30:00,20066.48046875,20086.470703125,20000.83984375,20023.630859375,0
2024-12-13 05:30:00,20012.509765625,20120.58984375,20012.509765625,20065.080078125,0
2024-12-13 06:30:00,20050.109375,20062.279296875,19986.9609375,20016.029296875,0
2024-12-13 07:30:00,20005.7890625,20024.8203125,19927.26953125,19971.240234375,0
2024-12-16 01:30:00,19947.23046875,20049.2109375,19912.619140625,19919.390625,0
2024-12-16 02:30:00,19918.94921875,19924.119140625,19804.189453125,19876.41015625,0
2024-12-16 03:30:00,19876.419921875,19883.19921875,19851.380859375,19856.91015625,0
2024-12-16 04:30:00,19845.66015625,19874.859375,19813.609375,19825.369140625,0
2024-12-16 05:30:00,19826.669921875,19840.26953125,19763.439453125,19783.349609375,0
2024-12-16 06:30:00,19782.08984375,19803.5703125,19726.150390625,19770.130859375,0
2024-12-16 07:30:00,19770.380859375,19795.490234375,19752.900390625,19795.490234375,0
2024-12-17 01:30:00,19678.029296875,19807.05078125,19620.630859375,19751.6796875,0
2024-12-17 02:30:00,19751.240234375,19754.259765625,19640.490234375,19698.4609375,0
2024-12-17 03:30:00,19702.359375,19729.970703125,19697.759765625,19718.560546875,0
2024-12-17 04:30:00,19723.650390625,19906.640625,19663.759765625,19868.5,0
2024-12-17 05:30:00,19866.720703125,19930.830078125,19705.259765625,19705.259765625,0
2024-12-17 06:30:00,19708.310546875,19788.4296875,19686.970703125,19761.76953125,0
2024-12-17 07:30:00,19755.98046875,19764.779296875,19700.48046875,19700.48046875,0
2024-12-18 01:30:00,19884.5390625,19926.23046875,19834.33984375,19849.9296875,0
2024-12-18 02:30:00,19848.369140625,19888.869140625,19804.0390625,19831.490234375,0
2024-12-18 03:30:00,19831.810546875,19834.3203125,19802.220703125,19815.30078125,0
2024-12-18 04:30:00,19814.759765625,19953.529296875,19808.529296875,19917.2890625,0
2024-12-18 05:30:00,19914.400390625,19919.869140625,19840.630859375,19885.689453125,0
2024-12-18 06:30:00,19889.900390625,19910.66015625,19846.75,19887.599609375,0
2024-12-18 07:30:00,19883.58984375,19892.05078125,19844.130859375,19864.55078125,0
2024-12-19 01:30:00,19610.099609375,19717.849609375,19591.490234375,19637.419921875,0
2024-12-19 02:30:00,19637.8203125,19679.439453125,19614.94921875,19662.189453125,0
2024-12-19 03:30:00,19661.029296875,19668.990234375,19641.19921875,19666.119140625,0
2024-12-19 04:30:00,19667.8203125,19736.41015625,19656.029296875,19733.400390625,0
2024-12-19 05:30:00,19733.830078125,19815.189453125,19698.7890625,19783.5703125,0
2024-12-19 06:30:00,19782.01953125,19849.029296875,19739.75,19812.76953125,0
2024-12-19 07:30:00,19817.470703125,19817.470703125,19752.509765625,19752.509765625,0
2024-12-20 01:30:00,19697.060546875,19836.5703125,19692.6796875,19756.33984375,0
2024-12-20 02:30:00,19746.509765625,19875.900390625,19745.359375,19821.44921875,0
2024-12-20 03:30:00,19813.310546875,19826.439453125,19763.720703125,19774.220703125,0
2024-12-20 04:30:00,19784.939453125,19801.7890625,19721.470703125,19724.419921875,0
2024-12-20 05:30:00,19714.4609375,19776.9296875,19710.630859375,19770.44921875,0
2024-12-20 06:30:00,19761.48046875,19808.240234375,19744.2890625,19750.140625,0
2024-12-20 07:30:00,19745.0,19771.3203125,19720.69921875,19720.69921875,0
2024-12-23 01:30:00,19843.650390625,19924.109375,19746.4609375,19801.240234375,0
2024-12-23 02:30:00,19803.359375,19845.8203125,19775.91015625,19821.369140625,0
2024-12-23 03:30:00,19819.890625,19858.1796875,19808.26953125,19857.98046875,0
2024-12-23 04:30:00,19867.94921875,19876.890625,19818.41015625,19849.029296875,0
2024-12-23 05:30:00,19854.140625,19937.390625,19821.810546875,19863.869140625,0
2024-12-23 06:30:00,19852.240234375,19895.51953125,19845.0390625,19875.359375,0
2024-12-23 07:30:00,19870.80078125,19928.80078125,19849.740234375,19883.130859375,0
2024-12-24 01:30:00,19911.5,20134.55078125,19908.5703125,20114.859375,0
2024-12-24 02:30:00,20118.2109375,20165.4609375,20082.16015625,20115.7109375,0
2024-12-27 01:30:00,20083.439453125,20184.880859375,20020.26953125,20052.419921875,0
2024-12-27 02:30:00,20053.099609375,20177.33984375,20009.94921875,20098.4296875,0
2024-12-27 03:30:00,20098.0703125,20129.69921875,20083.939453125,20121.80078125,0
2024-12-27 04:30:00,20119.58984375,20180.390625,20113.189453125,20149.19921875,0
2024-12-27 05:30:00,20149.3203125,20155.859375,20072.169921875,20089.419921875,0
2024-12-27 06:30:00,20089.650390625,20125.029296875,20062.220703125,20119.740234375,0
2024-12-27 07:30:00,20121.220703125,20127.9296875,20090.4609375,20090.4609375,0
2024-12-30 01:30:00,20124.75,20193.08984375,19992.119140625,20010.419921875,0
2024-12-30 02:30:00,19997.109375,20048.7109375,19968.0703125,19993.859375,0
2024-12-30 03:30:00,19976.41015625,20009.810546875,19974.9296875,19976.48046875,0
2024-12-30 04:30:00,19977.48046875,20041.140625,19977.48046875,20032.869140625,0
2024-12-30 05:30:00,20014.5703125,20119.099609375,20007.9296875,20100.41015625,0
2024-12-30 06:30:00,20084.759765625,20117.349609375,20064.25,20073.66015625,0
2024-12-30 07:30:00,20059.0390625,20090.130859375,20041.419921875,20041.419921875,0
2024-12-31 01:30:00,20003.359375,20167.669921875,20003.359375,20158.58984375,0
2024-12-31 02:30:00,20161.55078125,20180.400390625,20055.69921875,20138.810546875,0
2025-01-02 01:30:00,19932.80078125,19932.80078125,19542.98046875,19625.919921875,0
2025-01-02 02:30:00,19627.0703125,19846.19921875,19605.380859375,19777.390625,0
2025-01-02 03:30:00,19777.970703125,19784.150390625,19755.5390625,19762.849609375,0
2025-01-02 04:30:00,19771.55078125,19805.7890625,19711.7890625,19731.3203125,0
2025-01-02 05:30:00,19729.330078125,19745.029296875,19605.349609375,19665.419921875,0
2025-01-02 06:30:00,19666.1796875,19666.1796875,19563.099609375,19623.390625,0
2025-01-02 07:30:00,19622.080078125,19631.830078125,19578.25,19623.3203125,0
2025-01-03 01:30:00,19708.740234375,19879.5390625,19635.890625,19858.609375,0
2025-01-03 02:30:00,19858.66015625,19891.859375,19773.66015625,19829.970703125,0
2025-01-03 03:30:00,19829.98046875,19834.44921875,19782.91015625,19794.029296875,0
2025-01-03 04:30:00,19790.8203125,19790.8203125,19684.849609375,19712.380859375,0
2025-01-03 05:30:00,19713.51953125,19753.55078125,19634.0703125,19699.380859375,0
2025-01-03 06:30:00,19700.119140625,19720.19921875,19667.05078125,19694.91015625,0
2025-01-03 07:30:00,19694.5,19760.26953125,19689.94921875,19760.26953125,0
2025-01-06 01:30:00,19848.7109375,19851.55078125,19647.390625,19746.650390625,0
2025-01-06 02:30:00,19747.470703125,19798.16015625,19712.240234375,19729.33984375,0
2025-01-06 03:30:00,19729.25,19735.080078125,19693.380859375,19706.66015625,0
2025-01-06 04:30:00,19692.640625,19710.51953125,19653.630859375,19662.029296875,0
2025-01-06 05:30:00,19661.91015625,19690.26953125,19627.83984375,19660.5703125,0
2025-01-06 06:30:00,19658.25,19699.2109375,19637.849609375,19670.08984375,0
2025-01-06 07:30:00,19670.740234375,19688.2890625,19656.859375,19688.2890625,0
2025-01-07 01:30:00,19501.44921875,19668.650390625,19501.44921875,19558.19921875,0
2025-01-07 02:30:00,19560.609375,19561.330078125,19297.330078125,19335.220703125,0
2025-01-07 03:30:00,19335.939453125,19352.189453125,19286.80078125,19309.05078125,0
2025-01-07 04:30:00,19308.7109375,19328.1796875,19252.609375,19311.83984375,0
2025-01-07 05:30:00,19311.970703125,19373.029296875,19305.529296875,19366.009765625,0
2025-01-07 06:30:00,19364.3203125,19456.189453125,19318.189453125,19400.41015625,0
2025-01-07 07:30:00,19400.919921875,19447.580078125,19391.19921875,19447.580078125,0
2025-01-08 01:30:00,19390.759765625,19483.58984375,19299.529296875,19310.23046875,0
2025-01-08 02:30:00,19314.4296875,19323.05078125,19157.0,19159.259765625,0
2025-01-08 03:30:00,19159.01953125,19163.25,19111.5390625,19137.880859375,0
2025-01-08 04:30:00,19128.2109375,19203.9296875,19128.009765625,19187.330078125,0
2025-01-08 05:30:00,19187.2890625,19338.310546875,19185.33984375,19254.5390625,0
2025-01-08 06:30:00,19254.630859375,19281.2109375,19232.349609375,19281.2109375,0
2025-01-08 07:30:00,19278.01953125,19292.119140625,19246.130859375,19279.83984375,0
2025-01-09 01:30:00,19254.380859375,19405.740234375,19230.4609375,19320.650390625,0
2025-01-09 02:30:00,19321.25,19379.0390625,19294.439453125,19324.009765625,0
2025-01-09 03:30:00,19321.9609375,19333.58984375,19276.0390625,19296.890625,0
2025-01-09 04:30:00,19291.8203125,19304.560546875,19257.169921875,19294.759765625,0
2025-01-09 05:30:00,19300.1796875,19301.900390625,19227.73046875,19279.349609375,0
2025-01-09 06:30:00,19279.119140625,19314.6796875,19250.310546875,19256.9609375,0
2025-01-09 07:30:00,19258.33984375,19269.599609375,19240.890625,19240.890625,0
2025-01-10 01:30:00,19328.0703125,19370.490234375,19154.990234375,19263.5,0
2025-01-10 02:30:00,19258.599609375,19301.640625,19121.419921875,19134.8203125,0
2025-01-10 03:30:00,19120.419921875,19174.9296875,19120.419921875,19150.55078125,0
2025-01-10 04:30:00,19150.849609375,19167.5,19102.5390625,19151.130859375,0
2025-01-10 05:30:00,19140.0,19152.759765625,19053.240234375,19070.189453125,0
2025-01-10 06:30:00,19072.8203125,19090.109375,19036.640625,19062.650390625,0
2025-01-10 07:30:00,19066.83984375,19087.44921875,19058.189453125,19064.2890625,0
2025-01-13 01:30:00,18918.150390625,18929.119140625,18671.490234375,18744.6796875,0
2025-01-13 02:30:00,18745.25,18872.44921875,18733.439453125,18814.23046875,0
2025-01-13 03:30:00,18814.0703125,18859.580078125,18798.259765625,18807.6796875,0
2025-01-13 04:30:00,18806.4296875,18862.310546875,18801.9609375,18833.240234375,0
2025-01-13 05:30:00,18831.73046875,18868.919921875,18818.0,18834.7109375,0
2025-01-13 06:30:00,18833.490234375,18904.23046875,18822.4609375,18899.69921875,0
2025-01-13 07:30:00,18901.060546875,18927.369140625,18874.140625,18874.140625,0
2025-01-14 01:30:00,18901.560546875,19103.080078125,18901.560546875,19090.2890625,0
2025-01-14 02:30:00,19091.19921875,19201.939453125,19011.66015625,19128.009765625,0
2025-01-14 03:30:00,19130.69921875,19158.359375,19128.740234375,19141.130859375,0
2025-01-14 04:30:00,19140.5703125,19188.2109375,19128.150390625,19159.099609375,0
2025-01-14 05:30:00,19156.859375,19318.359375,19151.689453125,19273.869140625,0
2025-01-14 06:30:00,19274.119140625,19274.119140625,19190.150390625,19233.169921875,0
2025-01-14 07:30:00,19229.400390625,19241.220703125,19212.009765625,19219.779296875,0
2025-01-15 01:30:00,19149.939453125,19267.029296875,19149.939453125,19260.490234375,0
2025-01-15 02:30:00,19264.689453125,19319.220703125,19238.9609375,19256.609375,0
2025-01-15 03:30:00,19256.779296875,19282.2890625,19244.5703125,19264.4609375,0
2025-01-15 04:30:00,19257.380859375,19269.990234375,19223.130859375,19236.349609375,0
2025-01-15 05:30:00,19234.919921875,19255.759765625,19206.189453125,19225.66015625,0
2025-01-15 06:30:00,19226.3203125,19273.91015625,19226.3203125,19256.990234375,0
2025-01-15 07:30:00,19258.390625,19286.0703125,19252.220703125,19286.0703125,0
2025-01-16 01:30:00,19454.919921875,19664.390625,19453.0390625,19565.779296875,0
2025-01-16 02:30:00,19567.759765625,19568.580078125,19399.25,19441.80078125,0
2025-01-16 03:30:00,19441.83984375,19468.0390625,19436.689453125,19445.6796875,0
2025-01-16 04:30:00,19441.4609375,19448.73046875,19345.189453125,19401.990234375,0
2025-01-16 05:30:00,19401.939453125,19521.720703125,19395.2109375,19519.650390625,0
2025-01-16 06:30:00,19517.669921875,19518.689453125,19478.509765625,19512.41015625,0
2025-01-16 07:30:00,19510.220703125,19527.130859375,19487.259765625,19522.890625,0
2025-01-17 01:30:00,19499.099609375,19581.48046875,19423.69921875,19506.970703125,0
2025-01-17 02:30:00,19500.689453125,19561.890625,19472.119140625,19559.619140625,0
2025-01-17 03:30:00,19555.759765625,19640.369140625,19549.23046875,19556.91015625,0
2025-01-17 04:30:00,19562.720703125,19594.560546875,19527.890625,19569.779296875,0
2025-01-17 05:30:00,19568.560546875,19615.619140625,19541.16015625,19581.5390625,0
2025-01-17 06:30:00,19578.009765625,19594.55078125,19563.080078125,19581.08984375,0
2025-01-17 07:30:00,19572.220703125,19584.470703125,19554.7109375,19584.060546875,0
2025-01-20 01:30:00,19804.640625,20004.009765625,19786.73046875,20004.009765625,0
2025-01-20 02:30:00,20004.7109375,20052.919921875,19912.69921875,19993.560546875,0
2025-01-20 03:30:00,19997.830078125,20066.740234375,19991.4609375,20041.08984375,0
2025-01-20 04:30:00,20041.220703125,20084.0390625,20009.220703125,20060.25,0
2025-01-20 05:30:00,20057.740234375,20093.650390625,19948.869140625,19960.029296875,0
2025-01-20 06:30:00,19959.869140625,19966.740234375,19894.58984375,19920.26953125,0
2025-01-20 07:30:00,19918.76953125,19937.609375,19902.4609375,19925.810546875,0
2025-01-21 01:30:00,20128.33984375,20128.33984375,19920.310546875,20083.310546875,0
2025-01-21 02:30:00,20084.330078125,20205.25,19993.109375,20156.08984375,0
2025-01-21 03:30:00,20153.9296875,20160.099609375,20125.98046875,20149.359375,0
2025-01-21 04:30:00,20154.7890625,20186.75,20087.08984375,20094.7109375,0
2025-01-21 05:30:00,20095.5390625,20138.919921875,20055.189453125,20096.740234375,0
2025-01-21 06:30:00,20096.16015625,20121.3203125,20060.060546875,20113.0390625,0
2025-01-21 07:30:00,20111.279296875,20129.470703125,20091.150390625,20106.55078125,0
2025-01-22 01:30:00,19997.08984375,20022.33984375,19757.099609375,19800.3203125,0
2025-01-22 02:30:00,19799.91015625,19904.0,19798.390625,19850.16015625,0
2025-01-22 03:30:00,19850.9296875,19851.869140625,19819.099609375,19836.390625,0
2025-01-22 04:30:00,19833.259765625,19853.58984375,19744.830078125,19760.91015625,0
2025-01-22 05:30:00,19759.55078125,19810.060546875,19754.66015625,19768.8203125,0
2025-01-22 06:30:00,19770.4609375,19791.98046875,19733.2109375,19788.140625,0
2025-01-22 07:30:00,19785.0703125,19788.240234375,19736.26953125,19778.76953125,0
2025-01-23 01:30:00,19881.3203125,20044.060546875,19809.240234375,19883.5390625,0
2025-01-23 02:30:00,19883.05078125,19909.9296875,19783.810546875,19827.3203125,0
2025-01-23 03:30:00,19829.05078125,19841.189453125,19815.369140625,19826.0,0
2025-01-23 04:30:00,19828.259765625,19883.3203125,19746.98046875,19746.98046875,0
2025-01-23 05:30:00,19747.580078125,19765.3203125,19647.55078125,19659.25,0
2025-01-23 06:30:00,19658.73046875,19693.130859375,19644.830078125,19670.689453125,0
2025-01-23 07:30:00,19668.859375,19705.619140625,19664.30078125,19700.560546875,0
2025-01-24 01:30:00,19842.849609375,20042.390625,19768.130859375,19984.0703125,0
2025-01-24 02:30:00,19970.619140625,20113.169921875,19970.619140625,20042.66015625,0
2025-01-24 03:30:00,20031.26953125,20071.69921875,20013.009765625,20057.4609375,0
2025-01-24 04:30:00,20058.73046875,20127.580078125,20034.630859375,20102.7890625,0
2025-01-24 05:30:00,20095.869140625,20144.0,20065.6796875,20092.01953125,0
2025-01-24 06:30:00,20084.30078125,20110.720703125,20013.849609375,20035.080078125,0
2025-01-24 07:30:00,20024.490234375,20066.189453125,20020.640625,20066.189453125,0
2025-01-27 01:30:00,20118.01953125,20296.669921875,20118.01953125,20236.0390625,0
2025-01-27 02:30:00,20248.98046875,20296.939453125,20141.7109375,20280.19921875,0
2025-01-27 03:30:00,20289.509765625,20289.509765625,20237.75,20259.970703125,0
2025-01-27 04:30:00,20254.2109375,20254.2109375,20214.26953125,20234.810546875,0
2025-01-27 05:30:00,20246.6796875,20280.970703125,20228.400390625,20267.150390625,0
2025-01-27 06:30:00,20278.439453125,20278.439453125,20168.08984375,20173.91015625,0
2025-01-27 07:30:00,20185.810546875,20197.76953125,20153.80078125,20197.76953125,0
2025-01-28 01:30:00,20337.4609375,20337.4609375,20165.73046875,20173.390625,0
2025-01-28 02:30:00,20171.2109375,20283.419921875,20171.2109375,20257.220703125,0
2025-02-03 01:30:00,20048.869140625,20129.470703125,19764.669921875,19967.9609375,0
2025-02-03 02:30:00,19967.41015625,20158.119140625,19888.16015625,20157.98046875,0
2025-02-03 03:30:00,20159.08984375,20176.30078125,20075.94921875,20075.94921875,0
2025-02-03 04:30:00,20069.6796875,20069.6796875,19987.5390625,20004.23046875,0
2025-02-03 05:30:00,20004.1796875,20135.76953125,19995.310546875,20126.990234375,0
2025-02-03 06:30:00,20127.119140625,20168.8203125,20104.58984375,20150.330078125,0
2025-02-03 07:30:00,20149.66015625,20222.0,20144.330078125,20217.259765625,0
2025-02-04 01:30:00,20488.2890625,20885.490234375,20475.380859375,20825.369140625,0
2025-02-04 02:30:00,20827.279296875,20853.58984375,20706.5390625,20720.279296875,0
2025-02-04 03:30:00,20721.44921875,20733.830078125,20586.310546875,20622.140625,0
2025-02-04 04:30:00,20604.220703125,20610.509765625,20297.640625,20534.099609375,0
2025-02-04 05:30:00,20534.689453125,20681.810546875,20534.169921875,20676.05078125,0
2025-02-04 06:30:00,20674.720703125,20745.810546875,20664.73046875,20736.470703125,0
2025-02-04 07:30:00,20735.73046875,20789.9609375,20729.8203125,20789.9609375,0
2025-02-05 01:30:00,20827.76953125,20827.76953125,20417.390625,20561.470703125,0
2025-02-05 02:30:00,20559.75,20712.279296875,20543.900390625,20712.279296875,0
2025-02-05 03:30:00,20712.83984375,20712.83984375,20632.80078125,20647.029296875,0
2025-02-05 04:30:00,20650.189453125,20654.5390625,20551.919921875,20574.0,0
2025-02-05 05:30:00,20571.19921875,20588.8203125,20510.25,20576.330078125,0
2025-02-05 06:30:00,20576.140625,20600.259765625,20521.390625,20593.08984375,0
2025-02-05 07:30:00,20593.140625,20601.310546875,20574.25,20597.08984375,0
2025-02-06 01:30:00,20598.98046875,20717.759765625,20532.060546875,20562.69921875,0
2025-02-06 02:30:00,20565.650390625,20787.3203125,20563.2890625,20656.69921875,0
2025-02-06 03:30:00,20657.759765625,20666.140625,20632.869140625,20655.939453125,0
2025-02-06 04:30:00,20654.900390625,20744.75,20652.140625,20716.98046875,0
2025-02-06 05:30:00,20713.859375,20775.91015625,20690.490234375,20746.859375,0
2025-02-06 06:30:00,20746.689453125,20839.51953125,20746.689453125,20792.66015625,0
2025-02-06 07:30:00,20791.130859375,20891.619140625,20790.529296875,20891.619140625,0
2025-02-07 01:30:00,20858.51953125,21108.859375,20806.099609375,21063.130859375,0
2025-02-07 02:30:00,21071.849609375,21186.419921875,21007.490234375,21183.470703125,0
2025-02-07 03:30:00,21193.169921875,21213.69921875,21123.390625,21210.859375,0
2025-02-07 04:30:00,21201.51953125,21206.7109375,21125.439453125,21125.439453125,0
2025-02-07 05:30:00,21126.080078125,21145.16015625,20923.759765625,20993.650390625,0
2025-02-07 06:30:00,21003.630859375,21123.099609375,20991.58984375,21080.2890625,0
2025-02-07 07:30:00,21092.130859375,21133.5390625,21080.2890625,21133.5390625,0
2025-02-10 01:30:00,21223.609375,21518.599609375,21223.609375,21444.7890625,0
2025-02-10 02:30:00,21442.2890625,21457.23046875,21350.2890625,21428.330078125,0
2025-02-10 03:30:00,21425.970703125,21461.669921875,21412.9296875,21435.419921875,0
2025-02-10 04:30:00,21428.720703125,21497.150390625,21385.80078125,21497.150390625,0
2025-02-10 05:30:00,21500.5390625,21539.630859375,21454.0703125,21531.140625,0
2025-02-10 06:30:00,21530.73046875,21530.73046875,21449.33984375,21504.48046875,0
2025-02-10 07:30:00,21505.990234375,21535.099609375,21490.630859375,21521.98046875,0
2025-02-11 01:30:00,21656.8203125,21682.41015625,21427.380859375,21434.310546875,0
2025-02-11 02:30:00,21435.740234375,21449.0390625,21292.08984375,21404.4296875,0
2025-02-11 03:30:00,21403.439453125,21437.619140625,21363.830078125,21395.73046875,0
2025-02-11 04:30:00,21397.970703125,21499.060546875,21388.080078125,21430.759765625,0
2025-02-11 05:30:00,21432.609375,21486.080078125,21417.5390625,21453.990234375,0
2025-02-11 06:30:00,21452.669921875,21458.259765625,21365.439453125,21371.369140625,0
2025-02-11 07:30:00,21371.9296875,21379.830078125,21279.369140625,21294.859375,0
2025-02-12 01:30:00,21526.41015625,21734.240234375,21411.08984375,21712.73046875,0
2025-02-12 02:30:00,21712.990234375,21772.369140625,21585.580078125,21587.619140625,0
2025-02-12 03:30:00,21587.2890625,21649.9296875,21584.1796875,21626.80078125,0
2025-02-12 04:30:00,21626.76953125,21650.029296875,21568.580078125,21621.58984375,0
2025-02-12 05:30:00,21619.689453125,21731.380859375,21609.490234375,21701.259765625,0
2025-02-12 06:30:00,21698.609375,21839.640625,21672.66015625,21802.560546875,0
2025-02-12 07:30:00,21805.029296875,21858.830078125,21804.5703125,21857.919921875,0
2025-02-13 01:30:00,21958.689453125,22170.83984375,21929.58984375,22111.599609375,0
2025-02-13 02:30:00,22114.5390625,22186.970703125,22030.130859375,22145.51953125,0
2025-02-13 03:30:00,22143.490234375,22206.1796875,22142.470703125,22191.009765625,0
2025-02-13 04:30:00,22184.740234375,22349.380859375,22184.740234375,22336.130859375,0
2025-02-13 05:30:00,22337.640625,22523.5703125,22298.859375,22303.390625,0
2025-02-13 06:30:00,22302.359375,22360.099609375,21872.369140625,21979.7890625,0
2025-02-13 07:30:00,21978.919921875,21978.919921875,21735.560546875,21814.369140625,0
2025-02-14 01:30:00,22027.0703125,22256.560546875,22027.0703125,22126.310546875,0
2025-02-14 02:30:00,22130.490234375,22397.369140625,22091.740234375,22321.990234375,0
2025-02-14 03:30:00,22331.23046875,22363.400390625,22271.580078125,22303.80078125,0
2025-02-14 04:30:00,22300.859375,22385.9296875,22289.94921875,22356.83984375,0
2025-02-14 05:30:00,22364.240234375,22418.05078125,22098.08984375,22313.7109375,0
2025-02-14 06:30:00,22318.560546875,22571.529296875,22283.330078125,22480.75,0
2025-02-14 07:30:00,22493.26953125,22620.330078125,22465.669921875,22620.330078125,0
2025-02-17 01:30:00,22755.060546875,22977.25,22517.94921875,22677.080078125,0
2025-02-17 02:30:00,22676.5703125,22808.619140625,22548.55078125,22592.76953125,0
2025-02-17 03:30:00,22597.0390625,22670.80078125,22505.259765625,22661.900390625,0
2025-02-17 04:30:00,22666.849609375,22684.23046875,22438.599609375,22499.849609375,0
2025-02-17 05:30:00,22503.73046875,22617.169921875,22319.3203125,22603.75,0
2025-02-17 06:30:00,22602.720703125,22732.0,22576.83984375,22654.009765625,0
2025-02-17 07:30:00,22654.4296875,22663.640625,22554.900390625,22616.23046875,0
2025-02-18 01:30:00,22664.73046875,22952.970703125,22608.1796875,22925.490234375,0
2025-02-18 02:30:00,22925.4609375,23082.3203125,22867.859375,23070.529296875,0
2025-02-18 03:30:00,23069.529296875,23093.939453125,23020.560546875,23080.23046875,0
2025-02-18 04:30:00,23084.9609375,23141.41015625,22979.4609375,23057.529296875,0
2025-02-18 05:30:00,23050.5703125,23056.4296875,22754.9296875,22793.880859375,0
2025-02-18 06:30:00,22792.4609375,22902.109375,22691.560546875,22881.7890625,0
2025-02-18 07:30:00,22881.259765625,22976.810546875,22869.33984375,22976.810546875,0
2025-02-19 01:30:00,22777.4609375,22972.259765625,22649.490234375,22906.80078125,0
2025-02-19 02:30:00,22905.150390625,22975.33984375,22831.41015625,22834.5,0
2025-02-19 03:30:00,22838.9609375,22922.599609375,22838.7890625,22911.619140625,0
2025-02-19 04:30:00,22924.580078125,22964.0,22803.990234375,22858.16015625,0
2025-02-19 05:30:00,22856.23046875,22927.6796875,22761.189453125,22865.30078125,0
2025-02-19 06:30:00,22861.490234375,22919.25,22822.359375,22899.630859375,0
2025-02-19 07:30:00,22896.94921875,22944.240234375,22892.8203125,22944.240234375,0
2025-02-20 01:30:00,22716.7109375,22849.66015625,22440.279296875,22449.01953125,0
2025-02-20 02:30:00,22448.359375,22645.51953125,22436.130859375,22573.9296875,0
2025-02-20 03:30:00,22574.25,22643.009765625,22557.560546875,22627.509765625,0
2025-02-20 04:30:00,22632.7109375,22763.240234375,22617.330078125,22751.279296875,0
2025-02-20 05:30:00,22753.109375,22769.310546875,22641.740234375,22663.650390625,0
2025-02-20 06:30:00,22663.259765625,22690.08984375,22588.369140625,22608.3203125,0
2025-02-20 07:30:00,22604.5703125,22619.3203125,22561.759765625,22576.98046875,0
2025-02-21 01:30:00,23090.029296875,23149.990234375,22901.689453125,23084.919921875,0
2025-02-21 02:30:00,23094.44921875,23256.55078125,23052.5703125,23228.970703125,0
2025-02-21 03:30:00,23241.640625,23253.880859375,23197.759765625,23238.419921875,0
2025-02-21 04:30:00,23247.630859375,23350.0,23230.150390625,23330.2890625,0
2025-02-21 05:30:00,23336.51953125,23349.880859375,23160.080078125,23324.419921875,0
2025-02-21 06:30:00,23332.439453125,23430.349609375,23291.279296875,23428.08984375,0
2025-02-21 07:30:00,23438.099609375,23477.919921875,23362.119140625,23477.919921875,0
2025-02-24 01:30:00,23472.140625,23688.44921875,23221.5703125,23537.560546875,0
2025-02-24 02:30:00,23534.580078125,23600.26953125,23442.529296875,23459.76953125,0
2025-02-24 03:30:00,23459.369140625,23461.369140625,23325.5703125,23348.8203125,0
2025-02-24 04:30:00,23353.189453125,23393.48046875,23236.099609375,23311.41015625,0
2025-02-24 05:30:00,23312.44921875,23437.509765625,23264.509765625,23400.669921875,0
2025-02-24 06:30:00,23401.259765625,23528.599609375,23366.73046875,23422.970703125,0
2025-02-24 07:30:00,23420.58984375,23429.759765625,23341.609375,23341.609375,0
2025-02-25 01:30:00,22716.48046875,23001.580078125,22716.48046875,22999.970703125,0
2025-02-25 02:30:00,23003.48046875,23218.740234375,22991.1796875,23195.9609375,0
2025-02-25 03:30:00,23192.16015625,23213.98046875,23144.970703125,23196.330078125,0
2025-02-25 04:30:00,23195.619140625,23248.51953125,23098.140625,23233.990234375,0
2025-02-25 05:30:00,23235.05078125,23235.400390625,23076.859375,23106.0390625,0
2025-02-25 06:30:00,23105.140625,23120.83984375,22897.5390625,23007.3203125,0
2025-02-25 07:30:00,23010.919921875,23041.240234375,22988.859375,23034.01953125,0
2025-02-26 01:30:00,23238.33984375,23600.599609375,23238.33984375,23544.849609375,0
2025-02-26 02:30:00,23545.939453125,23697.349609375,23465.630859375,23585.619140625,0
2025-02-26 03:30:00,23583.859375,23658.58984375,23583.859375,23619.240234375,0
2025-02-26 04:30:00,23628.5,23806.939453125,23628.5,23801.7890625,0
2025-02-26 05:30:00,23803.509765625,23813.0703125,23691.439453125,23765.919921875,0
2025-02-26 06:30:00,23765.390625,23973.169921875,23760.91015625,23937.890625,0
2025-02-26 07:30:00,23940.939453125,23942.19921875,23678.560546875,23787.9296875,0
2025-02-27 01:30:00,23783.75,24076.529296875,23678.060546875,23752.259765625,0
2025-02-27 02:30:00,23736.3203125,23782.900390625,23530.400390625,23634.830078125,0
2025-02-27 03:30:00,23622.55078125,23637.689453125,23520.609375,23535.80078125,0
2025-02-27 04:30:00,23549.9296875,23618.029296875,23441.740234375,23585.58984375,0
2025-02-27 05:30:00,23570.419921875,23869.91015625,23547.2890625,23869.599609375,0
2025-02-27 06:30:00,23850.009765625,23892.779296875,23634.419921875,23663.1796875,0
2025-02-27 07:30:00,23649.080078125,23735.330078125,23635.830078125,23718.2890625,0
2025-02-28 01:30:00,23616.1796875,23616.1796875,23170.55078125,23375.9609375,0
2025-02-28 02:30:00,23387.6796875,23431.580078125,23160.19921875,23182.8203125,0
2025-02-28 03:30:00,23190.439453125,23191.109375,23117.4609375,23171.689453125,0
2025-02-28 04:30:00,23170.890625,23186.7109375,23049.83984375,23093.33984375,0
2025-02-28 05:30:00,23101.060546875,23172.5703125,22923.23046875,22992.41015625,0
2025-02-28 06:30:00,23000.869140625,23008.26953125,22836.33984375,22859.720703125,0
2025-02-28 07:30:00,22870.779296875,22962.490234375,22798.33984375,22941.3203125,0
2025-03-03 01:30:00,23135.119140625,23405.98046875,23015.349609375,23372.98046875,0
2025-03-03 02:30:00,23373.689453125,23392.060546875,23161.740234375,23245.640625,0
2025-03-03 03:30:00,23245.970703125,23257.150390625,23186.16015625,23218.9609375,0
2025-03-03 04:30:00,23216.689453125,23294.0703125,23214.439453125,23246.509765625,0
2025-03-03 05:30:00,23245.720703125,23246.640625,22867.55078125,22929.109375,0
2025-03-03 06:30:00,22930.58984375,23061.2109375,22861.75,22944.91015625,0
2025-03-03 07:30:00,22941.26953125,23028.759765625,22911.890625,23006.26953125,0
2025-03-04 01:30:00,22678.25,22767.9609375,22547.529296875,22707.720703125,0
2025-03-04 02:30:00,22713.369140625,22935.2890625,22690.94921875,22918.369140625,0
2025-03-04 03:30:00,22917.939453125,22934.580078125,22871.08984375,22901.240234375,0
2025-03-04 04:30:00,22890.130859375,23051.009765625,22811.7109375,22927.060546875,0
2025-03-04 05:30:00,22924.98046875,23012.76953125,22898.05078125,22981.890625,0
2025-03-04 06:30:00,22981.5390625,23031.48046875,22901.51953125,22920.26953125,0
2025-03-04 07:30:00,22920.30078125,23005.009765625,22911.0390625,22941.76953125,0
2025-03-05 01:30:00,23200.419921875,23513.939453125,23197.849609375,23260.349609375,0
2025-03-05 02:30:00,23262.509765625,23307.529296875,23090.630859375,23289.609375,0
2025-03-05 03:30:00,23287.279296875,23334.029296875,23285.91015625,23320.359375,0
2025-03-05 04:30:00,23320.94921875,23412.55078125,23315.890625,23324.6796875,0
2025-03-05 05:30:00,23325.3203125,23515.7890625,23319.609375,23464.08984375,0
2025-03-05 06:30:00,23461.509765625,23636.650390625,23437.990234375,23610.44921875,0
2025-03-05 07:30:00,23611.390625,23624.169921875,23582.23046875,23594.2109375,0
2025-03-06 01:30:00,23987.08984375,24206.0703125,23987.08984375,24096.669921875,0
2025-03-06 02:30:00,24095.2890625,24262.189453125,24025.779296875,24246.44921875,0
2025-03-06 03:30:00,24245.30078125,24246.23046875,24177.83984375,24216.9296875,0
2025-03-06 04:30:00,24223.08984375,24301.669921875,24199.48046875,24237.279296875,0
2025-03-06 05:30:00,24236.76953125,24309.80078125,24157.359375,24278.490234375,0
2025-03-06 06:30:00,24279.5703125,24360.759765625,24209.330078125,24357.080078125,0
2025-03-06 07:30:00,24354.91015625,24410.9296875,24328.69921875,24369.7109375,0
2025-03-07 01:30:00,24182.01953125,24309.970703125,24065.009765625,24257.55078125,0
2025-03-07 02:30:00,24245.900390625,24484.939453125,24238.099609375,24475.900390625,0
2025-03-07 03:30:00,24466.19921875,24528.3203125,24453.73046875,24504.80078125,0
2025-03-07 04:30:00,24517.109375,24669.619140625,24447.6796875,24557.30078125,0
2025-03-07 05:30:00,24554.390625,24612.599609375,24226.869140625,24260.009765625,0
2025-03-07 06:30:00,24257.0703125,24274.330078125,24132.720703125,24205.2890625,0
2025-03-07 07:30:00,24196.609375,24231.30078125,24171.720703125,24231.30078125,0
2025-03-10 01:30:00,24115.98046875,24292.80078125,23910.16015625,24002.259765625,0
2025-03-10 02:30:00,24004.650390625,24071.58984375,23714.0,23728.01953125,0
2025-03-10 03:30:00,23728.599609375,23789.400390625,23704.419921875,23720.259765625,0
2025-03-10 04:30:00,23722.390625,23742.849609375,23645.3203125,23665.130859375,0
2025-03-10 05:30:00,23667.380859375,23879.380859375,23632.419921875,23810.619140625,0
2025-03-10 06:30:00,23809.4296875,23895.970703125,23720.650390625,23776.9609375,0
2025-03-10 07:30:00,23776.189453125,23827.080078125,23762.55078125,23783.490234375,0
2025-03-11 01:30:00,23274.859375,23723.25,23238.359375,23605.400390625,0
2025-03-11 02:30:00,23602.7109375,23696.400390625,23498.94921875,23656.669921875,0
2025-03-11 03:30:00,23659.8203125,23667.740234375,23545.470703125,23562.08984375,0
2025-03-11 04:30:00,23561.669921875,23628.490234375,23498.75,23600.2109375,0
2025-03-11 05:30:00,23601.9296875,23633.859375,23527.5,23614.41015625,0
2025-03-11 06:30:00,23615.130859375,23776.9609375,23592.390625,23768.23046875,0
2025-03-11 07:30:00,23769.740234375,23858.609375,23763.669921875,23782.140625,0
2025-03-12 01:30:00,23859.23046875,23962.029296875,23690.91015625,23715.6796875,0
2025-03-12 02:30:00,23717.119140625,23824.9609375,23682.26953125,23692.23046875,0
2025-03-12 03:30:00,23693.2890625,23693.2890625,23603.669921875,23623.55078125,0
2025-03-12 04:30:00,23624.91015625,23730.830078125,23602.580078125,23705.099609375,0
2025-03-12 05:30:00,23707.169921875,23794.849609375,23589.66015625,23610.240234375,0
2025-03-12 06:30:00,23614.6796875,23652.80078125,23363.98046875,23420.26953125,0
2025-03-12 07:30:00,23421.009765625,23600.310546875,23411.51953125,23600.310546875,0
2025-03-13 01:30:00,23616.330078125,23688.849609375,23448.0703125,23524.9296875,0
2025-03-13 02:30:00,23524.98046875,23712.609375,23501.890625,23538.390625,0
2025-03-13 03:30:00,23535.939453125,23535.939453125,23417.900390625,23426.80078125,0
2025-03-13 04:30:00,23412.439453125,23425.310546875,23284.25,23309.9609375,0
2025-03-13 05:30:00,23307.359375,23372.51953125,23198.73046875,23364.890625,0
2025-03-13 06:30:00,23369.259765625,23507.44921875,23361.080078125,23490.05078125,0
2025-03-13 07:30:00,23486.66015625,23486.66015625,23411.439453125,23462.650390625,0
2025-03-14 01:30:00,23653.330078125,23846.240234375,23454.490234375,23767.140625,0
2025-03-14 02:30:00,23759.669921875,23988.08984375,23759.669921875,23982.75,0
2025-03-14 03:30:00,23976.619140625,24095.900390625,23976.169921875,24047.4609375,0
2025-03-14 04:30:00,24061.0703125,24113.529296875,23895.01953125,23917.5,0
2025-03-14 05:30:00,23917.80078125,24066.6796875,23916.359375,23997.359375,0
2025-03-14 06:30:00,23998.330078125,24046.439453125,23972.69921875,24012.470703125,0
2025-03-14 07:30:00,24019.9296875,24038.91015625,23959.98046875,23959.98046875,0
2025-03-17 01:30:00,24226.0,24323.029296875,24081.669921875,24302.2109375,0
2025-03-17 02:30:00,24306.279296875,24352.470703125,24230.6796875,24289.779296875,0
2025-03-17 03:30:00,24291.51953125,24293.33984375,24250.830078125,24276.640625,0
2025-03-17 04:30:00,24270.44921875,24303.4296875,24194.4296875,24203.369140625,0
2025-03-17 05:30:00,24201.109375,24272.640625,24141.580078125,24170.01953125,0
2025-03-17 06:30:00,24165.380859375,24201.01953125,24077.150390625,24143.029296875,0
2025-03-17 07:30:00,24141.41015625,24156.80078125,24103.01953125,24145.5703125,0
2025-03-18 01:30:00,24679.349609375,24680.0390625,24475.259765625,24582.359375,0
2025-03-18 02:30:00,24582.240234375,24663.369140625,24532.599609375,24628.73046875,0
2025-03-18 03:30:00,24629.009765625,24641.580078125,24554.4296875,24580.779296875,0
2025-03-18 04:30:00,24589.470703125,24659.4296875,24545.380859375,24659.4296875,0
2025-03-18 05:30:00,24657.05078125,24698.240234375,24577.009765625,24646.08984375,0
2025-03-18 06:30:00,24646.7890625,24714.220703125,24628.44921875,24699.529296875,0
2025-03-18 07:30:00,24710.05078125,24745.130859375,24685.869140625,24740.5703125,0
2025-03-19 01:30:00,24697.630859375,24788.689453125,24601.73046875,24719.91015625,0
2025-03-19 02:30:00,24715.41015625,24809.599609375,24705.25,24765.349609375,0
2025-03-19 03:30:00,24766.66015625,24785.849609375,24750.009765625,24777.009765625,0
2025-03-19 04:30:00,24784.130859375,24874.390625,24729.509765625,24820.58984375,0
2025-03-19 05:30:00,24821.349609375,24836.890625,24684.7109375,24755.41015625,0
2025-03-19 06:30:00,24754.58984375,24780.080078125,24725.73046875,24777.5390625,0
2025-03-19 07:30:00,24776.380859375,24785.419921875,24730.080078125,24771.140625,0
2025-03-20 01:30:00,24753.150390625,24753.150390625,24344.2890625,24487.400390625,0
2025-03-20 02:30:00,24487.05078125,24598.689453125,24467.259765625,24520.400390625,0
2025-03-20 03:30:00,24519.390625,24521.580078125,24442.98046875,24477.720703125,0
2025-03-20 04:30:00,24479.26953125,24498.060546875,24437.9609375,24490.310546875,0
2025-03-20 05:30:00,24490.4296875,24490.509765625,24307.150390625,24313.099609375,0
2025-03-20 06:30:00,24310.73046875,24340.080078125,24199.970703125,24216.130859375,0
2025-03-20 07:30:00,24212.990234375,24242.939453125,24186.689453125,24219.94921875,0
2025-03-21 01:30:00,24109.0703125,24230.720703125,24021.98046875,24042.970703125,0
2025-03-21 02:30:00,24034.689453125,24063.25,23706.009765625,23707.7109375,0
2025-03-21 03:30:00,23700.529296875,23764.830078125,23658.75,23733.01953125,0
2025-03-21 04:30:00,23738.099609375,23765.130859375,23694.669921875,23706.400390625,0
2025-03-21 05:30:00,23694.8203125,23735.470703125,23577.779296875,23713.19921875,0
2025-03-21 06:30:00,23704.75,23826.0,23704.75,23763.150390625,0
2025-03-21 07:30:00,23746.6796875,23769.830078125,23673.5,23689.720703125,0
2025-03-24 01:30:00,23749.580078125,23769.26953125,23531.19921875,23738.08984375,0
2025-03-24 02:30:00,23739.189453125,23765.609375,23593.16015625,23605.75,0
2025-03-24 03:30:00,23608.1796875,23671.009765625,23576.380859375,23662.130859375,0
2025-03-24 04:30:00,23661.130859375,23717.759765625,23653.740234375,23654.83984375,0
2025-03-24 05:30:00,23655.26953125,23690.23046875,23584.529296875,23660.2890625,0
2025-03-24 06:30:00,23659.25,23941.83984375,23654.890625,23935.19921875,0
2025-03-24 07:30:00,23935.509765625,23967.509765625,23881.58984375,23905.560546875,0
2025-03-25 01:30:00,23643.3203125,23747.3203125,23442.689453125,23454.41015625,0
2025-03-25 02:30:00,23456.23046875,23484.58984375,23322.970703125,23405.58984375,0
2025-03-25 03:30:00,23405.23046875,23407.9609375,23357.48046875,23387.859375,0
2025-03-25 04:30:00,23386.509765625,23487.01953125,23369.75,23487.01953125,0
2025-03-25 05:30:00,23484.98046875,23504.689453125,23393.08984375,23401.759765625,0
2025-03-25 06:30:00,23400.6796875,23422.279296875,23321.669921875,23396.66015625,0
2025-03-25 07:30:00,23394.349609375,23405.630859375,23344.25,23344.25,0
2025-03-26 01:30:00,23460.310546875,23596.849609375,23382.76953125,23404.169921875,0
2025-03-26 02:30:00,23401.859375,23454.75,23350.73046875,23406.650390625,0
2025-03-26 03:30:00,23406.30078125,23420.009765625,23389.1796875,23402.05078125,0
2025-03-26 04:30:00,23408.41015625,23455.5,23374.01953125,23398.0390625,0
2025-03-26 05:30:00,23399.0390625,23494.349609375,23353.630859375,23413.08984375,0
2025-03-26 06:30:00,23412.9609375,23510.4296875,23383.330078125,23502.76953125,0
2025-03-26 07:30:00,23504.150390625,23526.7109375,23466.490234375,23483.3203125,0
2025-03-27 01:30:00,23543.859375,23675.05078125,23372.359375,23599.759765625,0
2025-03-27 02:30:00,23599.7109375,23865.619140625,23573.2890625,23693.6796875,0
2025-03-27 03:30:00,23694.330078125,23747.619140625,23666.359375,23729.330078125,0
2025-03-27 04:30:00,23728.890625,23771.759765625,23658.830078125,23660.4296875,0
2025-03-27 05:30:00,23661.029296875,23708.330078125,23628.55078125,23683.33984375,0
2025-03-27 06:30:00,23682.150390625,23705.6796875,23552.2890625,23622.990234375,0
2025-03-27 07:30:00,23623.689453125,23655.83984375,23578.80078125,23578.80078125,0
2025-03-28 01:30:00,23672.8203125,23775.30078125,23506.640625,23543.509765625,0
2025-03-28 02:30:00,23560.08984375,23566.44921875,23377.5703125,23397.279296875,0
2025-03-28 03:30:00,23412.490234375,23412.490234375,23319.849609375,23368.669921875,0
2025-03-28 04:30:00,23363.720703125,23433.0390625,23260.0390625,23261.720703125,0
2025-03-28 05:30:00,23278.05078125,23462.80078125,23254.30078125,23462.779296875,0
2025-03-28 06:30:00,23472.919921875,23486.25,23393.9296875,23429.05078125,0
2025-03-28 07:30:00,23444.529296875,23444.529296875,23391.189453125,23426.599609375,0
2025-03-31 01:30:00,23207.0703125,23399.73046875,23125.359375,23277.109375,0
2025-03-31 02:30:00,23280.970703125,23336.80078125,23070.470703125,23121.130859375,0
2025-03-31 03:30:00,23125.4296875,23125.4296875,23019.91015625,23022.05078125,0
2025-03-31 04:30:00,23012.119140625,23134.640625,23003.4609375,23068.26953125,0
2025-03-31 05:30:00,23068.48046875,23145.5390625,23002.810546875,23105.4296875,0
2025-03-31 06:30:00,23107.01953125,23244.970703125,23101.529296875,23178.640625,0
2025-03-31 07:30:00,23179.720703125,23195.669921875,23119.580078125,23119.580078125,0
2025-04-01 01:30:00,23217.109375,23392.490234375,23206.970703125,23359.330078125,0
2025-04-01 02:30:00,23357.630859375,23435.189453125,23242.75,23382.080078125,0
2025-04-01 03:30:00,23380.380859375,23456.580078125,23362.3203125,23363.9609375,0
2025-04-01 04:30:00,23325.349609375,23325.349609375,23144.2890625,23227.359375,0
2025-04-01 05:30:00,23226.9609375,23231.73046875,23123.349609375,23207.400390625,0
2025-04-01 06:30:00,23209.83984375,23348.609375,23209.830078125,23259.169921875,0
2025-04-01 07:30:00,23257.7890625,23264.080078125,23141.890625,23206.83984375,0
2025-04-02 01:30:00,23167.310546875,23343.970703125,22980.9609375,23321.009765625,0
2025-04-02 02:30:00,23317.830078125,23393.029296875,23269.330078125,23305.419921875,0
2025-04-02 03:30:00,23306.740234375,23306.740234375,23200.55078125,23221.830078125,0
2025-04-02 04:30:00,23233.109375,23251.689453125,23179.990234375,23231.560546875,0
2025-04-02 05:30:00,23229.859375,23234.83984375,23133.01953125,23172.01953125,0
2025-04-02 06:30:00,23173.16015625,23220.9296875,23116.310546875,23169.390625,0
2025-04-02 07:30:00,23167.779296875,23215.150390625,23150.150390625,23202.529296875,0
2025-04-03 01:30:00,22638.2109375,22988.580078125,22638.2109375,22981.859375,0
2025-04-03 02:30:00,22991.810546875,22998.30078125,22785.490234375,22791.5390625,0
2025-04-03 03:30:00,22799.919921875,22835.91015625,22779.650390625,22835.91015625,0
2025-04-03 04:30:00,22822.2890625,22852.400390625,22682.779296875,22727.580078125,0
2025-04-03 05:30:00,22732.890625,22868.810546875,22686.98046875,22848.080078125,0
2025-04-03 06:30:00,22856.359375,22883.470703125,22799.240234375,22812.2890625,0
2025-04-03 07:30:00,22823.7109375,22869.0390625,22798.970703125,22849.810546875,0
2025-04-07 01:30:00,20730.05078125,21047.830078125,20508.849609375,20761.529296875,0
2025-04-07 02:30:00,20760.0390625,20818.0390625,20457.16015625,20457.16015625,0
2025-04-07 03:30:00,20459.390625,20508.8203125,20403.720703125,20404.619140625,0
2025-04-07 04:30:00,20375.44921875,20635.419921875,20199.4609375,20358.400390625,0
2025-04-07 05:30:00,20352.05078125,20363.279296875,19868.0,20057.529296875,0
2025-04-07 06:30:00,20055.359375,20260.3203125,19880.619140625,19892.939453125,0
2025-04-07 07:30:00,19889.0703125,19889.140625,19706.029296875,19828.30078125,0
2025-04-08 01:30:00,20157.51953125,20454.259765625,20107.5703125,20227.580078125,0
2025-04-08 02:30:00,20221.689453125,20388.919921875,20036.2890625,20256.369140625,0
2025-04-08 03:30:00,20259.1796875,20259.1796875,20059.9296875,20140.779296875,0
2025-04-08 04:30:00,20151.33984375,20196.060546875,19855.51953125,19855.51953125,0
2025-04-08 05:30:00,19858.8203125,19992.73046875,19762.19921875,19762.650390625,0
2025-04-08 06:30:00,19870.01953125,20245.4609375,19869.05078125,20161.7109375,0
2025-04-08 07:30:00,20148.19921875,20158.869140625,20077.740234375,20127.6796875,0
2025-04-09 01:30:00,19494.919921875,20019.5390625,19260.2109375,19779.849609375,0
2025-04-09 02:30:00,19783.029296875,19986.259765625,19730.759765625,19897.91015625,0
2025-04-09 03:30:00,19894.650390625,19913.5,19782.5703125,19815.240234375,0
2025-04-09 04:30:00,19775.91015625,19840.669921875,19647.6796875,19743.91015625,0
2025-04-09 05:30:00,19745.76953125,20169.75,19730.990234375,20030.83984375,0
2025-04-09 06:30:00,20031.330078125,20342.509765625,19984.470703125,20293.23046875,0
2025-04-09 07:30:00,20290.609375,20441.140625,20257.91015625,20264.490234375,0
2025-04-10 01:30:00,20810.4296875,21211.130859375,20715.55078125,21069.109375,0
2025-04-10 02:30:00,21066.939453125,21080.25,20704.349609375,20730.869140625,0
2025-04-10 03:30:00,20727.8203125,20729.390625,20530.4296875,20628.859375,0
2025-04-10 04:30:00,20647.560546875,20854.859375,20583.80078125,20808.69921875,0
2025-04-10 05:30:00,20809.0703125,20921.4609375,20755.470703125,20848.5,0
2025-04-10 06:30:00,20847.509765625,20875.630859375,20695.9609375,20735.650390625,0
2025-04-10 07:30:00,20736.58984375,20737.9296875,20643.83984375,20681.779296875,0
2025-04-11 01:30:00,20557.490234375,20703.869140625,20444.0390625,20577.51953125,0
2025-04-11 02:30:00,20573.609375,20674.390625,20529.75,20611.759765625,0
2025-04-11 03:30:00,20612.580078125,20801.869140625,20609.990234375,20798.630859375,0
2025-04-11 04:30:00,20813.44921875,21015.66015625,20802.0703125,21001.810546875,0
2025-04-11 05:30:00,20992.849609375,21127.369140625,20958.9609375,20970.19921875,0
2025-04-11 06:30:00,20970.25,21037.2109375,20855.310546875,20993.380859375,0
2025-04-11 07:30:00,20994.619140625,21030.01953125,20914.689453125,20914.689453125,0
2025-04-14 01:30:00,21363.880859375,21492.810546875,21224.55078125,21393.490234375,0
2025-04-14 02:30:00,21397.189453125,21517.3203125,21364.669921875,21475.669921875,0
2025-04-14 03:30:00,21470.58984375,21486.94921875,21384.05078125,21419.58984375,0
2025-04-14 04:30:00,21431.51953125,21445.830078125,21308.080078125,21343.630859375,0
2025-04-14 05:30:00,21341.6796875,21381.9609375,21276.859375,21341.779296875,0
2025-04-14 06:30:00,21340.4609375,21403.640625,21325.509765625,21398.9296875,0
2025-04-14 07:30:00,21396.740234375,21417.400390625,21356.23046875,21417.400390625,0
2025-04-15 01:30:00,21603.51953125,21603.51953125,21349.109375,21426.689453125,0
2025-04-15 02:30:00,21425.669921875,21458.169921875,21350.94921875,21415.640625,0
2025-04-15 03:30:00,21416.109375,21460.259765625,21391.310546875,21457.609375,0
2025-04-15 04:30:00,21461.16015625,21500.4609375,21407.91015625,21448.58984375,0
2025-04-15 05:30:00,21448.779296875,21459.060546875,21297.58984375,21357.080078125,0
2025-04-15 06:30:00,21356.279296875,21460.16015625,21352.490234375,21424.900390625,0
2025-04-15 07:30:00,21428.669921875,21477.8203125,21413.4296875,21466.26953125,0
2025-04-16 01:30:00,21316.470703125,21363.5703125,21071.30078125,21101.939453125,0
2025-04-16 02:30:00,21097.240234375,21128.560546875,20936.23046875,20936.23046875,0
2025-04-16 03:30:00,20935.359375,20954.26953125,20878.83984375,20922.5390625,0
2025-04-16 04:30:00,20914.830078125,20985.01953125,20882.2109375,20889.150390625,0
2025-04-16 05:30:00,20886.630859375,21007.240234375,20868.359375,20951.630859375,0
2025-04-16 06:30:00,20954.169921875,21175.91015625,20937.869140625,21073.0390625,0
2025-04-16 07:30:00,21073.689453125,21114.109375,21013.830078125,21056.98046875,0
2025-04-17 01:30:00,21066.810546875,21330.119140625,21039.16015625,21296.0390625,0
2025-04-17 02:30:00,21283.869140625,21417.640625,21236.41015625,21403.119140625,0
2025-04-17 03:30:00,21391.01953125,21416.859375,21344.990234375,21398.890625,0
2025-04-17 04:30:00,21398.76953125,21401.76953125,21303.759765625,21337.4296875,0
2025-04-17 05:30:00,21330.099609375,21373.669921875,21266.9296875,21346.19921875,0
2025-04-17 06:30:00,21336.0390625,21371.470703125,21280.869140625,21365.7890625,0
2025-04-17 07:30:00,21359.2890625,21395.140625,21348.529296875,21395.140625,0
2025-04-22 01:30:00,21303.509765625,21446.869140625,21191.01953125,21273.240234375,0
2025-04-22 02:30:00,21273.91015625,21415.060546875,21261.080078125,21305.83984375,0
2025-04-22 03:30:00,21307.689453125,21410.369140625,21289.669921875,21387.390625,0
2025-04-22 04:30:00,21389.109375,21498.779296875,21376.189453125,21498.779296875,0
2025-04-22 05:30:00,21498.1796875,21592.669921875,21480.189453125,21565.419921875,0
2025-04-22 06:30:00,21564.009765625,21573.140625,21434.2109375,21461.5703125,0
2025-04-22 07:30:00,21464.009765625,21562.3203125,21459.0,21562.3203125,0
2025-04-23 01:30:00,22080.189453125,22107.369140625,21862.869140625,21940.580078125,0
2025-04-23 02:30:00,21939.720703125,22080.240234375,21904.0703125,22046.779296875,0
2025-04-23 03:30:00,22047.419921875,22106.810546875,22043.830078125,22081.419921875,0
2025-04-23 04:30:00,22082.119140625,22138.810546875,22055.640625,22080.08984375,0
2025-04-23 05:30:00,22083.26953125,22095.0703125,21997.490234375,22043.060546875,0
2025-04-23 06:30:00,22041.509765625,22129.2109375,22011.26953125,22020.490234375,0
2025-04-23 07:30:00,22018.4609375,22072.619140625,22012.91015625,22072.619140625,0
2025-04-24 01:30:00,22030.150390625,22093.6796875,21952.6796875,22016.140625,0
2025-04-24 02:30:00,22014.359375,22030.330078125,21712.099609375,21772.23046875,0
2025-04-24 03:30:00,21770.630859375,21805.8203125,21763.8203125,21805.2890625,0
2025-04-24 04:30:00,21798.4296875,21837.740234375,21773.830078125,21825.009765625,0
2025-04-24 05:30:00,21826.279296875,21876.41015625,21785.41015625,21816.439453125,0
2025-04-24 06:30:00,21815.509765625,21863.9296875,21796.0,21844.359375,0
2025-04-24 07:30:00,21845.73046875,21909.759765625,21819.08984375,21909.759765625,0
2025-04-25 01:30:00,22080.439453125,22153.119140625,22012.599609375,22150.2890625,0
2025-04-25 02:30:00,22144.55078125,22267.9609375,22136.220703125,22221.7890625,0
2025-04-25 03:30:00,22215.5,22243.16015625,22194.400390625,22206.8203125,0
2025-04-25 04:30:00,22208.08984375,22238.609375,22133.990234375,22138.759765625,0
2025-04-25 05:30:00,22131.359375,22193.880859375,22032.240234375,22053.51953125,0
2025-04-25 06:30:00,22046.23046875,22102.9609375,21972.51953125,21972.51953125,0
2025-04-25 07:30:00,21968.9609375,21994.0,21923.900390625,21980.740234375,0
2025-04-28 01:30:00,22072.349609375,22072.349609375,21817.849609375,21918.740234375,0
2025-04-28 02:30:00,21919.41015625,21979.529296875,21899.369140625,21948.359375,0
2025-04-28 03:30:00,21949.650390625,22016.640625,21946.58984375,21997.080078125,0
2025-04-28 04:30:00,21996.830078125,22060.0390625,21984.26953125,22007.6796875,0
2025-04-28 05:30:00,22008.140625,22047.880859375,21980.44921875,22015.240234375,0
2025-04-28 06:30:00,22017.169921875,22060.0,21966.080078125,21987.720703125,0
2025-04-28 07:30:00,21988.720703125,21997.240234375,21967.099609375,21971.9609375,0
2025-04-29 01:30:00,22073.359375,22213.509765625,21918.099609375,22095.919921875,0
2025-04-29 02:30:00,22077.75,22136.4296875,22041.439453125,22057.279296875,0
2025-04-29 03:30:00,22040.259765625,22067.4296875,21998.41015625,21998.859375,0
2025-04-29 04:30:00,22024.640625,22061.75,21979.9609375,21990.3203125,0
2025-04-29 05:30:00,21977.869140625,21996.279296875,21929.560546875,21962.94921875,0
2025-04-29 06:30:00,21948.19921875,22010.41015625,21948.19921875,22002.51953125,0
2025-04-29 07:30:00,21987.849609375,22032.76953125,21982.26953125,22008.109375,0
2025-04-30 01:30:00,22038.73046875,22056.33984375,21848.330078125,21921.58984375,0
2025-04-30 02:30:00,21921.1796875,22070.060546875,21890.900390625,22052.9609375,0
2025-04-30 03:30:00,22052.619140625,22074.75,22022.1796875,22056.099609375,0
2025-04-30 04:30:00,22060.919921875,22102.970703125,22006.80078125,22030.490234375,0
2025-04-30 05:30:00,22027.0,22117.189453125,22025.0703125,22110.390625,0
2025-04-30 06:30:00,22111.919921875,22116.529296875,22047.740234375,22102.130859375,0
2025-04-30 07:30:00,22103.41015625,22129.310546875,22068.599609375,22119.41015625,0
2025-05-02 01:30:00,22192.509765625,22457.970703125,22058.30078125,22434.509765625,0
2025-05-02 02:30:00,22434.58984375,22473.48046875,22335.859375,22413.7890625,0
2025-05-02 03:30:00,22414.58984375,22508.830078125,22414.58984375,22493.9609375,0
2025-05-02 04:30:00,22486.640625,22515.6796875,22450.220703125,22464.029296875,0
2025-05-02 05:30:00,22463.900390625,22510.44921875,22392.669921875,22499.58984375,0
2025-05-02 06:30:00,22505.150390625,22532.5390625,22472.759765625,22493.580078125,0
2025-05-02 07:30:00,22494.810546875,22520.560546875,22485.75,22504.6796875,0
2025-05-06 01:30:00,22576.560546875,22647.830078125,22449.16015625,22586.130859375,0
2025-05-06 02:30:00,22586.640625,22659.349609375,22575.94921875,22655.26953125,0
2025-05-06 03:30:00,22654.2890625,22702.390625,22643.599609375,22658.98046875,0
2025-05-06 04:30:00,22658.890625,22700.619140625,22616.41015625,22687.76953125,0
2025-05-06 05:30:00,22688.609375,22702.51953125,22619.130859375,22660.890625,0
2025-05-06 06:30:00,22658.7109375,22747.630859375,22638.08984375,22691.119140625,0
2025-05-06 07:30:00,22692.26953125,22701.98046875,22641.599609375,22662.7109375,0
2025-05-07 01:30:00,23169.830078125,23197.5703125,22968.220703125,23010.80078125,0
2025-05-07 02:30:00,23005.720703125,23013.8203125,22722.439453125,22784.33984375,0
2025-05-07 03:30:00,22785.869140625,22803.130859375,22746.630859375,22773.94921875,0
2025-05-07 04:30:00,22779.33984375,22835.609375,22758.630859375,22835.609375,0
2025-05-07 05:30:00,22835.419921875,22867.83984375,22716.4296875,22754.55078125,0
2025-05-07 06:30:00,22755.7890625,22822.23046875,22746.2890625,22769.529296875,0
2025-05-07 07:30:00,22772.490234375,22772.490234375,22691.880859375,22691.880859375,0
2025-05-08 01:30:00,22754.7109375,22900.8203125,22707.98046875,22894.380859375,0
2025-05-08 02:30:00,22891.83984375,22961.33984375,22841.0390625,22944.01953125,0
2025-05-08 03:30:00,22945.990234375,22979.2890625,22923.310546875,22941.91015625,0
2025-05-08 04:30:00,22935.0390625,22937.05078125,22815.369140625,22815.369140625,0
2025-05-08 05:30:00,22813.0,22865.419921875,22795.9609375,22808.029296875,0
2025-05-08 06:30:00,22808.7890625,22817.80078125,22717.01953125,22788.939453125,0
2025-05-08 07:30:00,22788.80078125,22793.779296875,22746.0,22775.919921875,0
2025-05-09 01:30:00,22856.2109375,22907.91015625,22750.150390625,22855.130859375,0
2025-05-09 02:30:00,22854.08984375,22868.05078125,22692.439453125,22730.91015625,0
2025-05-09 03:30:00,22732.009765625,22783.75,22725.1796875,22777.8203125,0
2025-05-09 04:30:00,22776.91015625,22808.140625,22748.330078125,22799.1796875,0
2025-05-09 05:30:00,22797.44921875,22875.9609375,22795.619140625,22821.51953125,0
2025-05-09 06:30:00,22821.099609375,22856.76953125,22798.66015625,22838.9296875,0
2025-05-09 07:30:00,22843.33984375,22867.740234375,22832.640625,22867.740234375,0
2025-05-12 01:30:00,23183.810546875,23236.009765625,22996.880859375,23160.169921875,0
2025-05-12 02:30:00,23164.529296875,23169.16015625,22982.91015625,23042.470703125,0
2025-05-12 03:30:00,23042.5,23085.439453125,23019.919921875,23079.880859375,0
2025-05-12 04:30:00,23083.5703125,23155.349609375,23076.91015625,23148.1796875,0
2025-05-12 05:30:00,23152.689453125,23211.060546875,23114.5390625,23180.279296875,0
2025-05-12 06:30:00,23183.259765625,23685.33984375,23103.4296875,23631.140625,0
2025-05-12 07:30:00,23633.740234375,23660.33984375,23487.23046875,23549.4609375,0
2025-05-13 01:30:00,23494.439453125,23494.439453125,23213.390625,23243.55078125,0
2025-05-13 02:30:00,23241.19921875,23248.380859375,23129.369140625,23137.900390625,0
2025-05-13 03:30:00,23136.1796875,23165.5,23130.599609375,23156.890625,0
2025-05-13 04:30:00,23157.19921875,23237.279296875,23125.7109375,23196.0703125,0
2025-05-13 05:30:00,23194.1796875,23243.390625,23166.9609375,23208.310546875,0
2025-05-13 06:30:00,23207.859375,23223.150390625,23118.380859375,23120.599609375,0
2025-05-13 07:30:00,23121.109375,23136.380859375,23070.48046875,23108.26953125,0
2025-05-14 01:30:00,23316.44921875,23451.439453125,23278.220703125,23403.7109375,0
2025-05-14 02:30:00,23402.76953125,23453.919921875,23298.08984375,23433.380859375,0
2025-05-14 03:30:00,23432.279296875,23455.330078125,23427.970703125,23438.109375,0
2025-05-14 04:30:00,23431.51953125,23532.119140625,23421.650390625,23497.080078125,0
2025-05-14 05:30:00,23497.109375,23583.990234375,23480.19921875,23517.900390625,0
2025-05-14 06:30:00,23518.2890625,23609.26953125,23518.189453125,23564.140625,0
2025-05-14 07:30:00,23564.310546875,23640.650390625,23547.55078125,23640.650390625,0
2025-05-15 01:30:00,23644.400390625,23694.640625,23496.349609375,23659.509765625,0
2025-05-15 02:30:00,23659.849609375,23710.8203125,23556.439453125,23594.509765625,0
2025-05-15 03:30:00,23593.150390625,23596.73046875,23571.890625,23581.2890625,0
2025-05-15 04:30:00,23568.529296875,23568.529296875,23455.91015625,23474.939453125,0
2025-05-15 05:30:00,23476.2109375,23479.470703125,23395.939453125,23452.140625,0
2025-05-15 06:30:00,23449.849609375,23458.19921875,23371.73046875,23386.25,0
2025-05-15 07:30:00,23385.669921875,23453.16015625,23382.8203125,23453.16015625,0
2025-05-16 01:30:00,23249.16015625,23348.349609375,23194.73046875,23195.5390625,0
2025-05-16 02:30:00,23190.310546875,23306.419921875,23190.310546875,23302.529296875,0
2025-05-16 03:30:00,23290.76953125,23302.55078125,23261.779296875,23262.80078125,0
2025-05-16 04:30:00,23264.91015625,23362.33984375,23261.560546875,23339.140625,0
2025-05-16 05:30:00,23324.55078125,23358.1796875,23286.689453125,23345.2890625,0
2025-05-16 06:30:00,23335.740234375,23369.349609375,23329.189453125,23352.490234375,0
2025-05-16 07:30:00,23347.41015625,23374.69921875,23331.91015625,23345.05078125,0
2025-05-19 01:30:00,23156.26953125,23241.439453125,23059.890625,23241.439453125,0
2025-05-19 02:30:00,23238.259765625,23283.830078125,23219.69921875,23219.69921875,0
2025-05-19 03:30:00,23217.630859375,23237.23046875,23203.560546875,23230.94921875,0
2025-05-19 04:30:00,23230.150390625,23315.189453125,23222.970703125,23288.109375,0
2025-05-19 05:30:00,23292.2890625,23379.400390625,23274.58984375,23327.3203125,0
2025-05-19 06:30:00,23326.849609375,23402.19921875,23293.9609375,23376.0,0
2025-05-19 07:30:00,23374.08984375,23383.900390625,23325.279296875,23332.720703125,0
2025-05-20 01:30:00,23398.349609375,23603.41015625,23357.0,23534.359375,0
2025-05-20 02:30:00,23529.650390625,23662.16015625,23479.0390625,23660.689453125,0
2025-05-20 03:30:00,23657.41015625,23659.310546875,23618.919921875,23634.2109375,0
2025-05-20 04:30:00,23639.359375,23674.619140625,23621.869140625,23646.650390625,0
2025-05-20 05:30:00,23646.939453125,23709.0390625,23604.599609375,23668.380859375,0
2025-05-20 06:30:00,23666.890625,23702.240234375,23634.919921875,23680.490234375,0
2025-05-20 07:30:00,23679.869140625,23690.169921875,23650.30078125,23681.48046875,0
2025-05-21 01:30:00,23736.4296875,23878.599609375,23697.759765625,23811.48046875,0
2025-05-21 02:30:00,23812.560546875,23884.890625,23812.560546875,23825.890625,0
2025-05-21 03:30:00,23829.740234375,23831.009765625,23790.140625,23807.130859375,0
2025-05-21 04:30:00,23798.240234375,23917.0,23798.240234375,23893.51953125,0
2025-05-21 05:30:00,23891.330078125,23891.330078125,23761.91015625,23787.779296875,0
2025-05-21 06:30:00,23789.66015625,23802.2890625,23754.109375,23800.4609375,0
2025-05-21 07:30:00,23798.869140625,23827.779296875,23784.330078125,23827.779296875,0
2025-05-22 01:30:00,23748.580078125,23778.240234375,23633.30078125,23719.919921875,0
2025-05-22 02:30:00,23719.44921875,23759.19921875,23609.48046875,23748.66015625,0
2025-05-22 03:30:00,23748.16015625,23749.560546875,23672.609375,23695.880859375,0
2025-05-22 04:30:00,23675.560546875,23675.560546875,23572.55078125,23623.0390625,0
2025-05-22 05:30:00,23621.470703125,23651.75,23569.3203125,23569.3203125,0
2025-05-22 06:30:00,23571.810546875,23583.359375,23483.30078125,23510.169921875,0
2025-05-22 07:30:00,23507.279296875,23544.310546875,23470.810546875,23544.310546875,0
2025-05-23 01:30:00,23557.380859375,23674.1796875,23503.390625,23618.51953125,0
2025-05-23 02:30:00,23610.580078125,23743.529296875,23593.849609375,23692.560546875,0
2025-05-23 03:30:00,23686.189453125,23704.5703125,23671.0390625,23679.990234375,0
2025-05-23 04:30:00,23684.5703125,23749.380859375,23657.69921875,23724.4609375,0
2025-05-23 05:30:00,23714.369140625,23721.0,23548.419921875,23566.7890625,0
2025-05-23 06:30:00,23557.650390625,23566.55078125,23487.400390625,23554.91015625,0
2025-05-23 07:30:00,23543.0703125,23601.259765625,23510.119140625,23601.259765625,0
2025-05-26 01:30:00,23505.900390625,23571.01953125,23393.759765625,23527.25,0
2025-05-26 02:30:00,23527.390625,23535.33984375,23317.759765625,23356.5390625,0
2025-05-26 03:30:00,23356.4609375,23378.5703125,23333.349609375,23366.060546875,0
2025-05-26 04:30:00,23369.890625,23378.01953125,23282.76953125,23286.55078125,0
2025-05-26 05:30:00,23285.759765625,23339.76953125,23278.529296875,23298.509765625,0
2025-05-26 06:30:00,23297.779296875,23333.619140625,23234.26953125,23260.880859375,0
2025-05-26 07:30:00,23260.279296875,23282.330078125,23240.08984375,23282.330078125,0
2025-05-27 01:30:00,23216.869140625,23374.240234375,23178.779296875,23306.4609375,0
2025-05-27 02:30:00,23309.30078125,23332.669921875,23167.560546875,23192.310546875,0
2025-05-27 03:30:00,23192.900390625,23242.58984375,23190.359375,23241.23046875,0
2025-05-27 04:30:00,23240.25,23269.05078125,23215.509765625,23237.01953125,0
2025-05-27 05:30:00,23236.08984375,23415.619140625,23232.98046875,23371.279296875,0
2025-05-27 06:30:00,23371.189453125,23400.740234375,23341.380859375,23379.990234375,0
2025-05-27 07:30:00,23378.740234375,23419.55078125,23373.619140625,23381.990234375,0
2025-05-28 01:30:00,23385.1796875,23476.220703125,23273.33984375,23278.390625,0
2025-05-28 02:30:00,23279.76953125,23342.470703125,23237.1796875,23268.890625,0
2025-05-28 03:30:00,23266.25,23273.630859375,23225.44921875,23254.44921875,0
2025-05-28 04:30:00,23246.359375,23295.30078125,23216.029296875,23280.580078125,0
2025-05-28 05:30:00,23283.0,23291.890625,23180.169921875,23225.810546875,0
2025-05-28 06:30:00,23227.779296875,23285.0,23204.58984375,23239.099609375,0
2025-05-28 07:30:00,23237.150390625,23264.1796875,23231.880859375,23258.310546875,0
2025-05-29 01:30:00,23240.7109375,23402.73046875,23207.369140625,23354.19921875,0
2025-05-29 02:30:00,23338.41015625,23410.099609375,23297.689453125,23397.220703125,0
2025-05-29 03:30:00,23383.599609375,23458.98046875,23383.599609375,23408.359375,0
2025-05-29 04:30:00,23419.7890625,23562.130859375,23407.169921875,23515.48046875,0
2025-05-29 05:30:00,23505.98046875,23540.01953125,23413.009765625,23470.30078125,0
2025-05-29 06:30:00,23454.23046875,23603.8203125,23440.779296875,23555.349609375,0
2025-05-29 07:30:00,23543.880859375,23588.990234375,23531.41015625,23573.380859375,0
2025-05-30 01:30:00,23339.640625,23375.33984375,23194.140625,23203.669921875,0
2025-05-30 02:30:00,23205.169921875,23268.41015625,23163.220703125,23216.830078125,0
2025-05-30 03:30:00,23215.140625,23247.919921875,23211.130859375,23224.400390625,0
2025-05-30 04:30:00,23227.80078125,23246.859375,23202.060546875,23213.33984375,0
2025-05-30 05:30:00,23214.80078125,23260.400390625,23200.19921875,23211.439453125,0
2025-05-30 06:30:00,23217.419921875,23245.349609375,23181.0703125,23221.16015625,0
2025-05-30 07:30:00,23224.0390625,23289.76953125,23215.189453125,23289.76953125,0
2025-06-02 01:30:00,23043.099609375,23083.810546875,22679.919921875,22729.259765625,0
2025-06-02 02:30:00,22729.470703125,22789.4296875,22674.509765625,22676.8203125,0
2025-06-02 03:30:00,22676.9296875,22782.919921875,22668.349609375,22778.44921875,0
2025-06-02 04:30:00,22789.380859375,22895.259765625,22787.759765625,22888.689453125,0
2025-06-02 05:30:00,22887.140625,22962.669921875,22843.25,22961.080078125,0
2025-06-02 06:30:00,22963.48046875,23163.349609375,22954.259765625,23078.19921875,0
2025-06-02 07:30:00,23078.490234375,23158.69921875,23074.91015625,23157.970703125,0
2025-06-03 01:30:00,23281.099609375,23477.310546875,23281.099609375,23423.25,0
2025-06-03 02:30:00,23424.650390625,23524.419921875,23417.689453125,23484.55078125,0
2025-06-03 03:30:00,23482.240234375,23486.560546875,23403.380859375,23420.359375,0
2025-06-03 04:30:00,23418.359375,23430.58984375,23398.369140625,23408.91015625,0
2025-06-03 05:30:00,23411.390625,23498.970703125,23381.189453125,23474.169921875,0
2025-06-03 06:30:00,23474.5390625,23535.369140625,23465.140625,23486.880859375,0
2025-06-03 07:30:00,23487.580078125,23512.490234375,23465.919921875,23512.490234375,0
2025-06-04 01:30:00,23499.779296875,23702.630859375,23481.4609375,23636.259765625,0
2025-06-04 02:30:00,23639.029296875,23705.55078125,23586.810546875,23679.7109375,0
2025-06-04 03:30:00,23679.130859375,23688.310546875,23649.25,23680.73046875,0
2025-06-04 04:30:00,23680.279296875,23716.9296875,23630.0390625,23643.109375,0
2025-06-04 05:30:00,23643.259765625,23680.75,23611.55078125,23622.23046875,0
2025-06-04 06:30:00,23622.609375,23641.990234375,23590.4609375,23620.849609375,0
2025-06-04 07:30:00,23618.7890625,23654.029296875,23599.009765625,23654.029296875,0
2025-06-05 01:30:00,23828.689453125,23910.080078125,23798.869140625,23843.0703125,0
2025-06-05 02:30:00,23839.9296875,23911.140625,23816.869140625,23852.619140625,0
2025-06-05 03:30:00,23847.900390625,23847.900390625,23740.16015625,23752.369140625,0
2025-06-05 04:30:00,23752.7890625,23803.369140625,23732.310546875,23792.25,0
2025-06-05 05:30:00,23791.630859375,23806.5,23742.740234375,23803.7890625,0
2025-06-05 06:30:00,23804.609375,23887.880859375,23798.419921875,23847.669921875,0
2025-06-05 07:30:00,23854.44921875,23906.970703125,23853.109375,23906.970703125,0
2025-06-06 01:30:00,23941.5703125,23951.140625,23805.359375,23805.849609375,0
2025-06-06 02:30:00,23807.740234375,23870.5,23779.23046875,23827.890625,0
2025-06-06 03:30:00,23823.73046875,23862.349609375,23801.869140625,23857.08984375,0
2025-06-06 04:30:00,23852.939453125,23892.380859375,23794.349609375,23814.669921875,0
2025-06-06 05:30:00,23813.419921875,23846.169921875,23786.30078125,23842.109375,0
2025-06-06 06:30:00,23842.66015625,23870.919921875,23792.640625,23794.9296875,0
2025-06-06 07:30:00,23792.6796875,23832.279296875,23773.359375,23792.5390625,0
2025-06-09 01:30:00,23977.5390625,24162.69921875,23957.9609375,24155.55078125,0
2025-06-09 02:30:00,24157.6796875,24166.060546875,24036.060546875,24037.140625,0
2025-06-09 03:30:00,24036.400390625,24054.669921875,24002.140625,24033.41015625,0
2025-06-09 04:30:00,24036.140625,24055.01953125,23998.2890625,24023.310546875,0
2025-06-09 05:30:00,24023.119140625,24096.060546875,23992.19921875,24059.69921875,0
2025-06-09 06:30:00,24057.9609375,24141.359375,24037.30078125,24130.140625,0
2025-06-09 07:30:00,24132.16015625,24181.4296875,24112.80078125,24181.4296875,0
2025-06-10 01:30:00,24231.310546875,24296.279296875,24148.98046875,24292.859375,0
2025-06-10 02:30:00,24292.609375,24296.470703125,24204.869140625,24217.19921875,0
2025-06-10 03:30:00,24224.869140625,24268.73046875,24215.099609375,24261.259765625,0
2025-06-10 04:30:00,24260.609375,24284.080078125,24018.740234375,24018.740234375,0
2025-06-10 05:30:00,24019.619140625,24142.669921875,24003.380859375,24122.869140625,0
2025-06-10 06:30:00,24122.630859375,24158.080078125,24091.4609375,24128.83984375,0
2025-06-10 07:30:00,24124.7890625,24162.869140625,24100.66015625,24162.869140625,0
2025-06-11 01:30:00,24191.3203125,24369.330078125,24179.349609375,24325.740234375,0
2025-06-11 02:30:00,24325.83984375,24415.19921875,24295.220703125,24397.060546875,0
2025-06-11 03:30:00,24396.380859375,24399.939453125,24356.060546875,24392.470703125,0
2025-06-11 04:30:00,24395.240234375,24421.009765625,24364.560546875,24383.9609375,0
2025-06-11 05:30:00,24382.9609375,24439.349609375,24378.669921875,24411.94921875,0
2025-06-11 06:30:00,24412.1796875,24422.849609375,24354.6796875,24368.33984375,0
2025-06-11 07:30:00,24366.720703125,24376.26953125,24341.30078125,24366.939453125,0
2025-06-12 01:30:00,24223.119140625,24239.880859375,24153.869140625,24235.30078125,0
2025-06-12 02:30:00,24236.73046875,24288.759765625,24215.220703125,24253.970703125,0
2025-06-12 03:30:00,24235.58984375,24250.7109375,24228.1796875,24244.98046875,0
2025-06-12 04:30:00,24244.990234375,24244.990234375,24132.390625,24135.5703125,0
2025-06-12 05:30:00,24135.490234375,24164.619140625,24102.009765625,24134.779296875,0
2025-06-12 06:30:00,24135.080078125,24165.970703125,24096.150390625,24101.740234375,0
2025-06-12 07:30:00,24100.26953125,24100.26953125,24002.419921875,24035.380859375,0
2025-06-13 01:30:00,23959.810546875,24100.3203125,23830.029296875,23842.720703125,0
2025-06-13 02:30:00,23841.779296875,23879.01953125,23787.810546875,23853.029296875,0
2025-06-13 03:30:00,23851.740234375,23885.650390625,23848.7109375,23866.859375,0
2025-06-13 04:30:00,23857.509765625,23857.509765625,23774.919921875,23806.9609375,0
2025-06-13 05:30:00,23805.55078125,23902.099609375,23796.279296875,23830.2109375,0
2025-06-13 06:30:00,23831.66015625,23845.83984375,23788.400390625,23820.630859375,0
2025-06-13 07:30:00,23821.919921875,23892.560546875,23782.5,23892.560546875,0
2025-06-16 01:30:00,23791.7890625,23937.33984375,23718.720703125,23928.689453125,0
2025-06-16 02:30:00,23928.599609375,23930.7109375,23830.919921875,23858.490234375,0
2025-06-16 03:30:00,23856.9296875,23894.4296875,23856.130859375,23864.19921875,0
2025-06-16 04:30:00,23871.240234375,23945.919921875,23858.05078125,23943.8203125,0
2025-06-16 05:30:00,23941.990234375,23972.099609375,23911.41015625,23966.0,0
2025-06-16 06:30:00,23965.8203125,24112.94921875,23964.189453125,24096.359375,0
2025-06-16 07:30:00,24096.779296875,24125.05078125,24060.990234375,24060.990234375,0
2025-06-17 01:30:00,24107.33984375,24131.439453125,23997.83984375,23997.83984375,0
2025-06-17 02:30:00,23996.220703125,24021.640625,23952.560546875,24006.580078125,0
2025-06-17 03:30:00,24005.25,24046.150390625,24005.080078125,24028.830078125,0
2025-06-17 04:30:00,24020.7890625,24030.8203125,23960.580078125,24006.919921875,0
2025-06-17 05:30:00,24008.109375,24038.619140625,23915.470703125,23934.8203125,0
2025-06-17 06:30:00,23936.759765625,23981.0703125,23880.669921875,23901.240234375,0
2025-06-17 07:30:00,23902.80078125,23980.30078125,23898.419921875,23980.30078125,0
2025-06-18 01:30:00,23859.55078125,23880.240234375,23651.98046875,23657.140625,0
2025-06-18 02:30:00,23657.5390625,23736.009765625,23653.259765625,23683.619140625,0
2025-06-18 03:30:00,23684.98046875,23703.69921875,23681.91015625,23698.650390625,0
2025-06-18 04:30:00,23703.0,23723.609375,23675.640625,23708.169921875,0
2025-06-18 05:30:00,23709.55078125,23718.439453125,23631.48046875,23660.529296875,0
2025-06-18 06:30:00,23657.1796875,23707.44921875,23649.990234375,23690.7890625,0
2025-06-18 07:30:00,23691.30078125,23716.19921875,23682.439453125,23710.689453125,0
2025-06-19 01:30:00,23620.01953125,23653.55078125,23434.880859375,23439.0390625,0
2025-06-19 02:30:00,23435.69921875,23458.609375,23278.580078125,23278.8203125,0
2025-06-19 03:30:00,23279.580078125,23282.19921875,23215.619140625,23231.48046875,0
2025-06-19 04:30:00,23231.859375,23290.08984375,23205.669921875,23288.44921875,0
2025-06-19 05:30:00,23290.939453125,23316.390625,23216.0703125,23236.0,0
2025-06-19 06:30:00,23234.369140625,23250.140625,23185.580078125,23239.810546875,0
2025-06-19 07:30:00,23241.369140625,23257.130859375,23225.55078125,23237.740234375,0
2025-06-20 01:30:00,23291.400390625,23409.44921875,23291.400390625,23403.91015625,0
2025-06-20 02:30:00,23404.48046875,23482.0,23398.119140625,23467.619140625,0
2025-06-20 03:30:00,23467.369140625,23516.279296875,23464.669921875,23504.58984375,0
2025-06-20 04:30:00,23504.0703125,23538.630859375,23473.859375,23474.80078125,0
2025-06-20 05:30:00,23476.2890625,23482.4609375,23388.58984375,23403.4296875,0
2025-06-20 06:30:00,23403.75,23462.83984375,23391.23046875,23448.349609375,0
2025-06-20 07:30:00,23447.4609375,23530.48046875,23425.830078125,23530.48046875,0
2025-06-23 01:30:00,23335.509765625,23438.380859375,23272.75,23428.810546875,0
2025-06-23 02:30:00,23429.140625,23600.419921875,23414.529296875,23523.279296875,0
2025-06-23 03:30:00,23520.359375,23535.759765625,23478.91015625,23498.8203125,0
2025-06-23 04:30:00,23492.890625,23637.400390625,23492.890625,23599.7109375,0
2025-06-23 05:30:00,23598.369140625,23687.609375,23578.939453125,23663.029296875,0
2025-06-23 06:30:00,23662.33984375,23685.140625,23628.859375,23648.01953125,0
2025-06-23 07:30:00,23649.810546875,23689.130859375,23639.6796875,23689.130859375,0
2025-06-24 01:30:00,23832.73046875,24116.98046875,23832.73046875,24089.080078125,0
2025-06-24 02:30:00,24090.51953125,24194.91015625,24090.51953125,24184.380859375,0
2025-06-24 03:30:00,24184.470703125,24189.859375,24141.439453125,24150.55078125,0
2025-06-24 04:30:00,24154.390625,24205.759765625,24136.759765625,24151.25,0
2025-06-24 05:30:00,24151.0,24175.740234375,24068.140625,24173.4296875,0
2025-06-24 06:30:00,24176.0,24229.2109375,24167.740234375,24217.08984375,0
2025-06-24 07:30:00,24217.470703125,24217.470703125,24154.529296875,24177.0703125,0
2025-06-25 01:30:00,24327.8203125,24428.529296875,24287.859375,24313.099609375,0
2025-06-25 02:30:00,24314.119140625,24403.640625,24292.330078125,24395.529296875,0
2025-06-25 03:30:00,24399.5,24399.5,24350.05078125,24362.73046875,0
2025-06-25 04:30:00,24357.330078125,24395.26953125,24320.76953125,24388.08984375,0
2025-06-25 05:30:00,24392.689453125,24496.0,24357.419921875,24472.33984375,0
2025-06-25 06:30:00,24474.150390625,24533.390625,24441.009765625,24520.099609375,0
2025-06-25 07:30:00,24516.240234375,24522.369140625,24455.69921875,24474.669921875,0
2025-06-26 01:30:00,24345.2890625,24350.609375,24240.939453125,24330.5703125,0
2025-06-26 02:30:00,24328.779296875,24411.48046875,24317.419921875,24368.359375,0
2025-06-26 03:30:00,24368.890625,24375.390625,24339.990234375,24357.560546875,0
2025-06-26 04:30:00,24356.9296875,24357.689453125,24303.66015625,24328.1796875,0
2025-06-26 05:30:00,24331.4609375,24331.4609375,24235.5390625,24281.939453125,0
2025-06-26 06:30:00,24282.990234375,24342.529296875,24280.380859375,24317.33984375,0
2025-06-26 07:30:00,24315.7109375,24327.619140625,24301.390625,24325.400390625,0
2025-06-27 01:30:00,24451.189453125,24471.529296875,24366.98046875,24382.830078125,0
2025-06-27 02:30:00,24369.119140625,24460.400390625,24314.630859375,24336.900390625,0
2025-06-27 03:30:00,24323.0,24345.109375,24301.580078125,24309.6796875,0
2025-06-27 04:30:00,24319.689453125,24335.830078125,24204.0,24233.849609375,0
2025-06-27 05:30:00,24224.080078125,24282.05078125,24194.849609375,24267.0,0
2025-06-27 06:30:00,24250.560546875,24319.73046875,24239.44921875,24292.26953125,0
2025-06-27 07:30:00,24279.349609375,24296.05078125,24226.669921875,24284.150390625,0
2025-06-30 01:30:00,24274.91015625,24274.91015625,24090.060546875,24149.41015625,0
2025-06-30 02:30:00,24151.740234375,24208.91015625,24114.900390625,24144.349609375,0
2025-06-30 03:30:00,24144.01953125,24187.310546875,24118.9609375,24182.94921875,0
2025-06-30 04:30:00,24179.029296875,24244.150390625,24169.669921875,24231.7109375,0
2025-06-30 05:30:00,24231.140625,24231.140625,24180.0703125,24214.080078125,0
2025-06-30 06:30:00,24211.6796875,24233.41015625,24164.5703125,24174.810546875,0
2025-06-30 07:30:00,24171.640625,24171.640625,24064.259765625,24072.279296875,0
2025-07-02 01:30:00,24304.310546875,24372.69921875,24122.5703125,24189.189453125,0
2025-07-02 02:30:00,24184.26953125,24277.4609375,24135.869140625,24237.69921875,0
2025-07-02 03:30:00,24233.5390625,24261.08984375,24212.580078125,24220.650390625,0
2025-07-02 04:30:00,24220.689453125,24279.19921875,24180.5,24180.5,0
2025-07-02 05:30:00,24182.80078125,24282.080078125,24163.740234375,24272.740234375,0
2025-07-02 06:30:00,24272.609375,24283.599609375,24189.810546875,24213.630859375,0
2025-07-02 07:30:00,24216.890625,24224.41015625,24196.05078125,24221.41015625,0
2025-07-03 01:30:00,24234.279296875,24269.140625,23920.0,23973.740234375,0
2025-07-03 02:30:00,23974.0703125,24009.2890625,23926.83984375,23985.439453125,0
2025-07-03 03:30:00,23982.41015625,23998.189453125,23950.9609375,23989.16015625,0
2025-07-03 04:30:00,23992.26953125,24002.740234375,23952.609375,23995.5,0
2025-07-03 05:30:00,23991.189453125,24070.44921875,23976.69921875,24058.98046875,0
2025-07-03 06:30:00,24056.330078125,24091.140625,24020.080078125,24033.880859375,0
2025-07-03 07:30:00,24032.369140625,24069.939453125,24021.849609375,24069.939453125,0
2025-07-04 01:30:00,23900.689453125,23932.970703125,23690.939453125,23763.69921875,0
2025-07-04 02:30:00,23764.779296875,23905.330078125,23763.08984375,23905.330078125,0
2025-07-04 03:30:00,23901.830078125,23928.490234375,23893.0703125,23921.810546875,0
2025-07-04 04:30:00,23926.48046875,24061.69921875,23893.55078125,24059.369140625,0
2025-07-04 05:30:00,24057.0703125,24068.509765625,23841.7890625,23856.380859375,0
2025-07-04 06:30:00,23857.2890625,23907.369140625,23853.740234375,23895.33984375,0
2025-07-04 07:30:00,23893.75,23932.099609375,23888.73046875,23916.060546875,0
2025-07-07 01:30:00,23828.849609375,23863.48046875,23713.779296875,23852.05078125,0
2025-07-07 02:30:00,23850.619140625,23857.359375,23761.7109375,23813.6796875,0
2025-07-07 03:30:00,23811.859375,23836.349609375,23805.349609375,23808.91015625,0
2025-07-07 04:30:00,23807.900390625,23874.66015625,23804.6796875,23841.529296875,0
2025-07-07 05:30:00,23844.810546875,23910.94921875,23839.880859375,23848.94921875,0
2025-07-07 06:30:00,23848.509765625,23851.509765625,23788.490234375,23798.5703125,0
2025-07-07 07:30:00,23799.08984375,23887.830078125,23788.8203125,23887.830078125,0
2025-07-08 01:30:00,23927.529296875,24055.359375,23899.599609375,24044.80078125,0
2025-07-08 02:30:00,24046.7109375,24138.150390625,23968.810546875,24121.169921875,0
2025-07-08 03:30:00,24120.970703125,24123.01953125,24071.060546875,24073.0390625,0
2025-07-08 04:30:00,24069.099609375,24082.240234375,24030.7890625,24039.94921875,0
2025-07-08 05:30:00,24040.919921875,24089.1796875,24021.0703125,24087.970703125,0
2025-07-08 06:30:00,24087.970703125,24155.05078125,24065.919921875,24120.220703125,0
2025-07-08 07:30:00,24119.060546875,24159.009765625,24107.560546875,24148.0703125,0
2025-07-09 01:30:00,24061.080078125,24061.080078125,23849.490234375,24002.689453125,0
2025-07-09 02:30:00,24006.349609375,24046.05078125,23916.919921875,23974.919921875,0
2025-07-09 03:30:00,23973.5703125,23985.859375,23941.05078125,23970.390625,0
2025-07-09 04:30:00,23963.75,24003.259765625,23941.380859375,23957.390625,0
2025-07-09 05:30:00,23956.779296875,23961.169921875,23841.91015625,23879.869140625,0
2025-07-09 06:30:00,23881.439453125,23900.140625,23827.150390625,23881.169921875,0
2025-07-09 07:30:00,23879.1796875,23905.08984375,23870.560546875,23892.3203125,0
2025-07-10 01:30:00,23865.640625,23948.76953125,23820.580078125,23915.439453125,0
2025-07-10 02:30:00,23918.189453125,23970.400390625,23868.94921875,23925.0,0
2025-07-10 03:30:00,23924.8203125,23926.689453125,23905.7890625,23914.7890625,0
2025-07-10 04:30:00,23908.33984375,23995.970703125,23907.51953125,23961.51953125,0
2025-07-10 05:30:00,23961.919921875,24065.140625,23958.91015625,24029.2890625,0
2025-07-10 06:30:00,24027.619140625,24087.58984375,23989.140625,24065.91015625,0
2025-07-10 07:30:00,24067.880859375,24074.33984375,24023.73046875,24028.369140625,0
2025-07-11 01:30:00,24033.119140625,24421.060546875,24033.119140625,24417.919921875,0
2025-07-11 02:30:00,24418.669921875,24460.900390625,24317.140625,24410.1796875,0
2025-07-11 03:30:00,24409.4609375,24488.91015625,24406.25,24485.490234375,0
2025-07-11 04:30:00,24476.990234375,24504.91015625,24399.830078125,24414.7109375,0
2025-07-11 05:30:00,24412.3203125,24506.30078125,24395.640625,24441.9609375,0
2025-07-11 06:30:00,24441.990234375,24441.990234375,24189.279296875,24225.6796875,0
2025-07-11 07:30:00,24227.689453125,24245.26953125,24139.5703125,24139.5703125,0
2025-07-14 01:30:00,24100.5703125,24209.7109375,24100.5703125,24173.880859375,0
2025-07-14 02:30:00,24178.259765625,24197.830078125,24097.3203125,24160.890625,0
2025-07-14 03:30:00,24161.279296875,24169.83984375,24129.7109375,24166.029296875,0
2025-07-14 04:30:00,24170.26953125,24212.2890625,24169.419921875,24210.0390625,0
2025-07-14 05:30:00,24210.439453125,24267.83984375,24210.080078125,24239.80078125,0
2025-07-14 06:30:00,24235.4609375,24256.169921875,24185.5,24249.0,0
2025-07-14 07:30:00,24250.619140625,24260.759765625,24203.3203125,24203.3203125,0
2025-07-15 01:30:00,24281.939453125,24555.6796875,24281.939453125,24403.01953125,0
2025-07-15 02:30:00,24401.689453125,24405.330078125,24141.880859375,24222.9609375,0
2025-07-15 03:30:00,24221.69921875,24264.75,24221.69921875,24250.900390625,0
2025-07-15 04:30:00,24245.029296875,24308.1796875,24235.810546875,24307.4296875,0
2025-07-15 05:30:00,24309.48046875,24477.310546875,24304.779296875,24474.3203125,0
2025-07-15 06:30:00,24474.240234375,24501.5703125,24380.7109375,24475.029296875,0
2025-07-15 07:30:00,24471.830078125,24590.119140625,24471.830078125,24590.119140625,0
2025-07-16 01:30:00,24704.05078125,24867.810546875,24660.439453125,24703.509765625,0
2025-07-16 02:30:00,24704.099609375,24738.640625,24599.869140625,24699.810546875,0
2025-07-16 03:30:00,24698.509765625,24734.259765625,24642.26953125,24658.55078125,0
2025-07-16 04:30:00,24663.3203125,24663.3203125,24568.8203125,24597.0390625,0
2025-07-16 05:30:00,24595.08984375,24689.98046875,24549.220703125,24636.509765625,0
2025-07-16 06:30:00,24638.060546875,24656.830078125,24566.48046875,24588.1796875,0
2025-07-16 07:30:00,24586.509765625,24607.0,24517.75,24517.759765625,0
2025-07-17 01:30:00,24547.080078125,24672.509765625,24504.5703125,24541.419921875,0
2025-07-17 02:30:00,24542.94921875,24545.740234375,24447.9296875,24503.1796875,0
2025-07-17 03:30:00,24504.650390625,24542.869140625,24461.189453125,24534.83984375,0
2025-07-17 04:30:00,24536.390625,24573.919921875,24518.30078125,24553.400390625,0
2025-07-17 05:30:00,24550.75,24586.240234375,24527.150390625,24549.6796875,0
2025-07-17 06:30:00,24548.759765625,24570.55078125,24456.529296875,24472.169921875,0
2025-07-17 07:30:00,24475.060546875,24515.990234375,24464.810546875,24498.94921875,0
2025-07-18 01:30:00,24757.830078125,24821.119140625,24702.890625,24768.80078125,0
2025-07-18 02:30:00,24767.44921875,24773.380859375,24673.779296875,24682.76953125,0
2025-07-18 03:30:00,24682.359375,24683.859375,24640.619140625,24676.640625,0
2025-07-18 04:30:00,24676.26953125,24694.9296875,24630.7890625,24673.580078125,0
2025-07-18 05:30:00,24675.130859375,24729.220703125,24667.939453125,24710.810546875,0
2025-07-18 06:30:00,24708.2890625,24813.1796875,24705.279296875,24774.029296875,0
2025-07-18 07:30:00,24771.919921875,24825.66015625,24769.150390625,24825.66015625,0
2025-07-21 01:30:00,24991.140625,25010.900390625,24893.16015625,24991.810546875,0
2025-07-21 02:30:00,24991.650390625,24998.73046875,24909.7890625,24913.419921875,0
2025-07-21 03:30:00,24915.0390625,24915.0390625,24887.169921875,24895.19921875,0
2025-07-21 04:30:00,24895.05078125,24907.119140625,24844.80078125,24876.0,0
2025-07-21 05:30:00,24875.380859375,24986.189453125,24875.380859375,24976.470703125,0
2025-07-21 06:30:00,24977.150390625,25001.779296875,24955.6796875,24983.5,0
2025-07-21 07:30:00,24981.5,24994.140625,24940.8203125,24994.140625,0
2025-07-22 01:30:00,25024.9296875,25120.6796875,24916.779296875,24929.560546875,0
2025-07-22 02:30:00,24927.099609375,25002.1796875,24900.58984375,24998.4296875,0
2025-07-22 03:30:00,24999.26953125,25068.150390625,24995.109375,25057.109375,0
2025-07-22 04:30:00,25056.73046875,25111.009765625,25048.109375,25081.830078125,0
2025-07-22 05:30:00,25081.330078125,25123.640625,24986.029296875,25082.470703125,0
2025-07-22 06:30:00,25082.849609375,25100.189453125,25045.779296875,25079.0,0
2025-07-22 07:30:00,25078.970703125,25130.029296875,25063.7109375,25130.029296875,0
2025-07-23 01:30:00,25348.30078125,25348.30078125,25228.009765625,25266.5390625,0
2025-07-23 02:30:00,25267.609375,25393.140625,25229.740234375,25390.900390625,0
2025-07-23 03:30:00,25387.900390625,25428.419921875,25367.58984375,25413.48046875,0
2025-07-23 04:30:00,25421.98046875,25519.650390625,25421.98046875,25507.73046875,0
2025-07-23 05:30:00,25510.01953125,25517.5,25354.400390625,25430.380859375,0
2025-07-23 06:30:00,25433.849609375,25504.0703125,25384.69921875,25445.75,0
2025-07-23 07:30:00,25442.400390625,25538.0703125,25440.66015625,25538.0703125,0
2025-07-24 01:30:00,25528.220703125,25674.5,25502.490234375,25617.01953125,0
2025-07-24 02:30:00,25614.55078125,25735.890625,25614.55078125,25682.029296875,0
2025-07-24 03:30:00,25681.099609375,25694.369140625,25626.779296875,25688.869140625,0
2025-07-24 04:30:00,25688.140625,25731.3203125,25671.33984375,25711.01953125,0
2025-07-24 05:30:00,25712.580078125,25724.060546875,25589.4296875,25671.33984375,0
2025-07-24 06:30:00,25671.0703125,25704.16015625,25649.650390625,25655.0,0
2025-07-24 07:30:00,25653.900390625,25667.1796875,25624.900390625,25667.1796875,0
2025-07-25 01:30:00,25531.58984375,25585.73046875,25468.26953125,25483.810546875,0
2025-07-25 02:30:00,25483.939453125,25532.890625,25384.119140625,25414.0390625,0
2025-07-25 03:30:00,25411.16015625,25411.990234375,25363.880859375,25383.0703125,0
2025-07-25 04:30:00,25375.25,25467.970703125,25367.580078125,25460.759765625,0
2025-07-25 05:30:00,25458.9609375,25476.689453125,25355.310546875,25393.5390625,0
2025-07-25 06:30:00,25395.0703125,25405.560546875,25358.310546875,25398.19921875,0
2025-07-25 07:30:00,25396.060546875,25415.859375,25364.169921875,25388.349609375,0
2025-07-28 01:30:00,25458.869140625,25667.400390625,25399.359375,25651.8203125,0
2025-07-28 02:30:00,25648.83984375,25660.4609375,25476.779296875,25478.8203125,0
2025-07-28 03:30:00,25480.009765625,25495.900390625,25455.279296875,25490.44921875,0
2025-07-28 04:30:00,25484.58984375,25542.1796875,25484.58984375,25518.140625,0
2025-07-28 05:30:00,25514.119140625,25547.69921875,25487.619140625,25502.55078125,0
2025-07-28 06:30:00,25503.2890625,25593.25,25498.66015625,25557.720703125,0
2025-07-28 07:30:00,25558.66015625,25566.830078125,25538.130859375,25562.130859375,0
2025-07-29 01:30:00,25454.830078125,25463.619140625,25252.3203125,25306.91015625,0
2025-07-29 02:30:00,25291.0,25353.0,25260.609375,25308.330078125,0
2025-07-29 03:30:00,25307.66015625,25322.650390625,25275.30078125,25319.390625,0
2025-07-29 04:30:00,25314.16015625,25346.9609375,25282.359375,25308.390625,0
2025-07-29 05:30:00,25305.140625,25387.859375,25285.5703125,25378.580078125,0
2025-07-29 06:30:00,25380.080078125,25473.109375,25364.009765625,25444.599609375,0
2025-07-29 07:30:00,25445.26953125,25530.419921875,25442.51953125,25524.44921875,0
2025-07-30 01:30:00,25335.2109375,25458.1796875,25213.400390625,25390.7890625,0
2025-07-30 02:30:00,25375.48046875,25499.5703125,25375.48046875,25461.51953125,0
2025-07-30 03:30:00,25445.669921875,25478.990234375,25407.189453125,25415.939453125,0
2025-07-30 04:30:00,25402.44921875,25456.7890625,25310.669921875,25357.779296875,0
2025-07-30 05:30:00,25340.900390625,25389.05078125,25082.19921875,25229.98046875,0
2025-07-30 06:30:00,25216.640625,25260.890625,25130.140625,25215.2890625,0
2025-07-30 07:30:00,25205.8203125,25241.259765625,25158.669921875,25176.9296875,0
2025-07-31 01:30:00,24982.869140625,24982.869140625,24778.490234375,24841.220703125,0
2025-07-31 02:30:00,24838.4609375,25000.060546875,24813.8203125,24881.0,0
2025-07-31 03:30:00,24877.5390625,24913.26953125,24850.330078125,24906.390625,0
2025-07-31 04:30:00,24907.44921875,24953.640625,24796.380859375,24796.380859375,0
2025-07-31 05:30:00,24796.5390625,24865.140625,24744.919921875,24783.490234375,0
2025-07-31 06:30:00,24784.029296875,24806.94921875,24748.220703125,24793.94921875,0
2025-07-31 07:30:00,24793.580078125,24822.0703125,24773.330078125,24773.330078125,0
2025-08-01 01:30:00,24744.33984375,24856.5390625,24693.009765625,24807.490234375,0
2025-08-01 02:30:00,24808.69921875,24812.900390625,24695.509765625,24736.390625,0
2025-08-01 03:30:00,24739.0703125,24762.400390625,24715.689453125,24727.779296875,0
2025-08-01 04:30:00,24719.630859375,24727.380859375,24563.330078125,24563.8203125,0
2025-08-01 05:30:00,24568.189453125,24684.76953125,24564.640625,24653.189453125,0
2025-08-01 06:30:00,24653.9296875,24677.7890625,24526.119140625,24532.1796875,0
2025-08-01 07:30:00,24533.380859375,24580.919921875,24507.630859375,24507.810546875,0
2025-08-04 01:30:00,24431.880859375,24629.130859375,24372.509765625,24584.0,0
2025-08-04 02:30:00,24585.560546875,24638.919921875,24558.75,24621.05078125,0
2025-08-04 03:30:00,24626.810546875,24634.990234375,24607.599609375,24627.25,0
2025-08-04 04:30:00,24633.05078125,24688.080078125,24597.08984375,24668.609375,0
2025-08-04 05:30:00,24670.900390625,24702.80078125,24624.619140625,24694.509765625,0
2025-08-04 06:30:00,24693.33984375,24748.759765625,24668.19921875,24701.029296875,0
2025-08-04 07:30:00,24699.640625,24735.609375,24696.349609375,24733.44921875,0
2025-08-05 01:30:00,24746.810546875,24862.509765625,24686.849609375,24737.98046875,0
2025-08-05 02:30:00,24737.529296875,24777.44921875,24694.609375,24767.3203125,0
2025-08-05 03:30:00,24767.48046875,24812.869140625,24761.630859375,24799.669921875,0
2025-08-05 04:30:00,24807.109375,24880.41015625,24803.6796875,24842.23046875,0
2025-08-05 05:30:00,24841.900390625,24921.919921875,24832.83984375,24909.4609375,0
2025-08-05 06:30:00,24911.830078125,24925.900390625,24858.890625,24879.400390625,0
2025-08-05 07:30:00,24878.220703125,24902.529296875,24846.7109375,24902.529296875,0
2025-08-06 01:30:00,24864.150390625,24954.650390625,24834.9296875,24836.4296875,0
2025-08-06 02:30:00,24838.01953125,25002.970703125,24806.4609375,24988.98046875,0
2025-08-06 03:30:00,24988.310546875,24992.990234375,24926.390625,24947.44921875,0
2025-08-06 04:30:00,24948.5390625,24961.01953125,24885.060546875,24888.689453125,0
2025-08-06 05:30:00,24889.439453125,24952.23046875,24876.75,24913.0,0
2025-08-06 06:30:00,24914.919921875,24965.099609375,24893.5390625,24953.83984375,0
2025-08-06 07:30:00,24956.30078125,24968.509765625,24910.630859375,24910.630859375,0
2025-08-07 01:30:00,24982.5,25047.0390625,24820.599609375,24832.640625,0
2025-08-07 02:30:00,24837.109375,24987.880859375,24831.640625,24984.76953125,0
2025-08-07 03:30:00,24983.390625,25067.5390625,24979.9296875,25041.029296875,0
2025-08-07 04:30:00,25039.6796875,25070.0,25016.009765625,25062.029296875,0
2025-08-07 05:30:00,25056.44921875,25115.16015625,25031.279296875,25107.349609375,0
2025-08-07 06:30:00,25106.640625,25112.2890625,25047.48046875,25060.259765625,0
2025-08-07 07:30:00,25062.529296875,25081.630859375,25036.009765625,25081.630859375,0
2025-08-08 01:30:00,24968.310546875,24999.109375,24875.900390625,24950.130859375,0
2025-08-08 02:30:00,24949.4296875,24987.580078125,24897.419921875,24908.140625,0
2025-08-08 03:30:00,24909.73046875,24923.33984375,24905.51953125,24916.150390625,0
2025-08-08 04:30:00,24910.580078125,24918.16015625,24844.48046875,24851.48046875,0
2025-08-08 05:30:00,24856.380859375,24886.099609375,24812.119140625,24853.66015625,0
2025-08-08 06:30:00,24855.560546875,24870.189453125,24820.69921875,24851.919921875,0
2025-08-08 07:30:00,24850.98046875,24870.939453125,24831.44921875,24858.8203125,0
2025-08-11 01:30:00,24946.55078125,24969.30078125,24775.73046875,24830.169921875,0
2025-08-11 02:30:00,24829.25,24940.759765625,24810.130859375,24932.3203125,0
2025-08-11 03:30:00,24932.990234375,24933.869140625,24897.919921875,24906.900390625,0
2025-08-11 04:30:00,24903.509765625,24932.7109375,24865.150390625,24882.08984375,0
2025-08-11 05:30:00,24877.900390625,24928.990234375,24861.51953125,24880.9296875,0
2025-08-11 06:30:00,24881.0703125,24888.41015625,24852.240234375,24866.169921875,0
2025-08-11 07:30:00,24868.08984375,24906.810546875,24852.7109375,24906.810546875,0
2025-08-12 01:30:00,24824.0703125,24942.30078125,24824.0703125,24896.2109375,0
2025-08-12 02:30:00,24897.75,24922.5390625,24801.130859375,24914.1796875,0
2025-08-12 03:30:00,24915.5,24939.7890625,24904.08984375,24929.33984375,0
2025-08-12 04:30:00,24937.419921875,24953.9609375,24865.640625,24903.7890625,0
2025-08-12 05:30:00,24901.859375,24916.98046875,24865.73046875,24900.939453125,0
2025-08-12 06:30:00,24902.689453125,25016.2890625,24895.4296875,24997.830078125,0
2025-08-12 07:30:00,25000.7890625,25001.669921875,24950.2890625,24969.6796875,0
2025-08-13 01:30:00,25176.51953125,25289.44921875,25176.51953125,25287.029296875,0
2025-08-13 02:30:00,25288.080078125,25434.919921875,25286.310546875,25424.2890625,0
2025-08-13 03:30:00,25424.19921875,25451.0,25410.099609375,25439.91015625,0
2025-08-13 04:30:00,25433.369140625,25473.2890625,25420.060546875,25441.26953125,0
2025-08-13 05:30:00,25444.25,25537.76953125,25440.25,25475.41015625,0
2025-08-13 06:30:00,25475.939453125,25594.9609375,25474.44921875,25579.740234375,0
2025-08-13 07:30:00,25581.3203125,25613.669921875,25575.919921875,25613.669921875,0
2025-08-14 01:30:00,25766.619140625,25766.619140625,25651.08984375,25711.140625,0
2025-08-14 02:30:00,25713.7890625,25733.76953125,25589.7890625,25594.830078125,0
2025-08-14 03:30:00,25590.849609375,25602.41015625,25553.26953125,25597.849609375,0
2025-08-14 04:30:00,25603.369140625,25607.66015625,25449.80078125,25506.060546875,0
2025-08-14 05:30:00,25506.73046875,25555.009765625,25490.08984375,25545.7890625,0
2025-08-14 06:30:00,25544.69921875,25595.380859375,25479.259765625,25534.41015625,0
2025-08-14 07:30:00,25534.720703125,25546.0703125,25507.7109375,25519.3203125,0
2025-08-15 01:30:00,25322.099609375,25356.5390625,25188.759765625,25193.98046875,0
2025-08-15 02:30:00,25188.98046875,25249.630859375,25167.810546875,25247.869140625,0
2025-08-15 03:30:00,25245.669921875,25255.470703125,25210.51953125,25215.099609375,0
2025-08-15 04:30:00,25217.9609375,25244.509765625,25199.05078125,25232.669921875,0
2025-08-15 05:30:00,25231.859375,25301.279296875,25200.650390625,25217.9296875,0
2025-08-15 06:30:00,25217.55078125,25284.349609375,25216.94921875,25264.0703125,0
2025-08-15 07:30:00,25267.029296875,25291.119140625,25250.7109375,25270.0703125,0
2025-08-18 01:30:00,25293.33984375,25392.6796875,25277.619140625,25322.3203125,0
2025-08-18 02:30:00,25321.5390625,25379.580078125,25242.109375,25375.869140625,0
2025-08-18 03:30:00,25379.16015625,25430.30078125,25361.2109375,25426.529296875,0
2025-08-18 04:30:00,25433.19921875,25466.099609375,25370.130859375,25393.0703125,0
2025-08-18 05:30:00,25397.69921875,25415.630859375,25292.419921875,25305.7890625,0
2025-08-18 06:30:00,25307.439453125,25337.880859375,25237.66015625,25259.140625,0
2025-08-18 07:30:00,25259.109375,25284.58984375,25176.849609375,25176.849609375,0
2025-08-19 01:30:00,25241.2890625,25250.08984375,25083.619140625,25185.259765625,0
2025-08-19 02:30:00,25181.109375,25213.330078125,25132.9609375,25169.830078125,0
2025-08-19 03:30:00,25168.509765625,25226.0390625,25168.509765625,25224.970703125,0
2025-08-19 04:30:00,25231.779296875,25260.580078125,25199.939453125,25218.30078125,0
2025-08-19 05:30:00,25219.580078125,25226.859375,25083.19921875,25097.19921875,0
2025-08-19 06:30:00,25098.759765625,25137.44921875,25083.44921875,25122.869140625,0
2025-08-19 07:30:00,25124.009765625,25174.25,25120.33984375,25122.900390625,0
2025-08-20 01:30:00,24968.5703125,25052.259765625,24887.9296875,25050.169921875,0
2025-08-20 02:30:00,25051.19921875,25095.279296875,24973.720703125,25006.890625,0
2025-08-20 03:30:00,25008.240234375,25022.439453125,24969.51953125,24980.19921875,0
2025-08-20 04:30:00,24990.01953125,25008.01953125,24959.400390625,24999.470703125,0
2025-08-20 05:30:00,25004.220703125,25133.44921875,24999.4609375,25118.19921875,0
2025-08-20 06:30:00,25118.7109375,25210.900390625,25095.779296875,25177.5,0
2025-08-20 07:30:00,25182.890625,25205.529296875,25150.830078125,25165.939453125,0
2025-08-21 01:30:00,25216.419921875,25216.419921875,25112.349609375,25198.0703125,0
2025-08-21 02:30:00,25196.76953125,25214.30078125,25092.30078125,25124.390625,0
2025-08-21 03:30:00,25122.529296875,25145.720703125,25119.859375,25140.9609375,0
2025-08-21 04:30:00,25141.029296875,25151.130859375,25100.419921875,25134.830078125,0
2025-08-21 05:30:00,25133.380859375,25152.390625,25000.849609375,25036.0703125,0
2025-08-21 06:30:00,25034.630859375,25097.439453125,25004.5,25070.759765625,0
2025-08-21 07:30:00,25070.5390625,25121.44921875,25067.849609375,25104.609375,0
2025-08-22 01:30:00,25205.0390625,25287.029296875,25140.080078125,25183.560546875,0
2025-08-22 02:30:00,25182.55078125,25242.599609375,25153.490234375,25182.41015625,0
2025-08-22 03:30:00,25187.970703125,25210.849609375,25176.130859375,25184.66015625,0
2025-08-22 04:30:00,25182.8203125,25216.400390625,25150.75,25193.9296875,0
2025-08-22 05:30:00,25194.3203125,25251.369140625,25178.80078125,25249.900390625,0
2025-08-22 06:30:00,25249.3203125,25312.5390625,25209.08984375,25296.830078125,0
2025-08-22 07:30:00,25295.400390625,25349.080078125,25295.400390625,25339.140625,0
2025-08-25 01:30:00,25606.880859375,25862.080078125,25590.619140625,25840.220703125,0
2025-08-25 02:30:00,25846.25,25918.859375,25782.26953125,25867.650390625,0
2025-08-25 03:30:00,25866.720703125,25883.349609375,25842.91015625,25866.490234375,0
2025-08-25 04:30:00,25865.80078125,25869.349609375,25751.759765625,25764.330078125,0
2025-08-25 05:30:00,25765.0,25890.33984375,25739.859375,25886.75,0
2025-08-25 06:30:00,25886.759765625,25908.220703125,25815.330078125,25825.75,0
2025-08-25 07:30:00,25826.240234375,25842.4609375,25785.150390625,25829.91015625,0
2025-08-26 01:30:00,25714.91015625,25794.109375,25670.98046875,25748.810546875,0
2025-08-26 02:30:00,25748.369140625,25819.69921875,25715.51953125,25803.05078125,0
2025-08-26 03:30:00,25803.140625,25804.55078125,25762.759765625,25773.560546875,0
2025-08-26 04:30:00,25779.80078125,25808.349609375,25755.259765625,25774.0703125,0
2025-08-26 05:30:00,25769.140625,25804.26953125,25685.8203125,25700.80078125,0
2025-08-26 06:30:00,25701.849609375,25708.880859375,25539.630859375,25566.380859375,0
2025-08-26 07:30:00,25569.4609375,25595.990234375,25524.919921875,25524.919921875,0
2025-08-27 01:30:00,25626.169921875,25653.919921875,25564.44921875,25582.609375,0
2025-08-27 02:30:00,25581.75,25592.220703125,25480.939453125,25534.55078125,0
2025-08-27 03:30:00,25529.5,25549.0703125,25517.0,25541.4296875,0
2025-08-27 04:30:00,25539.369140625,25553.6796875,25419.0390625,25421.630859375,0
2025-08-27 05:30:00,25423.5,25442.970703125,25192.669921875,25194.66015625,0
2025-08-27 06:30:00,25192.109375,25264.0390625,25140.169921875,25191.849609375,0
2025-08-27 07:30:00,25193.880859375,25222.91015625,25176.7109375,25201.759765625,0
2025-08-28 01:30:00,25030.5390625,25055.6796875,24902.509765625,25016.869140625,0
2025-08-28 02:30:00,25023.2109375,25093.650390625,24980.9609375,25013.2109375,0
2025-08-28 03:30:00,25025.990234375,25040.310546875,25007.009765625,25035.779296875,0
2025-08-28 04:30:00,25028.720703125,25028.720703125,24846.740234375,24854.189453125,0
2025-08-28 05:30:00,24868.029296875,24994.810546875,24808.779296875,24950.0,0
2025-08-28 06:30:00,24960.19921875,25088.259765625,24937.939453125,25019.83984375,0
2025-08-28 07:30:00,25028.69921875,25033.490234375,24980.3203125,24998.8203125,0
2025-08-29 01:30:00,25095.44921875,25212.970703125,25066.849609375,25165.7890625,0
2025-08-29 02:30:00,25166.939453125,25277.509765625,25162.75,25193.58984375,0
2025-08-29 03:30:00,25193.640625,25193.7890625,25144.30078125,25156.890625,0
2025-08-29 04:30:00,25157.419921875,25211.859375,25100.73046875,25141.830078125,0
2025-08-29 05:30:00,25138.599609375,25270.23046875,25138.26953125,25173.58984375,0
2025-08-29 06:30:00,25171.990234375,25247.380859375,25147.720703125,25148.8203125,0
2025-08-29 07:30:00,25147.5,25153.349609375,25077.619140625,25077.619140625,0
2025-09-01 01:30:00,25508.2109375,25622.1796875,25471.349609375,25609.30078125,0
2025-09-01 02:30:00,25608.7890625,25638.33984375,25508.48046875,25515.630859375,0
2025-09-01 03:30:00,25514.91015625,25535.05078125,25491.2109375,25520.44921875,0
2025-09-01 04:30:00,25519.349609375,25573.1796875,25511.669921875,25567.76953125,0
2025-09-01 05:30:00,25566.890625,25636.80078125,25533.4609375,25630.23046875,0
2025-09-01 06:30:00,25627.91015625,25636.5,25561.5,25590.759765625,0
2025-09-01 07:30:00,25590.560546875,25623.419921875,25578.4609375,25617.419921875,0
2025-09-02 01:30:00,25587.970703125,25703.98046875,25511.330078125,25703.98046875,0
2025-09-02 02:30:00,25703.869140625,25724.73046875,25513.130859375,25536.560546875,0
2025-09-02 03:30:00,25537.189453125,25541.0,25449.5390625,25460.16015625,0
2025-09-02 04:30:00,25454.5703125,25526.439453125,25416.609375,25445.400390625,0
2025-09-02 05:30:00,25444.640625,25572.810546875,25436.9609375,25503.19921875,0
2025-09-02 06:30:00,25501.640625,25561.119140625,25466.26953125,25524.4609375,0
2025-09-02 07:30:00,25519.080078125,25522.630859375,25477.119140625,25496.55078125,0
2025-09-03 01:30:00,25660.650390625,25789.990234375,25493.060546875,25523.470703125,0
2025-09-03 02:30:00,25523.3203125,25537.890625,25369.4609375,25371.5390625,0
2025-09-03 03:30:00,25372.650390625,25400.1796875,25351.9296875,25395.16015625,0
2025-09-03 04:30:00,25396.029296875,25424.91015625,25328.900390625,25357.880859375,0
2025-09-03 05:30:00,25357.390625,25395.130859375,25290.349609375,25362.509765625,0
2025-09-03 06:30:00,25364.9296875,25390.150390625,25276.869140625,25311.990234375,0
2025-09-03 07:30:00,25310.779296875,25347.83984375,25292.259765625,25343.4296875,0
2025-09-04 01:30:00,25489.130859375,25494.44921875,25205.630859375,25248.830078125,0
2025-09-04 02:30:00,25240.75,25240.75,25015.740234375,25032.91015625,0
2025-09-04 03:30:00,25030.05078125,25046.26953125,25016.2890625,25037.73046875,0
2025-09-04 04:30:00,25031.310546875,25100.890625,25013.259765625,25069.05078125,0
2025-09-04 05:30:00,25069.859375,25137.080078125,25037.359375,25078.26953125,0
2025-09-04 06:30:00,25077.3203125,25118.390625,25014.05078125,25053.880859375,0
2025-09-04 07:30:00,25052.75,25072.859375,25034.380859375,25058.509765625,0
2025-09-05 01:30:00,25136.240234375,25203.689453125,25090.650390625,25203.0390625,0
2025-09-05 02:30:00,25196.470703125,25244.099609375,25169.23046875,25190.650390625,0
2025-09-05 03:30:00,25181.919921875,25216.240234375,25162.330078125,25212.849609375,0
2025-09-05 04:30:00,25219.51953125,25270.75,25208.830078125,25263.69921875,0
2025-09-05 05:30:00,25262.470703125,25388.150390625,25250.5,25381.5,0
2025-09-05 06:30:00,25374.599609375,25471.80078125,25371.630859375,25404.76953125,0
2025-09-05 07:30:00,25403.759765625,25431.83984375,25389.16015625,25417.98046875,0
2025-09-08 01:30:00,25440.009765625,25551.080078125,25387.810546875,25461.25,0
2025-09-08 02:30:00,25461.220703125,25535.560546875,25435.30078125,25508.310546875,0
2025-09-08 03:30:00,25509.25,25512.5703125,25481.94921875,25508.169921875,0
2025-09-08 04:30:00,25511.66015625,25531.119140625,25495.400390625,25508.0,0
2025-09-08 05:30:00,25509.01953125,25653.19921875,25498.580078125,25634.619140625,0
2025-09-08 06:30:00,25633.05078125,25664.009765625,25593.19921875,25604.05078125,0
2025-09-08 07:30:00,25605.669921875,25640.880859375,25600.580078125,25633.91015625,0
2025-09-09 01:30:00,25711.0703125,25977.650390625,25675.279296875,25976.970703125,0
2025-09-09 02:30:00,25976.150390625,26027.939453125,25834.51953125,25854.8203125,0
2025-09-09 03:30:00,25853.720703125,25871.16015625,25809.599609375,25839.359375,0
2025-09-09 04:30:00,25838.439453125,25872.4609375,25751.109375,25822.0703125,0
2025-09-09 05:30:00,25822.029296875,25822.1796875,25747.69921875,25781.880859375,0
2025-09-09 06:30:00,25783.150390625,25923.880859375,25773.26953125,25916.759765625,0
2025-09-09 07:30:00,25919.400390625,25938.130859375,25880.0390625,25938.130859375,0
2025-09-10 01:30:00,26042.41015625,26236.98046875,26017.5,26146.720703125,0
2025-09-10 02:30:00,26152.029296875,26227.740234375,26063.919921875,26192.48046875,0
2025-09-10 03:30:00,26191.400390625,26254.169921875,26175.919921875,26246.130859375,0
2025-09-10 04:30:00,26242.76953125,26289.859375,26211.390625,26274.0,0
2025-09-10 05:30:00,26272.41015625,26296.599609375,26231.6796875,26270.2109375,0
2025-09-10 06:30:00,26268.189453125,26270.689453125,26169.91015625,26219.400390625,0
2025-09-10 07:30:00,26220.560546875,26228.41015625,26190.19921875,26200.259765625,0
2025-09-11 01:30:00,25987.490234375,26004.890625,25878.970703125,25997.689453125,0
2025-09-11 02:30:00,25996.369140625,26134.23046875,25917.01953125,26130.359375,0
2025-09-11 03:30:00,26131.990234375,26135.0,26065.58984375,26124.849609375,0
2025-09-11 04:30:00,26123.58984375,26191.94921875,26101.55078125,26186.619140625,0
2025-09-11 05:30:00,26185.009765625,26197.30078125,26056.150390625,26136.23046875,0
2025-09-11 06:30:00,26134.720703125,26241.4609375,26114.609375,26118.08984375,0
2025-09-11 07:30:00,26118.5703125,26136.69921875,26082.08984375,26086.3203125,0
2025-09-12 01:30:00,26539.439453125,26585.94921875,26405.419921875,26480.369140625,0
2025-09-12 02:30:00,26481.330078125,26515.990234375,26355.759765625,26454.01953125,0
2025-09-12 03:30:00,26453.240234375,26497.41015625,26448.740234375,26484.650390625,0
2025-09-12 04:30:00,26488.94921875,26502.169921875,26434.3203125,26446.41015625,0
2025-09-12 05:30:00,26445.5390625,26491.76953125,26389.66015625,26416.48046875,0
2025-09-12 06:30:00,26415.5390625,26418.830078125,26329.66015625,26388.359375,0
2025-09-12 07:30:00,26392.830078125,26402.3203125,26361.029296875,26388.16015625,0
2025-09-15 01:30:00,26308.91015625,26515.41015625,26287.4609375,26454.509765625,0
2025-09-15 02:30:00,26453.369140625,26532.75,26441.94921875,26499.41015625,0
2025-09-15 03:30:00,26498.73046875,26502.390625,26453.66015625,26463.48046875,0
2025-09-15 04:30:00,26461.359375,26479.2890625,26427.880859375,26464.119140625,0
2025-09-15 05:30:00,26465.869140625,26478.75,26280.23046875,26289.80078125,0
2025-09-15 06:30:00,26286.810546875,26455.169921875,26286.810546875,26452.25,0
2025-09-15 07:30:00,26450.869140625,26467.919921875,26435.4296875,26446.560546875,0
2025-09-16 01:30:00,26536.630859375,26601.58984375,26419.689453125,26436.740234375,0
2025-09-16 02:30:00,26436.75,26459.41015625,26332.2109375,26456.44921875,0
2025-09-16 03:30:00,26460.7890625,26483.349609375,26447.51953125,26466.44921875,0
2025-09-16 04:30:00,26435.470703125,26467.69921875,26408.369140625,26424.94921875,0
2025-09-16 05:30:00,26422.7890625,26527.41015625,26404.009765625,26458.609375,0
2025-09-16 06:30:00,26457.509765625,26514.359375,26450.509765625,26491.310546875,0
2025-09-16 07:30:00,26489.890625,26493.5703125,26404.490234375,26438.509765625,0
2025-09-17 01:30:00,26554.189453125,26675.48046875,26540.5703125,26620.130859375,0
2025-09-17 02:30:00,26621.630859375,26852.0703125,26600.1796875,26812.7890625,0
2025-09-17 03:30:00,26810.720703125,26817.33984375,26745.48046875,26812.189453125,0
2025-09-17 04:30:00,26816.830078125,26871.259765625,26790.849609375,26844.859375,0
2025-09-17 05:30:00,26845.140625,26914.169921875,26837.7109375,26892.990234375,0
2025-09-17 06:30:00,26894.33984375,26936.5,26860.33984375,26888.609375,0
2025-09-17 07:30:00,26892.19921875,26924.849609375,26887.9296875,26908.390625,0
2025-09-18 01:30:00,26863.689453125,27058.029296875,26805.669921875,26965.490234375,0
2025-09-18 02:30:00,26964.330078125,26967.669921875,26797.75,26891.009765625,0
2025-09-18 03:30:00,26889.609375,26889.919921875,26815.109375,26860.609375,0
2025-09-18 04:30:00,26862.7890625,26875.310546875,26651.349609375,26691.33984375,0
2025-09-18 05:30:00,26691.609375,26722.98046875,26430.529296875,26448.9296875,0
2025-09-18 06:30:00,26447.51953125,26590.400390625,26322.080078125,26584.990234375,0
2025-09-18 07:30:00,26587.330078125,26598.19921875,26531.69921875,26544.849609375,0
2025-09-19 01:30:00,26583.029296875,26605.109375,26414.109375,26563.880859375,0
2025-09-19 02:30:00,26564.080078125,26637.640625,26505.109375,26586.490234375,0
2025-09-19 03:30:00,26586.1796875,26599.259765625,26559.8203125,26576.58984375,0
2025-09-19 04:30:00,26580.529296875,26615.810546875,26429.7109375,26461.44921875,0
2025-09-19 05:30:00,26461.23046875,26542.630859375,26414.7890625,26526.720703125,0
2025-09-19 06:30:00,26527.23046875,26527.23046875,26434.140625,26502.990234375,0
2025-09-19 07:30:00,26501.130859375,26549.740234375,26494.529296875,26545.099609375,0
2025-09-22 01:30:00,26459.51953125,26479.140625,26277.099609375,26362.3203125,0
2025-09-22 02:30:00,26363.080078125,26384.630859375,26241.0703125,26301.349609375,0
2025-09-22 03:30:00,26304.55078125,26328.75,26278.01953125,26280.720703125,0
2025-09-22 04:30:00,26285.400390625,26364.25,26256.2890625,26309.310546875,0
2025-09-22 05:30:00,26307.720703125,26328.98046875,26204.009765625,26255.919921875,0
2025-09-22 06:30:00,26255.08984375,26344.9296875,26253.48046875,26275.220703125,0
2025-09-22 07:30:00,26278.560546875,26344.140625,26264.80078125,26344.140625,0
2025-09-23 01:30:00,26435.580078125,26454.08984375,26086.66015625,26111.529296875,0
2025-09-23 02:30:00,26111.580078125,26214.0703125,26060.98046875,26106.05078125,0
2025-09-23 03:30:00,26106.51953125,26113.669921875,26075.23046875,26090.109375,0
2025-09-23 04:30:00,26085.4296875,26118.529296875,26040.5703125,26113.41015625,0
2025-09-23 05:30:00,26112.640625,26138.0390625,26003.669921875,26090.330078125,0
2025-09-23 06:30:00,26091.33984375,26148.849609375,26067.849609375,26109.4296875,0
2025-09-23 07:30:00,26107.080078125,26159.119140625,26103.3203125,26159.119140625,0
2025-09-24 01:30:00,26073.689453125,26270.630859375,26057.259765625,26215.08984375,0
2025-09-24 02:30:00,26215.890625,26392.740234375,26189.380859375,26382.080078125,0
2025-09-24 03:30:00,26380.849609375,26411.390625,26345.9609375,26397.619140625,0
2025-09-24 04:30:00,26411.599609375,26426.6796875,26349.970703125,26389.560546875,0
2025-09-24 05:30:00,26389.69921875,26504.130859375,26379.439453125,26416.94921875,0
2025-09-24 06:30:00,26414.330078125,26554.439453125,26413.970703125,26491.630859375,0
2025-09-24 07:30:00,26492.33984375,26562.880859375,26485.390625,26518.650390625,0
2025-09-25 01:30:00,26536.130859375,26563.330078125,26423.939453125,26499.390625,0
2025-09-25 02:30:00,26497.7109375,26624.560546875,26491.279296875,26604.919921875,0
2025-09-25 03:30:00,26609.16015625,26640.529296875,26599.05078125,26633.810546875,0
2025-09-25 04:30:00,26640.2890625,26640.2890625,26478.1796875,26486.94921875,0
2025-09-25 05:30:00,26486.640625,26597.2109375,26453.169921875,26550.650390625,0
2025-09-25 06:30:00,26550.169921875,26575.689453125,26403.51953125,26429.5,0
2025-09-25 07:30:00,26429.2109375,26485.189453125,26421.58984375,26484.6796875,0
2025-09-26 01:30:00,26272.30078125,26353.630859375,26195.189453125,26288.109375,0
2025-09-26 02:30:00,26287.240234375,26374.849609375,26255.919921875,26273.98046875,0
2025-09-26 03:30:00,26274.859375,26339.080078125,26260.9609375,26312.900390625,0
2025-09-26 04:30:00,26317.740234375,26371.630859375,26275.509765625,26340.900390625,0
2025-09-26 05:30:00,26341.33984375,26406.05078125,26322.259765625,26356.609375,0
2025-09-26 06:30:00,26359.91015625,26374.919921875,26072.9296875,26149.490234375,0
2025-09-26 07:30:00,26147.119140625,26177.91015625,26102.779296875,26128.19921875,0
2025-09-29 01:30:00,26321.5703125,26511.529296875,26321.5703125,26504.400390625,0
2025-09-29 02:30:00,26514.08984375,26557.30078125,26448.41015625,26472.189453125,0
2025-09-29 03:30:00,26481.140625,26494.109375,26442.630859375,26494.109375,0
2025-09-29 04:30:00,26485.19921875,26523.669921875,26464.189453125,26521.849609375,0
2025-09-29 05:30:00,26532.44921875,26687.720703125,26518.01953125,26656.7890625,0
2025-09-29 06:30:00,26667.91015625,26673.5390625,26587.1796875,26624.16015625,0
2025-09-29 07:30:00,26632.830078125,26655.580078125,26596.44921875,26622.880859375,0
2025-09-30 01:30:00,26674.16015625,26833.240234375,26586.740234375,26612.01953125,0
2025-09-30 02:30:00,26612.619140625,26643.609375,26558.279296875,26614.30078125,0
2025-09-30 03:30:00,26609.91015625,26620.9609375,26572.779296875,26596.900390625,0
2025-09-30 04:30:00,26594.029296875,26675.560546875,26568.689453125,26666.19921875,0
2025-09-30 05:30:00,26665.5703125,26746.330078125,26620.310546875,26722.310546875,0
2025-09-30 06:30:00,26723.169921875,26866.2890625,26716.439453125,26863.580078125,0
2025-09-30 07:30:00,26863.810546875,26888.400390625,26834.029296875,26855.560546875,0
2025-10-02 01:30:00,26918.30078125,27307.5390625,26918.30078125,27280.099609375,0
2025-10-02 02:30:00,27281.25,27325.439453125,27140.5390625,27140.5390625,0
2025-10-02 03:30:00,27142.279296875,27263.029296875,27118.75,27245.6796875,0
2025-10-02 04:30:00,27247.029296875,27359.01953125,27247.029296875,27306.16015625,0
2025-10-02 05:30:00,27309.380859375,27355.740234375,27277.140625,27328.1796875,0
2025-10-02 06:30:00,27327.130859375,27381.83984375,27288.349609375,27306.599609375,0
2025-10-02 07:30:00,27305.380859375,27340.009765625,27287.119140625,27287.119140625,0
2025-10-03 01:30:00,27221.4609375,27262.0,27071.509765625,27105.630859375,0
2025-10-03 02:30:00,27105.83984375,27107.5,27030.0,27054.830078125,0
2025-10-03 03:30:00,27056.349609375,27063.359375,27025.869140625,27049.69921875,0
2025-10-03 04:30:00,27052.859375,27065.390625,27002.2109375,27063.0390625,0
2025-10-03 05:30:00,27063.0390625,27108.4609375,26972.7109375,27024.119140625,0
2025-10-03 06:30:00,27025.94921875,27106.6796875,27019.119140625,27094.349609375,0
2025-10-03 07:30:00,27093.029296875,27140.919921875,27082.880859375,27140.919921875,0
2025-10-06 01:30:00,27003.919921875,27145.169921875,26965.08984375,26988.9296875,0
2025-10-06 02:30:00,26986.400390625,26990.619140625,26887.9609375,26914.91015625,0
2025-10-06 03:30:00,26913.029296875,26987.5703125,26911.990234375,26976.51953125,0
2025-10-06 04:30:00,26977.759765625,26986.900390625,26873.33984375,26947.220703125,0
2025-10-06 05:30:00,26947.099609375,27008.19921875,26939.7890625,26971.140625,0
2025-10-06 06:30:00,26971.7109375,27003.80078125,26945.029296875,26966.310546875,0
2025-10-06 07:30:00,26968.419921875,26980.169921875,26933.0390625,26957.76953125,0
2025-10-08 01:30:00,26900.640625,26906.19921875,26517.44921875,26745.01953125,0
2025-10-08 02:30:00,26742.109375,26778.509765625,26654.009765625,26655.990234375,0
2025-10-08 03:30:00,26649.94921875,26682.689453125,26624.609375,26669.990234375,0
2025-10-08 04:30:00,26665.859375,26752.80078125,26637.529296875,26747.060546875,0
2025-10-08 05:30:00,26746.4296875,26778.779296875,26711.7890625,26758.630859375,0
2025-10-08 06:30:00,26757.849609375,26766.970703125,26655.279296875,26752.83984375,0
2025-10-08 07:30:00,26754.01953125,26830.640625,26752.080078125,26829.4609375,0
2025-10-09 01:30:00,26862.029296875,26876.759765625,26480.580078125,26779.0390625,0
2025-10-09 02:30:00,26784.349609375,26842.240234375,26737.1796875,26822.19921875,0
2025-10-09 03:30:00,26820.380859375,26844.80078125,26796.140625,26840.94921875,0
2025-10-09 04:30:00,26846.220703125,26962.359375,26844.609375,26945.310546875,0
2025-10-09 05:30:00,26941.900390625,26978.41015625,26727.439453125,26751.830078125,0
2025-10-09 06:30:00,26749.919921875,26846.23046875,26696.060546875,26797.349609375,0
2025-10-09 07:30:00,26798.05078125,26798.05078125,26707.2890625,26752.58984375,0
2025-10-10 01:30:00,26523.890625,26547.509765625,26360.779296875,26525.490234375,0
2025-10-10 02:30:00,26526.310546875,26558.869140625,26420.94921875,26458.91015625,0
2025-10-10 03:30:00,26453.580078125,26478.830078125,26436.4296875,26447.859375,0
2025-10-10 04:30:00,26446.330078125,26472.009765625,26382.419921875,26384.4296875,0
2025-10-10 05:30:00,26384.140625,26413.859375,26291.060546875,26313.83984375,0
2025-10-10 06:30:00,26315.8203125,26361.029296875,26247.0390625,26290.220703125,0
2025-10-10 07:30:00,26289.349609375,26298.220703125,26255.529296875,26290.3203125,0
2025-10-13 01:30:00,25634.0,25883.2109375,25634.0,25791.2109375,0
2025-10-13 02:30:00,25791.1796875,25849.130859375,25492.580078125,25493.859375,0
2025-10-13 03:30:00,25493.619140625,25521.240234375,25336.08984375,25374.0,0
2025-10-13 04:30:00,25378.919921875,25592.619140625,25364.390625,25592.619140625,0
2025-10-13 05:30:00,25591.939453125,25722.630859375,25551.359375,25655.890625,0
2025-10-13 06:30:00,25655.3203125,25837.560546875,25644.720703125,25837.560546875,0
2025-10-13 07:30:00,25838.240234375,25895.619140625,25807.4296875,25889.48046875,0
2025-10-14 01:30:00,25969.2109375,26102.6796875,25854.0390625,25874.05078125,0
2025-10-14 02:30:00,25876.23046875,25944.650390625,25724.6796875,25776.33984375,0
2025-10-14 03:30:00,25775.69921875,25842.759765625,25754.689453125,25839.0703125,0
2025-10-14 04:30:00,25776.0390625,25776.0390625,25545.150390625,25674.3203125,0
2025-10-14 05:30:00,25678.740234375,25718.669921875,25346.109375,25404.650390625,0
2025-10-14 06:30:00,25405.419921875,25467.01953125,25331.640625,25412.5,0
2025-10-14 07:30:00,25416.330078125,25460.810546875,25353.380859375,25441.349609375,0
2025-10-15 01:30:00,25714.890625,25870.609375,25593.44921875,25804.939453125,0
2025-10-15 02:30:00,25804.4609375,25821.2890625,25650.83984375,25757.94921875,0
2025-10-15 03:30:00,25758.140625,25785.130859375,25728.6796875,25749.6796875,0
2025-10-15 04:30:00,25764.009765625,25818.869140625,25746.509765625,25799.220703125,0
2025-10-15 05:30:00,25801.25,25935.369140625,25775.189453125,25909.4296875,0
2025-10-15 06:30:00,25909.05078125,25982.2109375,25883.1796875,25964.51953125,0
2025-10-15 07:30:00,25959.400390625,25966.7890625,25892.19921875,25910.599609375,0
2025-10-16 01:30:00,25890.009765625,26062.80078125,25841.5,25919.880859375,0
2025-10-16 02:30:00,25918.900390625,25961.0703125,25755.890625,25759.08984375,0
2025-10-16 03:30:00,25756.509765625,25813.970703125,25749.359375,25799.26953125,0
2025-10-16 04:30:00,25798.009765625,25811.029296875,25700.830078125,25724.51953125,0
2025-10-16 05:30:00,25726.33984375,25827.029296875,25687.3203125,25808.2109375,0
2025-10-16 06:30:00,25809.720703125,25899.849609375,25777.970703125,25858.869140625,0
2025-10-16 07:30:00,25856.419921875,25912.76953125,25844.359375,25888.509765625,0
2025-10-17 01:30:00,25851.939453125,25859.8203125,25478.5,25514.689453125,0
2025-10-17 02:30:00,25511.509765625,25624.400390625,25500.220703125,25518.240234375,0
2025-10-17 03:30:00,25518.30078125,25523.470703125,25469.55078125,25473.08984375,0
2025-10-17 04:30:00,25465.8203125,25471.55078125,25395.55078125,25449.349609375,0
2025-10-17 05:30:00,25441.80078125,25452.919921875,25336.390625,25347.279296875,0
2025-10-17 06:30:00,25349.7109375,25365.330078125,25151.66015625,25175.01953125,0
2025-10-17 07:30:00,25173.380859375,25247.099609375,25145.33984375,25247.099609375,0
2025-10-20 01:30:00,25884.4609375,25884.4609375,25710.609375,25840.029296875,0
2025-10-20 02:30:00,25838.439453125,25912.76953125,25812.33984375,25865.4609375,0
2025-10-20 03:30:00,25865.2109375,25880.970703125,25834.560546875,25854.98046875,0
2025-10-20 04:30:00,25860.140625,25873.779296875,25786.150390625,25859.0390625,0
2025-10-20 05:30:00,25858.9296875,25864.9609375,25745.720703125,25793.580078125,0
2025-10-20 06:30:00,25794.669921875,25889.0,25784.58984375,25869.810546875,0
2025-10-20 07:30:00,25869.880859375,25903.830078125,25850.939453125,25858.830078125,0
2025-10-21 01:30:00,26160.240234375,26367.349609375,26111.470703125,26356.30078125,0
2025-10-21 02:30:00,26356.5703125,26366.099609375,26277.44921875,26320.009765625,0
2025-10-21 03:30:00,26319.51953125,26324.509765625,26273.099609375,26286.470703125,0
2025-10-21 04:30:00,26285.44921875,26289.66015625,26213.880859375,26227.169921875,0
2025-10-21 05:30:00,26225.970703125,26256.2109375,26158.970703125,26187.890625,0
2025-10-21 06:30:00,26186.44921875,26196.08984375,26062.7109375,26065.380859375,0
2025-10-21 07:30:00,26066.060546875,26066.94921875,26017.720703125,26027.55078125,0
2025-10-22 01:30:00,25897.619140625,25927.23046875,25784.5703125,25916.73046875,0
2025-10-22 02:30:00,25914.189453125,25947.880859375,25709.6796875,25742.130859375,0
2025-10-22 03:30:00,25741.94921875,25741.94921875,25653.75,25697.5703125,0
2025-10-22 04:30:00,25705.400390625,25824.380859375,25702.640625,25822.0390625,0
2025-10-22 05:30:00,25823.26953125,25823.26953125,25727.189453125,25779.73046875,0
2025-10-22 06:30:00,25779.51953125,25834.130859375,25764.990234375,25803.0703125,0
2025-10-22 07:30:00,25801.16015625,25815.640625,25781.76953125,25781.76953125,0
2025-10-23 01:30:00,25718.529296875,25871.900390625,25591.66015625,25771.9609375,0
2025-10-23 02:30:00,25772.619140625,25870.359375,25704.76953125,25779.140625,0
2025-10-23 03:30:00,25779.19921875,25781.279296875,25731.48046875,25759.640625,0
2025-10-23 04:30:00,25750.55078125,25800.740234375,25713.359375,25713.359375,0
2025-10-23 05:30:00,25713.779296875,25874.58984375,25678.490234375,25852.509765625,0
2025-10-23 06:30:00,25854.609375,26080.83984375,25847.900390625,25934.1796875,0
2025-10-23 07:30:00,25931.970703125,25967.98046875,25911.919921875,25967.98046875,0
2025-10-24 01:30:00,26177.109375,26239.9609375,26088.880859375,26091.490234375,0
2025-10-24 02:30:00,26090.91015625,26131.75,26065.609375,26106.75,0
2025-10-24 03:30:00,26105.359375,26130.240234375,26075.869140625,26122.099609375,0
2025-10-24 04:30:00,26129.08984375,26180.970703125,26104.69921875,26111.509765625,0
2025-10-24 05:30:00,26109.509765625,26143.009765625,26063.990234375,26102.400390625,0
2025-10-24 06:30:00,26101.0,26184.890625,26100.939453125,26145.900390625,0
2025-10-24 07:30:00,26147.330078125,26192.130859375,26141.310546875,26160.150390625,0
2025-10-27 01:30:00,26495.970703125,26495.970703125,26322.5390625,26386.330078125,0
2025-10-27 02:30:00,26385.609375,26421.359375,26319.220703125,26405.0,0
2025-10-27 03:30:00,26406.0390625,26432.80078125,26398.58984375,26427.33984375,0
2025-10-27 04:30:00,26429.140625,26430.869140625,26362.099609375,26414.810546875,0
2025-10-27 05:30:00,26413.869140625,26445.720703125,26373.099609375,26430.849609375,0
2025-10-27 06:30:00,26429.2109375,26449.44921875,26402.41015625,26412.0,0
2025-10-27 07:30:00,26410.9609375,26439.98046875,26387.740234375,26433.69921875,0
2025-10-28 01:30:00,26508.75,26519.240234375,26322.69921875,26390.2109375,0
2025-10-28 02:30:00,26391.369140625,26435.7109375,26312.359375,26419.150390625,0
2025-10-28 03:30:00,26418.619140625,26452.859375,26411.69921875,26437.1796875,0
2025-10-28 04:30:00,26440.08984375,26493.140625,26375.580078125,26392.259765625,0
2025-10-28 05:30:00,26392.16015625,26397.08984375,26282.75,26311.2109375,0
2025-10-28 06:30:00,26307.5390625,26331.119140625,26245.330078125,26308.33984375,0
2025-10-28 07:30:00,26307.369140625,26346.140625,26274.349609375,26346.140625,0
2025-10-30 01:30:00,26545.919921875,26545.919921875,26405.080078125,26511.08984375,0
2025-10-30 02:30:00,26503.83984375,26588.890625,26483.470703125,26498.83984375,0
2025-10-30 03:30:00,26494.779296875,26503.650390625,26435.419921875,26488.419921875,0
2025-10-30 04:30:00,26437.3203125,26438.30078125,26138.7890625,26319.48046875,0
2025-10-30 05:30:00,26315.470703125,26382.51953125,26183.259765625,26184.8203125,0
2025-10-30 06:30:00,26186.1796875,26389.5390625,26145.41015625,26298.150390625,0
2025-10-30 07:30:00,26298.4609375,26329.279296875,26271.55078125,26282.689453125,0
2025-10-31 01:30:00,26263.009765625,26283.9609375,26142.75,26190.810546875,0
2025-10-31 02:30:00,26191.75,26191.75,26046.189453125,26048.869140625,0
2025-10-31 03:30:00,26049.7109375,26082.30078125,26043.98046875,26050.080078125,0
2025-10-31 04:30:00,26050.51953125,26092.23046875,25981.970703125,26072.939453125,0
2025-10-31 05:30:00,26072.150390625,26104.83984375,25992.76953125,26036.189453125,0
2025-10-31 06:30:00,26037.26953125,26042.390625,25969.05078125,25987.599609375,0
2025-10-31 07:30:00,25983.6796875,25987.05078125,25906.650390625,25906.650390625,0
2025-11-03 01:30:00,25999.169921875,26075.5,25927.83984375,25978.80078125,0
2025-11-03 02:30:00,25976.189453125,26062.419921875,25920.26953125,26003.650390625,0
2025-11-03 03:30:00,26005.859375,26063.859375,26001.630859375,26057.029296875,0
2025-11-03 04:30:00,26059.220703125,26165.1796875,26059.220703125,26152.810546875,0
2025-11-03 05:30:00,26151.849609375,26217.119140625,26128.609375,26143.2890625,0
2025-11-03 06:30:00,26144.33984375,26193.919921875,26140.759765625,26166.150390625,0
2025-11-03 07:30:00,26162.349609375,26175.01953125,26135.919921875,26158.359375,0
2025-11-04 01:30:00,26148.0703125,26291.650390625,26101.099609375,26218.140625,0
2025-11-04 02:30:00,26218.029296875,26268.890625,26134.7109375,26236.7890625,0
2025-11-04 03:30:00,26238.640625,26243.8203125,26194.349609375,26209.390625,0
2025-11-04 04:30:00,26197.810546875,26197.810546875,26075.369140625,26115.810546875,0
2025-11-04 05:30:00,26117.359375,26118.509765625,25922.3203125,25923.98046875,0
2025-11-04 06:30:00,25927.25,26016.640625,25911.7890625,25963.060546875,0
2025-11-04 07:30:00,25961.390625,26004.66015625,25952.400390625,25952.400390625,0
2025-11-05 01:30:00,25701.630859375,25729.970703125,25496.130859375,25625.9609375,0
2025-11-05 02:30:00,25624.640625,25819.560546875,25591.419921875,25805.080078125,0
2025-11-05 03:30:00,25806.76953125,25883.91015625,25792.0,25878.80078125,0
2025-11-05 04:30:00,25878.26953125,25937.609375,25836.0,25874.4296875,0
2025-11-05 05:30:00,25875.189453125,25980.900390625,25856.0390625,25960.66015625,0
2025-11-05 06:30:00,25959.9296875,25978.529296875,25848.76953125,25857.240234375,0
2025-11-05 07:30:00,25858.880859375,25935.41015625,25837.990234375,25935.41015625,0
2025-11-06 01:30:00,26061.580078125,26254.7109375,26061.580078125,26231.640625,0
2025-11-06 02:30:00,26229.80078125,26372.66015625,26229.80078125,26352.630859375,0
2025-11-06 03:30:00,26350.0703125,26381.359375,26345.810546875,26361.400390625,0
2025-11-06 04:30:00,26359.08984375,26377.349609375,26318.73046875,26364.0,0
2025-11-06 05:30:00,26361.7890625,26396.939453125,26316.7109375,26391.009765625,0
2025-11-06 06:30:00,26390.05078125,26479.94921875,26376.669921875,26474.83984375,0
2025-11-06 07:30:00,26474.01953125,26490.7109375,26444.369140625,26485.900390625,0
2025-11-07 01:30:00,26350.740234375,26371.4609375,26232.740234375,26251.169921875,0
2025-11-07 02:30:00,26249.279296875,26340.859375,26216.619140625,26218.08984375,0
2025-11-07 03:30:00,26218.740234375,26223.640625,26167.23046875,26184.189453125,0
2025-11-07 04:30:00,26183.66015625,26253.560546875,26177.390625,26244.509765625,0
2025-11-07 05:30:00,26243.80078125,26264.3203125,26191.390625,26238.26953125,0
2025-11-07 06:30:00,26240.669921875,26259.76953125,26185.689453125,26206.1796875,0
2025-11-07 07:30:00,26204.310546875,26246.599609375,26199.9296875,26241.830078125,0
2025-11-10 01:30:00,26319.400390625,26441.08984375,26302.9296875,26366.580078125,0
2025-11-10 02:30:00,26368.4609375,26420.73046875,26360.630859375,26384.169921875,0
2025-11-10 03:30:00,26384.3203125,26407.2109375,26384.3203125,26403.05078125,0
2025-11-10 04:30:00,26405.4609375,26566.83984375,26405.4609375,26566.83984375,0
2025-11-10 05:30:00,26567.44921875,26626.330078125,26545.470703125,26617.470703125,0
2025-11-10 06:30:00,26617.619140625,26665.400390625,26616.98046875,26659.0703125,0
2025-11-10 07:30:00,26660.41015625,26668.890625,26643.26953125,26649.060546875,0
2025-11-11 01:30:00,26748.08984375,26788.4296875,26599.470703125,26603.939453125,0
2025-11-11 02:30:00,26603.8203125,26628.740234375,26511.25,26572.859375,0
2025-11-11 03:30:00,26571.560546875,26598.26953125,26539.2890625,26595.970703125,0
2025-11-11 04:30:00,26594.220703125,26596.2109375,26517.490234375,26545.029296875,0
2025-11-11 05:30:00,26545.5,26627.529296875,26531.16015625,26603.490234375,0
2025-11-11 06:30:00,26601.66015625,26703.470703125,26578.439453125,26656.890625,0
2025-11-11 07:30:00,26657.859375,26704.2109375,26653.08984375,26696.41015625,0
2025-11-12 01:30:00,26754.9296875,26998.259765625,26739.08984375,26982.810546875,0
2025-11-12 02:30:00,26983.5390625,27016.400390625,26815.470703125,26858.529296875,0
2025-11-12 03:30:00,26858.970703125,26894.400390625,26841.859375,26863.259765625,0
2025-11-12 04:30:00,26862.8203125,26862.8203125,26776.33984375,26808.44921875,0
2025-11-12 05:30:00,26810.25,26882.609375,26807.69921875,26872.91015625,0
2025-11-12 06:30:00,26872.73046875,26954.94921875,26872.240234375,26927.369140625,0
2025-11-12 07:30:00,26929.66015625,26939.580078125,26907.76953125,26922.73046875,0
2025-11-13 01:30:00,26779.48046875,26908.419921875,26772.4296875,26788.9296875,0
2025-11-13 02:30:00,26789.7109375,26854.279296875,26775.529296875,26834.7890625,0
2025-11-13 03:30:00,26833.98046875,26836.990234375,26733.2109375,26766.7109375,0
2025-11-13 04:30:00,26773.130859375,26830.4296875,26768.16015625,26802.220703125,0
2025-11-13 05:30:00,26805.3203125,26945.109375,26801.359375,26926.759765625,0
2025-11-13 06:30:00,26922.51953125,27188.810546875,26917.98046875,27017.099609375,0
2025-11-13 07:30:00,27016.740234375,27073.029296875,27009.859375,27073.029296875,0
2025-11-14 01:30:00,26660.310546875,26858.599609375,26660.310546875,26856.8203125,0
2025-11-14 02:30:00,26855.689453125,26881.880859375,26764.7890625,26788.98046875,0
2025-11-14 03:30:00,26786.5703125,26788.0,26717.439453125,26732.990234375,0
2025-11-14 04:30:00,26717.279296875,26723.919921875,26638.380859375,26671.08984375,0
2025-11-14 05:30:00,26669.400390625,26724.279296875,26656.76953125,26664.169921875,0
2025-11-14 06:30:00,26661.359375,26694.8203125,26535.419921875,26586.759765625,0
2025-11-14 07:30:00,26589.619140625,26600.849609375,26564.849609375,26572.4609375,0
2025-11-17 01:30:00,26441.69921875,26531.80078125,26356.880859375,26444.080078125,0
2025-11-17 02:30:00,26445.3203125,26489.6796875,26348.990234375,26359.880859375,0
2025-11-17 03:30:00,26362.7890625,26373.4609375,26325.220703125,26359.220703125,0
2025-11-17 04:30:00,26360.9609375,26414.580078125,26332.689453125,26348.759765625,0
2025-11-17 05:30:00,26348.130859375,26348.98046875,26252.359375,26305.279296875,0
2025-11-17 06:30:00,26302.359375,26377.380859375,26283.150390625,26348.5390625,0
2025-11-17 07:30:00,26349.779296875,26388.30078125,26344.900390625,26384.279296875,0
2025-11-18 01:30:00,26172.26953125,26181.66015625,25989.80078125,26165.359375,0
2025-11-18 02:30:00,26167.5390625,26188.8203125,26043.890625,26071.099609375,0
2025-11-18 03:30:00,26068.279296875,26069.400390625,25981.609375,25997.19921875,0
2025-11-18 04:30:00,25967.41015625,25970.3203125,25921.259765625,25927.75,0
2025-11-18 05:30:00,25926.759765625,25993.720703125,25843.939453125,25864.869140625,0
2025-11-18 06:30:00,25864.419921875,25893.400390625,25821.83984375,25891.869140625,0
2025-11-18 07:30:00,25891.9609375,25930.029296875,25882.130859375,25930.029296875,0
2025-11-19 01:30:00,25954.23046875,26002.759765625,25879.560546875,25973.419921875,0
2025-11-19 02:30:00,25973.970703125,26045.369140625,25838.169921875,25840.5703125,0
2025-11-19 03:30:00,25841.150390625,25842.390625,25801.810546875,25812.5390625,0
2025-11-19 04:30:00,25808.0703125,25854.330078125,25742.400390625,25751.259765625,0
2025-11-19 05:30:00,25750.830078125,25865.490234375,25742.0703125,25862.310546875,0
2025-11-19 06:30:00,25862.44921875,25878.220703125,25801.169921875,25821.369140625,0
2025-11-19 07:30:00,25821.7890625,25862.1796875,25820.369140625,25830.650390625,0
2025-11-20 01:30:00,25999.779296875,26046.759765625,25808.359375,25808.359375,0
2025-11-20 02:30:00,25811.849609375,26006.91015625,25753.05078125,25937.779296875,0
2025-11-20 03:30:00,25937.08984375,25969.08984375,25838.650390625,25867.869140625,0
2025-11-20 04:30:00,25868.48046875,25900.810546875,25809.48046875,25821.380859375,0
2025-11-20 05:30:00,25818.529296875,25822.25,25692.130859375,25704.220703125,0
2025-11-20 06:30:00,25707.650390625,25772.279296875,25701.220703125,25757.5703125,0
2025-11-20 07:30:00,25759.0703125,25847.1796875,25750.720703125,25835.5703125,0
2025-11-21 01:30:00,25460.419921875,25483.669921875,25283.7109375,25288.189453125,0
2025-11-21 02:30:00,25287.009765625,25308.66015625,25178.630859375,25265.66015625,0
2025-11-21 03:30:00,25266.5390625,25315.25,25249.9296875,25300.279296875,0
2025-11-21 04:30:00,25287.759765625,25460.109375,25287.759765625,25423.41015625,0
2025-11-21 05:30:00,25427.189453125,25474.580078125,25374.7109375,25385.599609375,0
2025-11-21 06:30:00,25382.2890625,25400.41015625,25245.23046875,25265.3203125,0
2025-11-21 07:30:00,25263.830078125,25280.9609375,25183.0,25220.01953125,0
2025-11-24 01:30:00,25452.869140625,25591.5390625,25369.2890625,25565.080078125,0
2025-11-24 02:30:00,25563.349609375,25656.7109375,25515.6796875,25542.060546875,0
2025-11-24 03:30:00,25543.08984375,25585.44921875,25523.740234375,25578.880859375,0
2025-11-24 04:30:00,25580.849609375,25743.609375,25513.41015625,25739.890625,0
2025-11-24 05:30:00,25740.080078125,25770.44921875,25683.279296875,25754.259765625,0
2025-11-24 06:30:00,25756.439453125,25764.1796875,25645.01953125,25688.669921875,0
2025-11-24 07:30:00,25692.7890625,25716.5,25649.580078125,25716.5,0
2025-11-25 01:30:00,25948.900390625,26031.330078125,25915.259765625,26024.779296875,0
2025-11-25 02:30:00,26025.44921875,26069.220703125,25994.810546875,26029.94921875,0
2025-11-25 03:30:00,26030.759765625,26033.890625,25866.98046875,25875.359375,0
2025-11-25 04:30:00,25878.98046875,25944.349609375,25832.650390625,25833.6796875,0
2025-11-25 05:30:00,25833.859375,25887.44921875,25773.759765625,25794.19921875,0
2025-11-25 06:30:00,25792.6796875,25848.140625,25740.5390625,25834.990234375,0
2025-11-25 07:30:00,25833.560546875,25913.490234375,25819.830078125,25894.55078125,0
2025-11-26 01:30:00,26046.740234375,26136.26953125,25974.44921875,25974.44921875,0
2025-11-26 02:30:00,25978.259765625,26029.94921875,25937.470703125,25994.6796875,0
2025-11-26 03:30:00,25992.7890625,26020.189453125,25974.240234375,26013.330078125,0
2025-11-26 04:30:00,26009.05078125,26033.369140625,25993.830078125,26016.26953125,0
2025-11-26 05:30:00,26010.73046875,26024.880859375,25935.859375,25964.4296875,0
2025-11-26 06:30:00,25977.810546875,26029.009765625,25951.1796875,25964.830078125,0
2025-11-26 07:30:00,25965.189453125,25965.189453125,25907.060546875,25928.080078125,0
2025-11-27 01:30:00,25945.5390625,26082.359375,25822.66015625,25977.41015625,0
2025-11-27 02:30:00,25998.859375,26047.23046875,25867.19921875,25949.919921875,0
2025-11-27 03:30:00,25961.619140625,26017.279296875,25932.2109375,26014.98046875,0
2025-11-27 04:30:00,26006.94921875,26104.48046875,25992.48046875,26078.48046875,0
2025-11-27 05:30:00,26098.0703125,26123.689453125,26011.900390625,26024.26953125,0
2025-11-27 06:30:00,26040.7109375,26044.23046875,25905.650390625,25965.98046875,0
2025-11-27 07:30:00,25973.75,25977.060546875,25908.25,25945.9296875,0
2025-11-28 01:30:00,26011.060546875,26011.060546875,25807.55078125,25887.5,0
2025-11-28 02:30:00,25888.119140625,25926.75,25855.01953125,25914.650390625,0
2025-11-28 03:30:00,25912.55078125,25913.869140625,25874.7890625,25884.419921875,0
2025-11-28 04:30:00,25894.560546875,25963.5703125,25856.76953125,25874.529296875,0
2025-11-28 05:30:00,25874.880859375,25894.359375,25839.669921875,25860.25,0
2025-11-28 06:30:00,25862.220703125,25903.169921875,25859.1796875,25897.55078125,0
2025-11-28 07:30:00,25899.8203125,25906.970703125,25858.890625,25858.890625,0
2025-12-01 01:30:00,25945.869140625,26179.720703125,25919.080078125,26025.259765625,0
2025-12-01 02:30:00,26023.939453125,26086.9609375,25993.98046875,26055.33984375,0
2025-12-01 03:30:00,26054.0390625,26077.08984375,26054.0390625,26068.05078125,0
2025-12-01 04:30:00,26061.9609375,26061.9609375,25916.029296875,25928.970703125,0
2025-12-01 05:30:00,25926.73046875,26059.05078125,25913.98046875,26033.650390625,0
2025-12-01 06:30:00,26032.8203125,26050.51953125,25966.19921875,25984.98046875,0
2025-12-01 07:30:00,25984.5703125,26033.259765625,25963.75,26033.259765625,0
2025-12-02 01:30:00,26188.55078125,26264.130859375,26145.740234375,26191.140625,0
2025-12-02 02:30:00,26191.55078125,26254.23046875,26072.9296875,26080.810546875,0
2025-12-02 03:30:00,26080.509765625,26082.5703125,26034.150390625,26061.75,0
2025-12-02 04:30:00,26052.3203125,26076.119140625,25996.859375,26000.509765625,0
2025-12-02 05:30:00,25999.369140625,26059.099609375,25989.44921875,26026.150390625,0
2025-12-02 06:30:00,26028.30078125,26088.73046875,26027.119140625,26083.9296875,0
2025-12-02 07:30:00,26084.720703125,26095.05078125,26055.33984375,26095.05078125,0
2025-12-03 01:30:00,25980.890625,25996.880859375,25863.2890625,25878.55078125,0
2025-12-03 02:30:00,25879.900390625,25881.75,25791.0390625,25847.75,0
2025-12-03 03:30:00,25846.55078125,25874.98046875,25835.619140625,25843.009765625,0
2025-12-03 04:30:00,25841.16015625,25872.08984375,25818.69921875,25826.939453125,0
2025-12-03 05:30:00,25824.990234375,25825.80078125,25730.33984375,25758.94921875,0
2025-12-03 06:30:00,25757.560546875,25790.7890625,25746.630859375,25769.279296875,0
2025-12-03 07:30:00,25770.19921875,25776.130859375,25724.8203125,25760.73046875,0
2025-12-04 01:30:00,25804.009765625,25820.859375,25649.30078125,25743.2890625,0
2025-12-04 02:30:00,25745.76953125,25871.419921875,25735.19921875,25837.189453125,0
2025-12-04 03:30:00,25835.359375,25835.359375,25801.259765625,25809.44921875,0
2025-12-04 04:30:00,25817.529296875,25831.830078125,25770.369140625,25805.849609375,0
2025-12-04 05:30:00,25805.099609375,25807.16015625,25753.140625,25799.140625,0
2025-12-04 06:30:00,25803.369140625,25990.73046875,25799.73046875,25872.119140625,0
2025-12-04 07:30:00,25873.369140625,25935.900390625,25860.609375,25935.900390625,0
2025-12-05 01:30:00,25833.109375,25857.810546875,25758.169921875,25814.689453125,0
2025-12-05 02:30:00,25815.029296875,25905.580078125,25801.66015625,25855.189453125,0
2025-12-05 03:30:00,25854.990234375,25875.359375,25825.390625,25872.369140625,0
2025-12-05 04:30:00,25886.23046875,25968.169921875,25886.23046875,25946.330078125,0
2025-12-05 05:30:00,25944.16015625,26049.130859375,25911.859375,26029.3203125,0
2025-12-05 06:30:00,26029.3203125,26131.609375,26016.33984375,26121.740234375,0
2025-12-05 07:30:00,26118.3203125,26121.259765625,26052.759765625,26085.080078125,0
2025-12-08 01:30:00,26067.859375,26151.4609375,25912.51953125,25924.91015625,0
2025-12-08 02:30:00,25922.970703125,25938.83984375,25821.650390625,25825.810546875,0
2025-12-08 03:30:00,25823.470703125,25843.740234375,25787.060546875,25797.94921875,0
2025-12-08 04:30:00,25800.7890625,25867.779296875,25796.0,25862.33984375,0
2025-12-08 05:30:00,25862.48046875,25866.189453125,25783.0390625,25831.91015625,0
2025-12-08 06:30:00,25828.80078125,25843.900390625,25768.830078125,25780.119140625,0
2025-12-08 07:30:00,25781.150390625,25814.0,25755.009765625,25765.359375,0
2025-12-09 01:30:00,25780.970703125,25820.310546875,25564.2109375,25565.130859375,0
2025-12-09 02:30:00,25564.240234375,25594.810546875,25521.3203125,25556.060546875,0
2025-12-09 03:30:00,25558.94921875,25570.169921875,25531.9296875,25549.939453125,0
2025-12-09 04:30:00,25551.380859375,25557.9296875,25459.5703125,25465.810546875,0
2025-12-09 05:30:00,25466.890625,25496.220703125,25398.0390625,25430.109375,0
2025-12-09 06:30:00,25429.2109375,25472.630859375,25409.140625,25419.240234375,0
2025-12-09 07:30:00,25421.080078125,25434.23046875,25386.580078125,25434.23046875,0
2025-12-10 01:30:00,25435.490234375,25449.279296875,25257.609375,25337.26953125,0
2025-12-10 02:30:00,25331.9296875,25370.890625,25289.240234375,25345.630859375,0
2025-12-10 03:30:00,25346.9609375,25356.80078125,25318.5,25325.05078125,0
2025-12-10 04:30:00,25322.849609375,25340.75,25266.9296875,25318.310546875,0
2025-12-10 05:30:00,25320.66015625,25467.470703125,25311.55078125,25464.529296875,0
2025-12-10 06:30:00,25465.2109375,25481.75,25408.099609375,25446.30078125,0
2025-12-10 07:30:00,25442.55078125,25540.779296875,25441.2890625,25540.779296875,0
2025-12-11 01:30:00,25710.609375,25801.33984375,25633.75,25660.130859375,0
2025-12-11 02:30:00,25657.390625,25660.259765625,25530.099609375,25554.759765625,0
2025-12-11 03:30:00,25553.220703125,25571.80078125,25506.689453125,25563.16015625,0
2025-12-11 04:30:00,25566.099609375,25575.279296875,25471.5,25487.80078125,0
2025-12-11 05:30:00,25488.169921875,25543.880859375,25476.05078125,25535.099609375,0
2025-12-11 06:30:00,25535.41015625,25556.470703125,25496.099609375,25507.30078125,0
2025-12-11 07:30:00,25505.51953125,25537.919921875,25496.810546875,25530.509765625,0
2025-12-12 01:30:00,25761.41015625,25829.330078125,25697.4296875,25777.109375,0
2025-12-12 02:30:00,25778.599609375,25908.970703125,25774.2890625,25848.98046875,0
2025-12-12 03:30:00,25850.859375,25889.2109375,25840.169921875,25878.83984375,0
2025-12-12 04:30:00,25874.330078125,25959.669921875,25874.330078125,25955.900390625,0
2025-12-12 05:30:00,25953.919921875,26006.470703125,25938.099609375,25993.259765625,0
2025-12-12 06:30:00,25994.44921875,26000.669921875,25892.75,25931.7109375,0
2025-12-12 07:30:00,25931.630859375,25980.3203125,25925.439453125,25976.7890625,0
2025-12-15 01:30:00,25718.140625,25800.2890625,25698.630859375,25782.669921875,0
2025-12-15 02:30:00,25785.169921875,25824.439453125,25725.16015625,25771.640625,0
2025-12-15 03:30:00,25770.490234375,25775.689453125,25727.33984375,25736.529296875,0
2025-12-15 04:30:00,25736.330078125,25763.140625,25669.029296875,25676.359375,0
2025-12-15 05:30:00,25678.240234375,25711.970703125,25649.23046875,25671.890625,0
2025-12-15 06:30:00,25671.669921875,25672.69921875,25609.279296875,25617.080078125,0
2025-12-15 07:30:00,25617.810546875,25643.580078125,25615.33984375,25628.880859375,0
2025-12-16 01:30:00,25547.919921875,25547.919921875,25192.869140625,25266.830078125,0
2025-12-16 02:30:00,25265.779296875,25267.44921875,25141.5,25145.220703125,0
2025-12-16 03:30:00,25144.26953125,25150.439453125,25117.9296875,25139.16015625,0
2025-12-16 04:30:00,25141.25,25162.619140625,25096.0390625,25099.390625,0
2025-12-16 05:30:00,25097.029296875,25165.6796875,25086.5390625,25127.029296875,0
2025-12-16 06:30:00,25128.58984375,25251.369140625,25114.94921875,25206.26953125,0
2025-12-16 07:30:00,25203.560546875,25235.41015625,25188.560546875,25235.41015625,0
2025-12-17 01:30:00,25243.58984375,25344.900390625,25168.189453125,25344.6796875,0
2025-12-17 02:30:00,25345.26953125,25347.439453125,25239.26953125,25239.26953125,0
2025-12-17 03:30:00,25239.9296875,25302.26953125,25237.0,25291.439453125,0
2025-12-17 04:30:00,25290.859375,25290.859375,25220.279296875,25269.009765625,0
2025-12-17 05:30:00,25269.189453125,25494.939453125,25261.73046875,25440.509765625,0
2025-12-17 06:30:00,25440.25,25488.880859375,25382.560546875,25472.609375,0
2025-12-17 07:30:00,25471.349609375,25473.58984375,25438.640625,25468.779296875,0
2025-12-18 01:30:00,25330.830078125,25511.7890625,25261.380859375,25486.439453125,0
2025-12-18 02:30:00,25486.2109375,25486.2109375,25344.939453125,25350.279296875,0
2025-12-18 03:30:00,25348.609375,25377.150390625,25344.4609375,25357.640625,0
2025-12-18 04:30:00,25362.380859375,25435.189453125,25355.880859375,25397.640625,0
2025-12-18 05:30:00,25399.0390625,25402.369140625,25337.529296875,25373.759765625,0
2025-12-18 06:30:00,25375.5,25461.19921875,25370.330078125,25440.51953125,0
2025-12-18 07:30:00,25438.5390625,25511.83984375,25435.419921875,25498.130859375,0
2025-12-19 01:30:00,25634.220703125,25692.7109375,25545.919921875,25660.380859375,0
2025-12-19 02:30:00,25660.4296875,25685.720703125,25574.48046875,25670.359375,0
2025-12-19 03:30:00,25667.130859375,25673.2890625,25609.080078125,25663.41015625,0
2025-12-19 04:30:00,25660.0703125,25711.669921875,25638.939453125,25710.529296875,0
2025-12-19 05:30:00,25710.599609375,25722.1796875,25631.94921875,25707.169921875,0
2025-12-19 06:30:00,25706.580078125,25747.009765625,25670.5,25702.490234375,0
2025-12-19 07:30:00,25703.0703125,25716.830078125,25659.630859375,25690.529296875,0
2025-12-22 01:30:00,25795.939453125,25859.609375,25709.330078125,25736.490234375,0
2025-12-22 02:30:00,25737.419921875,25794.849609375,25684.08984375,25770.109375,0
2025-12-22 03:30:00,25772.720703125,25784.2109375,25737.9296875,25742.240234375,0
2025-12-22 04:30:00,25742.640625,25764.189453125,25701.900390625,25707.73046875,0
2025-12-22 05:30:00,25707.400390625,25751.41015625,25695.94921875,25702.98046875,0
2025-12-22 06:30:00,25704.220703125,25771.76953125,25671.6796875,25766.69921875,0
2025-12-22 07:30:00,25764.259765625,25801.76953125,25754.3203125,25801.76953125,0
2025-12-23 01:30:00,25875.849609375,25927.66015625,25820.310546875,25890.310546875,0
2025-12-23 02:30:00,25892.609375,25915.759765625,25822.0390625,25883.26953125,0
2025-12-23 03:30:00,25884.2890625,25891.470703125,25836.439453125,25848.990234375,0
2025-12-23 04:30:00,25842.83984375,25842.83984375,25771.810546875,25794.240234375,0
2025-12-23 05:30:00,25796.51953125,25817.55078125,25741.91015625,25745.830078125,0
2025-12-23 06:30:00,25740.76953125,25781.189453125,25726.44921875,25750.69921875,0
2025-12-23 07:30:00,25750.2890625,25784.44921875,25741.529296875,25774.140625,0
2025-12-24 01:30:00,25780.08984375,25854.609375,25779.4296875,25817.650390625,0
2025-12-24 02:30:00,25816.1796875,25890.869140625,25775.240234375,25814.169921875,0
2025-12-29 01:30:00,25928.890625,26082.939453125,25912.4296875,26015.66015625,0
2025-12-29 02:30:00,26019.330078125,26033.759765625,25884.08984375,25886.26953125,0
2025-12-29 03:30:00,25887.9609375,25939.7109375,25882.140625,25887.330078125,0
2025-12-29 04:30:00,25876.560546875,25880.55078125,25785.5703125,25821.740234375,0
2025-12-29 05:30:00,25822.4296875,25829.48046875,25702.099609375,25704.01953125,0
2025-12-29 06:30:00,25705.7890625,25713.900390625,25647.5390625,25649.0390625,0
2025-12-29 07:30:00,25651.48046875,25667.640625,25630.75,25635.23046875,0
2025-12-30 01:30:00,25636.400390625,25775.740234375,25611.23046875,25681.0703125,0
2025-12-30 02:30:00,25699.169921875,25775.75,25677.0,25775.0390625,0
2025-12-30 03:30:00,25788.609375,25795.4609375,25712.5703125,25751.640625,0
2025-12-30 04:30:00,25741.9609375,25880.529296875,25696.1796875,25858.009765625,0
2025-12-30 05:30:00,25870.970703125,25914.91015625,25835.01953125,25890.119140625,0
2025-12-30 06:30:00,25905.359375,25930.220703125,25844.83984375,25849.2890625,0
2025-12-30 07:30:00,25864.4609375,25864.4609375,25780.7109375,25854.599609375,0
2025-12-31 01:30:00,25801.490234375,25808.51953125,25622.029296875,25623.0703125,0
2025-12-31 02:30:00,25621.23046875,25707.94921875,25598.76953125,25606.650390625,0
2026-01-02 01:30:00,25717.419921875,26098.169921875,25717.419921875,26055.75,0
2026-01-02 02:30:00,26055.259765625,26224.16015625,26035.4609375,26217.26953125,0
2026-01-02 03:30:00,26215.720703125,26221.169921875,26165.08984375,26189.7890625,0
2026-01-02 04:30:00,26192.990234375,26274.419921875,26162.9609375,26243.73046875,0
2026-01-02 05:30:00,26244.240234375,26345.630859375,26235.310546875,26284.529296875,0
2026-01-02 06:30:00,26284.76953125,26340.7109375,26236.58984375,26275.0703125,0
2026-01-02 07:30:00,26275.01953125,26338.470703125,26271.33984375,26338.470703125,0
2026-01-05 01:30:00,26361.439453125,26445.5,26256.0,26426.76953125,0
2026-01-05 02:30:00,26428.19921875,26436.220703125,26295.4296875,26297.41015625,0
2026-01-05 03:30:00,26297.029296875,26321.619140625,26281.529296875,26316.55078125,0
2026-01-05 04:30:00,26318.76953125,26400.69921875,26306.3203125,26338.33984375,0
2026-01-05 05:30:00,26339.05078125,26371.330078125,26297.650390625,26364.080078125,0
2026-01-05 06:30:00,26365.5703125,26389.69921875,26315.369140625,26326.130859375,0
2026-01-05 07:30:00,26327.830078125,26350.650390625,26304.169921875,26347.240234375,0
2026-01-06 01:30:00,26502.400390625,26748.359375,26498.359375,26714.669921875,0
2026-01-06 02:30:00,26713.98046875,26810.380859375,26611.98046875,26794.060546875,0
2026-01-06 03:30:00,26793.19921875,26858.130859375,26793.029296875,26815.75,0
2026-01-06 04:30:00,26813.029296875,26815.640625,26757.26953125,26800.75,0
2026-01-06 05:30:00,26799.48046875,26806.029296875,26694.44921875,26770.810546875,0
2026-01-06 06:30:00,26772.609375,26788.740234375,26698.779296875,26698.91015625,0
2026-01-06 07:30:00,26703.490234375,26723.150390625,26663.130859375,26710.44921875,0
2026-01-07 01:30:00,26601.830078125,26616.939453125,26408.880859375,26450.080078125,0
2026-01-07 02:30:00,26450.619140625,26507.66015625,26419.640625,26481.25,0
2026-01-07 03:30:00,26479.8203125,26487.0703125,26426.470703125,26438.009765625,0
2026-01-07 04:30:00,26439.75,26441.189453125,26348.169921875,26358.419921875,0
2026-01-07 05:30:00,26358.4296875,26419.759765625,26313.509765625,26401.51953125,0
2026-01-07 06:30:00,26401.33984375,26442.55078125,26351.869140625,26402.109375,0
2026-01-07 07:30:00,26402.109375,26458.94921875,26398.599609375,26458.94921875,0
2026-01-08 01:30:00,26302.779296875,26305.689453125,26054.2890625,26099.98046875,0
2026-01-08 02:30:00,26099.990234375,26165.240234375,26074.279296875,26128.359375,0
2026-01-08 03:30:00,26128.509765625,26144.859375,26110.109375,26136.720703125,0
2026-01-08 04:30:00,26140.5703125,26151.16015625,26094.509765625,26114.580078125,0
2026-01-08 05:30:00,26114.279296875,26116.9609375,25960.33984375,26016.640625,0
2026-01-08 06:30:00,26019.279296875,26201.939453125,26014.66015625,26144.279296875,0
2026-01-08 07:30:00,26145.310546875,26158.19921875,26116.130859375,26149.310546875,0
2026-01-09 01:30:00,26272.5390625,26299.3203125,26161.630859375,26192.73046875,0
2026-01-09 02:30:00,26191.80078125,26260.669921875,26114.41015625,26126.1796875,0
2026-01-09 03:30:00,26124.080078125,26164.1796875,26123.8203125,26158.2109375,0
2026-01-09 04:30:00,26158.41015625,26212.58984375,26145.01953125,26177.400390625,0
2026-01-09 05:30:00,26178.01953125,26229.330078125,26126.0,26223.310546875,0
2026-01-09 06:30:00,26223.1796875,26243.66015625,26179.009765625,26211.880859375,0
2026-01-09 07:30:00,26212.900390625,26231.7890625,26188.990234375,26231.7890625,0
2026-01-12 01:30:00,26376.83984375,26376.83984375,26187.759765625,26275.599609375,0
2026-01-12 02:30:00,26269.0703125,26458.2890625,26261.830078125,26454.08984375,0
2026-01-12 03:30:00,26452.55078125,26461.380859375,26402.609375,26456.220703125,0
2026-01-12 04:30:00,26461.0390625,26481.470703125,26417.529296875,26470.359375,0
2026-01-12 05:30:00,26469.740234375,26592.880859375,26434.599609375,26585.419921875,0
2026-01-12 06:30:00,26586.5390625,26593.109375,26523.619140625,26582.2109375,0
2026-01-12 07:30:00,26581.599609375,26608.48046875,26558.140625,26608.48046875,0
2026-01-13 01:30:00,26958.51953125,27143.66015625,26925.060546875,26967.169921875,0
2026-01-13 02:30:00,26966.359375,26980.9609375,26849.650390625,26857.66015625,0
2026-01-13 03:30:00,26860.91015625,26883.330078125,26839.380859375,26877.009765625,0
2026-01-13 04:30:00,26879.080078125,26920.55078125,26810.80078125,26878.3203125,0
2026-01-13 05:30:00,26881.900390625,26903.439453125,26756.720703125,26757.009765625,0
2026-01-13 06:30:00,26758.33984375,26809.779296875,26729.5390625,26800.609375,0
2026-01-13 07:30:00,26802.8203125,26848.470703125,26766.7890625,26848.470703125,0
2026-01-14 01:30:00,26971.970703125,26985.25,26852.5703125,26984.5703125,0
2026-01-14 02:30:00,26983.599609375,27085.7109375,26952.0703125,27052.58984375,0
2026-01-14 03:30:00,27054.69921875,27097.720703125,27031.0703125,27092.98046875,0
2026-01-14 04:30:00,27061.01953125,27061.01953125,26847.4296875,26931.400390625,0
2026-01-14 05:30:00,26930.560546875,27040.099609375,26780.26953125,26973.990234375,0
2026-01-14 06:30:00,26974.4296875,27003.33984375,26934.419921875,26971.279296875,0
2026-01-14 07:30:00,26974.0703125,26999.810546875,26925.900390625,26999.810546875,0
2026-01-15 01:30:00,26972.359375,27206.83984375,26881.490234375,26944.439453125,0
2026-01-15 02:30:00,26946.83984375,26996.900390625,26867.0390625,26874.75,0
2026-01-15 03:30:00,26877.720703125,26895.259765625,26844.400390625,26852.310546875,0
2026-01-15 04:30:00,26852.259765625,26915.419921875,26808.349609375,26893.66015625,0
2026-01-15 05:30:00,26892.01953125,26911.150390625,26835.439453125,26886.189453125,0
2026-01-15 06:30:00,26884.849609375,26971.900390625,26828.259765625,26946.58984375,0
2026-01-15 07:30:00,26946.630859375,26963.740234375,26912.259765625,26923.619140625,0
2026-01-16 01:30:00,27094.849609375,27176.310546875,26877.7890625,26907.919921875,0
2026-01-16 02:30:00,26908.41015625,26957.740234375,26852.91015625,26857.060546875,0
2026-01-16 03:30:00,26854.720703125,26885.689453125,26839.98046875,26851.689453125,0
2026-01-16 04:30:00,26856.380859375,26874.419921875,26801.720703125,26816.140625,0
2026-01-16 05:30:00,26814.990234375,26874.380859375,26752.25,26777.580078125,0
2026-01-16 06:30:00,26775.19921875,26815.220703125,26759.099609375,26790.919921875,0
2026-01-16 07:30:00,26791.400390625,26844.9609375,26741.5390625,26844.9609375,0
2026-01-19 01:30:00,26641.599609375,26715.580078125,26533.669921875,26649.970703125,0
2026-01-19 02:30:00,26651.41015625,26692.98046875,26544.4609375,26563.48046875,0
2026-01-19 03:30:00,26564.4609375,26594.91015625,26561.359375,26579.0,0
2026-01-19 04:30:00,26579.0,26630.830078125,26579.0,26594.859375,0
2026-01-19 05:30:00,26579.0,26601.75,26551.119140625,26560.05078125,0
2026-01-19 06:30:00,26561.140625,26589.220703125,26538.419921875,26582.599609375,0
2026-01-19 07:30:00,26581.0703125,26581.0703125,26543.740234375,26563.900390625,0
2026-01-20 01:30:00,26544.900390625,26638.55078125,26363.859375,26401.310546875,0
2026-01-20 02:30:00,26400.8203125,26576.650390625,26388.76953125,26534.400390625,0
2026-01-20 03:30:00,26537.08984375,26562.869140625,26517.130859375,26552.119140625,0
2026-01-20 04:30:00,26550.1796875,26608.470703125,26529.25,26584.23046875,0
2026-01-20 05:30:00,26584.099609375,26631.970703125,26516.740234375,26525.73046875,0
2026-01-20 06:30:00,26525.330078125,26531.0703125,26444.650390625,26474.720703125,0
2026-01-20 07:30:00,26474.58984375,26509.3203125,26466.099609375,26487.509765625,0
2026-01-21 01:30:00,26397.0390625,26567.16015625,26397.0390625,26528.169921875,0
2026-01-21 02:30:00,26526.349609375,26529.619140625,26409.900390625,26443.26953125,0
2026-01-21 03:30:00,26444.990234375,26463.259765625,26428.150390625,26447.779296875,0
2026-01-21 04:30:00,26456.73046875,26537.669921875,26439.48046875,26473.189453125,0
2026-01-21 05:30:00,26475.75,26520.3203125,26433.119140625,26441.01953125,0
2026-01-21 06:30:00,26443.169921875,26692.779296875,26440.080078125,26649.25,0
2026-01-21 07:30:00,26653.1796875,26653.1796875,26575.310546875,26585.060546875,0
2026-01-22 01:30:00,26750.509765625,26779.220703125,26518.7890625,26525.75,0
2026-01-22 02:30:00,26523.41015625,26639.689453125,26499.140625,26555.099609375,0
2026-01-22 03:30:00,26553.30078125,26566.8203125,26527.48046875,26558.279296875,0
2026-01-22 04:30:00,26556.529296875,26586.349609375,26532.23046875,26539.669921875,0
2026-01-22 05:30:00,26539.80078125,26594.810546875,26529.880859375,26573.330078125,0
2026-01-22 06:30:00,26573.609375,26599.630859375,26547.439453125,26588.880859375,0
2026-01-22 07:30:00,26586.4609375,26629.9609375,26585.66015625,26629.9609375,0
2026-01-23 01:30:00,26861.359375,26895.939453125,26716.830078125,26724.560546875,0
2026-01-23 02:30:00,26722.1796875,26791.939453125,26694.48046875,26709.880859375,0
2026-01-23 03:30:00,26709.69921875,26723.640625,26689.73046875,26718.130859375,0
2026-01-23 04:30:00,26721.9609375,26786.400390625,26711.8203125,26733.869140625,0
2026-01-23 05:30:00,26735.279296875,26775.4609375,26692.41015625,26713.359375,0
2026-01-23 06:30:00,26710.51953125,26751.58984375,26701.369140625,26747.919921875,0
2026-01-23 07:30:00,26747.98046875,26764.189453125,26728.740234375,26749.509765625,0
2026-01-26 01:30:00,26844.0390625,26863.509765625,26619.830078125,26860.900390625,0
2026-01-26 02:30:00,26860.580078125,26911.439453125,26687.080078125,26723.919921875,0
2026-01-26 03:30:00,26724.58984375,26787.26953125,26724.58984375,26775.76953125,0
2026-01-26 04:30:00,26770.779296875,26770.779296875,26663.58984375,26692.240234375,0
2026-01-26 05:30:00,26692.80078125,26742.689453125,26670.58984375,26734.48046875,0
2026-01-26 06:30:00,26739.189453125,26759.419921875,26691.26953125,26747.2109375,0
2026-01-26 07:30:00,26748.259765625,26765.51953125,26723.73046875,26765.51953125,0
2026-01-27 01:30:00,26863.150390625,27071.279296875,26829.7109375,27044.580078125,0
2026-01-27 02:30:00,27044.580078125,27188.900390625,27044.580078125,27082.98046875,0
2026-01-27 03:30:00,27083.7109375,27090.33984375,27025.25,27055.650390625,0
2026-01-27 04:30:00,27053.869140625,27071.98046875,27015.94921875,27023.009765625,0
2026-01-27 05:30:00,27025.900390625,27141.1796875,27004.55078125,27108.0,0
2026-01-27 06:30:00,27107.73046875,27147.9296875,27092.3203125,27108.009765625,0
2026-01-27 07:30:00,27106.669921875,27126.94921875,27093.869140625,27126.94921875,0
2026-01-28 01:30:00,27325.890625,27463.16015625,27258.099609375,27408.529296875,0
2026-01-28 02:30:00,27404.75,27786.630859375,27402.23046875,27748.560546875,0
2026-01-28 03:30:00,27750.810546875,27758.669921875,27691.2109375,27725.25,0
2026-01-28 04:30:00,27726.7109375,27799.310546875,27690.919921875,27749.119140625,0
2026-01-28 05:30:00,27746.810546875,27821.69921875,27733.73046875,27774.73046875,0
2026-01-28 06:30:00,27772.669921875,27815.630859375,27758.109375,27765.080078125,0
2026-01-28 07:30:00,27760.5,27826.91015625,27721.73046875,27826.91015625,0
2026-01-29 01:30:00,27627.109375,27905.970703125,27611.900390625,27885.98046875,0
2026-01-29 02:30:00,27881.919921875,27981.349609375,27778.98046875,27876.759765625,0
2026-01-29 03:30:00,27878.279296875,27975.810546875,27870.990234375,27975.810546875,0
2026-01-29 04:30:00,27970.8203125,27989.619140625,27901.3203125,27965.140625,0
2026-01-29 05:30:00,27971.0703125,28056.099609375,27895.48046875,27927.189453125,0
2026-01-29 06:30:00,27931.619140625,27947.470703125,27868.6796875,27880.7109375,0
2026-01-29 07:30:00,27881.4296875,27968.08984375,27874.380859375,27968.08984375,0
2026-01-30 01:30:00,27785.98046875,27887.240234375,27493.759765625,27493.869140625,0
2026-01-30 02:30:00,27495.400390625,27587.759765625,27431.779296875,27502.189453125,0
2026-01-30 03:30:00,27501.259765625,27516.33984375,27446.2109375,27469.8203125,0
2026-01-30 04:30:00,27470.0,27525.58984375,27466.4296875,27498.76953125,0
2026-01-30 05:30:00,27498.25,27512.369140625,27399.630859375,27410.5,0
2026-01-30 06:30:00,27411.0703125,27490.580078125,27396.19921875,27406.419921875,0
2026-01-30 07:30:00,27406.66015625,27430.869140625,27384.01953125,27387.109375,0
2026-02-02 07:30:00,26775.5703125,26775.5703125,26775.5703125,26775.5703125,0
2026-02-03 01:30:00,26995.759765625,27126.48046875,26709.630859375,26709.630859375,0
2026-02-03 02:30:00,26705.08984375,26804.69921875,26431.80078125,26784.830078125,0
2026-02-03 03:30:00,26785.0,26862.55078125,26767.19921875,26830.5,0
2026-02-03 04:30:00,26842.720703125,26878.380859375,26707.140625,26810.48046875,0
2026-02-03 05:30:00,26812.919921875,26868.7109375,26770.55078125,26847.2890625,0
2026-02-03 06:30:00,26847.919921875,26890.669921875,26768.220703125,26818.83984375,0
2026-02-03 07:30:00,26819.7109375,26854.779296875,26799.779296875,26834.76953125,0
2026-02-04 01:30:00,26797.05078125,26899.640625,26722.2890625,26766.140625,0
2026-02-04 02:30:00,26765.349609375,26779.9609375,26593.1796875,26640.490234375,0
2026-02-04 03:30:00,26638.75,26739.009765625,26638.75,26724.939453125,0
2026-02-04 04:30:00,26728.859375,26812.599609375,26725.69921875,26804.23046875,0
2026-02-04 05:30:00,26804.0703125,27004.220703125,26766.83984375,26901.73046875,0
2026-02-04 06:30:00,26903.130859375,26977.509765625,26858.310546875,26864.509765625,0
2026-02-04 07:30:00,26864.419921875,26900.6796875,26828.109375,26847.3203125,0
2026-02-05 01:30:00,26627.94921875,26717.9609375,26418.98046875,26513.26953125,0
2026-02-05 02:30:00,26514.30078125,26637.259765625,26410.76953125,26548.029296875,0
2026-02-05 03:30:00,26546.740234375,26552.619140625,26500.609375,26506.330078125,0
2026-02-05 04:30:00,26508.7109375,26555.359375,26489.470703125,26554.16015625,0
2026-02-05 05:30:00,26555.900390625,26703.08984375,26534.990234375,26690.9609375,0
2026-02-05 06:30:00,26694.5703125,26919.390625,26694.5703125,26911.919921875,0
2026-02-05 07:30:00,26912.640625,26912.640625,26837.509765625,26885.240234375,0
2026-02-06 01:30:00,26354.33984375,26499.25,26295.029296875,26476.0,0
2026-02-06 02:30:00,26473.380859375,26599.669921875,26429.640625,26559.8203125,0
2026-02-06 03:30:00,26561.529296875,26589.4609375,26524.23046875,26580.2890625,0
2026-02-06 04:30:00,26554.150390625,26579.0703125,26474.939453125,26555.2109375,0
2026-02-06 05:30:00,26558.220703125,26710.33984375,26552.650390625,26596.240234375,0
2026-02-06 06:30:00,26596.919921875,26625.3203125,26514.130859375,26589.490234375,0
2026-02-06 07:30:00,26588.580078125,26632.279296875,26544.30078125,26559.94921875,0
2026-02-09 01:30:00,26982.490234375,27072.830078125,26879.099609375,27038.880859375,0
2026-02-09 02:30:00,27039.630859375,27084.080078125,26951.259765625,26990.25,0
2026-02-09 03:30:00,26990.33984375,26993.8203125,26918.720703125,26945.349609375,0
2026-02-09 04:30:00,26952.150390625,27005.23046875,26911.7109375,26988.669921875,0
2026-02-09 05:30:00,26988.55078125,27046.349609375,26931.970703125,27035.490234375,0
2026-02-09 06:30:00,27035.119140625,27111.5390625,26996.349609375,27010.609375,0
2026-02-09 07:30:00,27014.490234375,27027.16015625,26995.919921875,27027.16015625,0
2026-02-10 01:30:00,27202.9609375,27397.650390625,27136.580078125,27316.619140625,0
2026-02-10 02:30:00,27318.140625,27326.66015625,27150.3203125,27196.419921875,0
2026-02-10 03:30:00,27194.939453125,27195.6796875,27141.060546875,27173.55078125,0
2026-02-10 04:30:00,27176.349609375,27198.619140625,27158.44921875,27174.259765625,0
2026-02-10 05:30:00,27174.0703125,27198.970703125,27104.8203125,27145.859375,0
2026-02-10 06:30:00,27145.490234375,27177.419921875,27127.08984375,27163.849609375,0
2026-02-10 07:30:00,27162.650390625,27183.150390625,27136.19921875,27183.150390625,0
2026-02-11 01:30:00,27246.1796875,27279.609375,27133.76953125,27239.759765625,0
2026-02-11 02:30:00,27240.7109375,27325.98046875,27221.009765625,27263.380859375,0
2026-02-11 03:30:00,27265.55078125,27302.529296875,27263.599609375,27299.880859375,0
2026-02-11 04:30:00,27291.890625,27300.140625,27269.80078125,27297.560546875,0
2026-02-11 05:30:00,27296.009765625,27323.380859375,27243.55078125,27254.08984375,0
2026-02-11 06:30:00,27254.150390625,27275.48046875,27238.740234375,27256.330078125,0
2026-02-11 07:30:00,27257.400390625,27266.380859375,27228.609375,27266.380859375,0
2026-02-12 01:30:00,27210.560546875,27215.630859375,27024.080078125,27084.640625,0
2026-02-12 02:30:00,27084.6796875,27084.6796875,26977.279296875,26999.7109375,0
2026-02-12 03:30:00,26997.740234375,27042.7890625,26985.779296875,27023.669921875,0
2026-02-12 04:30:00,27017.0703125,27018.51953125,26932.560546875,26971.349609375,0
2026-02-12 05:30:00,26968.640625,27074.83984375,26960.650390625,27017.359375,0
2026-02-12 06:30:00,27018.150390625,27032.130859375,26979.619140625,27026.150390625,0
2026-02-12 07:30:00,27026.830078125,27038.130859375,27011.259765625,27032.5390625,0
2026-02-13 01:30:00,26640.16015625,26774.439453125,26576.609375,26614.0,0
2026-02-13 02:30:00,26622.1796875,26638.16015625,26537.94921875,26549.8203125,0
2026-02-13 03:30:00,26557.740234375,26573.740234375,26542.9609375,26547.970703125,0
2026-02-13 04:30:00,26548.169921875,26552.0703125,26447.599609375,26447.599609375,0
2026-02-13 05:30:00,26455.30078125,26530.560546875,26444.4609375,26530.560546875,0
2026-02-13 06:30:00,26530.029296875,26615.33984375,26513.98046875,26555.830078125,0
2026-02-13 07:30:00,26560.109375,26589.650390625,26541.849609375,26567.119140625,0
2026-02-16 01:30:00,26501.19921875,26627.0,26382.41015625,26580.619140625,0
2026-02-16 02:30:00,26580.16015625,26688.400390625,26557.44921875,26667.69921875,0
2026-02-20 01:30:00,26657.83984375,26694.33984375,26356.9609375,26445.890625,0
2026-02-20 02:30:00,26445.169921875,26593.390625,26445.169921875,26515.609375,0
2026-02-20 03:30:00,26519.08984375,26561.19921875,26514.7109375,26544.619140625,0
2026-02-20 04:30:00,26550.6796875,26641.4609375,26509.869140625,26560.6796875,0
2026-02-20 05:30:00,26561.509765625,26573.55078125,26506.73046875,26552.2890625,0
2026-02-20 06:30:00,26553.689453125,26567.9609375,26447.439453125,26450.359375,0
2026-02-20 07:30:00,26451.98046875,26451.98046875,26413.349609375,26413.349609375,0
2026-02-23 01:30:00,26798.970703125,27116.94921875,26798.970703125,27080.919921875,0
2026-02-23 02:30:00,27079.740234375,27156.279296875,26943.830078125,26991.8203125,0
2026-02-23 03:30:00,26990.58984375,27024.830078125,26982.73046875,27019.2109375,0
2026-02-23 04:30:00,27017.359375,27017.359375,26958.83984375,26984.69921875,0
2026-02-23 05:30:00,26984.529296875,27116.779296875,26976.720703125,27095.73046875,0
2026-02-23 06:30:00,27094.390625,27138.7890625,27047.509765625,27054.140625,0
2026-02-23 07:30:00,27054.26953125,27081.91015625,27028.240234375,27081.91015625,0
2026-02-24 01:30:00,26913.6796875,26913.6796875,26577.080078125,26638.83984375,0
2026-02-24 02:30:00,26638.25,26638.25,26544.369140625,26550.439453125,0
2026-02-24 03:30:00,26550.58984375,26568.369140625,26523.259765625,26558.029296875,0
2026-02-24 04:30:00,26558.009765625,26561.759765625,26480.859375,26500.30078125,0
2026-02-24 05:30:00,26500.109375,26558.69921875,26485.119140625,26538.310546875,0
2026-02-24 06:30:00,26539.060546875,26606.279296875,26536.3203125,26596.009765625,0
2026-02-24 07:30:00,26594.8203125,26628.869140625,26590.3203125,26590.3203125,0
2026-02-25 01:30:00,26745.19921875,26759.7890625,26632.529296875,26703.48046875,0
2026-02-25 02:30:00,26701.69921875,26834.060546875,26684.810546875,26803.7890625,0
2026-02-25 03:30:00,26805.060546875,26841.4609375,26775.900390625,26789.859375,0
2026-02-25 04:30:00,26833.69921875,26870.029296875,26776.080078125,26788.2109375,0
2026-02-25 05:30:00,26791.529296875,26799.6796875,26672.330078125,26703.830078125,0
2026-02-25 06:30:00,26700.259765625,26781.8203125,26699.0703125,26760.69921875,0
2026-02-25 07:30:00,26761.880859375,26765.720703125,26687.66015625,26765.720703125,0
2026-02-26 01:30:00,27019.740234375,27024.0703125,26593.890625,26604.8203125,0
2026-02-26 02:30:00,26603.599609375,26666.759765625,26563.859375,26638.0390625,0
2026-02-26 03:30:00,26632.4296875,26668.6796875,26630.390625,26656.2890625,0
2026-02-26 04:30:00,26664.720703125,26672.529296875,26565.580078125,26571.25,0
2026-02-26 05:30:00,26569.66015625,26585.109375,26497.609375,26510.98046875,0
2026-02-26 06:30:00,26510.220703125,26554.2109375,26470.029296875,26477.060546875,0
2026-02-26 07:30:00,26477.029296875,26482.5703125,26373.009765625,26381.01953125,0
2026-02-27 01:30:00,26447.05078125,26570.189453125,26375.69921875,26456.990234375,0
2026-02-27 02:30:00,26457.359375,26606.880859375,26456.779296875,26539.55078125,0
2026-02-27 03:30:00,26537.140625,26592.69921875,26537.140625,26578.029296875,0
2026-02-27 04:30:00,26584.619140625,26656.220703125,26542.720703125,26629.33984375,0
2026-02-27 05:30:00,26627.0390625,26665.509765625,26608.779296875,26640.69921875,0
2026-02-27 06:30:00,26638.76953125,26701.5,26626.4609375,26656.849609375,0
2026-02-27 07:30:00,26653.849609375,26665.619140625,26620.98046875,26630.5390625,0
2026-03-02 01:30:00,26305.580078125,26403.849609375,25882.94921875,25939.91015625,0
2026-03-02 02:30:00,25936.41015625,26163.830078125,25936.41015625,26163.830078125,0
2026-03-02 03:30:00,26160.880859375,26227.859375,26150.439453125,26209.91015625,0
2026-03-02 04:30:00,26192.7109375,26250.41015625,26134.630859375,26200.16015625,0
2026-03-02 05:30:00,26196.9296875,26280.8203125,26087.19921875,26101.76953125,0
2026-03-02 06:30:00,26103.8203125,26136.830078125,25993.7890625,26024.23046875,0
2026-03-02 07:30:00,26022.029296875,26076.400390625,26019.369140625,26059.849609375,0
2026-03-03 01:30:00,26190.240234375,26218.9296875,25907.9296875,26050.80078125,0
2026-03-03 02:30:00,26055.650390625,26193.279296875,25988.779296875,25995.810546875,0
2026-03-03 03:30:00,25994.30078125,26044.73046875,25966.740234375,25985.119140625,0
2026-03-03 04:30:00,25970.16015625,26104.55078125,25932.009765625,26029.529296875,0
2026-03-03 05:30:00,26029.369140625,26036.640625,25740.240234375,25843.1796875,0
2026-03-03 06:30:00,25843.140625,25852.630859375,25744.400390625,25750.19921875,0
2026-03-03 07:30:00,25751.5390625,25771.4609375,25727.0,25768.080078125,0
2026-03-04 01:30:00,25469.33984375,25470.05078125,25184.099609375,25346.349609375,0
2026-03-04 02:30:00,25345.94921875,25345.94921875,24999.25,25003.2890625,0
2026-03-04 03:30:00,25003.150390625,25073.08984375,24963.419921875,25051.060546875,0
2026-03-04 04:30:00,25030.490234375,25115.970703125,24962.359375,24972.619140625,0
2026-03-04 05:30:00,24974.5390625,25159.169921875,24958.4296875,25050.310546875,0
2026-03-04 06:30:00,25053.400390625,25143.330078125,25040.08984375,25108.4296875,0
2026-03-04 07:30:00,25109.369140625,25263.0390625,25104.94921875,25249.48046875,0
2026-03-05 01:30:00,25583.650390625,25704.109375,25490.310546875,25676.259765625,0
2026-03-05 02:30:00,25678.650390625,25736.599609375,25556.009765625,25558.990234375,0
2026-03-05 03:30:00,25562.890625,25564.619140625,25451.150390625,25462.30078125,0
2026-03-05 04:30:00,25529.560546875,25563.939453125,25467.509765625,25467.509765625,0
2026-03-05 05:30:00,25469.4609375,25510.4296875,25236.6796875,25288.900390625,0
2026-03-05 06:30:00,25291.2890625,25381.859375,25255.630859375,25379.640625,0
2026-03-05 07:30:00,25380.619140625,25380.619140625,25312.419921875,25321.33984375,0
2026-03-06 01:30:00,25358.560546875,25633.439453125,25267.630859375,25544.779296875,0
2026-03-06 02:30:00,25546.4296875,25780.94921875,25545.900390625,25737.30078125,0
2026-03-06 03:30:00,25738.669921875,25802.359375,25737.419921875,25789.900390625,0
2026-03-06 04:30:00,25786.30078125,25786.30078125,25690.98046875,25708.619140625,0
2026-03-06 05:30:00,25715.439453125,25806.720703125,25699.029296875,25742.119140625,0
2026-03-06 06:30:00,25745.859375,25776.58984375,25683.400390625,25727.009765625,0
2026-03-06 07:30:00,25726.640625,25775.599609375,25693.609375,25757.2890625,0
2026-03-09 01:30:00,25075.740234375,25114.990234375,24919.080078125,24950.150390625,0
2026-03-09 02:30:00,24950.560546875,25191.05078125,24906.0,25076.91015625,0
2026-03-09 03:30:00,25077.3203125,25111.080078125,25049.19921875,25101.0390625,0
2026-03-09 04:30:00,25076.6796875,25254.720703125,25000.830078125,25236.349609375,0
2026-03-09 05:30:00,25234.19921875,25360.220703125,25203.4296875,25347.3203125,0
2026-03-09 06:30:00,25347.419921875,25414.55078125,25241.779296875,25407.05078125,0
2026-03-09 07:30:00,25407.0390625,25442.619140625,25366.240234375,25408.4609375,0
2026-03-10 01:30:00,25740.2890625,25847.669921875,25705.2109375,25709.16015625,0
2026-03-10 02:30:00,25709.859375,25863.109375,25611.7890625,25848.0703125,0
2026-03-10 03:30:00,25849.5390625,25872.66015625,25773.630859375,25804.69921875,0
2026-03-10 04:30:00,25802.919921875,25865.5390625,25799.01953125,25834.830078125,0
2026-03-10 05:30:00,25838.16015625,25930.900390625,25788.759765625,25876.259765625,0
2026-03-10 06:30:00,25878.490234375,25940.970703125,25871.94921875,25913.859375,0
2026-03-10 07:30:00,25915.75,25959.900390625,25866.9296875,25959.900390625,0
2026-03-11 01:30:00,26112.080078125,26115.94921875,25970.919921875,26048.5,0
2026-03-11 02:30:00,26049.75,26149.640625,26005.140625,26025.109375,0
2026-03-11 03:30:00,26026.23046875,26059.380859375,25950.640625,25981.76953125,0
2026-03-11 04:30:00,25980.380859375,25986.23046875,25883.369140625,25915.419921875,0
2026-03-11 05:30:00,25915.48046875,26008.05078125,25886.23046875,25954.689453125,0
2026-03-11 06:30:00,25953.48046875,25987.7109375,25882.66015625,25907.849609375,0
2026-03-11 07:30:00,25906.83984375,25911.349609375,25819.099609375,25898.759765625,0
2026-03-12 01:30:00,25719.470703125,25932.580078125,25682.609375,25709.099609375,0
2026-03-12 02:30:00,25711.140625,25726.48046875,25546.19921875,25572.75,0
2026-03-12 03:30:00,25573.240234375,25579.94921875,25524.150390625,25579.94921875,0
2026-03-12 04:30:00,25572.66015625,25596.060546875,25521.150390625,25545.169921875,0
2026-03-12 05:30:00,25545.359375,25643.349609375,25540.41015625,25639.009765625,0
2026-03-12 06:30:00,25642.44921875,25708.2109375,25642.44921875,25702.1796875,0
2026-03-12 07:30:00,25702.55078125,25735.01953125,25674.599609375,25716.759765625,0
2026-03-13 01:30:00,25583.55078125,25694.140625,25475.439453125,25655.630859375,0
2026-03-13 02:30:00,25657.060546875,25697.169921875,25567.580078125,25593.939453125,0
2026-03-13 03:30:00,25596.439453125,25611.890625,25575.369140625,25593.25,0
2026-03-13 04:30:00,25572.349609375,25619.669921875,25538.240234375,25575.189453125,0
2026-03-13 05:30:00,25574.650390625,25639.73046875,25502.23046875,25525.189453125,0
2026-03-13 06:30:00,25525.130859375,25535.380859375,25419.869140625,25459.26953125,0
2026-03-13 07:30:00,25460.849609375,25487.55078125,25447.7890625,25465.599609375,0
2026-03-16 01:30:00,25436.26953125,25624.91015625,25317.810546875,25551.099609375,0
2026-03-16 02:30:00,25551.560546875,25660.830078125,25476.2890625,25660.150390625,0
2026-03-16 03:30:00,25659.869140625,25768.119140625,25651.9609375,25755.529296875,0
2026-03-16 04:30:00,25760.0703125,25829.6796875,25725.599609375,25769.400390625,0
2026-03-16 05:30:00,25770.73046875,25855.060546875,25743.26953125,25818.7109375,0
2026-03-16 06:30:00,25818.390625,25856.73046875,25801.73046875,25818.7109375,0
2026-03-16 07:30:00,25822.310546875,25837.30078125,25777.029296875,25834.01953125,0
2026-03-17 01:30:00,25938.4296875,26250.140625,25938.4296875,26177.25,0
2026-03-17 02:30:00,26175.009765625,26197.330078125,26055.2109375,26069.189453125,0
2026-03-17 03:30:00,26068.359375,26088.0703125,26038.310546875,26088.0703125,0
2026-03-17 04:30:00,26096.669921875,26115.0,25984.98046875,26008.0703125,0
2026-03-17 05:30:00,26007.91015625,26013.849609375,25853.76953125,25893.19921875,0
2026-03-17 06:30:00,25890.900390625,25915.0703125,25848.099609375,25885.4609375,0
2026-03-17 07:30:00,25884.669921875,25903.609375,25844.94921875,25868.5390625,0
2026-03-18 01:30:00,25923.029296875,25955.41015625,25803.900390625,25856.98046875,0
2026-03-18 02:30:00,25858.349609375,25881.66015625,25791.8203125,25817.33984375,0
2026-03-18 03:30:00,25815.69921875,25837.16015625,25800.91015625,25825.080078125,0
2026-03-18 04:30:00,25856.9609375,25998.05078125,25831.630859375,25967.33984375,0
2026-03-18 05:30:00,25965.810546875,26098.740234375,25964.0,26090.650390625,0
2026-03-18 06:30:00,26092.720703125,26117.94921875,26026.650390625,26035.94921875,0
2026-03-18 07:30:00,26035.650390625,26055.060546875,25985.4609375,26025.419921875,0
2026-03-19 01:30:00,25550.560546875,25712.060546875,25502.919921875,25711.8203125,0
2026-03-19 02:30:00,25711.560546875,25737.830078125,25604.689453125,25647.740234375,0
2026-03-19 03:30:00,25646.83984375,25648.26953125,25570.9609375,25592.990234375,0
2026-03-19 04:30:00,25579.9609375,25585.44921875,25522.109375,25527.099609375,0
2026-03-19 05:30:00,25529.01953125,25581.880859375,25449.060546875,25538.349609375,0
2026-03-19 06:30:00,25539.25,25550.970703125,25485.259765625,25510.099609375,0
2026-03-19 07:30:00,25512.150390625,25516.359375,25449.669921875,25500.580078125,0
2026-03-20 01:30:00,25337.279296875,25563.880859375,25298.2109375,25330.439453125,0
2026-03-20 02:30:00,25333.5390625,25429.880859375,25297.119140625,25387.189453125,0
2026-03-20 03:30:00,25387.1796875,25402.779296875,25325.080078125,25340.4296875,0
2026-03-20 04:30:00,25331.330078125,25366.310546875,25287.990234375,25307.19921875,0
2026-03-20 05:30:00,25308.279296875,25359.109375,25254.0,25258.08984375,0
2026-03-20 06:30:00,25258.029296875,25286.779296875,25121.4609375,25274.029296875,0
2026-03-20 07:30:00,25269.169921875,25282.169921875,25217.83984375,25277.3203125,0
2026-03-23 01:30:00,24789.140625,24789.140625,24532.279296875,24580.509765625,0
2026-03-23 02:30:00,24581.939453125,24582.560546875,24396.990234375,24407.2109375,0
2026-03-23 03:30:00,24407.5390625,24437.140625,24398.490234375,24400.4609375,0
2026-03-23 04:30:00,24400.740234375,24489.0,24399.98046875,24414.529296875,0
2026-03-23 05:30:00,24411.76953125,24446.919921875,24258.990234375,24284.05078125,0
2026-03-23 06:30:00,24280.849609375,24343.439453125,24203.5390625,24329.80078125,0
2026-03-23 07:30:00,24330.220703125,24438.119140625,24330.220703125,24382.470703125,0
2026-03-24 01:30:00,24759.8203125,24815.970703125,24555.5,24725.869140625,0
2026-03-24 02:30:00,24727.669921875,24815.279296875,24647.330078125,24795.9609375,0
2026-03-24 03:30:00,24796.0390625,24837.849609375,24734.900390625,24829.919921875,0
2026-03-24 04:30:00,24831.140625,24831.140625,24671.779296875,24692.5,0
2026-03-24 05:30:00,24693.19921875,24931.16015625,24688.859375,24914.970703125,0
2026-03-24 06:30:00,24915.759765625,25077.08984375,24915.30078125,25033.8203125,0
2026-03-24 07:30:00,25033.759765625,25064.359375,24957.390625,25063.7109375,0
2026-03-25 01:30:00,25280.51953125,25390.30078125,25193.650390625,25250.4296875,0
2026-03-25 02:30:00,25249.19921875,25260.01953125,25083.76953125,25111.919921875,0
2026-03-25 03:30:00,25110.609375,25112.5390625,25066.470703125,25073.05078125,0
2026-03-25 04:30:00,25090.890625,25194.869140625,25015.19921875,25194.869140625,0
2026-03-25 05:30:00,25191.380859375,25390.05078125,25127.05078125,25150.150390625,0
2026-03-25 06:30:00,25151.91015625,25265.23046875,25130.279296875,25247.970703125,0
2026-03-25 07:30:00,25248.9609375,25335.94921875,25225.30078125,25335.94921875,0
2026-03-26 01:30:00,25267.16015625,25278.029296875,24975.890625,24980.810546875,0
2026-03-26 02:30:00,24982.849609375,25022.5,24915.9296875,24976.08984375,0
2026-03-26 03:30:00,24973.51953125,25012.880859375,24967.720703125,24988.0390625,0
2026-03-26 04:30:00,24978.41015625,25004.919921875,24834.869140625,24865.349609375,0
2026-03-26 05:30:00,24863.419921875,24875.5,24795.4296875,24863.66015625,0
2026-03-26 06:30:00,24866.140625,24875.33984375,24795.060546875,24836.80078125,0
2026-03-26 07:30:00,24835.73046875,24856.4296875,24793.099609375,24856.4296875,0
2026-03-27 01:30:00,24768.66015625,24913.23046875,24712.919921875,24861.009765625,0
2026-03-27 02:30:00,24860.8203125,24941.390625,24835.0703125,24907.890625,0
2026-03-27 03:30:00,24906.1796875,24995.619140625,24905.8203125,24992.060546875,0
2026-03-27 04:30:00,25003.5,25095.5703125,24990.759765625,25058.1796875,0
2026-03-27 05:30:00,25060.009765625,25085.8203125,24958.75,25030.810546875,0
2026-03-27 06:30:00,25029.26953125,25040.009765625,24957.19921875,24958.279296875,0
2026-03-27 07:30:00,24960.380859375,24972.869140625,24925.220703125,24951.880859375,0
2026-03-30 01:30:00,24532.849609375,24652.48046875,24438.259765625,24456.8203125,0
2026-03-30 02:30:00,24473.419921875,24717.890625,24409.5703125,24698.8203125,0
2026-03-30 03:30:00,24707.390625,24732.119140625,24683.130859375,24727.83984375,0
2026-03-30 04:30:00,24715.619140625,24791.169921875,24663.83984375,24705.919921875,0
2026-03-30 05:30:00,24714.880859375,24734.720703125,24609.669921875,24730.130859375,0
2026-03-30 06:30:00,24735.44921875,24811.859375,24667.859375,24684.08984375,0
2026-03-30 07:30:00,24688.33984375,24750.7890625,24663.240234375,24750.7890625,0
2026-03-31 01:30:00,24818.19921875,24988.529296875,24752.009765625,24824.140625,0
2026-03-31 02:30:00,24821.669921875,24821.7109375,24630.76953125,24652.0703125,0
2026-03-31 03:30:00,24652.1796875,24662.23046875,24615.779296875,24624.55078125,0
2026-03-31 04:30:00,24622.130859375,24668.439453125,24559.5703125,24644.26953125,0
2026-03-31 05:30:00,24646.4296875,24760.58984375,24629.990234375,24662.349609375,0
2026-03-31 06:30:00,24662.689453125,24746.16015625,24637.990234375,24727.130859375,0
2026-03-31 07:30:00,24726.220703125,24788.140625,24707.0,24788.140625,0
2026-04-01 01:30:00,25357.23046875,25394.369140625,25232.140625,25254.189453125,0
2026-04-01 02:30:00,25253.7890625,25345.029296875,25203.689453125,25327.7890625,0
2026-04-01 03:30:00,25327.619140625,25339.009765625,25270.8203125,25276.650390625,0
2026-04-01 04:30:00,25278.619140625,25363.16015625,25251.140625,25361.109375,0
2026-04-01 05:30:00,25359.619140625,25429.759765625,25264.3203125,25412.939453125,0
2026-04-01 06:30:00,25413.7890625,25416.029296875,25323.169921875,25358.859375,0
2026-04-01 07:30:00,25359.5,25359.810546875,25239.109375,25294.029296875,0
2026-04-02 01:30:00,25254.490234375,25254.490234375,25023.169921875,25037.970703125,0
2026-04-02 02:30:00,25037.41015625,25077.58984375,25012.76953125,25046.5703125,0
2026-04-02 03:30:00,25045.529296875,25053.380859375,25003.380859375,25017.23046875,0
2026-04-02 04:30:00,25004.94921875,25004.94921875,24901.76953125,24956.98046875,0
2026-04-02 05:30:00,24958.990234375,24992.0,24904.19921875,24983.2109375,0
2026-04-02 06:30:00,24980.720703125,25091.609375,24949.08984375,25089.890625,0
2026-04-02 07:30:00,25089.9609375,25116.529296875,25034.689453125,25116.529296875,0
2026-04-08 01:30:00,25772.560546875,25872.30078125,25668.669921875,25743.349609375,0
2026-04-08 02:30:00,25744.349609375,25834.5390625,25712.640625,25742.98046875,0
2026-04-08 03:30:00,25744.5703125,25858.330078125,25734.529296875,25821.880859375,0
2026-04-08 04:30:00,25833.580078125,25916.380859375,25818.369140625,25885.830078125,0
2026-04-08 05:30:00,25884.69921875,25913.51953125,25843.19921875,25899.189453125,0
2026-04-08 06:30:00,25898.83984375,25934.1796875,25805.25,25868.9609375,0
2026-04-08 07:30:00,25867.810546875,25904.140625,25791.55078125,25893.01953125,0
2026-04-09 01:30:00,25756.41015625,25797.240234375,25653.630859375,25741.740234375,0
2026-04-09 02:30:00,25745.869140625,25852.23046875,25742.560546875,25791.220703125,0
2026-04-09 03:30:00,25792.30078125,25822.619140625,25788.869140625,25801.869140625,0
2026-04-09 04:30:00,25790.849609375,25838.4296875,25751.109375,25836.4296875,0
2026-04-09 05:30:00,25836.740234375,25854.80078125,25780.7890625,25788.529296875,0
2026-04-09 06:30:00,25791.939453125,25817.44921875,25720.1796875,25729.189453125,0
2026-04-09 07:30:00,25728.259765625,25752.400390625,25690.919921875,25752.400390625,0
2026-04-10 01:30:00,25891.880859375,26073.970703125,25872.859375,25945.55078125,0
2026-04-10 02:30:00,25945.33984375,25977.7890625,25875.810546875,25895.2109375,0
2026-04-10 03:30:00,25894.51953125,25929.349609375,25886.869140625,25907.9609375,0
2026-04-10 04:30:00,25912.810546875,25936.7890625,25877.189453125,25881.890625,0
2026-04-10 05:30:00,25883.259765625,25980.169921875,25869.650390625,25888.01953125,0
2026-04-10 06:30:00,25889.900390625,25924.869140625,25853.9296875,25919.599609375,0
2026-04-10 07:30:00,25917.41015625,25917.41015625,25843.650390625,25893.5390625,0
2026-04-13 01:30:00,25708.640625,25717.380859375,25529.439453125,25591.099609375,0
2026-04-13 02:30:00,25591.7109375,25612.0390625,25508.529296875,25547.490234375,0
2026-04-13 03:30:00,25545.9609375,25600.08984375,25544.2890625,25587.259765625,0
2026-04-13 04:30:00,25621.80078125,25621.80078125,25562.140625,25601.150390625,0
2026-04-13 05:30:00,25598.900390625,25623.189453125,25576.16015625,25607.689453125,0
2026-04-13 06:30:00,25609.94921875,25642.44921875,25570.080078125,25630.220703125,0
2026-04-13 07:30:00,25631.26953125,25661.220703125,25615.8203125,25660.849609375,0
2026-04-14 01:30:00,25929.400390625,25995.08984375,25849.720703125,25879.0390625,0
2026-04-14 02:30:00,25879.349609375,25880.33984375,25748.7890625,25766.580078125,0
2026-04-14 03:30:00,25767.349609375,25775.650390625,25749.30078125,25770.400390625,0
2026-04-14 04:30:00,25783.720703125,25790.9609375,25671.5703125,25686.5,0
2026-04-14 05:30:00,25686.05078125,25794.560546875,25668.529296875,25792.630859375,0
2026-04-14 06:30:00,25793.830078125,25938.060546875,25792.939453125,25887.439453125,0
2026-04-14 07:30:00,25887.810546875,25891.810546875,25825.0390625,25872.3203125,0
2026-04-15 01:30:00,26168.25,26216.580078125,26086.05078125,26117.80078125,0
2026-04-15 02:30:00,26117.580078125,26133.75,26041.990234375,26119.009765625,0
2026-04-15 03:30:00,26115.6796875,26135.490234375,26062.990234375,26069.509765625,0
2026-04-15 04:30:00,26063.689453125,26081.390625,25993.509765625,25997.2890625,0
2026-04-15 05:30:00,25999.080078125,26016.779296875,25959.080078125,25976.779296875,0
2026-04-15 06:30:00,25977.189453125,26053.58984375,25965.970703125,26024.69921875,0
2026-04-15 07:30:00,26024.7109375,26024.7109375,25947.3203125,25947.3203125,0
2026-04-16 01:30:00,26122.80078125,26214.390625,26122.80078125,26196.58984375,0
2026-04-16 02:30:00,26195.9296875,26294.849609375,26195.9296875,26292.150390625,0
2026-04-16 03:30:00,26293.8203125,26320.140625,26276.41015625,26306.55078125,0
2026-04-16 04:30:00,26300.099609375,26333.919921875,26225.099609375,26330.400390625,0
2026-04-16 05:30:00,26330.560546875,26361.830078125,26290.75,26353.4296875,0
2026-04-16 06:30:00,26354.869140625,26393.599609375,26323.390625,26366.1796875,0
2026-04-16 07:30:00,26367.560546875,26403.0703125,26353.44921875,26394.259765625,0
2026-04-17 01:30:00,26210.970703125,26280.9609375,26125.720703125,26148.7109375,0
2026-04-17 02:30:00,26146.279296875,26163.2890625,26029.48046875,26046.009765625,0
2026-04-17 03:30:00,26044.16015625,26049.4296875,26015.439453125,26046.69921875,0
2026-04-17 04:30:00,26048.0390625,26069.740234375,26042.640625,26060.119140625,0
2026-04-17 05:30:00,26059.119140625,26134.130859375,26035.869140625,26067.140625,0
2026-04-17 06:30:00,26065.919921875,26131.259765625,26058.9296875,26115.630859375,0
2026-04-17 07:30:00,26118.109375,26160.330078125,26097.55078125,26160.330078125,0
2026-04-20 01:30:00,26204.609375,26385.689453125,26094.640625,26341.119140625,0
2026-04-20 02:30:00,26338.609375,26392.169921875,26300.970703125,26388.880859375,0
2026-04-20 03:30:00,26389.2109375,26411.560546875,26375.919921875,26376.98046875,0
2026-04-20 07:30:00,26361.0703125,26361.0703125,26361.0703125,26361.0703125,0
2026-04-21 01:30:00,26442.2890625,26486.2109375,26354.6796875,26376.640625,0
2026-04-21 02:30:00,26378.529296875,26444.6796875,26342.01953125,26364.490234375,0
2026-04-21 03:30:00,26364.259765625,26399.44921875,26359.140625,26394.859375,0
2026-04-21 04:30:00,26402.400390625,26489.349609375,26390.609375,26473.880859375,0
2026-04-21 05:30:00,26471.990234375,26529.490234375,26441.41015625,26446.240234375,0
2026-04-21 06:30:00,26394.859375,26471.619140625,26394.859375,26458.490234375,0
2026-04-21 07:30:00,26461.279296875,26487.48046875,26444.009765625,26487.48046875,0
2026-04-22 01:30:00,26303.599609375,26303.599609375,26124.529296875,26130.890625,0
2026-04-22 02:30:00,26129.970703125,26152.509765625,26089.880859375,26141.490234375,0
2026-04-22 03:30:00,26144.9609375,26173.6796875,26128.439453125,26137.009765625,0
2026-04-22 04:30:00,26138.599609375,26158.640625,26073.44921875,26131.419921875,0
2026-04-22 05:30:00,26132.44921875,26139.4296875,26097.619140625,26129.5703125,0
2026-04-22 06:30:00,26128.0390625,26199.240234375,26126.83984375,26169.44921875,0
2026-04-22 07:30:00,26169.580078125,26193.66015625,26149.279296875,26163.240234375,0
2026-04-23 01:30:00,26098.810546875,26115.0703125,25872.5703125,25921.619140625,0
2026-04-23 02:30:00,25918.390625,25957.669921875,25840.55078125,25856.4296875,0
2026-04-23 03:30:00,25858.0703125,25892.279296875,25848.349609375,25870.369140625,0
2026-04-23 04:30:00,25879.400390625,25905.380859375,25860.9609375,25904.4296875,0
2026-04-23 05:30:00,25902.650390625,25976.900390625,25883.08984375,25930.349609375,0
2026-04-23 06:30:00,25928.44921875,25947.849609375,25892.80078125,25917.51953125,0
2026-04-23 07:30:00,25919.939453125,25928.0,25896.759765625,25915.19921875,0
2026-04-24 01:30:00,25733.609375,25763.7109375,25639.259765625,25718.439453125,0
2026-04-24 02:30:00,25718.189453125,25829.5390625,25718.189453125,25786.240234375,0
2026-04-24 03:30:00,25787.48046875,25875.5703125,25772.669921875,25862.609375,0
2026-04-24 04:30:00,25870.8203125,25932.220703125,25849.7890625,25874.25,0
2026-04-24 05:30:00,25874.279296875,26004.58984375,25869.740234375,25969.51953125,0
2026-04-24 06:30:00,25968.880859375,25990.990234375,25947.69921875,25983.759765625,0
2026-04-24 07:30:00,25986.060546875,25987.16015625,25953.619140625,25978.0703125,0
2026-04-27 01:30:00,25976.970703125,26086.01953125,25858.240234375,25965.890625,0
2026-04-27 02:30:00,25965.150390625,26002.880859375,25928.76953125,25969.099609375,0
2026-04-27 03:30:00,25973.580078125,26039.509765625,25971.869140625,26016.2109375,0
2026-04-27 04:30:00,26019.380859375,26019.9296875,25927.4609375,25940.9296875,0
2026-04-27 05:30:00,25940.140625,25943.0,25884.23046875,25888.439453125,0
2026-04-27 06:30:00,25888.19921875,25950.849609375,25884.880859375,25935.3203125,0
2026-04-27 07:30:00,25938.599609375,25966.380859375,25907.609375,25925.650390625,0
2026-04-28 01:30:00,25814.369140625,25896.66015625,25739.23046875,25811.640625,0
2026-04-28 02:30:00,25811.880859375,25813.41015625,25729.4609375,25786.650390625,0
2026-04-28 03:30:00,25783.83984375,25783.83984375,25744.279296875,25752.599609375,0
2026-04-28 04:30:00,25758.400390625,25758.400390625,25649.859375,25664.330078125,0
2026-04-28 05:30:00,25665.650390625,25686.439453125,25617.740234375,25621.189453125,0
2026-04-28 06:30:00,25620.220703125,25722.029296875,25609.609375,25680.349609375,0
2026-04-28 07:30:00,25678.05078125,25699.0,25673.9609375,25679.779296875,0
2026-04-29 01:30:00,25842.630859375,26048.689453125,25811.4609375,25982.75,0
2026-04-29 02:30:00,25992.41015625,26051.630859375,25934.48046875,26020.58984375,0
2026-04-29 03:30:00,26031.58984375,26031.58984375,25941.0703125,26010.619140625,0
2026-04-29 04:30:00,26009.23046875,26068.44921875,26005.98046875,26058.740234375,0
2026-04-29 05:30:00,26069.740234375,26081.169921875,26022.689453125,26066.08984375,0
2026-04-29 06:30:00,26073.140625,26102.30078125,26025.740234375,26079.470703125,0
2026-04-29 07:30:00,26089.970703125,26132.939453125,26080.119140625,26111.83984375,0
2026-04-30 01:30:00,26008.3203125,26072.240234375,25827.58984375,25827.58984375,0
2026-04-30 02:30:00,25825.7109375,25865.26953125,25735.369140625,25750.6796875,0
2026-04-30 03:30:00,25750.529296875,25794.08984375,25740.169921875,25789.58984375,0
2026-04-30 04:30:00,25769.759765625,25795.919921875,25734.16015625,25742.30078125,0
2026-04-30 05:30:00,25744.2109375,25853.55078125,25744.2109375,25813.830078125,0
2026-04-30 06:30:00,25812.609375,25861.609375,25791.669921875,25815.58984375,0
2026-04-30 07:30:00,25814.94921875,25814.94921875,25762.1796875,25776.529296875,0
2026-05-04 01:30:00,26138.33984375,26299.80078125,26129.380859375,26129.7109375,0
2026-05-04 02:30:00,26129.4609375,26326.439453125,26123.150390625,26268.30078125,0
2026-05-04 03:30:00,26265.830078125,26270.599609375,26207.490234375,26216.390625,0
2026-05-04 04:30:00,26218.259765625,26221.970703125,26144.369140625,26168.8203125,0
2026-05-04 05:30:00,26168.099609375,26203.0703125,26154.580078125,26179.1796875,0
2026-05-04 06:30:00,26178.51953125,26184.349609375,26091.859375,26110.099609375,0
2026-05-04 07:30:00,26109.369140625,26121.990234375,26091.94921875,26095.880859375,0
2026-05-05 01:30:00,25945.75,25945.75,25690.359375,25877.9609375,0
2026-05-05 02:30:00,25879.91015625,25929.150390625,25786.48046875,25804.630859375,0
2026-05-05 03:30:00,25804.94921875,25816.439453125,25788.30078125,25793.109375,0
2026-05-05 04:30:00,25781.650390625,25781.650390625,25726.810546875,25736.130859375,0
2026-05-05 05:30:00,25736.01953125,25825.83984375,25732.890625,25806.150390625,0
2026-05-05 06:30:00,25805.939453125,25898.640625,25800.890625,25870.69921875,0
2026-05-05 07:30:00,25871.220703125,25929.970703125,25870.830078125,25898.609375,0
2026-05-06 01:30:00,26029.650390625,26147.509765625,25877.8203125,26070.19921875,0
2026-05-06 02:30:00,26068.439453125,26210.0,26017.509765625,26149.66015625,0
2026-05-06 03:30:00,26146.189453125,26154.509765625,26049.76953125,26104.419921875,0
2026-05-06 04:30:00,26114.0703125,26161.400390625,26114.0703125,26144.169921875,0
2026-05-06 05:30:00,26142.669921875,26179.080078125,26073.390625,26177.779296875,0
2026-05-06 06:30:00,26177.560546875,26187.01953125,26111.779296875,26138.759765625,0
2026-05-06 07:30:00,26143.6796875,26213.779296875,26131.2109375,26213.779296875,0
2026-05-07 01:30:00,26531.349609375,26642.369140625,26518.7890625,26555.26953125,0
2026-05-07 02:30:00,26555.099609375,26629.740234375,26528.6796875,26606.169921875,0
2026-05-07 03:30:00,26608.30078125,26638.529296875,26588.509765625,26623.939453125,0
2026-05-07 04:30:00,26624.759765625,26642.16015625,26567.5,26575.41015625,0
2026-05-07 05:30:00,26576.759765625,26585.529296875,26549.08984375,26568.869140625,0
2026-05-07 06:30:00,26623.939453125,26669.259765625,26603.990234375,26606.400390625,0
2026-05-07 07:30:00,26606.849609375,26630.8203125,26604.060546875,26626.279296875,0
2026-05-08 01:30:00,26359.7890625,26424.01953125,26293.5703125,26344.109375,0
2026-05-08 02:30:00,26343.7890625,26343.7890625,26274.80078125,26312.66015625,0
2026-05-08 03:30:00,26312.970703125,26337.099609375,26275.740234375,26335.939453125,0
2026-05-08 04:30:00,26353.830078125,26363.259765625,26305.740234375,26361.419921875,0
2026-05-08 05:30:00,26362.419921875,26373.5,26324.0703125,26354.400390625,0
2026-05-08 06:30:00,26358.01953125,26470.490234375,26353.669921875,26396.609375,0
2026-05-08 07:30:00,26395.259765625,26428.689453125,26392.150390625,26393.7109375,0
2026-05-11 01:30:00,26310.869140625,26354.419921875,26248.169921875,26266.7890625,0
2026-05-11 02:30:00,26268.029296875,26335.310546875,26219.259765625,26320.560546875,0
2026-05-11 03:30:00,26322.369140625,26353.380859375,26299.349609375,26318.369140625,0
2026-05-11 04:30:00,26338.4296875,26342.05078125,26286.9609375,26295.73046875,0
2026-05-11 05:30:00,26294.08984375,26427.140625,26294.08984375,26403.009765625,0
2026-05-11 06:30:00,26405.099609375,26422.73046875,26379.859375,26400.060546875,0
2026-05-11 07:30:00,26399.91015625,26411.259765625,26380.369140625,26406.83984375,0
2026-05-12 01:30:00,26497.029296875,26582.529296875,26435.279296875,26467.439453125,0
2026-05-12 02:30:00,26466.009765625,26592.369140625,26462.4609375,26483.970703125,0
2026-05-12 03:30:00,26486.0,26502.880859375,26462.359375,26486.630859375,0
2026-05-12 04:30:00,26483.369140625,26483.369140625,26422.55078125,26455.490234375,0
2026-05-12 05:30:00,26455.859375,26467.880859375,26365.509765625,26366.30078125,0
2026-05-12 06:30:00,26366.099609375,26381.98046875,26328.83984375,26380.830078125,0
2026-05-12 07:30:00,26381.30078125,26381.30078125,26347.91015625,26347.91015625,0
2026-05-13 01:30:00,26369.990234375,26387.220703125,26231.060546875,26253.7890625,0
2026-05-13 02:30:00,26254.16015625,26325.58984375,26220.119140625,26321.98046875,0
2026-05-13 03:30:00,26321.939453125,26427.740234375,26313.30078125,26416.98046875,0
2026-05-13 04:30:00,26420.419921875,26458.900390625,26360.80078125,26368.509765625,0
2026-05-13 05:30:00,26370.130859375,26398.19921875,26277.7109375,26311.630859375,0
2026-05-13 06:30:00,26309.640625,26374.560546875,26307.5703125,26359.4609375,0
2026-05-13 07:30:00,26359.390625,26388.439453125,26331.109375,26388.439453125,0
2026-05-14 01:30:00,26836.66015625,26844.80078125,26529.560546875,26553.529296875,0
2026-05-14 02:30:00,26555.970703125,26627.900390625,26418.630859375,26520.140625,0
2026-05-14 03:30:00,26520.599609375,26530.330078125,26465.26953125,26478.990234375,0
2026-05-14 04:30:00,26488.69921875,26524.73046875,26452.259765625,26507.279296875,0
2026-05-14 05:30:00,26508.98046875,26544.470703125,26408.259765625,26451.19921875,0
2026-05-14 06:30:00,26451.150390625,26454.150390625,26405.470703125,26415.900390625,0
2026-05-14 07:30:00,26415.810546875,26416.30078125,26366.859375,26389.0390625,0
2026-05-15 01:30:00,26391.01953125,26391.01953125,26111.8203125,26112.890625,0
2026-05-15 02:30:00,26112.580078125,26170.83984375,26059.41015625,26133.83984375,0
2026-05-15 03:30:00,26134.23046875,26160.640625,26115.310546875,26160.029296875,0
2026-05-15 04:30:00,26135.650390625,26135.650390625,26010.060546875,26022.580078125,0
2026-05-15 05:30:00,26022.7109375,26022.7109375,25847.150390625,25870.759765625,0
2026-05-15 06:30:00,25869.75,26001.779296875,25867.26953125,25992.44921875,0
2026-05-15 07:30:00,25993.439453125,25998.470703125,25939.310546875,25962.73046875,0
2026-05-18 01:30:00,25838.9609375,25838.9609375,25557.5,25615.970703125,0
2026-05-18 02:30:00,25615.869140625,25659.119140625,25505.7109375,25551.779296875,0
2026-05-18 03:30:00,25552.73046875,25620.220703125,25544.689453125,25612.630859375,0
2026-05-18 04:30:00,25612.349609375,25701.30078125,25612.349609375,25669.9296875,0
2026-05-18 05:30:00,25671.359375,25683.9296875,25545.44921875,25558.80078125,0
2026-05-18 06:30:00,25557.55078125,25652.830078125,25544.359375,25642.890625,0
2026-05-18 07:30:00,25640.990234375,25675.1796875,25619.44921875,25675.1796875,0
2026-05-19 01:30:00,25693.369140625,25845.4609375,25671.119140625,25776.400390625,0
2026-05-19 02:30:00,25775.98046875,25843.900390625,25696.0,25745.169921875,0
2026-05-19 03:30:00,25746.2890625,25781.26953125,25739.330078125,25774.109375,0
2026-05-19 04:30:00,25753.94921875,25779.060546875,25687.48046875,25723.2890625,0
2026-05-19 05:30:00,25719.83984375,25819.759765625,25682.580078125,25809.7890625,0
2026-05-19 06:30:00,25807.5390625,25843.8203125,25779.30078125,25812.779296875,0
2026-05-19 07:30:00,25815.390625,25815.390625,25774.259765625,25797.849609375,0
2026-05-20 01:30:00,25709.619140625,25713.529296875,25572.150390625,25649.759765625,0
2026-05-20 02:30:00,25650.009765625,25652.41015625,25555.060546875,25622.009765625,0
2026-05-20 03:30:00,25620.779296875,25690.029296875,25598.94921875,25655.439453125,0
2026-05-20 04:30:00,25641.109375,25685.01953125,25579.130859375,25579.130859375,0
2026-05-20 05:30:00,25584.91015625,25659.630859375,25584.91015625,25625.849609375,0
2026-05-20 06:30:00,25625.109375,25697.640625,25572.009765625,25671.66015625,0
2026-05-20 07:30:00,25670.650390625,25670.650390625,25626.640625,25651.119140625,0
2026-05-21 01:30:00,25833.240234375,25833.7109375,25686.94921875,25696.19921875,0
2026-05-21 02:30:00,25698.330078125,25698.330078125,25616.740234375,25665.51953125,0
2026-05-21 03:30:00,25666.3203125,25666.3203125,25623.94921875,25648.279296875,0
2026-05-21 04:30:00,25680.919921875,25694.75,25604.890625,25604.890625,0
2026-05-21 05:30:00,25607.669921875,25607.669921875,25456.609375,25466.919921875,0
2026-05-21 06:30:00,25468.109375,25475.7109375,25351.970703125,25392.23046875,0
2026-05-21 07:30:00,25391.48046875,25392.859375,25341.73046875,25386.51953125,0
2026-05-22 01:30:00,25641.80078125,25641.80078125,25489.740234375,25492.83984375,0
2026-05-22 02:30:00,25491.7109375,25658.23046875,25483.240234375,25654.240234375,0
2026-05-22 03:30:00,25655.58984375,25710.98046875,25647.470703125,25696.279296875,0
2026-05-22 04:30:00,25702.650390625,25732.359375,25676.4609375,25685.169921875,0
2026-05-22 05:30:00,25683.98046875,25713.080078125,25642.470703125,25664.4296875,0
2026-05-22 06:30:00,25665.630859375,25671.7890625,25571.55078125,25590.26953125,0
2026-05-22 07:30:00,25591.419921875,25623.869140625,25571.029296875,25606.029296875,0
2026-05-26 01:30:00,25622.359375,25694.669921875,25431.169921875,25683.380859375,0
2026-05-26 02:30:00,25683.380859375,25768.380859375,25617.5,25750.220703125,0
2026-05-26 03:30:00,25748.169921875,25750.890625,25713.650390625,25742.970703125,0
2026-05-26 04:30:00,25719.1796875,25730.619140625,25622.23046875,25632.279296875,0
2026-05-26 05:30:00,25634.900390625,25690.060546875,25580.7109375,25672.189453125,0
2026-05-26 06:30:00,25668.41015625,25718.5703125,25608.390625,25628.48046875,0
2026-05-26 07:30:00,25629.2890625,25630.2109375,25579.51953125,25599.44921875,0
2026-05-27 01:30:00,25608.779296875,25638.41015625,25447.23046875,25448.390625,0
2026-05-27 02:30:00,25447.94921875,25474.099609375,25369.66015625,25385.740234375,0
2026-05-27 03:30:00,25387.80078125,25411.890625,25373.669921875,25382.16015625,0
2026-05-27 04:30:00,25373.01953125,25399.80078125,25317.94921875,25359.009765625,0
2026-05-27 05:30:00,25361.1796875,25378.41015625,25281.30078125,25326.630859375,0
2026-05-27 06:30:00,25324.41015625,25355.259765625,25285.0,25304.669921875,0
2026-05-27 07:30:00,25305.4609375,25328.23046875,25258.029296875,25328.23046875,0
2026-05-28 01:30:00,25230.580078125,25230.580078125,24876.109375,24879.48046875,0
2026-05-28 02:30:00,24870.240234375,24894.259765625,24802.119140625,24850.26953125,0
2026-05-28 03:30:00,24842.119140625,24853.509765625,24737.01953125,24740.390625,0
2026-05-28 04:30:00,24749.060546875,24844.830078125,24727.259765625,24835.380859375,0
2026-05-28 05:30:00,24828.4609375,25003.25,24819.9609375,24980.779296875,0
2026-05-28 06:30:00,24976.439453125,25023.19921875,24965.150390625,24989.109375,0
2026-05-28 07:30:00,24990.05078125,25006.16015625,24947.44921875,25006.16015625,0
2026-05-29 01:30:00,25161.51953125,25209.330078125,25070.23046875,25082.01953125,0
2026-05-29 02:30:00,25083.599609375,25185.490234375,25055.80078125,25183.109375,0
2026-05-29 03:30:00,25184.76953125,25313.330078125,25184.76953125,25281.4296875,0
2026-05-29 04:30:00,25286.859375,25304.91015625,25198.23046875,25268.359375,0
2026-05-29 05:30:00,25268.80078125,25309.080078125,25184.830078125,25251.099609375,0
2026-05-29 06:30:00,25251.16015625,25266.650390625,25148.69921875,25163.869140625,0
2026-05-29 07:30:00,25159.7109375,25201.51953125,25134.740234375,25182.390625,0
2026-06-01 01:30:00,25180.05078125,25465.2109375,25174.30078125,25462.640625,0
2026-06-01 02:30:00,25465.7890625,25486.759765625,25288.69921875,25361.30078125,0
2026-06-01 03:30:00,25361.83984375,25419.44921875,25361.83984375,25402.80078125,0
2026-06-01 04:30:00,25411.73046875,25446.009765625,25367.9296875,25375.599609375,0
2026-06-01 05:30:00,25376.919921875,25417.990234375,25342.609375,25383.849609375,0
2026-06-01 06:30:00,25386.05078125,25453.169921875,25365.529296875,25426.759765625,0
2026-06-01 07:30:00,25426.580078125,25428.83984375,25352.3203125,25398.1796875,0
2026-06-02 01:30:00,25395.0703125,25799.44921875,25394.640625,25765.7109375,0
2026-06-02 02:30:00,25770.470703125,25812.490234375,25633.76953125,25656.41015625,0
2026-06-02 03:30:00,25653.2890625,25770.98046875,25630.4609375,25768.869140625,0
2026-06-02 04:30:00,25803.83984375,25870.919921875,25791.33984375,25865.259765625,0
2026-06-02 05:30:00,25864.5,25908.189453125,25824.669921875,25898.029296875,0
2026-06-02 06:30:00,25896.890625,25981.759765625,25893.880859375,25973.69921875,0
2026-06-02 07:30:00,25974.330078125,26045.0703125,25964.169921875,26038.3203125,0
2026-06-03 01:30:00,25953.009765625,25953.009765625,25683.060546875,25698.91015625,0
2026-06-03 02:30:00,25699.080078125,25708.419921875,25592.69921875,25603.740234375,0
2026-06-03 03:30:00,25604.19921875,25623.470703125,25572.91015625,25599.9609375,0
2026-06-03 04:30:00,25600.6796875,25663.330078125,25569.44921875,25601.55078125,0
2026-06-03 05:30:00,25603.900390625,25643.369140625,25582.8203125,25592.880859375,0
2026-06-03 06:30:00,25594.869140625,25643.130859375,25592.23046875,25614.7109375,0
2026-06-03 07:30:00,25614.279296875,25655.580078125,25596.849609375,25633.2109375,0
2026-06-04 01:30:00,25465.30078125,25499.08984375,25295.83984375,25322.630859375,0
2026-06-04 02:30:00,25322.4296875,25334.33984375,25259.439453125,25266.490234375,0
2026-06-04 03:30:00,25264.48046875,25277.8203125,25243.890625,25276.01953125,0
2026-06-04 04:30:00,25277.380859375,25304.5,25248.259765625,25257.919921875,0
2026-06-04 05:30:00,25259.849609375,25276.640625,25188.01953125,25202.669921875,0
2026-06-04 06:30:00,25204.400390625,25292.26953125,25196.51953125,25290.98046875,0
2026-06-04 07:30:00,25291.689453125,25311.380859375,25249.599609375,25253.400390625,0
2026-06-05 01:30:00,25186.119140625,25216.1796875,25095.130859375,25117.419921875,0
2026-06-05 02:30:00,25116.220703125,25134.1796875,25031.55078125,25044.9609375,0
2026-06-05 03:30:00,25046.509765625,25063.630859375,25026.529296875,25047.830078125,0
2026-06-05 04:30:00,25059.939453125,25064.310546875,24990.9609375,24995.689453125,0
2026-06-05 05:30:00,24997.369140625,25022.91015625,24928.140625,24942.919921875,0
2026-06-05 06:30:00,24944.01953125,25027.80078125,24941.509765625,24978.48046875,0
2026-06-05 07:30:00,24979.529296875,24994.08984375,24955.330078125,24961.94921875,0
2026-06-08 01:30:00,24582.91015625,24729.439453125,24458.5390625,24728.390625,0
2026-06-08 02:30:00,24726.970703125,24837.98046875,24647.689453125,24652.470703125,0
2026-06-08 03:30:00,24652.080078125,24693.529296875,24638.5703125,24668.58984375,0
2026-06-08 04:30:00,24645.69921875,24663.01953125,24597.939453125,24615.599609375,0
2026-06-08 05:30:00,24616.720703125,24619.0390625,24488.119140625,24607.640625,0
2026-06-08 06:30:00,24610.599609375,24653.390625,24539.73046875,24646.060546875,0
2026-06-08 07:30:00,24647.1796875,24657.060546875,24618.400390625,24657.060546875,0
2026-06-09 01:30:00,24551.9296875,24660.720703125,24486.390625,24640.859375,0
2026-06-09 02:30:00,24642.9609375,24666.73046875,24517.490234375,24578.400390625,0
2026-06-09 03:30:00,24576.5,24620.4609375,24575.630859375,24620.4296875,0
2026-06-09 04:30:00,24646.2109375,24692.830078125,24591.890625,24595.939453125,0
2026-06-09 05:30:00,24595.810546875,24740.650390625,24595.810546875,24724.05078125,0
2026-06-09 06:30:00,24723.9296875,24737.669921875,24628.01953125,24630.91015625,0
2026-06-09 07:30:00,24629.919921875,24635.83984375,24562.7890625,24565.900390625,0
2026-06-10 01:30:00,24442.51953125,24505.9609375,24325.80078125,24337.859375,0
2026-06-10 02:30:00,24337.80078125,24426.240234375,24238.380859375,24375.4296875,0
2026-06-10 03:30:00,24375.4609375,24375.970703125,24251.240234375,24292.94921875,0
2026-06-10 04:30:00,24249.990234375,24278.48046875,24207.029296875,24278.19921875,0
2026-06-10 05:30:00,24278.4609375,24392.740234375,24238.58984375,24370.869140625,0
2026-06-10 06:30:00,24370.3203125,24426.609375,24358.810546875,24397.880859375,0
2026-06-10 07:30:00,24397.900390625,24407.9609375,24355.080078125,24407.9609375,0
2026-06-11 01:30:00,24380.01953125,24492.7109375,24068.330078125,24068.76953125,0
2026-06-11 02:30:00,24071.689453125,24113.599609375,23999.669921875,24050.0390625,0
2026-06-11 03:30:00,24050.650390625,24194.650390625,24050.650390625,24136.169921875,0
2026-06-11 04:30:00,24210.900390625,24235.890625,24116.830078125,24149.609375,0
2026-06-11 05:30:00,24149.189453125,24217.630859375,24105.359375,24120.220703125,0
2026-06-11 06:30:00,24122.740234375,24261.41015625,24097.3203125,24251.080078125,0
2026-06-11 07:30:00,24247.900390625,24249.2890625,24200.140625,24249.2890625,0
2026-06-12 01:30:00,24501.5,24659.140625,24445.509765625,24571.66015625,0
2026-06-12 02:30:00,24575.419921875,24742.80078125,24569.189453125,24719.609375,0
2026-06-12 03:30:00,24720.3203125,24762.060546875,24695.830078125,24740.41015625,0
2026-06-12 04:30:00,24756.650390625,24771.609375,24690.0,24726.48046875,0
2026-06-12 05:30:00,24729.33984375,24729.33984375,24621.3203125,24648.69921875,0
2026-06-12 06:30:00,24645.669921875,24646.740234375,24577.900390625,24620.44921875,0
2026-06-12 07:30:00,24618.220703125,24718.099609375,24582.650390625,24718.099609375,0
2026-06-15 01:30:00,25001.419921875,25047.900390625,24846.55078125,24879.0703125,0
2026-06-15 02:30:00,24881.9609375,24903.630859375,24796.30078125,24862.529296875,0
2026-06-15 03:30:00,24864.689453125,24868.220703125,24810.140625,24829.619140625,0
2026-06-15 04:30:00,24848.5703125,24872.16015625,24803.939453125,24857.7109375,0
2026-06-15 05:30:00,24856.7890625,24880.419921875,24812.7890625,24835.1796875,0
2026-06-15 06:30:00,24835.580078125,24907.5390625,24809.419921875,24893.169921875,0
2026-06-15 07:30:00,24892.80078125,24892.80078125,24828.26953125,24842.669921875,0
2026-06-16 01:30:00,24826.189453125,24844.98046875,24497.529296875,24504.369140625,0
2026-06-16 02:30:00,24504.9609375,24541.560546875,24480.919921875,24490.30078125,0
2026-06-16 03:30:00,24490.810546875,24557.05078125,24490.30078125,24533.349609375,0
2026-06-16 04:30:00,24537.26953125,24559.119140625,24442.16015625,24455.9296875,0
2026-06-16 05:30:00,24456.80078125,24460.759765625,24406.66015625,24412.359375,0
2026-06-16 06:30:00,24411.400390625,24445.509765625,24378.689453125,24430.75,0
2026-06-16 07:30:00,24434.029296875,24493.94921875,24416.4609375,24493.94921875,0
2026-06-17 01:30:00,24495.849609375,24560.189453125,24405.5390625,24410.890625,0
2026-06-17 02:30:00,24408.1796875,24420.990234375,24267.150390625,24366.859375,0
2026-06-17 03:30:00,24369.349609375,24449.30078125,24368.7109375,24403.9609375,0
2026-06-17 04:30:00,24401.44921875,24436.169921875,24343.4609375,24344.330078125,0
2026-06-17 05:30:00,24344.26953125,24349.060546875,24254.0703125,24259.4296875,0
2026-06-17 06:30:00,24259.619140625,24326.509765625,24257.759765625,24319.73046875,0
2026-06-17 07:30:00,24324.5703125,24324.5703125,24272.650390625,24312.16015625,0
2026-06-18 01:30:00,24145.189453125,24163.25,23903.630859375,23927.41015625,0
2026-06-18 02:30:00,23927.9609375,23927.9609375,23823.890625,23854.939453125,0
2026-06-18 03:30:00,23855.599609375,23919.2109375,23840.060546875,23900.009765625,0
2026-06-18 04:30:00,23897.060546875,23902.01953125,23864.5,23878.23046875,0
2026-06-18 05:30:00,23881.5,23886.490234375,23784.869140625,23797.759765625,0
2026-06-18 06:30:00,23801.41015625,23843.990234375,23749.990234375,23800.25,0
2026-06-18 07:30:00,23798.359375,23924.810546875,23752.73046875,23924.810546875,0
2026-06-22 01:30:00,23811.759765625,23811.759765625,23444.859375,23507.73046875,0
2026-06-22 02:30:00,23504.98046875,23732.01953125,23502.1796875,23720.109375,0
2026-06-22 03:30:00,23719.359375,23742.76953125,23680.349609375,23690.859375,0
2026-06-22 04:30:00,23681.48046875,23827.41015625,23628.1796875,23820.5390625,0
2026-06-22 05:30:00,23818.51953125,23848.220703125,23698.349609375,23822.740234375,0
2026-06-22 06:30:00,23823.109375,23863.7109375,23780.380859375,23820.44921875,0
2026-06-22 07:30:00,23817.3203125,23817.3203125,23753.220703125,23768.51953125,0
2026-06-23 01:30:00,23800.01953125,23825.810546875,23608.099609375,23660.720703125,0
2026-06-23 02:30:00,23660.189453125,23710.33984375,23439.259765625,23465.73046875,0
2026-06-23 03:30:00,23465.630859375,23514.279296875,23437.41015625,23499.880859375,0
2026-06-23 04:30:00,23458.689453125,23469.689453125,23380.9609375,23400.279296875,0
2026-06-23 05:30:00,23401.0703125,23453.560546875,23255.3203125,23265.2890625,0
2026-06-23 06:30:00,23264.419921875,23375.470703125,23252.130859375,23366.189453125,0
2026-06-23 07:30:00,23368.099609375,23369.259765625,23303.33984375,23336.279296875,0
2026-06-24 01:30:00,23420.69921875,23521.51953125,23301.73046875,23304.619140625,0
2026-06-24 02:30:00,23303.19921875,23378.939453125,23248.869140625,23324.3203125,0
2026-06-24 03:30:00,23325.140625,23387.76953125,23314.439453125,23344.669921875,0
2026-06-24 04:30:00,23354.509765625,23475.26953125,23292.119140625,23431.7890625,0
2026-06-24 05:30:00,23432.0703125,23565.650390625,23404.900390625,23456.5,0
2026-06-24 06:30:00,23457.26953125,23476.83984375,23411.0390625,23436.609375,0
2026-06-24 07:30:00,23436.9296875,23464.029296875,23410.140625,23412.1796875,0
2026-06-25 01:30:00,23388.5,23388.5,23027.5,23035.439453125,0
2026-06-25 02:30:00,23033.880859375,23256.900390625,23004.75,23164.66015625,0
2026-06-25 03:30:00,23164.189453125,23164.369140625,23025.869140625,23090.26953125,0
2026-06-25 04:30:00,23116.69921875,23144.7890625,23011.650390625,23027.2890625,0
2026-06-25 05:30:00,23024.369140625,23057.41015625,22992.619140625,23024.75,0
2026-06-25 06:30:00,23023.919921875,23064.33984375,22978.58984375,23018.630859375,0
2026-06-25 07:30:00,23027.830078125,23090.08984375,23021.740234375,23076.91015625,0
2026-06-26 01:30:00,22952.08984375,22962.4609375,22635.349609375,22635.55078125,0
2026-06-26 02:30:00,22634.810546875,22644.119140625,22529.119140625,22556.98046875,0
2026-06-26 03:30:00,22555.349609375,22647.80078125,22518.0,22644.490234375,0
2026-06-26 04:30:00,22607.01953125,22737.109375,22562.240234375,22717.779296875,0
2026-06-26 05:30:00,22717.240234375,22728.369140625,22608.359375,22632.51953125,0
2026-06-26 06:30:00,22633.390625,22725.4609375,22619.890625,22686.359375,0
2026-06-26 07:30:00,22688.0703125,22713.970703125,22639.33984375,22671.859375,0
2026-06-29 01:30:00,22827.650390625,23072.109375,22783.640625,23071.169921875,0
2026-06-29 02:30:00,23080.73046875,23159.859375,22977.419921875,23156.599609375,0
2026-06-29 03:30:00,23166.009765625,23183.169921875,23131.2890625,23153.890625,0
2026-06-29 04:30:00,23146.259765625,23153.0703125,23057.66015625,23066.259765625,0
2026-06-29 05:30:00,23078.1796875,23140.7890625,23008.189453125,23097.150390625,0
2026-06-29 06:30:00,23104.30078125,23123.970703125,23050.810546875,23083.7109375,0
2026-06-29 07:30:00,23094.05078125,23094.05078125,22999.400390625,23026.6796875,0
2026-06-30 01:30:00,23007.869140625,23086.849609375,22687.0,22736.69921875,0
2026-06-30 02:30:00,22738.939453125,22855.919921875,22685.140625,22762.060546875,0
2026-06-30 03:30:00,22764.060546875,22765.25,22731.08984375,22752.9609375,0
2026-06-30 04:30:00,22764.58984375,22767.650390625,22694.26953125,22728.650390625,0
2026-06-30 05:30:00,22727.259765625,22883.2109375,22687.48046875,22809.390625,0
2026-06-30 06:30:00,22809.779296875,22897.73046875,22760.310546875,22868.470703125,0
2026-06-30 07:30:00,22868.849609375,22926.400390625,22859.6796875,22881.01953125,0
2026-07-02 01:30:00,23071.4296875,23335.919921875,22995.7109375,23169.0,0
2026-07-02 02:30:00,23169.390625,23197.220703125,22983.4609375,23053.94921875,0
2026-07-02 03:30:00,23055.33984375,23183.9609375,23035.41015625,23154.41015625,0
2026-07-02 04:30:00,23147.640625,23160.5703125,23030.3203125,23032.849609375,0
2026-07-02 05:30:00,23032.029296875,23065.75,23005.05078125,23034.759765625,0
2026-07-02 06:30:00,23034.58984375,23055.2109375,22953.69921875,22997.609375,0
2026-07-02 07:30:00,22995.759765625,23055.029296875,22960.2109375,23055.029296875,0
2026-07-03 01:30:00,23240.849609375,23516.69921875,23226.19921875,23356.720703125,0
2026-07-03 02:30:00,23355.98046875,23441.740234375,23291.01953125,23438.76953125,0
2026-07-03 03:30:00,23440.3203125,23456.130859375,23378.119140625,23416.779296875,0
2026-07-03 04:30:00,23423.7890625,23427.80078125,23269.939453125,23272.150390625,0
2026-07-03 05:30:00,23270.91015625,23405.91015625,23264.83984375,23400.23046875,0
2026-07-03 06:30:00,23400.119140625,23403.76953125,23332.220703125,23369.169921875,0
2026-07-03 07:30:00,23367.16015625,23370.4609375,23319.640625,23350.029296875,0
2026-07-06 01:30:00,23404.609375,23644.73046875,23229.380859375,23620.859375,0
2026-07-06 02:30:00,23621.919921875,23686.560546875,23485.310546875,23518.76953125,0
2026-07-06 03:30:00,23519.330078125,23568.98046875,23510.900390625,23542.970703125,0
2026-07-06 04:30:00,23574.919921875,23580.119140625,23508.990234375,23561.08984375,0
2026-07-06 05:30:00,23560.25,23570.7109375,23468.0,23543.94921875,0
2026-07-06 06:30:00,23542.7109375,23570.16015625,23467.470703125,23557.650390625,0
2026-07-06 07:30:00,23557.220703125,23616.3203125,23537.349609375,23616.3203125,0
2026-07-07 01:30:00,23568.490234375,23820.919921875,23568.490234375,23651.220703125,0
2026-07-07 02:30:00,23650.83984375,23650.83984375,23497.0390625,23497.869140625,0
2026-07-07 03:30:00,23496.849609375,23524.369140625,23485.55078125,23517.69921875,0
2026-07-07 04:30:00,23512.83984375,23521.0390625,23437.369140625,23519.4609375,0
2026-07-07 05:30:00,23516.970703125,23547.94921875,23398.26953125,23436.26953125,0
2026-07-07 06:30:00,23438.16015625,23488.55078125,23404.080078125,23468.759765625,0
2026-07-07 07:30:00,23464.140625,23496.890625,23436.7890625,23496.890625,0
2026-07-08 01:30:00,23541.220703125,23975.419921875,23541.220703125,23946.470703125,0
2026-07-08 02:30:00,23947.58984375,24046.529296875,23828.33984375,24039.830078125,0
2026-07-08 03:30:00,24041.51953125,24115.310546875,24041.51953125,24057.240234375,0
2026-07-08 04:30:00,24016.509765625,24196.369140625,24002.48046875,24160.599609375,0
2026-07-08 05:30:00,24161.310546875,24310.919921875,24118.970703125,24300.119140625,0
2026-07-08 06:30:00,24296.990234375,24310.41015625,24065.369140625,24169.66015625,0
2026-07-08 07:30:00,24169.150390625,24219.76953125,24163.25,24199.4609375,0
2026-07-09 01:30:00,24181.33984375,24353.759765625,24067.69921875,24262.099609375,0
2026-07-09 02:30:00,24261.9609375,24263.69921875,24020.8203125,24021.9296875,0
2026-07-09 03:30:00,24020.900390625,24046.2890625,23988.76953125,24011.029296875,0
2026-07-09 04:30:00,24006.720703125,24084.19921875,23937.380859375,23960.01953125,0
2026-07-09 05:30:00,23959.609375,24038.609375,23917.3203125,24016.859375,0
2026-07-09 06:30:00,24017.720703125,24076.580078125,24008.16015625,24043.970703125,0
2026-07-09 07:30:00,24045.359375,24050.650390625,24003.48046875,24030.1796875,0
2026-07-10 01:30:00,24213.439453125,24401.810546875,24064.619140625,24345.419921875,0
2026-07-10 02:30:00,24345.759765625,24499.630859375,24341.5390625,24492.189453125,0
2026-07-10 03:30:00,24491.490234375,24491.51953125,24444.119140625,24476.689453125,0
2026-07-10 04:30:00,24470.580078125,24470.580078125,24352.30078125,24358.76953125,0
2026-07-10 05:30:00,24358.060546875,24360.330078125,24286.69921875,24295.380859375,0
2026-07-10 06:30:00,24295.939453125,24319.58984375,24189.05078125,24204.470703125,0
2026-07-10 07:30:00,24201.08984375,24201.08984375,24120.05078125,24175.119140625,0
2026-07-13 01:30:00,24157.650390625,24449.76953125,24137.5390625,24328.890625,0
2026-07-13 02:30:00,24330.220703125,24353.91015625,24095.73046875,24141.5,0
2026-07-13 03:30:00,24141.33984375,24159.26953125,24118.220703125,24148.529296875,0
2026-07-13 04:30:00,24122.01953125,24244.599609375,24114.41015625,24122.609375,0
2026-07-13 05:30:00,24120.470703125,24265.900390625,24110.150390625,24136.30078125,0
2026-07-13 06:30:00,24133.150390625,24228.4609375,24132.580078125,24207.689453125,0
2026-07-13 07:30:00,24209.26953125,24213.720703125,24171.369140625,24213.720703125,0
2026-07-14 01:30:00,24181.51953125,24247.5,23902.05078125,24202.849609375,0
2026-07-14 02:30:00,24204.740234375,24229.76953125,23997.3203125,24051.26953125,0
2026-07-14 03:30:00,24048.259765625,24102.240234375,23993.759765625,24099.890625,0
2026-07-14 04:30:00,24163.720703125,24305.2890625,24163.720703125,24266.369140625,0
2026-07-14 05:30:00,24268.0,24425.0703125,24268.0,24423.439453125,0
2026-07-14 06:30:00,24422.75,24436.580078125,24347.869140625,24358.30078125,0
2026-07-14 07:30:00,24358.529296875,24371.279296875,24334.509765625,24340.73046875,0
2026-07-15 01:30:00,24551.33984375,24698.3203125,24449.529296875,24527.189453125,0
2026-07-15 02:30:00,24526.189453125,24774.83984375,24526.189453125,24693.98046875,0
2026-07-15 03:30:00,24698.560546875,24733.73046875,24683.529296875,24695.619140625,0
2026-07-15 04:30:00,24707.51953125,24721.080078125,24628.009765625,24667.0,0
2026-07-15 05:30:00,24666.970703125,24759.029296875,24666.970703125,24723.48046875,0
2026-07-15 06:30:00,24728.2109375,24731.890625,24651.6796875,24657.609375,0
2026-07-15 07:30:00,24659.19921875,24684.23046875,24641.33984375,24681.099609375,0
2026-07-16 01:30:00,24825.01953125,25128.3203125,24825.01953125,25068.609375,0
2026-07-16 02:30:00,25070.98046875,25188.69921875,25069.9609375,25150.0703125,0
2026-07-16 03:30:00,25150.849609375,25174.580078125,25094.419921875,25157.560546875,0
2026-07-16 04:30:00,25149.9296875,25213.8203125,25106.66015625,25205.890625,0
2026-07-16 05:30:00,25210.310546875,25221.439453125,24999.2109375,24999.970703125,0
2026-07-16 06:30:00,24998.380859375,25057.810546875,24919.48046875,25039.2109375,0
2026-07-16 07:30:00,25038.380859375,25038.9296875,24991.720703125,25008.599609375,0
2026-07-17 01:30:00,25022.5390625,25166.560546875,24652.490234375,24652.490234375,0
2026-07-17 02:30:00,24651.3203125,24680.41015625,24514.349609375,24519.009765625,0
2026-07-17 03:30:00,24519.01953125,24545.810546875,24504.419921875,24514.2890625,0
2026-07-17 04:30:00,24494.5,24494.5,24371.509765625,24378.58984375,0
2026-07-17 05:30:00,24378.4609375,24565.759765625,24332.509765625,24543.369140625,0
2026-07-17 06:30:00,24542.009765625,24586.900390625,24457.91015625,24474.609375,0
2026-07-17 07:30:00,24475.9296875,24562.240234375,24472.470703125,24562.240234375,0
2026-07-20 01:30:00,24835.029296875,25155.55078125,24756.359375,24990.390625,0
2026-07-20 02:30:00,24986.330078125,25125.330078125,24977.94921875,25090.150390625,0
2026-07-20 03:30:00,25085.01953125,25112.099609375,25041.650390625,25072.76953125,0
2026-07-20 04:30:00,25096.16015625,25126.060546875,25051.669921875,25069.7109375,0
2026-07-20 05:30:00,25068.7890625,25084.130859375,24948.939453125,25010.919921875,0
2026-07-20 06:30:00,25006.83984375,25095.359375,24975.5390625,25086.220703125,0
2026-07-20 07:30:00,25084.529296875,25143.05078125,25078.2890625,25143.05078125,0
2026-07-21 01:30:00,25150.5390625,25253.650390625,25049.869140625,25174.609375,0
2026-07-21 02:30:00,25172.94921875,25183.98046875,24991.390625,25084.41015625,0
2026-07-21 03:30:00,25087.48046875,25176.509765625,25082.1796875,25150.75,0
2026-07-21 04:30:00,25157.7109375,25157.7109375,25073.75,25122.720703125,0
2026-07-21 05:30:00,25123.029296875,25202.990234375,25112.130859375,25165.3203125,0
2026-07-21 06:30:00,25163.33984375,25213.689453125,25145.73046875,25160.2890625,0
2026-07-21 07:30:00,25163.029296875,25163.029296875,25111.330078125,25132.2890625,0
2026-07-22 01:30:00,24978.900390625,25040.26953125,24836.80078125,24957.759765625,0
2026-07-22 02:30:00,24960.240234375,24988.439453125,24882.73046875,24944.2890625,0
2026-07-22 03:30:00,24945.490234375,24951.330078125,24911.5,24923.76953125,0
2026-07-22 04:30:00,24915.470703125,24924.990234375,24852.009765625,24852.009765625,0
2026-07-22 05:30:00,24851.91015625,24871.41015625,24814.130859375,24817.2109375,0
2026-07-22 06:30:00,24816.1796875,24897.76953125,24802.060546875,24896.560546875,0
2026-07-22 07:30:00,24898.619140625,24908.3203125,24840.69921875,24892.66015625,0
2026-07-23 01:30:00,24966.529296875,25139.029296875,24876.830078125,25108.0390625,0
2026-07-23 02:30:00,25113.650390625,25227.5703125,25112.919921875,25205.990234375,0
2026-07-23 03:30:00,25205.41015625,25255.0703125,25205.109375,25227.060546875,0
2026-07-23 04:30:00,25216.58984375,25267.390625,25198.5,25204.490234375,0
2026-07-23 05:30:00,25205.55078125,25220.380859375,25177.609375,25215.439453125,0
2026-07-23 06:30:00,25218.080078125,25226.650390625,25119.16015625,25147.0703125,0
2026-07-23 07:30:00,25146.4609375,25210.810546875,25126.060546875,25210.810546875,0
2026-07-24 01:30:00,24932.5,25031.33984375,24858.720703125,24945.9296875,0
2026-07-24 02:30:00,24946.060546875,24955.609375,24841.4609375,24877.609375,0
2026-07-24 03:30:00,24876.0390625,24907.51953125,24871.08984375,24891.83984375,0
2026-07-24 04:30:00,24896.650390625,24929.91015625,24896.029296875,24915.759765625,0
2026-07-24 05:30:00,24911.30078125,24923.7890625,24812.5,24884.7890625,0
2026-07-24 06:30:00,24884.609375,24942.80078125,24812.689453125,24941.220703125,0
2026-07-24 07:30:00,24943.0,24963.23046875,24912.880859375,24963.23046875,0
2026-07-27 01:30:00,24993.76953125,25206.259765625,24938.33984375,25124.7890625,0
2026-07-27 02:30:00,25121.830078125,25190.33984375,25106.650390625,25164.890625,0
2026-07-27 03:30:00,25165.0703125,25191.970703125,25138.470703125,25166.580078125,0
2026-07-27 04:30:00,25169.099609375,25185.630859375,25141.48046875,25144.44921875,0
2026-07-27 05:30:00,25146.19921875,25237.23046875,25126.759765625,25221.529296875,0
2026-07-27 06:30:00,25220.029296875,25276.9609375,25216.009765625,25240.91015625,0
2026-07-27 07:30:00,25240.689453125,25241.009765625,25201.109375,25207.1796875,0
2026-07-28 01:30:00,25271.94921875,25440.6796875,25231.509765625,25277.7109375,0
2026-07-28 02:30:00,25275.76953125,25298.380859375,25069.849609375,25215.91015625,0
2026-07-28 03:30:00,25215.009765625,25232.98046875,25164.529296875,25178.2109375,0
2026-07-28 04:30:00,25162.369140625,25224.630859375,25144.439453125,25157.91015625,0
2026-07-28 05:30:00,25158.060546875,25203.490234375,25117.33984375,25203.189453125,0
2026-07-28 06:30:00,25205.25,25319.130859375,25150.7109375,25308.939453125,0
2026-07-28 07:30:00,25308.009765625,25326.509765625,25286.51953125,25310.849609375,0
2026-07-29 01:30:00,25487.16015625,25737.66015625,25487.16015625,25665.490234375,0
2026-07-29 02:30:00,25666.150390625,25744.990234375,25656.099609375,25682.169921875,0
2026-07-29 03:30:00,25680.740234375,25681.05078125,25614.619140625,25657.66015625,0
2026-07-29 04:30:00,25652.2890625,25699.509765625,25601.119140625,25627.25,0
2026-07-29 05:30:00,25628.509765625,25725.220703125,25608.05078125,25717.060546875,0
2026-07-29 06:30:00,25718.390625,25770.279296875,25714.98046875,25758.259765625,0
2026-07-29 07:30:00,25756.08984375,25808.9296875,25738.140625,25807.919921875,0
2026-07-30 01:30:00,25875.830078125,25971.630859375,25695.01953125,25838.390625,0
2026-07-30 02:30:00,25853.390625,25853.390625,25697.279296875,25732.80078125,0
2026-07-30 03:30:00,25749.9296875,25827.0390625,25723.69921875,25798.9296875,0
2026-07-30 04:30:00,25757.2890625,25757.7109375,25657.330078125,25739.189453125,0
2026-07-30 05:30:00,25752.3203125,25892.9296875,25737.16015625,25886.58984375,0
2026-07-30 06:30:00,25898.630859375,25898.7109375,25801.919921875,25809.849609375,0
2026-07-30 07:30:00,25826.279296875,25868.73046875,25794.4296875,25858.880859375,0
2026-07-31 01:30:00,25837.720703125,25837.720703125,25622.919921875,25756.630859375,0
2026-07-31 02:30:00,25762.080078125,25917.19921875,25738.7890625,25785.859375,0
2026-07-31 03:30:00,25787.380859375,25842.380859375,25761.69921875,25830.580078125,0
2026-07-31 04:30:00,25843.140625,25871.869140625,25765.380859375,25805.060546875,0
2026-07-31 05:30:00,25804.939453125,25821.859375,25777.919921875,25797.119140625,0
2026-07-31 06:30:00,25796.580078125,25872.9296875,25782.609375,25857.23046875,0
2026-07-31 07:30:00,25856.439453125,25890.970703125,25834.25,25884.4296875,0
2026-08-03 01:30:00,25987.310546875,26133.880859375,25811.740234375,25836.83984375,0
2026-08-03 02:30:00,25839.2109375,25979.609375,25833.439453125,25931.470703125,0
2026-08-03 03:30:00,25932.23046875,25933.91015625,25888.890625,25895.439453125,0
2026-08-03 04:30:00,25904.0390625,25957.91015625,25855.640625,25906.08984375,0
2026-08-03 05:30:00,25906.580078125,25970.029296875,25852.73046875,25946.8203125,0
2026-08-03 06:30:00,25944.400390625,25994.609375,25920.33984375,25991.75,0
2026-08-03 07:30:00,25990.609375,26009.400390625,25957.6796875,26009.400390625,0
2026-08-04 01:30:00,26090.98046875,26187.5703125,25802.009765625,25866.76953125,0
2026-08-04 02:30:00,25869.73046875,25942.26953125,25840.099609375,25923.6796875,0
2026-08-04 03:30:00,25921.2109375,25942.48046875,25875.529296875,25882.4296875,0
2026-08-04 04:30:00,25874.689453125,25874.689453125,25802.33984375,25831.4609375,0
2026-08-04 05:30:00,25829.66015625,25840.130859375,25768.0390625,25823.970703125,0
2026-08-04 06:30:00,25822.25,25884.119140625,25792.849609375,25848.619140625,0
2026-08-04 07:30:00,25848.44921875,25858.259765625,25792.98046875,25852.919921875,0
2026-08-05 01:30:00,25890.990234375,25968.259765625,25729.859375,25913.359375,0
2026-08-05 02:30:00,25914.759765625,25931.109375,25826.720703125,25857.919921875,0
2026-08-05 03:30:00,25857.580078125,25918.390625,25850.650390625,25881.19921875,0
2026-08-05 04:30:00,25859.119140625,25885.029296875,25801.5390625,25866.419921875,0
2026-08-05 05:30:00,25864.849609375,25941.609375,25849.0,25941.609375,0
2026-08-05 06:30:00,25940.73046875,25973.939453125,25905.58984375,25922.419921875,0
2026-08-05 07:30:00,25923.109375,25923.369140625,25877.490234375,25915.8203125,0
2026-08-06 01:30:00,25667.140625,25667.140625,25389.419921875,25452.490234375,0
2026-08-06 02:30:00,25456.140625,25495.51953125,25403.240234375,25404.140625,0
2026-08-06 03:30:00,25403.470703125,25481.150390625,25403.4609375,25463.509765625,0
2026-08-06 04:30:00,25452.560546875,25480.76953125,25420.44921875,25429.119140625,0
2026-08-06 05:30:00,25431.80078125,25493.400390625,25418.33984375,25437.58984375,0
2026-08-06 06:30:00,25438.009765625,25514.9609375,25419.0390625,25511.66015625,0
2026-08-06 07:30:00,25514.419921875,25530.279296875,25469.560546875,25530.279296875,0
2026-08-07 01:30:00,25526.650390625,25549.080078125,25393.130859375,25457.759765625,0
2026-08-07 02:30:00,25456.369140625,25565.01953125,25453.419921875,25542.890625,0
2026-08-07 03:30:00,25544.8203125,25569.599609375,25528.259765625,25567.849609375,0
2026-08-07 04:30:00,25564.94921875,25586.48046875,25519.390625,25566.359375,0
2026-08-07 05:30:00,25565.390625,25630.73046875,25540.01953125,25611.919921875,0
2026-08-07 06:30:00,25612.439453125,25649.970703125,25597.390625,25638.390625,0
2026-08-07 07:30:00,25640.5,25669.51953125,25621.029296875,25668.029296875,0
2026-08-10 01:30:00,25805.1796875,25899.810546875,25720.4609375,25809.830078125,0
2026-08-10 02:30:00,25809.490234375,25898.419921875,25780.3203125,25799.7109375,0
2026-08-10 03:30:00,25800.4296875,25854.19921875,25778.8203125,25853.689453125,0
2026-08-10 04:30:00,25848.560546875,25848.560546875,25793.1796875,25793.1796875,0
2026-08-10 05:30:00,25794.0,25889.240234375,25793.220703125,25874.94921875,0
2026-08-10 06:30:00,25876.859375,25956.009765625,25848.9296875,25930.560546875,0
2026-08-10 07:30:00,25931.640625,25957.75,25923.48046875,25937.490234375,0
2026-08-11 01:30:00,25998.58984375,26060.3203125,25858.9609375,25862.5,0
2026-08-11 02:30:00,25861.05078125,25880.08984375,25789.4609375,25810.58984375,0
2026-08-11 03:30:00,25809.4296875,25811.150390625,25760.0,25773.560546875,0
2026-08-11 04:30:00,25779.859375,25796.55078125,25746.380859375,25746.669921875,0
2026-08-11 05:30:00,25748.390625,25760.05078125,25683.640625,25684.470703125,0
2026-08-11 06:30:00,25684.390625,25701.25,25647.66015625,25677.640625,0
2026-08-11 07:30:00,25676.419921875,25695.16015625,25652.8203125,25652.8203125,0
2026-08-12 01:30:00,25498.390625,25498.390625,25331.240234375,25368.279296875,0
2026-08-12 02:30:00,25368.009765625,25397.720703125,25323.330078125,25361.41015625,0
2026-08-12 03:30:00,25360.080078125,25369.779296875,25335.759765625,25352.130859375,0
2026-08-12 04:30:00,25346.240234375,25357.279296875,25327.150390625,25350.51953125,0
2026-08-12 05:30:00,25350.44921875,25420.310546875,25339.0703125,25396.08984375,0
2026-08-12 06:30:00,25393.880859375,25427.390625,25377.01953125,25410.98046875,0
2026-08-12 07:30:00,25411.240234375,25440.169921875,25385.19921875,25440.169921875,0
2026-08-13 01:30:00,25288.0703125,25456.7109375,25288.0703125,25375.2890625,0
2026-08-13 02:30:00,25375.5703125,25470.869140625,25373.310546875,25438.98046875,0
2026-08-13 03:30:00,25438.099609375,25470.830078125,25433.830078125,25457.330078125,0
2026-08-13 04:30:00,25469.330078125,25519.390625,25451.80078125,25492.060546875,0
2026-08-13 05:30:00,25490.810546875,25505.650390625,25382.98046875,25383.369140625,0
2026-08-13 06:30:00,25382.919921875,25389.109375,25333.5,25374.580078125,0
2026-08-13 07:30:00,25373.119140625,25396.509765625,25358.94921875,25396.509765625,0
2026-08-14 01:30:00,25219.150390625,25311.859375,25152.4296875,25157.83984375,0
2026-08-14 02:30:00,25159.119140625,25257.69921875,25149.810546875,25175.44921875,0
2026-08-14 03:30:00,25175.279296875,25179.05078125,25157.23046875,25160.25,0
2026-08-14 04:30:00,25175.55078125,25175.55078125,25116.55078125,25167.8203125,0
2026-08-14 05:30:00,25169.30078125,25196.16015625,25128.7890625,25155.2890625,0
2026-08-14 06:30:00,25156.890625,25171.7890625,25106.08984375,25106.08984375,0
2026-08-14 07:30:00,25106.380859375,25131.1796875,25089.140625,25116.849609375,0
2026-08-17 01:30:00,25303.41015625,25527.630859375,25303.41015625,25509.189453125,0
2026-08-17 02:30:00,25508.4609375,25535.029296875,25486.380859375,25491.130859375,0
2026-08-17 03:30:00,25490.80078125,25544.109375,25486.16015625,25521.990234375,0
2026-08-17 04:30:00,25508.01953125,25555.73046875,25493.75,25540.01953125,0
2026-08-17 05:30:00,25540.25,25578.26953125,25522.990234375,25531.2109375,0
2026-08-17 06:30:00,25528.9296875,25561.58984375,25498.419921875,25518.2890625,0
2026-08-17 07:30:00,25517.880859375,25517.880859375,25453.23046875,25453.23046875,0
2026-08-18 01:30:00,25368.869140625,25456.650390625,25240.619140625,25264.609375,0
2026-08-18 02:30:00,25264.240234375,25336.890625,25254.76953125,25286.029296875,0
2026-08-18 03:30:00,25288.609375,25302.259765625,25270.0390625,25287.25,0
2026-08-18 04:30:00,25278.310546875,25337.41015625,25249.990234375,25336.4296875,0
2026-08-18 05:30:00,25334.060546875,25479.8203125,25331.2109375,25468.5703125,0
2026-08-18 06:30:00,25468.9296875,25517.240234375,25441.76953125,25478.51953125,0
2026-08-18 07:30:00,25478.259765625,25518.029296875,25471.150390625,25471.150390625,0
2026-08-19 01:30:00,25346.900390625,25514.58984375,25315.3203125,25509.619140625,0
2026-08-19 02:30:00,25509.779296875,25530.73046875,25447.380859375,25494.279296875,0
2026-08-19 03:30:00,25494.73046875,25534.109375,25479.970703125,25533.380859375,0
2026-08-19 04:30:00,25534.419921875,25537.189453125,25398.609375,25501.2890625,0
2026-08-19 05:30:00,25501.75,25506.029296875,25431.48046875,25490.759765625,0
2026-08-19 06:30:00,25495.3203125,25515.560546875,25450.25,25475.0,0
2026-08-19 07:30:00,25472.419921875,25502.69921875,25472.419921875,25495.0703125,0
2026-08-20 01:30:00,25779.080078125,25807.0,25647.5,25651.0,0
2026-08-20 02:30:00,25648.740234375,25718.5390625,25632.390625,25709.619140625,0
2026-08-20 03:30:00,25708.58984375,25792.259765625,25708.58984375,25786.3203125,0
2026-08-20 04:30:00,25778.759765625,25842.91015625,25763.330078125,25837.640625,0
2026-08-20 05:30:00,25836.560546875,25841.30078125,25774.900390625,25806.2109375,0
2026-08-20 06:30:00,25807.599609375,25840.33984375,25745.310546875,25753.919921875,0
2026-08-20 07:30:00,25751.83984375,25769.369140625,25698.490234375,25698.490234375,0
2026-08-21 01:30:00,25807.609375,25910.279296875,25807.609375,25876.580078125,0
2026-08-21 02:30:00,25879.0,25911.599609375,25822.380859375,25867.720703125,0
2026-08-21 03:30:00,25866.689453125,25903.310546875,25858.76953125,25883.240234375,0
2026-08-21 04:30:00,25882.7109375,25897.970703125,25837.330078125,25895.9296875,0
2026-08-21 05:30:00,25895.2890625,25962.580078125,25883.220703125,25962.1796875,0
2026-08-21 06:30:00,25961.23046875,25979.7109375,25943.58984375,25951.33984375,0
2026-08-21 07:30:00,25954.0703125,26009.4609375,25944.41015625,26009.4609375,0
2026-08-24 01:30:00,25780.119140625,25780.119140625,25430.939453125,25526.880859375,0
2026-08-24 02:30:00,25525.490234375,25525.490234375,25443.80078125,25458.669921875,0
2026-08-24 03:30:00,25458.3203125,25479.900390625,25445.400390625,25465.23046875,0
2026-08-24 04:30:00,25459.830078125,25504.08984375,25456.48046875,25498.599609375,0
2026-08-24 05:30:00,25494.630859375,25520.359375,25459.73046875,25503.900390625,0
2026-08-24 06:30:00,25501.7890625,25565.26953125,25501.7890625,25503.98046875,0
2026-08-24 07:30:00,25502.66015625,25517.330078125,25480.390625,25517.330078125,0
2026-08-25 01:30:00,25634.220703125,25676.76953125,25403.439453125,25466.94921875,0
2026-08-25 02:30:00,25467.849609375,25493.0703125,25425.609375,25429.740234375,0
2026-08-25 03:30:00,25430.76953125,25458.58984375,25417.990234375,25453.189453125,0
2026-08-25 04:30:00,25452.669921875,25488.26953125,25419.470703125,25483.19921875,0
2026-08-25 05:30:00,25484.23046875,25529.130859375,25457.060546875,25527.189453125,0
2026-08-25 06:30:00,25525.41015625,25539.439453125,25495.4296875,25514.16015625,0
2026-08-25 07:30:00,25513.26953125,25528.240234375,25485.669921875,25511.099609375,0
2026-08-26 01:30:00,25635.240234375,25800.220703125,25615.939453125,25741.689453125,0
2026-08-26 02:30:00,25745.009765625,25773.859375,25685.73046875,25687.30078125,0
2026-08-26 03:30:00,25690.0,25697.41015625,25668.01953125,25685.400390625,0
2026-08-26 04:30:00,25683.720703125,25688.1796875,25642.669921875,25674.810546875,0
2026-08-26 05:30:00,25674.439453125,25734.6796875,25673.8203125,25716.259765625,0
2026-08-26 06:30:00,25716.2890625,25729.7890625,25661.490234375,25667.990234375,0
2026-08-26 07:30:00,25668.359375,25681.490234375,25633.2890625,25652.970703125,0
2026-08-27 01:30:00,25774.869140625,25792.009765625,25542.130859375,25552.630859375,0
2026-08-27 02:30:00,25549.5,25568.6796875,25500.9609375,25529.859375,0
2026-08-27 03:30:00,25530.880859375,25549.80078125,25525.580078125,25544.9296875,0
2026-08-27 04:30:00,25536.779296875,25581.26953125,25502.080078125,25569.630859375,0
2026-08-27 05:30:00,25571.08984375,25602.80078125,25545.759765625,25556.48046875,0
2026-08-27 06:30:00,25558.25,25596.94921875,25536.26953125,25554.099609375,0
2026-08-27 07:30:00,25552.759765625,25565.740234375,25537.0,25565.740234375,0
2026-08-28 01:30:00,25410.4609375,25625.16015625,25410.4609375,25595.599609375,0
2026-08-28 02:30:00,25609.740234375,25693.2890625,25575.689453125,25673.9296875,0
2026-08-28 03:30:00,25685.880859375,25699.08984375,25664.4609375,25684.890625,0
2026-08-28 04:30:00,25666.970703125,25680.609375,25631.80078125,25654.279296875,0
2026-08-28 05:30:00,25664.529296875,25674.05078125,25598.599609375,25648.169921875,0
2026-08-28 06:30:00,25656.80078125,25656.80078125,25575.970703125,25582.4609375,0
2026-08-28 07:30:00,25592.73046875,25592.73046875,25563.66015625,25584.7890625,0
2026-08-31 01:30:00,25420.630859375,25494.0390625,25290.689453125,25351.6796875,0
2026-08-31 02:30:00,25350.98046875,25423.169921875,25349.060546875,25422.33984375,0
2026-08-31 03:30:00,25421.0,25433.330078125,25401.349609375,25402.359375,0
2026-08-31 04:30:00,25399.23046875,25491.400390625,25396.640625,25486.599609375,0
2026-08-31 05:30:00,25486.7109375,25501.5,25441.439453125,25485.259765625,0
2026-08-31 06:30:00,25483.779296875,25544.48046875,25479.779296875,25524.029296875,0
2026-08-31 07:30:00,25518.8203125,25566.990234375,25509.0390625,25566.990234375,0
2026-09-01 01:30:00,25415.720703125,25478.98046875,25258.580078125,25271.029296875,0
2026-09-01 02:30:00,25270.150390625,25336.650390625,25240.19921875,25280.009765625,0
2026-09-01 03:30:00,25281.439453125,25328.720703125,25276.5703125,25310.880859375,0
2026-09-01 04:30:00,25298.419921875,25341.0,25267.560546875,25290.189453125,0
2026-09-01 05:30:00,25291.830078125,25355.2109375,25275.91015625,25350.669921875,0
2026-09-01 06:30:00,25348.560546875,25399.369140625,25332.30078125,25378.029296875,0
2026-09-01 07:30:00,25374.5,25379.33984375,25323.75,25329.73046875,0
2026-09-02 01:30:00,25280.8203125,25305.130859375,25028.0390625,25039.640625,0
2026-09-02 02:30:00,25041.6796875,25073.75,25008.869140625,25065.58984375,0
2026-09-02 03:30:00,25066.349609375,25087.5703125,25060.9296875,25087.220703125,0
2026-09-02 04:30:00,25086.4296875,25173.560546875,25074.08984375,25160.810546875,0
2026-09-02 05:30:00,25160.109375,25267.349609375,25160.109375,25263.740234375,0
2026-09-02 06:30:00,25263.640625,25282.7890625,25210.580078125,25280.9296875,0
2026-09-02 07:30:00,25279.7109375,25311.2109375,25257.529296875,25311.2109375,0
2026-09-03 01:30:00,25482.560546875,25538.150390625,25429.25,25433.5703125,0
2026-09-03 02:30:00,25434.0,25434.0,25327.080078125,25342.669921875,0
2026-09-03 03:30:00,25342.029296875,25344.119140625,25294.26953125,25317.490234375,0
2026-09-03 04:30:00,25316.6796875,25316.6796875,25181.380859375,25197.169921875,0
2026-09-03 05:30:00,25196.810546875,25273.2109375,25191.0,25264.76953125,0
2026-09-03 06:30:00,25265.5703125,25278.19921875,25165.669921875,25186.01953125,0
2026-09-03 07:30:00,25187.849609375,25213.310546875,25160.380859375,25213.310546875,0
2026-09-04 01:30:00,25515.740234375,25786.640625,25515.740234375,25724.130859375,0
2026-09-04 02:30:00,25722.609375,25791.380859375,25721.91015625,25753.5703125,0
2026-09-04 03:30:00,25754.009765625,25773.169921875,25724.609375,25737.599609375,0
2026-09-04 04:30:00,25730.099609375,25750.4609375,25685.220703125,25690.189453125,0
2026-09-04 05:30:00,25690.7109375,25741.759765625,25650.080078125,25698.880859375,0
2026-09-04 06:30:00,25698.169921875,25699.849609375,25632.119140625,25669.25,0
2026-09-04 07:30:00,25668.58984375,25685.140625,25650.869140625,25650.869140625,0
2026-09-07 01:30:00,25652.970703125,25664.98046875,25412.060546875,25420.69921875,0
2026-09-07 02:30:00,25417.25,25425.01953125,25362.98046875,25385.69921875,0
2026-09-07 03:30:00,25386.529296875,25409.599609375,25372.439453125,25402.73046875,0
2026-09-07 04:30:00,25407.140625,25411.349609375,25378.2890625,25406.19921875,0
2026-09-07 05:30:00,25404.869140625,25435.939453125,25382.400390625,25432.33984375,0
2026-09-07 06:30:00,25432.419921875,25469.619140625,25416.240234375,25419.830078125,0
2026-09-07 07:30:00,25417.689453125,25421.7890625,25394.490234375,25413.119140625,0
2026-09-08 01:30:00,25252.0703125,25349.099609375,25225.689453125,25275.630859375,0
2026-09-08 02:30:00,25276.189453125,25319.69921875,25267.4296875,25303.41015625,0
2026-09-08 03:30:00,25307.9296875,25354.25,25303.4609375,25345.5703125,0
2026-09-08 04:30:00,25349.560546875,25394.599609375,25282.470703125,25339.419921875,0
2026-09-08 05:30:00,25338.5390625,25355.560546875,25286.55078125,25333.509765625,0
2026-09-08 06:30:00,25333.759765625,25353.83984375,25324.73046875,25347.400390625,0
2026-09-08 07:30:00,25347.48046875,25351.150390625,25305.69921875,25317.1796875,0
2026-09-09 01:30:00,25328.130859375,25335.51953125,25161.669921875,25296.76953125,0
2026-09-09 02:30:00,25295.310546875,25317.26953125,25261.529296875,25315.2890625,0
2026-09-09 03:30:00,25315.630859375,25323.099609375,25288.439453125,25316.869140625,0
2026-09-09 04:30:00,25315.619140625,25315.619140625,25222.259765625,25238.75,0
2026-09-09 05:30:00,25238.970703125,25271.66015625,25200.55078125,25238.880859375,0
2026-09-09 06:30:00,25239.26953125,25272.490234375,25227.5,25254.080078125,0
2026-09-09 07:30:00,25254.69921875,25274.9609375,25239.470703125,25274.9609375,0
2026-09-10 01:30:00,24985.1796875,25021.810546875,24889.640625,24930.80078125,0
2026-09-10 02:30:00,24930.16015625,24975.470703125,24915.5,24924.640625,0
2026-09-10 03:30:00,24922.650390625,24950.669921875,24913.330078125,24949.51953125,0
2026-09-10 04:30:00,24957.890625,24958.880859375,24934.099609375,24943.2890625,0
2026-09-10 05:30:00,24944.240234375,24958.83984375,24897.470703125,24916.740234375,0
2026-09-10 06:30:00,24918.5703125,24978.69921875,24917.509765625,24944.970703125,0
2026-09-10 07:30:00,24943.05078125,24970.83984375,24940.310546875,24954.470703125,0
2026-09-11 01:30:00,24718.150390625,24758.83984375,24570.240234375,24699.26953125,0
